Filename,RefIndex,RefNum,Title,PredictedStatus,ManualLabel
"pre.zip/adams19a.pdf","20","21","Conditional likelihood approach for analyzing single visit abundance survey data Learning Models from Data with Measurement Error: Tackling Underreporting in the presence of zero inflation and detection error","not_found","real"
"pre.zip/adams19a.pdf","4","5","Measurement error and misclassification in statistics and epidemiology: impacts and Bayesian adjustments","mismatch","real"
"pre.zip/adams19a.pdf","0","1","Quality of measurement of smoking status by self-report and saliva cotinine among pregnant women","verified",""
"pre.zip/adams19a.pdf","1","2","Measurement error in nonlinear models: a modern perspective","verified",""
"pre.zip/adams19a.pdf","3","4","The accuracy of self-reported smoking: a systematic review of the relationship between self-reported and cotinine-assessed smoking status","verified",""
"pre.zip/adams19a.pdf","6","7","Learning with multiple labels","verified",""
"pre.zip/adams19a.pdf","7","8","Estimates from non-replicated population surveys rely on critical assumptions","verified",""
"pre.zip/adams19a.pdf","8","9","On assumptions behind estimates of abundance from counts at multiple sites","verified",""
"pre.zip/adams19a.pdf","9","10","Segmented regression with errors in predictors: semi-parametric and parametric methods","verified",""
"pre.zip/adams19a.pdf","10","11","Association of body mass index and obesity measured in early childhood with risk of coronary heart disease and stroke in middle age: findings from the aberdeen children of the 1950s prospective cohort study","verified",""
"pre.zip/adams19a.pdf","11","12","Learning to label aerial images from noisy data","verified",""
"pre.zip/adams19a.pdf","12","13","Prevalence of childhood and adult obesity in the united states","verified",""
"pre.zip/adams19a.pdf","13","14","The validity of self-reported smoking: a review and meta-analysis","verified",""
"pre.zip/adams19a.pdf","14","15","On measurement bias in causal inference","verified",""
"pre.zip/adams19a.pdf","15","16","Supervised learning from multiple experts: whom to trust when everyone lies a bit","verified",""
"pre.zip/adams19a.pdf","16","17","Maternal smoking during pregnancy, prematurity and recurrent wheezing in early childhood","verified",""
"pre.zip/adams19a.pdf","18","19","Random-effect models in nonlinear regression with applications to bioas-say","verified",""
"pre.zip/adams19a.pdf","19","20","Revisiting resource selection probability functions and single-visit methods: Clarification and extensions","verified",""
"pre.zip/adams19a.pdf","21","22","Association of adolescent obesity with risk of severe obesity in adulthood","verified",""
"pre.zip/adams19a.pdf","22","23","Exposure measurement error: influence on exposure-disease relationships and methods of correction","verified",""
"pre.zip/adams19a.pdf","23","24","Childhood obesity is associated with maternal smoking in pregnancy","verified",""
"pre.zip/adams19a.pdf","24","25","Maternal smoking during pregnancy and childhood obesity","verified",""
"pre.zip/adams19a.pdf","25","26","Weight gain in infancy and overweight or obesity in childhood across the gestational spectrum: a prospective birth cohort study","verified",""
"pre.zip/adams19a.pdf","26","27","Maternal cigarette smoking, metabolic gene polymorphism, and infant birth weight","verified",""
"pre.zip/adams19a.pdf","27","28","Maternal opioid drug use during pregnancy and its impact on perinatal morbidity, mortality, and the costs of medical care in the united states","verified",""
"pre.zip/adams19a.pdf","28","29","Modeling annotator expertise: Learning when everybody knows a bit of something","verified",""
"pre.zip/alvi19a.pdf","0","1","Batch Bayesian optimization via simulation matching","verified",""
"pre.zip/alvi19a.pdf","1","2","Lo-calised kinky inference","verified",""
"pre.zip/alvi19a.pdf","2","3","A tutorial on Bayesian optimization of expensive cost functions, with application to active user modeling and hierarchical reinforcement learning","verified",""
"pre.zip/alvi19a.pdf","3","4","Bayesian optimization in AlphaGo","verified",""
"pre.zip/alvi19a.pdf","4","5","Parallel Gaussian process optimization with Upper Confidence Bound and Pure Exploration","verified",""
"pre.zip/alvi19a.pdf","5","6","Parallelizing exploration-exploitation tradeoffs in Gaussian process bandit optimization","verified",""
"pre.zip/alvi19a.pdf","6","7","A multi-points criterion for deterministic parallel global optimization based on Gaussian processes","verified",""
"pre.zip/alvi19a.pdf","7","8","Kriging is well-suited to parallelize optimization","verified",""
"pre.zip/alvi19a.pdf","8","9","Dealing with asynchronicity in parallel Gaussian process based global optimization","verified",""
"pre.zip/alvi19a.pdf","9","10","Batch Bayesian optimization via local penalization","verified",""
"pre.zip/alvi19a.pdf","10","11","Entropy search for information-efficient global optimization","verified",""
"pre.zip/alvi19a.pdf","11","12","Predictive entropy search for efficient global optimization of black-box functions","verified",""
"pre.zip/alvi19a.pdf","12","13","Parallel and distributed Thompson sampling for large-scale accelerated exploration of chemical space","verified",""
"pre.zip/alvi19a.pdf","13","14","A Lipschitz exploration-exploitation scheme for Bayesian optimization","verified",""
"pre.zip/alvi19a.pdf","14","15","Efficient global optimization of expensive black-box functions","verified",""
"pre.zip/alvi19a.pdf","15","16","Parallelised Bayesian optimisation via Thompson sampling","verified",""
"pre.zip/alvi19a.pdf","16","17","Batched Gaussian process bandit optimization via determinantal point processes","verified",""
"pre.zip/alvi19a.pdf","17","18","Learning multiple layers of features from tiny images","verified",""
"pre.zip/alvi19a.pdf","18","19","A new method of locating the maximum point of an arbitrary multipeak curve in the presence of noise","verified",""
"pre.zip/alvi19a.pdf","19","20","Gaussian processes for machine learning","verified",""
"pre.zip/alvi19a.pdf","20","21","Fast information-theoretic Bayesian optimisation","verified",""
"pre.zip/alvi19a.pdf","21","22","Parallel predictive entropy search for batch global optimization of expensive objective functions","verified",""
"pre.zip/alvi19a.pdf","22","23","Parallel Bayesian global optimization of expensive functions","verified",""
"pre.zip/alvi19a.pdf","23","24","The parallel knowledge gradient method for batch Bayesian optimization","verified",""
"pre.zip/ancona19a.pdf","28","29","Gradcam: Why did you say that? visual explanations from deep networks via gradient-based localization","mismatch","real"
"pre.zip/ancona19a.pdf","38","39","Understand deep neural networks through input uncertainties","mismatch","real"
"pre.zip/ancona19a.pdf","0","1","Uncertainty propagation through deep neural networks","verified",""
"pre.zip/ancona19a.pdf","1","2","Sanity checks for saliency maps","verified",""
"pre.zip/ancona19a.pdf","2","3","Towards better understanding of gradient-based attribution methods for deep neural networks","verified",""
"pre.zip/ancona19a.pdf","3","4","Values of non-atomic games","verified",""
"pre.zip/ancona19a.pdf","4","5","On pixel-wise explanations for non-linear classifier decisions by layer-wise relevance propagation","verified",""
"pre.zip/ancona19a.pdf","5","6","Tractable inference for complex stochastic processes","verified",""
"pre.zip/ancona19a.pdf","7","8","Algorithmic transparency via quantitative input influence: Theory and experiments with learning systems","verified",""
"pre.zip/ancona19a.pdf","8","9","Towards a rigorous science of interpretable machine learning","verified",""
"pre.zip/ancona19a.pdf","9","10","A linear approximation method for the shapley value","verified",""
"pre.zip/ancona19a.pdf","10","11","Interpretable explanations of black boxes by meaningful perturbation","verified",""
"pre.zip/ancona19a.pdf","11","12","Variational learning in nonlinear gaussian belief networks","verified",""
"pre.zip/ancona19a.pdf","12","13","Lightweight probabilistic deep networks","verified",""
"pre.zip/ancona19a.pdf","13","14","Interpretation of neural networks is fragile","verified",""
"pre.zip/ancona19a.pdf","14","15","European union regulations on algorithmic decision-making and a” right to explanation”","verified",""
"pre.zip/ancona19a.pdf","15","16","Gate sizing using a statistical delay model","verified",""
"pre.zip/ancona19a.pdf","16","17","The (un) reliability of saliency methods","verified",""
"pre.zip/ancona19a.pdf","17","18","Learning how to explain neural networks: Patternnet and patternattribution","verified",""
"pre.zip/ancona19a.pdf","18","19","Gradient-based learning applied to document recognition","verified",""
"pre.zip/ancona19a.pdf","19","20","The mythos of model interpretability","verified",""
"pre.zip/ancona19a.pdf","20","21","A unified approach to interpreting model predictions","verified",""
"pre.zip/ancona19a.pdf","21","22","Explainable machine-learning predictions for the prevention of hypoxaemia during surgery","verified",""
"pre.zip/ancona19a.pdf","22","23","A Family of Algorithms for Approximate Bayesian Inference","verified",""
"pre.zip/ancona19a.pdf","23","24","Explaining nonlinear classification decisions with deep taylor decomposition","verified",""
"pre.zip/ancona19a.pdf","24","25","A theoretical explanation for perplexing behaviors of backpropagation-based visualizations","verified",""
"pre.zip/ancona19a.pdf","25","26","A course in game theory","verified",""
"pre.zip/ancona19a.pdf","26","27","Explanation methods in deep learning: Users, values, concerns and challenges","verified",""
"pre.zip/ancona19a.pdf","27","28","why should i trust you?: Explaining the predictions of any classifier","verified",""
"pre.zip/ancona19a.pdf","29","30","A value for n-person games","verified",""
"pre.zip/ancona19a.pdf","30","31","Not just a black box: Learning important features through propagating activation differences","verified",""
"pre.zip/ancona19a.pdf","31","32","Learning important features through propagating activation differences","verified",""
"pre.zip/ancona19a.pdf","32","33","Deep inside convolutional networks: Visualising image classification models and saliency maps","verified",""
"pre.zip/ancona19a.pdf","33","34","The rectified gaussian distribution","verified",""
"pre.zip/ancona19a.pdf","34","35","Striving for simplicity: The all convolutional net","verified",""
"pre.zip/ancona19a.pdf","35","36","An efficient explanation of individual classifications using game theory","verified",""
"pre.zip/ancona19a.pdf","36","37","Axiomatic attribution for multilinear functions","verified",""
"pre.zip/ancona19a.pdf","37","38","Axiomatic attribution for deep networks","verified",""
"pre.zip/ancona19a.pdf","39","40","Accurate telemonitoring of parkinson’s disease progression by noninvasive speech tests","verified",""
"pre.zip/ancona19a.pdf","40","41","On sampling from a finite set of independent random variables","verified",""
"pre.zip/ancona19a.pdf","41","42","Visualizing and understanding convolutional networks","verified",""
"pre.zip/ancona19a.pdf","42","43","Visualizing deep neural network decisions: Prediction difference analysis","verified",""
"pre.zip/antelmi19a.pdf","2","3","Voxel-based morphometry–the methods","mismatch","real"
"pre.zip/antelmi19a.pdf","0","1","Fixing a Broken ELBO","verified",""
"pre.zip/antelmi19a.pdf","1","2","Deep Canonical Correlation Analysis","verified",""
"pre.zip/antelmi19a.pdf","3","4","Variational Inference: A Review for Statisticians","verified",""
"pre.zip/antelmi19a.pdf","5","6","Advancing research diagnostic criteria for Alzheimer’s disease: the IWG-2 criteria","verified",""
"pre.zip/antelmi19a.pdf","6","7","On the interpretation of weight vectors of linear models in multivariate neuroimaging","verified",""
"pre.zip/antelmi19a.pdf","7","8","Relations Between Two Sets of Variates","verified",""
"pre.zip/antelmi19a.pdf","8","9","Nonlinear measures of association with kernel canonical correlation analysis and applications","verified",""
"pre.zip/antelmi19a.pdf","9","10","NIA-AA Research Framework: Toward a biological definition of Alzheimer’s disease","verified",""
"pre.zip/antelmi19a.pdf","10","11","Canonical analysis of several sets of variables","verified",""
"pre.zip/antelmi19a.pdf","12","13","Adam: A Method for Stochastic Optimization","verified",""
"pre.zip/antelmi19a.pdf","14","15","Variational Dropout and the Local Reparameterization Trick","verified",""
"pre.zip/antelmi19a.pdf","15","16","Local dependent components","verified",""
"pre.zip/antelmi19a.pdf","16","17","Bayesian Canonical Correlation Analysis","verified",""
"pre.zip/antelmi19a.pdf","17","18","A review of multivariate analyses in imaging genetics","verified",""
"pre.zip/antelmi19a.pdf","18","19","Tensor Canonical Correlation Analysis for Multi-View Dimension Reduction","verified",""
"pre.zip/antelmi19a.pdf","19","20","Variational Dropout Sparsifies Deep Neural Networks","verified",""
"pre.zip/antelmi19a.pdf","20","21","Automatic differentiation in pytorch","verified",""
"pre.zip/antelmi19a.pdf","21","22","Stochastic Backpropagation and Approximate Inference in Deep Generative Models","verified",""
"pre.zip/antelmi19a.pdf","22","23","Dropout: A Simple Way to Prevent Neural Networks from Overfitting","verified",""
"pre.zip/antelmi19a.pdf","23","24","Automated Anatomical Labeling of Activations in SPM Using a Macroscopic Anatomical Parcellation of the MNI MRI Single-Subject Brain","verified",""
"pre.zip/antelmi19a.pdf","24","25","Regularization of Neural Networks using DropConnect","verified",""
"pre.zip/antelmi19a.pdf","25","26","Fast dropout training","verified",""
"pre.zip/antelmi19a.pdf","26","27","Tackling Over-pruning in Variational Autoencoders","verified",""
"pre.zip/arora19a.pdf","31","32","and Hinton, G. Learning multiple layers of features from tiny images","not_found","real"
"pre.zip/arora19a.pdf","3","4","Rademacher and gaussian complexities: Risk bounds and structural results","mismatch","real"
"pre.zip/arora19a.pdf","18","19","Topology and geometry of half-rectified network optimization","mismatch","real"
"pre.zip/arora19a.pdf","0","1","Learning and generalization in overparameterized neural networks, going beyond two layers","verified",""
"pre.zip/arora19a.pdf","1","2","A convergence theory for deep learning via over-parameterization","verified",""
"pre.zip/arora19a.pdf","2","3","Stronger generalization bounds for deep nets via a compression approach","verified",""
"pre.zip/arora19a.pdf","4","5","Nearly-tight VC-dimension and pseudodimension bounds for piecewise linear neural networks","verified",""
"pre.zip/arora19a.pdf","5","6","To understand deep learning we need to understand kernel learning","verified",""
"pre.zip/arora19a.pdf","6","7","Globally optimal gradient descent for a ConvNet with gaussian inputs","verified",""
"pre.zip/arora19a.pdf","7","8","Stability and convergence trade-off of iterative optimization algorithms","verified",""
"pre.zip/arora19a.pdf","8","9","On the global convergence of gradient descent for over-parameterized models using optimal transport","verified",""
"pre.zip/arora19a.pdf","9","10","A note on lazy training in supervised differentiable programming","verified",""
"pre.zip/arora19a.pdf","10","11","SGD learns the conjugate kernel class of the network","verified",""
"pre.zip/arora19a.pdf","11","12","Toward deeper understanding of neural networks: The power of initialization and a dual view on expressivity","verified",""
"pre.zip/arora19a.pdf","12","13","On the power of over-parametrization in neural networks with quadratic activation","verified",""
"pre.zip/arora19a.pdf","13","14","When is a convolutional filter easy to learn","verified",""
"pre.zip/arora19a.pdf","14","15","Gradient descent learns one-hidden-layer CNN: Don’t be afraid of spurious local minima","verified",""
"pre.zip/arora19a.pdf","15","16","Gradient descent finds global minima of deep neural networks","verified",""
"pre.zip/arora19a.pdf","16","17","Gradient descent provably optimizes over-parameterized neural networks","verified",""
"pre.zip/arora19a.pdf","17","18","Computing nonvacuous generalization bounds for deep (stochastic) neural networks with many more parameters than training data","verified",""
"pre.zip/arora19a.pdf","19","20","Escaping from saddle points −online stochastic gradient for tensor decomposition","verified",""
"pre.zip/arora19a.pdf","20","21","Size-independent sample complexity of neural networks","verified",""
"pre.zip/arora19a.pdf","21","22","Characterizing implicit bias in terms of optimization geometry","verified",""
"pre.zip/arora19a.pdf","22","23","Global optimality in tensor factorization, deep learning, and beyond","verified",""
"pre.zip/arora19a.pdf","23","24","Identity matters in deep learning","verified",""
"pre.zip/arora19a.pdf","24","25","Train faster, generalize better: Stability of stochastic gradient descent","verified",""
"pre.zip/arora19a.pdf","25","26","Deep neural networks learn non-smooth functions effectively","verified",""
"pre.zip/arora19a.pdf","26","27","Neural tangent kernel: Convergence and generalization in neural networks","verified",""
"pre.zip/arora19a.pdf","27","28","Gradient descent aligns the layers of deep linear networks","verified",""
"pre.zip/arora19a.pdf","28","29","How to escape saddle points efficiently","verified",""
"pre.zip/arora19a.pdf","29","30","Deep learning without poor local minima","verified",""
"pre.zip/arora19a.pdf","30","31","PAC-Bayesian margin bounds for convolutional neural networks-technical report","verified",""
"pre.zip/arora19a.pdf","32","33","Gradient-based learning applied to document recognition","verified",""
"pre.zip/arora19a.pdf","33","34","Gradient descent only converges to minimizers","verified",""
"pre.zip/arora19a.pdf","34","35","On tighter generalization bound for deep neural networks: CNNs, ResNets, and beyond","verified",""
"pre.zip/arora19a.pdf","35","36","Learning overparameterized neural networks via stochastic gradient descent on structured data","verified",""
"pre.zip/arora19a.pdf","36","37","Convergence analysis of two-layer neural networks with ReLU activation","verified",""
"pre.zip/arora19a.pdf","37","38","Algorithmic regularization in over-parameterized matrix sensing and neural networks with quadratic activations","verified",""
"pre.zip/arora19a.pdf","38","39","A priori estimates of the generalization error for two-layer neural networks","verified",""
"pre.zip/arora19a.pdf","39","40","A mean field view of the landscape of two-layers neural networks","verified",""
"pre.zip/arora19a.pdf","40","41","Foundations of machine learning","verified",""
"pre.zip/arora19a.pdf","41","42","Generalization bounds of SGLD for non-convex learning: Two theoretical viewpoints","verified",""
"pre.zip/arora19a.pdf","42","43","Norm-based capacity control in neural networks","verified",""
"pre.zip/arora19a.pdf","43","44","A PAC-Bayesian approach to spectrally-normalized margin bounds for neural networks","verified",""
"pre.zip/arora19a.pdf","44","45","The role of over-parametrization in generalization of neural networks","verified",""
"pre.zip/arora19a.pdf","45","46","The loss surface of deep and wide neural networks","verified",""
"pre.zip/arora19a.pdf","46","47","Automatic differentiation in pytorch","verified",""
"pre.zip/arora19a.pdf","47","48","Neural networks as interacting particle systems: Asymptotic convexity of the loss landscape and universal scaling of the approximation error","verified",""
"pre.zip/arora19a.pdf","48","49","Spurious local minima are common in two-layer relu neural networks","verified",""
"pre.zip/arora19a.pdf","49","50","Learning ReLUs via gradient descent","verified",""
"pre.zip/arora19a.pdf","50","51","Theoretical insights into the optimization landscape of over-parameterized shallow neural networks","verified",""
"pre.zip/arora19a.pdf","51","52","No bad local minima: Data independent training error guarantees for multilayer neural networks","verified",""
"pre.zip/arora19a.pdf","52","53","The implicit bias of gradient descent on separable data","verified",""
"pre.zip/arora19a.pdf","53","54","An analytical formula of population gradient for two-layered ReLU network and its applications in convergence and critical point analysis","verified",""
"pre.zip/arora19a.pdf","54","55","In-variance of weight distributions in rectified mlps","verified",""
"pre.zip/arora19a.pdf","55","56","Neural networks with finite intrinsic dimension have no spurious valleys","verified",""
"pre.zip/arora19a.pdf","56","57","On the margin theory of feedforward neural networks","verified",""
"pre.zip/arora19a.pdf","57","58","Diverse neural network learns true target functions","verified",""
"pre.zip/arora19a.pdf","58","59","A critical view of global optimality in deep learning","verified",""
"pre.zip/arora19a.pdf","59","60","Understanding deep learning requires rethinking generalization","verified",""
"pre.zip/arora19a.pdf","60","61","Learning one-hidden-layer relu networks via gradient descent","verified",""
"pre.zip/arora19a.pdf","61","62","Recovery guarantees for one-hidden-layer neural networks","verified",""
"pre.zip/arora19a.pdf","62","63","Non-vacuous generalization bounds at the ima-genet scale: a PAC-bayesian compression approach","verified",""
"pre.zip/arora19a.pdf","63","64","Critical points of neural networks: Analytical forms and landscape properties","verified",""
"pre.zip/arora19a.pdf","64","65","Stochastic gradient descent optimizes over-parameterized deep ReLU networks","verified",""
"pre.zip/can19a.pdf","10","11","Glineur, F., and Nesterov, Y. Intermediate gradient methods for smooth convex problems with inexact oracle","not_found","real"
"pre.zip/can19a.pdf","29","30","","not_found","real"
"pre.zip/can19a.pdf","43","44","Lyapunov analysis and the heavy ball method","not_found","real"
"pre.zip/can19a.pdf","40","41","Some methods of speeding up the convergence of iteration methods","mismatch","real"
"pre.zip/can19a.pdf","0","1","Information-theoretic lower bounds on the oracle complexity of convex optimization","verified",""
"pre.zip/can19a.pdf","1","2","Robust accelerated gradient methods for smooth strongly convex functions","verified",""
"pre.zip/can19a.pdf","2","3","A universally optimal multistage accelerated stochastic gradient method","verified",""
"pre.zip/can19a.pdf","3","4","Private empirical risk minimization: Efficient algorithms and tight error bounds","verified",""
"pre.zip/can19a.pdf","4","5","First-Order Methods in Optimization","verified",""
"pre.zip/can19a.pdf","5","6","Measurements-based power control-a cross-layered framework","verified",""
"pre.zip/can19a.pdf","6","7","Theory of Convex Optimization for Machine Learning","verified",""
"pre.zip/can19a.pdf","7","8","Local minimax complexity of stochastic convex optimization","verified",""
"pre.zip/can19a.pdf","8","9","On Acceleration with Noise-Corrupted Gradients","verified",""
"pre.zip/can19a.pdf","9","10","Signal recovery by proximal forward-backward splitting","verified",""
"pre.zip/can19a.pdf","11","12","First-order methods of smooth convex optimization with inexact oracle","verified",""
"pre.zip/can19a.pdf","12","13","Bridging the gap between constant step size stochastic gradient descent and Markov chains","verified",""
"pre.zip/can19a.pdf","13","14","Harder, better, faster, stronger convergence rates for least-squares regression","verified",""
"pre.zip/can19a.pdf","14","15","A dynamical systems perspective to convergence rate analysis of proximal algorithms","verified",""
"pre.zip/can19a.pdf","15","16","From averaging to acceleration, there is only a step-size","verified",""
"pre.zip/can19a.pdf","16","17","Stochastic heavy ball","verified",""
"pre.zip/can19a.pdf","17","18","Global Convergence of Stochastic Gradient Hamiltonian Monte Carlo for Non-Convex Stochastic Optimization: Non-Asymptotic Performance Bounds and Momentum-Based Acceleration","verified",""
"pre.zip/can19a.pdf","18","19","Breaking Reversibility Accelerates Langevin Dynamics for Global Non-Convex Optimization","verified",""
"pre.zip/can19a.pdf","19","20","Global convergence of the Heavy-ball method for convex optimization","verified",""
"pre.zip/can19a.pdf","20","21","Optimal stochastic approximation algorithms for strongly convex stochastic composite optimization i: A generic algorithmic framework","verified",""
"pre.zip/can19a.pdf","21","22","Optimal stochastic approximation algorithms for strongly convex stochastic composite optimization, ii: Shrinking procedures and optimal algorithms","verified",""
"pre.zip/can19a.pdf","23","24","Yet another look at Harris’ ergodic theorem for Markov chains","verified",""
"pre.zip/can19a.pdf","25","26","The existence of stationary measures for certain Markov processes","verified",""
"pre.zip/can19a.pdf","26","27","Dissipativity theory for Nesterov’s accelerated method","verified",""
"pre.zip/can19a.pdf","27","28","Accelerated gradient methods for stochastic optimization and online learning","verified",""
"pre.zip/can19a.pdf","28","29","Accelerating stochastic gradient descent","verified",""
"pre.zip/can19a.pdf","30","31","An optimal method for stochastic composite optimization","verified",""
"pre.zip/can19a.pdf","31","32","Analysis and design of optimization algorithms via integral quadratic constraints","verified",""
"pre.zip/can19a.pdf","32","33","Momentum and stochastic momentum for stochastic gradient, Newton, proximal point and subspace descent methods","verified",""
"pre.zip/can19a.pdf","33","34","Accelerated gossip via stochastic heavy ball method","verified",""
"pre.zip/can19a.pdf","34","35","Markov Chains and Stochastic Stability","verified",""
"pre.zip/can19a.pdf","35","36","Computable bounds for gemeometric convergence rates of Markov chains","verified",""
"pre.zip/can19a.pdf","36","37","Adding gradient noise improves learning for very deep networks","verified",""
"pre.zip/can19a.pdf","37","38","Introductory Lectures on Convex Optimization","verified",""
"pre.zip/can19a.pdf","38","39","Stochastic proximal gradient descent with acceleration techniques","verified",""
"pre.zip/can19a.pdf","39","40","Proximal algorithms","verified",""
"pre.zip/can19a.pdf","42","43","Information-based complexity, feedback and dynamics in convex programming","verified",""
"pre.zip/can19a.pdf","44","45","A tail-index analysis of stochastic gradient noise in deep neural networks","verified",""
"pre.zip/can19a.pdf","45","46","A differential equation for modeling Nesterov’s accelerated gradient method: Theory and insights","verified",""
"pre.zip/can19a.pdf","46","47","On the importance of initialization and momentum in deep learning","verified",""
"pre.zip/can19a.pdf","47","48","Springer science & business media","verified",""
"pre.zip/can19a.pdf","49","50","Optimal Transport: Old and New","verified",""
"pre.zip/can19a.pdf","50","51","The nth power of a 2 × 2 matrix","verified",""
"pre.zip/can19a.pdf","51","52","A Lyapunov analysis of momentum methods in optimization","verified",""
"pre.zip/can19a.pdf","52","53","Dual averaging methods for regularized stochastic learning and online optimization","verified",""
"pre.zip/can19a.pdf","53","54","Unified convergence analysis of stochastic momentum methods for convex and non-convex optimization","verified",""
"pre.zip/chang19a.pdf","16","17","Implementation of an on-demand strategy for routine blood testing in icu patients","not_found","real"
"pre.zip/chang19a.pdf","0","1","DPSCREEN: Dynamic Personalized Screening","verified",""
"pre.zip/chang19a.pdf","1","2","Overdiagnosis: what it is and what it isn’t","verified",""
"pre.zip/chang19a.pdf","2","3","Explaining image classifiers by counterfactual generation","verified",""
"pre.zip/chang19a.pdf","3","4","An optimal policy for patient laboratory tests in intensive care units","verified",""
"pre.zip/chang19a.pdf","4","5","Sequential cost-sensitive feature acquisition","verified",""
"pre.zip/chang19a.pdf","5","6","Arterial hyperoxia and mortality in critically ill patients: a systematic review and meta-analysis","verified",""
"pre.zip/chang19a.pdf","6","7","Reducing unnecessary postoperative complete blood count testing in the pediatric intensive care unit","verified",""
"pre.zip/chang19a.pdf","7","8","Managing the cost of diagnosis","verified",""
"pre.zip/chang19a.pdf","8","9","An Improved Multi-Output Gaussian Process RNN with Real-Time Validation for Early Sepsis Detection","verified",""
"pre.zip/chang19a.pdf","9","10","Learning to treat sepsis with multi-output gaussian process deep recurrent q-networks","verified",""
"pre.zip/chang19a.pdf","10","11","Treatment of hypophos-phatemia in the intensive care unit: a review","verified",""
"pre.zip/chang19a.pdf","11","12","A multivariate timeseries modeling approach to severity of illness assessment and forecasting in icu with sparse, heterogeneous clinical data","verified",""
"pre.zip/chang19a.pdf","12","13","Multitask learning and benchmarking with clinical time series data","verified",""
"pre.zip/chang19a.pdf","13","14","Active information acquisition","verified",""
"pre.zip/chang19a.pdf","14","15","Long short-term memory","verified",""
"pre.zip/chang19a.pdf","15","16","Overdiagnosis of disease: a modern epidemic","verified",""
"pre.zip/chang19a.pdf","17","18","Doubly robust off-policy value evaluation for reinforcement learning","verified",""
"pre.zip/chang19a.pdf","18","19","Mimic-iii, a freely accessible critical care database","verified",""
"pre.zip/chang19a.pdf","19","20","xgems: Generating examplars to explain black-box models","verified",""
"pre.zip/chang19a.pdf","20","21","Confounding-robust policy improvement","verified",""
"pre.zip/chang19a.pdf","21","22","The artificial intelligence clinician learns optimal treatment strategies for sepsis in intensive care","verified",""
"pre.zip/chang19a.pdf","22","23","A scalable end-to-end gaussian process adapter for irregularly sampled time series classification","verified",""
"pre.zip/chang19a.pdf","23","24","Modeling missing data in clinical time series with rnns","verified",""
"pre.zip/chang19a.pdf","24","25","Representation balancing mdps for off-policy policy evaluation","verified",""
"pre.zip/chang19a.pdf","26","27","Embedding time-limited laboratory orders within computerized provider order entry reduces laboratory utilization","verified",""
"pre.zip/chang19a.pdf","27","28","Developing predictive models using electronic medical records: challenges and pitfalls","verified",""
"pre.zip/chang19a.pdf","28","29","A reinforcement learning approach to weaning of mechanical ventilation in intensive care units","verified",""
"pre.zip/chang19a.pdf","29","30","Continuous state-space models for optimal sepsis treatment-a deep reinforcement learning approach","verified",""
"pre.zip/chang19a.pdf","30","31","The association between arterial oxygen tension, hemoglobin concentration, and mortality in mechanically ventilated critically ill patients","verified",""
"pre.zip/chang19a.pdf","31","32","Diagnostic blood loss from phlebotomy and hospital-acquired anemia during acute myocardial infarction","verified",""
"pre.zip/chang19a.pdf","32","33","What-if reasoning with counterfactual gaussian processes","verified",""
"pre.zip/chang19a.pdf","33","34","Why pay more when you can pay less: A joint learning framework for active feature acquisition and classification","verified",""
"pre.zip/chang19a.pdf","34","35","Scalable Joint Models for Reliable Uncertainty-Aware Event Prediction","verified",""
"pre.zip/chang19a.pdf","35","36","Treatment-response models for counterfactual reasoning with continuous-time, continuous-valued interventions","verified",""
"pre.zip/chang19a.pdf","36","37","Scalable joint models for reliable uncertainty-aware event prediction","verified",""
"pre.zip/chang19a.pdf","37","38","Supervised reinforcement learning with recurrent neural network for dynamic treatment recommendation","verified",""
"pre.zip/chang19a.pdf","38","39","Dueling network architectures for deep reinforcement learning","verified",""
"pre.zip/chang19a.pdf","39","40","Representation and reinforcement learning for personalized glycemic control in septic patients","verified",""
"pre.zip/chang19a.pdf","40","41","Deep sensing: Active sensing using multi-directional recurrent neural networks","verified",""
"pre.zip/chang19a.pdf","41","42","Medical diagnosis from laboratory tests by combining generative and discriminative learning","verified",""
"pre.zip/chen19e.pdf","10","11","Regularization in reinforcement learning","not_found","real"
"pre.zip/chen19e.pdf","35","36","Á","not_found","real"
"pre.zip/chen19e.pdf","40","41","Introduction to reinforcement learning with function approximation","not_found","real"
"pre.zip/chen19e.pdf","20","21","On the sample complexity of reinforcement learning","mismatch","real"
"pre.zip/chen19e.pdf","0","1","Near optimal behavior via approximate state abstraction","verified",""
"pre.zip/chen19e.pdf","2","3","Learning near-optimal policies with bellman-residual minimization based fitted policy iteration and a single sample path","verified",""
"pre.zip/chen19e.pdf","3","4","Finite-time analysis of the multiarmed bandit problem","verified",""
"pre.zip/chen19e.pdf","5","6","Scalable bilinear π learning using state and action features","verified",""
"pre.zip/chen19e.pdf","6","7","Sbeed: Convergent reinforcement learning with nonlinear function approximation","verified",""
"pre.zip/chen19e.pdf","7","8","On Oracle-Efficient PAC RL with Rich Observations","verified",""
"pre.zip/chen19e.pdf","8","9","Tree-based batch mode reinforcement learning","verified",""
"pre.zip/chen19e.pdf","9","10","Approximate equivalence of Markov decision processes","verified",""
"pre.zip/chen19e.pdf","11","12","Error Propagation for Approximate Policy and Value Iteration","verified",""
"pre.zip/chen19e.pdf","12","13","Regularized policy iteration with nonparamet-ric function spaces","verified",""
"pre.zip/chen19e.pdf","13","14","Stable function approximation in dynamic programming","verified",""
"pre.zip/chen19e.pdf","14","15","Extreme state aggregation beyond mdps","verified",""
"pre.zip/chen19e.pdf","16","17","Abstraction Selection in Model-based Reinforcement Learning","verified",""
"pre.zip/chen19e.pdf","17","18","Contextual Decision Processes with low Bellman rank are PAC-learnable","verified",""
"pre.zip/chen19e.pdf","18","19","The malmo platform for artificial intelligence experimentation","verified",""
"pre.zip/chen19e.pdf","19","20","Approximately Optimal Approximate Reinforcement Learning","verified",""
"pre.zip/chen19e.pdf","21","22","PAC reinforcement learning with rich observations","verified",""
"pre.zip/chen19e.pdf","22","23","Least-squares policy iteration","verified",""
"pre.zip/chen19e.pdf","23","24","Finite-sample analysis of least-squares policy iteration","verified",""
"pre.zip/chen19e.pdf","24","25","A unifying framework for computational reinforcement learning theory","verified",""
"pre.zip/chen19e.pdf","25","26","Towards a unified theory of state abstraction for MDPs","verified",""
"pre.zip/chen19e.pdf","26","27","Convergent fitted value iteration with linear function approximation","verified",""
"pre.zip/chen19e.pdf","27","28","Non-delusional q-learning and value-iteration","verified",""
"pre.zip/chen19e.pdf","28","29","Finite-sample analysis of bellman residual minimization","verified",""
"pre.zip/chen19e.pdf","29","30","Human-level control through deep reinforcement learning","verified",""
"pre.zip/chen19e.pdf","30","31","Integral probability metrics and their generating classes of functions","verified",""
"pre.zip/chen19e.pdf","31","32","Error bounds for approximate policy iteration","verified",""
"pre.zip/chen19e.pdf","32","33","Performance bounds in l p-norm for approximate value iteration","verified",""
"pre.zip/chen19e.pdf","33","34","Finite-time bounds for fitted value iteration","verified",""
"pre.zip/chen19e.pdf","34","35","Statistical linear estimation with penalized estimators: an application to reinforcement learning","verified",""
"pre.zip/chen19e.pdf","36","37","An algebraic approach to abstraction in reinforcement learning","verified",""
"pre.zip/chen19e.pdf","37","38","Neural fitted q iteration–first experiences with a data efficient neural reinforcement learning method","verified",""
"pre.zip/chen19e.pdf","38","39","An upper bound on the loss from approximate optimal-value functions","verified",""
"pre.zip/chen19e.pdf","39","40","Model-based RL in Contextual Decision Processes: PAC bounds and Exponential Improvements over Model-free Approaches","verified",""
"pre.zip/chen19e.pdf","41","42","Reinforcement Learning: An Introduction","verified",""
"pre.zip/chen19e.pdf","42","43","Reinforcement learning: An introduction","verified",""
"pre.zip/chen19e.pdf","43","44","Algorithms for reinforcement learning","verified",""
"pre.zip/chen19e.pdf","44","45","Finite time bounds for sampling based fitted value iteration","verified",""
"pre.zip/chen19e.pdf","45","46","Interpolation-based q-learning","verified",""
"pre.zip/chen19e.pdf","46","47","Boosted fitted q-iteration","verified",""
"pre.zip/chen19e.pdf","47","48","An analysis of temporal-difference learning with function approximation","verified",""
"pre.zip/chen19e.pdf","48","49","Deep reinforcement learning and the deadly triad","verified",""
"pre.zip/chen19e.pdf","49","50","Feature-based methods for large scale dynamic programming","verified",""
"pre.zip/chen19e.pdf","50","51","Approximations of dynamic programs, I","verified",""
"pre.zip/chen19e.pdf","51","52","A Theoretical Analysis of Deep Q-Learning","verified",""
"pre.zip/cheng19a.pdf","0","1","Constrained Policy Optimization","verified",""
"pre.zip/cheng19a.pdf","1","2","Deep reinforcement learning: A brief survey","verified",""
"pre.zip/cheng19a.pdf","2","3","Reinforcement learning in POMDP’s via direct gradient ascent","verified",""
"pre.zip/cheng19a.pdf","3","4","Measuring and Regularizing Networks in Function Space","verified",""
"pre.zip/cheng19a.pdf","4","5","Safe Model-based Reinforcement Learning with Stability Guarantees","verified",""
"pre.zip/cheng19a.pdf","5","6","A Lyapunov-based Approach to Safe Reinforcement Learning","verified",""
"pre.zip/cheng19a.pdf","6","7","Robust and Optimal Control","verified",""
"pre.zip/cheng19a.pdf","7","8","State-space solutions to standard H/sub 2/ and H/sub infinity / control problems","verified",""
"pre.zip/cheng19a.pdf","8","9","Benchmarking Deep Reinforcement Learning for Continuous Control","verified",""
"pre.zip/cheng19a.pdf","9","10","Learning of closed-loop motion control","verified",""
"pre.zip/cheng19a.pdf","10","11","Experimental validation of connected automated vehicle design among human-driven vehicles","verified",""
"pre.zip/cheng19a.pdf","11","12","Divide-and-conquer reinforcement learning","verified",""
"pre.zip/cheng19a.pdf","12","13","Variance reduction techniques for gradient estimates in reinforcement learning","verified",""
"pre.zip/cheng19a.pdf","13","14","Deep Reinforcement Learning that Matters","verified",""
"pre.zip/cheng19a.pdf","14","15","Reproducibility of Benchmarked Deep Reinforcement Learning of Tasks for Continuous Control","verified",""
"pre.zip/cheng19a.pdf","15","16","Residual Reinforcement Learning for Robot Control","verified",""
"pre.zip/cheng19a.pdf","17","18","Multiple model adaptive control with mixing","verified",""
"pre.zip/cheng19a.pdf","18","19","Smooth Imitation Learning for Online Sequence Prediction","verified",""
"pre.zip/cheng19a.pdf","19","20","Batch policy learning under constraints","verified",""
"pre.zip/cheng19a.pdf","20","21","Continuous control with deep reinforcement learning","verified",""
"pre.zip/cheng19a.pdf","21","22","Neural Network Dynamics for Model-Based Deep Reinforcement Learning with Model-Free Fine-Tuning","verified",""
"pre.zip/cheng19a.pdf","22","23","Lyapunov design for safe reinforcement learning","verified",""
"pre.zip/cheng19a.pdf","23","24","A Tour of Reinforcement Learning: The View from Continuous Control","verified",""
"pre.zip/cheng19a.pdf","24","25","High-Dimensional Continuous Control Using Generalized Advantage Estimation","verified",""
"pre.zip/cheng19a.pdf","25","26","Proximal Policy Optimization Algorithms","verified",""
"pre.zip/cheng19a.pdf","26","27","Deterministic Policy Gradient Algorithms","verified",""
"pre.zip/cheng19a.pdf","27","28","Policy Gradient Methods for Reinforcement Learning with Function Approximation","verified",""
"pre.zip/cheng19a.pdf","28","29","Temporal Regularization for Markov Decision Process","verified",""
"pre.zip/cheng19a.pdf","29","30","Programmatically interpretable reinforcement learning","verified",""
"pre.zip/cheng19a.pdf","30","31","The Optimal Reward Baseline for Gradient-Based Reinforcement Learning","verified",""
"pre.zip/cheng19a.pdf","31","32","Simple statistical gradient-following algorithms for connectionist reinforcement learning","verified",""
"pre.zip/cheng19a.pdf","32","33","Variance Reduction for Policy Gradient with Action-Dependent Factorized Baselines","verified",""
"pre.zip/cheng19a.pdf","34","35","Analysis and improvement of policy gradient estimation","verified",""
"pre.zip/cheng19a.pdf","35","36","Regularized Policy Gradients : Direct Variance Reduction in Policy Gradient Estimation","verified",""
"pre.zip/cranko19b.pdf","13","14","Thoughts on hypothesis boosting","not_found","real"
"pre.zip/cranko19b.pdf","29","30","On an upperbound for Jensen’s inequality","not_found","real"
"pre.zip/cranko19b.pdf","4","5","Information and Exponential Families in Statistical Theory","mismatch","real"
"pre.zip/cranko19b.pdf","26","27","Information, divergence and risk for binary experiments","mismatch","real"
"pre.zip/cranko19b.pdf","0","1","A general class of coefficients of divergence of one distribution from another","verified",""
"pre.zip/cranko19b.pdf","1","2","Methods of Information Geometry","verified",""
"pre.zip/cranko19b.pdf","2","3","Wasserstein gan","verified",""
"pre.zip/cranko19b.pdf","3","4","Clustering with Bregman divergences","verified",""
"pre.zip/cranko19b.pdf","6","7","Information–type measures of difference of probability distributions","verified",""
"pre.zip/cranko19b.pdf","7","8","Provable bayesian inference via particle mirror descent","verified",""
"pre.zip/cranko19b.pdf","8","9","A Decision-Theoretic generalization of online learning and an application to Boosting","verified",""
"pre.zip/cranko19b.pdf","10","11","Boosted generative models","verified",""
"pre.zip/cranko19b.pdf","11","12","Boosting variational inference","verified",""
"pre.zip/cranko19b.pdf","12","13","Flux: Elegant machine learning with julia","verified",""
"pre.zip/cranko19b.pdf","14","15","Faster stochastic variational inference using proximal-gradient methods with general divergence functions","verified",""
"pre.zip/cranko19b.pdf","16","17","Boosting variational inference: an optimization perspective","verified",""
"pre.zip/cranko19b.pdf","18","19","Variational boosting: Iteratively refining posterior approximations","verified",""
"pre.zip/cranko19b.pdf","19","20","Density estimation with minimization of U-divergence","verified",""
"pre.zip/cranko19b.pdf","20","21","Estimating divergence functionals and the likelihood ratio by convex risk minimization","verified",""
"pre.zip/cranko19b.pdf","21","22","A Real Generalization of discrete AdaBoost","verified",""
"pre.zip/cranko19b.pdf","22","23","On the efficient minimization of classification-calibrated surrogates","verified",""
"pre.zip/cranko19b.pdf","23","24","f-gans in an information geometric nutshell","verified",""
"pre.zip/cranko19b.pdf","24","25","f-gan: Training generative neural samplers using variational divergence minimization","verified",""
"pre.zip/cranko19b.pdf","28","29","Improved boosting algorithms using confidencerated predictions","verified",""
"pre.zip/cranko19b.pdf","30","31","Adagan: Boosting generative models","verified",""
"pre.zip/cranko19b.pdf","31","32","Sequential greedy approximation for certain convex optimization problems","verified",""
"pre.zip/fu19a.pdf","0","1","Learning near-optimal policies with bellman-residual minimization based fitted policy iteration and a single sample path","verified",""
"pre.zip/fu19a.pdf","1","2","Wasserstein generative adversarial networks","verified",""
"pre.zip/fu19a.pdf","2","3","Residual Algorithms : Reinforcement Learning with Function Approximation","verified",""
"pre.zip/fu19a.pdf","4","5","Sbeed: Convergent reinforcement learning with nonlinear function approximation","verified",""
"pre.zip/fu19a.pdf","5","6","Training GANs with optimism","verified",""
"pre.zip/fu19a.pdf","6","7","The linear programming approach to approximate dynamic programming: Theory and application","verified",""
"pre.zip/fu19a.pdf","7","8","Tree-based batch mode reinforcement learning","verified",""
"pre.zip/fu19a.pdf","8","9","Error propagation for approximate policy and value iteration","verified",""
"pre.zip/fu19a.pdf","9","10","On the effects of the training sample density in passive learning control","verified",""
"pre.zip/fu19a.pdf","10","11","Addressing function approximation error in actor-critic methods","verified",""
"pre.zip/fu19a.pdf","11","12","Is the bellman residual a bad proxy?","verified",""
"pre.zip/fu19a.pdf","12","13","Reinforcement learning with deep energy-based policies","verified",""
"pre.zip/fu19a.pdf","13","14","Soft actor-critic: Off-policy maximum entropy deep reinforcement learning with a stochastic actor","verified",""
"pre.zip/fu19a.pdf","14","15","On-policy vs. off-policy updates for deep reinforcement learning","verified",""
"pre.zip/fu19a.pdf","15","16","Qtopt: Scalable deep reinforcement learning for vision-based robotic manipulation","verified",""
"pre.zip/fu19a.pdf","16","17","Continuous control with deep reinforcement learning","verified",""
"pre.zip/fu19a.pdf","17","18","Self-improving reactive agents based on reinforcement learning, planning and teaching","verified",""
"pre.zip/fu19a.pdf","18","19","The utility of sparse representations for control in reinforcement learning","verified",""
"pre.zip/fu19a.pdf","19","20","Toward off-policy learning control with function approximation","verified",""
"pre.zip/fu19a.pdf","20","21","Finite-sample analysis of bellman residual minimization","verified",""
"pre.zip/fu19a.pdf","21","22","Policy optimization via importance sampling","verified",""
"pre.zip/fu19a.pdf","22","23","Human-level control through deep reinforcement learning","verified",""
"pre.zip/fu19a.pdf","23","24","Error bounds for approximate value iteration","verified",""
"pre.zip/fu19a.pdf","24","25","Finite-time bounds for fitted value iteration","verified",""
"pre.zip/fu19a.pdf","25","26","Safe and efficient off-policy reinforcement learning","verified",""
"pre.zip/fu19a.pdf","26","27","Multi-goal reinforcement learning: Challenging robotics environments and request for research","verified",""
"pre.zip/fu19a.pdf","27","28","Off-policy temporal difference learning with function approximation","verified",""
"pre.zip/fu19a.pdf","28","29","Neural fitted q iteration–first experiences with a data efficient neural reinforcement learning method","verified",""
"pre.zip/fu19a.pdf","29","30","Prioritized experience replay","verified",""
"pre.zip/fu19a.pdf","30","31","Should one compute the temporal difference fix point or minimize the bellman residual? the unified oblique projection view","verified",""
"pre.zip/fu19a.pdf","31","32","Understanding machine learning: From theory to algorithms","verified",""
"pre.zip/fu19a.pdf","32","33","An mdp-based recommender system","verified",""
"pre.zip/fu19a.pdf","33","34","Reinforcement learning: An introduction","verified",""
"pre.zip/fu19a.pdf","34","35","An emphatic approach to the problem of off-policy temporal-difference learning","verified",""
"pre.zip/fu19a.pdf","35","36","The asymptotic convergence-rate of q-learning","verified",""
"pre.zip/fu19a.pdf","36","37","Boosted fitted q-iteration","verified",""
"pre.zip/fu19a.pdf","37","38","Asynchronous stochastic approximation and q-learning","verified",""
"pre.zip/fu19a.pdf","38","39","Analysis of temporal-diffference learning with function approximation","verified",""
"pre.zip/fu19a.pdf","39","40","Deep reinforcement learning and the deadly triad","verified",""
"pre.zip/fu19a.pdf","41","42","The unusual effectiveness of averaging in GAN training","verified",""
"pre.zip/fu19a.pdf","42","43","A deeper look at experience replay","verified",""
"pre.zip/ghorbani19a.pdf","14","15","A correlated topic model of science","mismatch","real"
"pre.zip/ghorbani19a.pdf","42","43","Graphical models, exponential families, and variational inference","mismatch","real"
"pre.zip/ghorbani19a.pdf","0","1","Mixed membership stochastic blockmodels","verified",""
"pre.zip/ghorbani19a.pdf","1","2","Estimation in the spiked wigner model: A short proof of the replica formula","verified",""
"pre.zip/ghorbani19a.pdf","2","3","Computing a nonnegative matrix factorization–provably","verified",""
"pre.zip/ghorbani19a.pdf","3","4","Learning topic models– going beyond svd","verified",""
"pre.zip/ghorbani19a.pdf","4","5","Phase transition of the largest eigenvalue for nonnull complex sample covariance matrices","verified",""
"pre.zip/ghorbani19a.pdf","5","6","Mutual information for symmetric rank-one matrix estimation: A proof of the replica formula","verified",""
"pre.zip/ghorbani19a.pdf","6","7","The dynamics of message passing on dense graphs, with applications to compressed sensing","verified",""
"pre.zip/ghorbani19a.pdf","7","8","The eigenvalues and eigenvectors of finite, low rank perturbations of large random matrices","verified",""
"pre.zip/ghorbani19a.pdf","8","9","State evolution for approximate message passing with non-separable functions","verified",""
"pre.zip/ghorbani19a.pdf","9","10","Asymptotic normality of maximum likelihood and its variational approximation for stochastic blockmodels","verified",""
"pre.zip/ghorbani19a.pdf","10","11","Finite size scaling analysis of ising model block distribution functions","verified",""
"pre.zip/ghorbani19a.pdf","11","12","Probabilistic topic models","verified",""
"pre.zip/ghorbani19a.pdf","12","13","Dynamic topic models","verified",""
"pre.zip/ghorbani19a.pdf","13","14","Latent dirichlet allocation","verified",""
"pre.zip/ghorbani19a.pdf","15","16","Variational inference: A review for statisticians","verified",""
"pre.zip/ghorbani19a.pdf","17","18","Consistency of maximum-likelihood and variational estimators in the stochastic block model","verified",""
"pre.zip/ghorbani19a.pdf","18","19","Relational topic models for document networks","verified",""
"pre.zip/ghorbani19a.pdf","19","20","Information-theoretically optimal sparse pca","verified",""
"pre.zip/ghorbani19a.pdf","20","21","Asymptotic mutual information for the balanced binary stochastic block model","verified",""
"pre.zip/ghorbani19a.pdf","21","22","Message-passing algorithms for compressed sensing","verified",""
"pre.zip/ghorbani19a.pdf","22","23","Message passing algorithms for compressed sensing: I. motivation and construction","verified",""
"pre.zip/ghorbani19a.pdf","23","24","A bayesian hierarchical model for learning natural scene categories","verified",""
"pre.zip/ghorbani19a.pdf","24","25","The largest eigenvalue of rank one deformation of large wigner matrices","verified",""
"pre.zip/ghorbani19a.pdf","25","26","Linear response methods for accurate covariance estimates from mean field variational bayes","verified",""
"pre.zip/ghorbani19a.pdf","26","27","Online learning for latent dirichlet allocation","verified",""
"pre.zip/ghorbani19a.pdf","27","28","State evolution for general approximate message passing algorithms, with applications to spatial coupling","verified",""
"pre.zip/ghorbani19a.pdf","28","29","An introduction to variational methods for graphical models","verified",""
"pre.zip/ghorbani19a.pdf","29","30","Exact solution of the gauge symmetric p-spin glass model on a complete graph","verified",""
"pre.zip/ghorbani19a.pdf","30","31","Mutual information in rank-one matrix estimation","verified",""
"pre.zip/ghorbani19a.pdf","31","32","Fundamental limits of symmetric low-rank matrix estimation","verified",""
"pre.zip/ghorbani19a.pdf","32","33","Constrained low-rank matrix estimation: Phase transitions, approximate message passing and applications","verified",""
"pre.zip/ghorbani19a.pdf","33","34","Spin glass theory and beyond","verified",""
"pre.zip/ghorbani19a.pdf","34","35","Fundamental limits of low-rank matrix estimation: the non-symmetric case","verified",""
"pre.zip/ghorbani19a.pdf","35","36","Estimation of low-rank matrices via approximate message passing","verified",""
"pre.zip/ghorbani19a.pdf","36","37","Adaptive and self-averaging thouless-anderson-palmer mean-field theory for probabilistic modeling","verified",""
"pre.zip/ghorbani19a.pdf","37","38","On statistical optimality of variational bayes","verified",""
"pre.zip/ghorbani19a.pdf","38","39","Differential equations and dynamical systems","verified",""
"pre.zip/ghorbani19a.pdf","39","40","Variational inference of population structure in large snp datasets","verified",""
"pre.zip/ghorbani19a.pdf","40","41","Factoring nonnegative matrices with linear programs","verified",""
"pre.zip/ghorbani19a.pdf","41","42","Solution of’solvable model of a spin glass’","verified",""
"pre.zip/ghorbani19a.pdf","43","44","Convergence and asymptotic normality of variational bayesian approximations for exponential family models with missing values","verified",""
"pre.zip/ghorbani19a.pdf","44","45","Inadequacy of interval estimates corresponding to variational bayesian approximations","verified",""
"pre.zip/ghorbani19a.pdf","45","46","Convergence properties of a general algorithm for calculating variational bayesian estimates for a normal mixture model","verified",""
"pre.zip/ghorbani19a.pdf","46","47","Collaborative topic modeling for recommending scientific articles","verified",""
"pre.zip/ghorbani19a.pdf","47","48","Spatial latent dirichlet allocation","verified",""
"pre.zip/ghorbani19a.pdf","48","49","Bayesian factorizations of big sparse tensors","verified",""
"pre.zip/ghorbani19c.pdf","13","14","Husslage, B., Lindelauf, R., Campen, T., et al. A new approximation method for the shapley value applied to the wtc 9/11 terrorist attack","not_found","real"
"pre.zip/ghorbani19c.pdf","20","21","and Shapley, L. S. Values of large games. 6: Evaluating the electoral college exactly","not_found","real"
"pre.zip/ghorbani19c.pdf","27","28","The Shapley value: essays in honor of Lloyd S. Shapley","mismatch","real"
"pre.zip/ghorbani19c.pdf","0","1","Should we treat data as labor? moving beyond’free’","verified",""
"pre.zip/ghorbani19c.pdf","1","2","Sample size planning for classification models","verified",""
"pre.zip/ghorbani19c.pdf","2","3","L-shapley and c-shapley: Efficient model interpretation for structured data","verified",""
"pre.zip/ghorbani19c.pdf","3","4","Feature selection via coalitional game theory","verified",""
"pre.zip/ghorbani19c.pdf","4","5","Detection of influential observation in linear regression","verified",""
"pre.zip/ghorbani19c.pdf","5","6","Residuals and influence in regression","verified",""
"pre.zip/ghorbani19c.pdf","6","7","Algorithmic transparency via quantitative input influence: Theory and experiments with learning systems","verified",""
"pre.zip/ghorbani19c.pdf","7","8","On the uniqueness of the shapley value","verified",""
"pre.zip/ghorbani19c.pdf","8","9","A linear approximation method for the shapley value","verified",""
"pre.zip/ghorbani19c.pdf","9","10","Classification in the presence of label noise: a survey","verified",""
"pre.zip/ghorbani19c.pdf","10","11","The elements of statistical learning","verified",""
"pre.zip/ghorbani19c.pdf","11","12","Interpretation of neural networks is fragile","verified",""
"pre.zip/ghorbani19c.pdf","12","13","Bargaining foundations of shapley value","verified",""
"pre.zip/ghorbani19c.pdf","14","15","Understanding black-box predictions via influence functions","verified",""
"pre.zip/ghorbani19c.pdf","15","16","An efficient explanation of individual classifications using game theory","verified",""
"pre.zip/ghorbani19c.pdf","16","17","A unified approach to interpreting model predictions","verified",""
"pre.zip/ghorbani19c.pdf","17","18","Consistent individualized feature attribution for tree ensembles","verified",""
"pre.zip/ghorbani19c.pdf","18","19","Exploring the limits of weakly supervised pretraining","verified",""
"pre.zip/ghorbani19c.pdf","19","20","Bounding the estimation error of sampling-based shapley value approximation","verified",""
"pre.zip/ghorbani19c.pdf","21","22","Spam filtering with naive bayes-which naive bayes?","verified",""
"pre.zip/ghorbani19c.pdf","22","23","Efficient computation of the shapley value for game-theoretic network centrality","verified",""
"pre.zip/ghorbani19c.pdf","23","24","Values of large games ii: Oceanic games","verified",""
"pre.zip/ghorbani19c.pdf","24","25","Radical Markets: Uprooting Capitalism and Democracy for a Just Society","verified",""
"pre.zip/ghorbani19c.pdf","25","26","General data protection regulation","verified",""
"pre.zip/ghorbani19c.pdf","26","27","A value for n-person games","verified",""
"pre.zip/ghorbani19c.pdf","28","29","Certified defenses for data poisoning attacks","verified",""
"pre.zip/ghorbani19c.pdf","29","30","Impact of hba1c measurement on hospital readmission rates: analysis of 70,000 clinical database patient records","verified",""
"pre.zip/ghorbani19c.pdf","30","31","Uk biobank: an open access resource for identifying the causes of a wide range of complex diseases of middle and old age","verified",""
"pre.zip/ghorbani19c.pdf","31","32","Rethinking the inception architecture for computer vision","verified",""
"pre.zip/ghorbani19c.pdf","32","33","Fashionmnist: a novel image dataset for benchmarking machine learning algorithms","verified",""
"pre.zip/gillick19a.pdf","23","24","Performance rnn: Generating music with expressive timing and dynamics","not_found","real"
"pre.zip/gillick19a.pdf","0","1","Tensorflow: a system for large-scale machine learning","verified",""
"pre.zip/gillick19a.pdf","1","2","Deep variational information bottleneck","verified",""
"pre.zip/gillick19a.pdf","2","3","The effects of unilateral tinnitus on auditory temporal resolution: gaps-in-noise performance","verified",""
"pre.zip/gillick19a.pdf","3","4","Thermometer encoding: One hot way to resist adversarial examples","verified",""
"pre.zip/gillick19a.pdf","4","5","Semi-supervised training for improving data efficiency in end-to-end speech synthesis","verified",""
"pre.zip/gillick19a.pdf","5","6","Hierarchical neural story generation","verified",""
"pre.zip/gillick19a.pdf","6","7","Modeling piano interpretation using switching kalman filter","verified",""
"pre.zip/gillick19a.pdf","7","8","Creating expressive piano performance using a low-dimensional performance model","verified",""
"pre.zip/gillick19a.pdf","8","9","Enabling factorized piano music modeling and generation with the maestro dataset","verified",""
"pre.zip/gillick19a.pdf","9","10","Quantifying microtiming patterning and variability in drum kit recordings: A method and some data","verified",""
"pre.zip/gillick19a.pdf","10","11","Music transformer","verified",""
"pre.zip/gillick19a.pdf","11","12","Counterpoint by convolution","verified",""
"pre.zip/gillick19a.pdf","12","13","Infilling piano performances","verified",""
"pre.zip/gillick19a.pdf","13","14","Image-to-image translation with conditional adversarial networks","verified",""
"pre.zip/gillick19a.pdf","14","15","Adam: A method for stochastic optimization","verified",""
"pre.zip/gillick19a.pdf","15","16","Temporal resolution and active auditory discrimination skill in vocal musicians","verified",""
"pre.zip/gillick19a.pdf","16","17","Minimal time interval in auditory temporal resolution","verified",""
"pre.zip/gillick19a.pdf","17","18","This time with feeling: Learning expressive musical performance","verified",""
"pre.zip/gillick19a.pdf","18","19","Regularizing neural networks by penalizing confident output distributions","verified",""
"pre.zip/gillick19a.pdf","19","20","A hierarchical latent vector model for learning long-term structure in music","verified",""
"pre.zip/gillick19a.pdf","20","21","Pixelcnn++: Improving the pixelcnn with discretized logistic mixture likelihood and other modifications","verified",""
"pre.zip/gillick19a.pdf","21","22","Groove in drum patterns as a function of both rhythmic properties and listeners attitudes","verified",""
"pre.zip/gillick19a.pdf","22","23","Natural tts synthesis by conditioning wavenet on mel spectrogram predictions","verified",""
"pre.zip/gillick19a.pdf","24","25","Learning a latent space of multitrack measures","verified",""
"pre.zip/gillick19a.pdf","25","26","Predicting expressive speaking style from text in end-to-end speech synthesis","verified",""
"pre.zip/gillick19a.pdf","26","27","Imitating the groove: Making drum machines more human","verified",""
"pre.zip/gillick19a.pdf","28","29","A groovy virtual drumming agent","verified",""
"pre.zip/gillick19a.pdf","29","30","Jazzgan: Improvising with generative adversarial networks","verified",""
"pre.zip/gillick19a.pdf","30","31","Video-to-video synthesis","verified",""
"pre.zip/gillick19a.pdf","31","32","Style tokens: Unsupervised style modeling, control and transfer in end-to-end speech synthesis","verified",""
"pre.zip/gillick19a.pdf","33","34","Towards machine learning of expressive microtiming in brazilian drumming","verified",""
"pre.zip/gillick19a.pdf","34","35","Attribute2image: Conditional image generation from visual attributes","verified",""
"pre.zip/gottesman19a.pdf","16","17","H., Ross, A., Faisal, A., and Doshi-Velez, F","not_found","real"
"pre.zip/gottesman19a.pdf","13","14","Off-policy evaluation in Markov decision processes","mismatch","real"
"pre.zip/gottesman19a.pdf","0","1","Lipschitz continuity in model-based reinforcement learning","verified",""
"pre.zip/gottesman19a.pdf","1","2","A survey of monte carlo tree search methods","verified",""
"pre.zip/gottesman19a.pdf","2","3","Robust policy optimization with baseline guarantees","verified",""
"pre.zip/gottesman19a.pdf","3","4","Efficient selectivity and backup operators in monte-carlo tree search","verified",""
"pre.zip/gottesman19a.pdf","4","5","Multiple model-based reinforcement learning","verified",""
"pre.zip/gottesman19a.pdf","5","6","Clinical data based optimal sti strategies for hiv: a reinforcement learning approach","verified",""
"pre.zip/gottesman19a.pdf","6","7","More robust doubly robust off-policy evaluation","verified",""
"pre.zip/gottesman19a.pdf","7","8","Model-free monte carlo-like policy evaluation","verified",""
"pre.zip/gottesman19a.pdf","8","9","Batch mode reinforcement learning based on the synthesis of artificial trajectories","verified",""
"pre.zip/gottesman19a.pdf","9","10","Bootstrapping with models: Confidence intervals for off-policy evaluation","verified",""
"pre.zip/gottesman19a.pdf","10","11","Doubly robust off-policy value evaluation for reinforcement learning","verified",""
"pre.zip/gottesman19a.pdf","11","12","Learning representations for counterfactual inference","verified",""
"pre.zip/gottesman19a.pdf","12","13","Representation balancing mdps for off-policy policy evaluation","verified",""
"pre.zip/gottesman19a.pdf","14","15","Combining kernel and model based learning for hiv therapy selection","verified",""
"pre.zip/gottesman19a.pdf","15","16","Improving counterfactual reasoning with kernelised dynamic mixing models","verified",""
"pre.zip/gottesman19a.pdf","17","18","Eligibility traces for off-policy policy evaluation","verified",""
"pre.zip/gottesman19a.pdf","18","19","A tumor growth inhibition model for low-grade glioma treated with chemotherapy or radiotherapy","verified",""
"pre.zip/gottesman19a.pdf","19","20","Estimating individual treatment effect: generalization bounds and algorithms","verified",""
"pre.zip/gottesman19a.pdf","20","21","Generalization in reinforcement learning: Successful examples using sparse coarse coding","verified",""
"pre.zip/gottesman19a.pdf","21","22","Learning from delayed rewards","verified",""
"pre.zip/gottesman19a.pdf","22","23","Estimation of the lipschitz constant of a function","verified",""
"pre.zip/guo19a.pdf","13","14","Low frequency adversarial perturbations","mismatch","real"
"pre.zip/guo19a.pdf","0","1","Deep speech 2 : End-to-end speech recognition in english and mandarin","verified",""
"pre.zip/guo19a.pdf","1","2","On the robustness of the CVPR 2018 white-box adversarial example defenses","verified",""
"pre.zip/guo19a.pdf","2","3","Obfuscated gradients give a false sense of security: Circumventing defenses to adversarial examples","verified",""
"pre.zip/guo19a.pdf","3","4","Vulnerability of deep reinforcement learning to policy induction attacks","verified",""
"pre.zip/guo19a.pdf","4","5","Decision-based adversarial attacks: Reliable attacks against black-box machine learning models","verified",""
"pre.zip/guo19a.pdf","5","6","Towards evaluating the robustness of neural networks","verified",""
"pre.zip/guo19a.pdf","6","7","Audio adversarial examples: Targeted attacks on speech-to-text","verified",""
"pre.zip/guo19a.pdf","7","8","ZOO: zeroth order optimization based black-box attacks to deep neural networks without training substitute models","verified",""
"pre.zip/guo19a.pdf","8","9","Query-efficient hard-label black-box attack: An optimization-based approach","verified",""
"pre.zip/guo19a.pdf","9","10","A study of the effect of JPG compression on adversarial images","verified",""
"pre.zip/guo19a.pdf","10","11","Adversarial vulnerability for any classifier","verified",""
"pre.zip/guo19a.pdf","11","12","Explaining and harnessing adversarial examples","verified",""
"pre.zip/guo19a.pdf","12","13","Countering adversarial images using input transformations","verified",""
"pre.zip/guo19a.pdf","14","15","Deep residual learning for image recognition","verified",""
"pre.zip/guo19a.pdf","15","16","Densely connected convolutional networks","verified",""
"pre.zip/guo19a.pdf","16","17","Black-box adversarial attacks with limited queries and information","verified",""
"pre.zip/guo19a.pdf","17","18","Adversarial machine learning at scale","verified",""
"pre.zip/guo19a.pdf","18","19","Adversarial examples detection in deep networks with convolutional filter statistics","verified",""
"pre.zip/guo19a.pdf","19","20","Towards deep learning models resistant to adversarial attacks","verified",""
"pre.zip/guo19a.pdf","20","21","Magnet: A two-pronged defense against adversarial examples","verified",""
"pre.zip/guo19a.pdf","21","22","On detecting adversarial perturbations","verified",""
"pre.zip/guo19a.pdf","22","23","Human-level control through deep reinforcement learning","verified",""
"pre.zip/guo19a.pdf","23","24","Deepfool: A simple and accurate method to fool deep neural networks","verified",""
"pre.zip/guo19a.pdf","25","26","Are adversarial examples inevitable","verified",""
"pre.zip/guo19a.pdf","26","27","Intriguing properties of neural networks","verified",""
"pre.zip/guo19a.pdf","27","28","Rethinking the inception architecture for computer vision","verified",""
"pre.zip/guo19a.pdf","28","29","Ensemble adversarial training: Attacks and defenses","verified",""
"pre.zip/guo19a.pdf","29","30","Autozoom: Autoencoder-based zeroth order optimization method for attacking black-box neural networks","verified",""
"pre.zip/guo19a.pdf","30","31","Adversarial examples for semantic segmentation and object detection","verified",""
"pre.zip/guo19a.pdf","31","32","Feature squeezing: Detecting adversarial examples in deep neural networks","verified",""
"pre.zip/houlsby19a.pdf","24","25","","not_found","real"
"pre.zip/houlsby19a.pdf","29","30","Parameter-Efficient Transfer Learning for NLP Peng, H., Thomson, S., and Smith, N. A. Deep multitask learning for semantic dependency parsing","not_found","uncertain"
"pre.zip/houlsby19a.pdf","41","42","BERT and PALs: Projected Attention Layers for Efficient Adaptation in Multi-Task Learning","mismatch","real"
"pre.zip/houlsby19a.pdf","0","1","A neural probabilistic language model","verified",""
"pre.zip/houlsby19a.pdf","1","2","Enriching word vectors with subword information","verified",""
"pre.zip/houlsby19a.pdf","2","3","Class-based n-gram models of natural language","verified",""
"pre.zip/houlsby19a.pdf","4","5","Universal sentence encoder for english","verified",""
"pre.zip/houlsby19a.pdf","5","6","On self modulation for generative adversarial networks","verified",""
"pre.zip/houlsby19a.pdf","6","7","Coarse-to-fine question answering for long documents","verified",""
"pre.zip/houlsby19a.pdf","7","8","A unified architecture for natural language processing: Deep neural networks with multitask learning","verified",""
"pre.zip/houlsby19a.pdf","8","9","Supervised learning of universal sentence representations from natural language inference data","verified",""
"pre.zip/houlsby19a.pdf","10","11","Modulating early visual processing by language","verified",""
"pre.zip/houlsby19a.pdf","11","12","Imagenet: A large-scale hierarchical image database","verified",""
"pre.zip/houlsby19a.pdf","12","13","Bert: Pre-training of deep bidirectional transformers for language understanding","verified",""
"pre.zip/houlsby19a.pdf","13","14","Catastrophic forgetting in connectionist networks","verified",""
"pre.zip/houlsby19a.pdf","14","15","Rich feature hierarchies for accurate object detection and semantic segmentation","verified",""
"pre.zip/houlsby19a.pdf","15","16","Deep residual learning for image recognition","verified",""
"pre.zip/houlsby19a.pdf","16","17","In Defense of the Triplet Loss for Person Re-Identification","verified",""
"pre.zip/houlsby19a.pdf","17","18","Universal language model finetuning for text classification","verified",""
"pre.zip/houlsby19a.pdf","18","19","Cross-language knowledge transfer using multilingual deep neural network with shared hidden layers","verified",""
"pre.zip/houlsby19a.pdf","19","20","What makes imagenet good for transfer learning","verified",""
"pre.zip/houlsby19a.pdf","20","21","Google’s multilingual neural machine translation system: Enabling zero-shot translation","verified",""
"pre.zip/houlsby19a.pdf","21","22","Adam: A method for stochastic optimization","verified",""
"pre.zip/houlsby19a.pdf","22","23","Overcoming catastrophic forgetting in neural networks","verified",""
"pre.zip/houlsby19a.pdf","25","26","Distributed representations of sentences and documents","verified",""
"pre.zip/houlsby19a.pdf","26","27","Fully convolutional networks for semantic segmentation","verified",""
"pre.zip/houlsby19a.pdf","27","28","Learned in translation: Contextualized word vectors","verified",""
"pre.zip/houlsby19a.pdf","28","29","Catastrophic interference in connectionist networks: The sequential learning problem","verified",""
"pre.zip/houlsby19a.pdf","30","31","Glove: Global vectors for word representation","verified",""
"pre.zip/houlsby19a.pdf","31","32","Film: Visual reasoning with a general conditioning layer","verified",""
"pre.zip/houlsby19a.pdf","32","33","Deep contextualized word representations","verified",""
"pre.zip/houlsby19a.pdf","33","34","Improving language understanding by generative pre-training","verified",""
"pre.zip/houlsby19a.pdf","34","35","Squad: 100,000+ questions for machine comprehension of text","verified",""
"pre.zip/houlsby19a.pdf","35","36","Know what you don’t know: Unanswerable questions for squad","verified",""
"pre.zip/houlsby19a.pdf","36","37","Efficient parametrization of multi-domain deep neural networks","verified",""
"pre.zip/houlsby19a.pdf","37","38","Learning multiple visual domains with residual adapters","verified",""
"pre.zip/houlsby19a.pdf","38","39","Incremental learning through deep adaptation","verified",""
"pre.zip/houlsby19a.pdf","39","40","Progressive neural networks","verified",""
"pre.zip/houlsby19a.pdf","40","41","Very deep convolutional networks for large-scale image recognition","verified",""
"pre.zip/houlsby19a.pdf","43","44","Word representations: A simple and general method for semi-supervised learning","verified",""
"pre.zip/houlsby19a.pdf","44","45","Attention is all you need","verified",""
"pre.zip/houlsby19a.pdf","45","46","Glue: A multi-task benchmark and analysis platform for natural language understanding","verified",""
"pre.zip/houlsby19a.pdf","46","47","Transfer learning with neural automl","verified",""
"pre.zip/houlsby19a.pdf","48","49","Continual learning through synaptic intelligence","verified",""
"pre.zip/houlsby19a.pdf","49","50","Neural architecture search with reinforcement learning","verified",""
"pre.zip/hsieh19c.pdf","2","3","The MIT Press, 1st edition","not_found","uncertain"
"pre.zip/hsieh19c.pdf","0","1","Rademacher and gaussian complexities: Risk bounds and structural results","mismatch","real"
"pre.zip/hsieh19c.pdf","1","2","Manifold regularization: A geometric framework for learning from labeled and unlabeled examples","verified",""
"pre.zip/hsieh19c.pdf","3","4","Learning classifiers from only positive and unlabeled data","verified",""
"pre.zip/hsieh19c.pdf","4","5","Social media text classification under negative covariate shift","verified",""
"pre.zip/hsieh19c.pdf","5","6","Text classification without negative examples revisit","verified",""
"pre.zip/hsieh19c.pdf","6","7","Size-independent sample complexity of neural networks","verified",""
"pre.zip/hsieh19c.pdf","7","8","Semi-supervised learning by entropy minimization","verified",""
"pre.zip/hsieh19c.pdf","8","9","Identity mappings in deep residual networks","verified",""
"pre.zip/hsieh19c.pdf","9","10","Sample selection bias as a specification error","verified",""
"pre.zip/hsieh19c.pdf","10","11","Inlier-based outlier detection via direct density ratio estimation","verified",""
"pre.zip/hsieh19c.pdf","11","12","Does distribu-tionally robust supervised learning give robust classifiers?","verified",""
"pre.zip/hsieh19c.pdf","12","13","Correcting sample selection bias by unlabeled data","verified",""
"pre.zip/hsieh19c.pdf","13","14","Binary classification from positive-confidence data","verified",""
"pre.zip/hsieh19c.pdf","14","15","Estimating the class prior and posterior from noisy positives and unlabeled data","verified",""
"pre.zip/hsieh19c.pdf","15","16","A least-squares approach to direct importance estimation","verified",""
"pre.zip/hsieh19c.pdf","16","17","Positive-unlabeled learning with non-negative risk estimator","verified",""
"pre.zip/hsieh19c.pdf","17","18","Temporal ensembling for semi-supervised learning","verified",""
"pre.zip/hsieh19c.pdf","18","19","A positive and unlabeled learning algorithm for one-class classification of remote-sensing data","verified",""
"pre.zip/hsieh19c.pdf","19","20","Negative training data can be harmful to text classification","verified",""
"pre.zip/hsieh19c.pdf","20","21","Partially supervised classification of text documents","verified",""
"pre.zip/hsieh19c.pdf","21","22","Building text classifiers using positive and unlabeled examples","verified",""
"pre.zip/hsieh19c.pdf","22","23","Distributional smoothing with virtual adversairal training","verified",""
"pre.zip/hsieh19c.pdf","23","24","Foundations of machine learning","verified",""
"pre.zip/hsieh19c.pdf","24","25","A bagging svm to learn from positive and unlabeled examples","verified",""
"pre.zip/hsieh19c.pdf","25","26","Realistic evaluation of deep semi-supervised learning algorithms","verified",""
"pre.zip/hsieh19c.pdf","26","27","Deep contextualized word representations","verified",""
"pre.zip/hsieh19c.pdf","27","28","Dataset Shift in Machine Learning","verified",""
"pre.zip/hsieh19c.pdf","28","29","Mixture proportion estimation via kernel embeddings of distributions","verified",""
"pre.zip/hsieh19c.pdf","29","30","On the convergence of adam and beyond","verified",""
"pre.zip/hsieh19c.pdf","30","31","Concatenated power mean word embeddings as universal cross-lingual sentence representations","verified",""
"pre.zip/hsieh19c.pdf","31","32","Semi-supervised classification based on classification from positive and unlabeled data","verified",""
"pre.zip/hsieh19c.pdf","32","33","Novelty detection: Unlabeled data definitely help","verified",""
"pre.zip/hsieh19c.pdf","33","34","Understanding Machine Learning: From Theory to Algorithms","verified",""
"pre.zip/hsieh19c.pdf","34","35","Positive and unlabeled learning via loss decomposition and centroid estimation","verified",""
"pre.zip/hsieh19c.pdf","35","36","Improving predictive inference under covariate shift by weighting the log-likelihood function","verified",""
"pre.zip/hsieh19c.pdf","36","37","Machine Learning in Non-Stationary Environments: Introduction to Covariate Shift Adaptation","verified",""
"pre.zip/hsieh19c.pdf","37","38","Mixture regression for covariate shift","verified",""
"pre.zip/hsieh19c.pdf","38","39","Direct importance estimation with model selection and its application to covariate shift adaptation","verified",""
"pre.zip/hsieh19c.pdf","39","40","Presence-only data and the em algorithm","verified",""
"pre.zip/hsieh19c.pdf","40","41","Learning and evaluating classifiers under sample selection bias","verified",""
"pre.zip/hsieh19c.pdf","41","42","Statistical behavior and consistency of classification methods based on convex risk minimization","verified",""
"pre.zip/hsieh19c.pdf","42","43","Learning from only positive and unlabeled data to detect lesions in vascular ct images","verified",""
"pre.zip/mahloujifar19a.pdf","31","32","Federated learning: Collaborative machine learning without centralized training data","not_found","real"
"pre.zip/mahloujifar19a.pdf","0","1","On the impossibility of cryptography with tam-perable randomness","verified",""
"pre.zip/mahloujifar19a.pdf","1","2","On the impossibility of cryptography with tamperable randomness","verified",""
"pre.zip/mahloujifar19a.pdf","2","3","How to backdoor federated learning","verified",""
"pre.zip/mahloujifar19a.pdf","3","4","Computationally efficient robust sparse estimation in high dimensions","verified",""
"pre.zip/mahloujifar19a.pdf","4","5","A discriminative framework for clustering via similarity functions","verified",""
"pre.zip/mahloujifar19a.pdf","5","6","Can machine learning be secure?","verified",""
"pre.zip/mahloujifar19a.pdf","7","8","Analyzing federated learning through an adversarial lens","verified",""
"pre.zip/mahloujifar19a.pdf","8","9","Poisoning attacks against support vector machines","verified",""
"pre.zip/mahloujifar19a.pdf","9","10","Machine learning with adversaries: Byzantine tolerant gradient descent","verified",""
"pre.zip/mahloujifar19a.pdf","10","11","Practical secure aggregation for privacy-preserving machine learning","verified",""
"pre.zip/mahloujifar19a.pdf","11","12","PAC learning with nasty noise","verified",""
"pre.zip/mahloujifar19a.pdf","12","13","Adap-tively secure multi-party computation","verified",""
"pre.zip/mahloujifar19a.pdf","13","14","Learning from untrusted data","verified",""
"pre.zip/mahloujifar19a.pdf","14","15","Draco: Byzantine-resilient distributed training via redundant gradients","verified",""
"pre.zip/mahloujifar19a.pdf","15","16","Distributed statistical machine learning in adversarial settings: Byzantine gradient descent","verified",""
"pre.zip/mahloujifar19a.pdf","16","17","Federated machine learning for multi-domain operations at the tactical edge","verified",""
"pre.zip/mahloujifar19a.pdf","17","18","Robust estimators in high dimensions without the computational intractability","verified",""
"pre.zip/mahloujifar19a.pdf","18","19","Statistical query lower bounds for robust estimation of high-dimensional Gaussians and Gaussian mixtures","verified",""
"pre.zip/mahloujifar19a.pdf","19","20","Sever: A robust meta-algorithm for stochastic optimization","verified",""
"pre.zip/mahloujifar19a.pdf","20","21","List-decodable robust mean estimation and learning mixtures of spherical Gaussians","verified",""
"pre.zip/mahloujifar19a.pdf","21","22","Efficient algorithms and lower bounds for robust linear regression","verified",""
"pre.zip/mahloujifar19a.pdf","22","23","The hidden vulnerability of distributed learning in byzantium","verified",""
"pre.zip/mahloujifar19a.pdf","23","24","Coin flipping with constant bias implies one-way functions","verified",""
"pre.zip/mahloujifar19a.pdf","24","25","Robust federated training via collaborative machine teaching using trusted instances","verified",""
"pre.zip/mahloujifar19a.pdf","25","26","Contamination attacks and mitigation in multi-party machine learning","verified",""
"pre.zip/mahloujifar19a.pdf","26","27","Learning in the Presence of Malicious Errors","verified",""
"pre.zip/mahloujifar19a.pdf","27","28","Stronger data poisoning attacks break data sanitization defenses","verified",""
"pre.zip/mahloujifar19a.pdf","28","29","Federated learning: Strategies for improving communication efficiency","verified",""
"pre.zip/mahloujifar19a.pdf","29","30","Agnostic estimation of mean and covariance","verified",""
"pre.zip/mahloujifar19a.pdf","30","31","Blockwise p-Tampering Attacks on Cryptographic Primitives, Extractors, and Learners","verified",""
"pre.zip/mahloujifar19a.pdf","32","33","Communication-efficient learning of deep networks from decentralized data","verified",""
"pre.zip/mahloujifar19a.pdf","33","34","Towards the science of security and privacy in machine learning","verified",""
"pre.zip/mahloujifar19a.pdf","34","35","Robust estimation via robust gradient estimation","verified",""
"pre.zip/mahloujifar19a.pdf","35","36","A uror: defending against poisoning attacks in collaborative deep learning systems","verified",""
"pre.zip/mahloujifar19a.pdf","36","37","Certified defenses for data poisoning attacks","verified",""
"pre.zip/mahloujifar19a.pdf","37","38","Model poisoning attacks against distributed machine learning systems","verified",""
"pre.zip/mahloujifar19a.pdf","38","39","Learning disjunctions of conjunctions","verified",""
"pre.zip/mahloujifar19a.pdf","39","40","Byzantine-robust distributed learning: Towards optimal statistical rates","verified",""
"pre.zip/makkuva19a.pdf","0","1","Tensor decompositions for learning latent variable models","verified",""
"pre.zip/makkuva19a.pdf","1","2","Statistical guarantees for the EM algorithm: From population to sample-based analysis","verified",""
"pre.zip/makkuva19a.pdf","2","3","Airfoil self-noise and prediction","verified",""
"pre.zip/makkuva19a.pdf","3","4","A convex formulation for mixed regression with two components: Minimax optimal rates","verified",""
"pre.zip/makkuva19a.pdf","4","5","Empirical evaluation of gated recurrent neural networks on sequence modeling","verified",""
"pre.zip/makkuva19a.pdf","5","6","A parallel mixture of SVMs for very large scale problems","verified",""
"pre.zip/makkuva19a.pdf","6","7","Gradient descent learns one-hidden-layer cnn: Don’t be afraid of spurious local minima","verified",""
"pre.zip/makkuva19a.pdf","7","8","Learning one-hidden-layer neural networks with landscape design","verified",""
"pre.zip/makkuva19a.pdf","8","9","Hard mixtures of experts for large scale weakly supervised vision","verified",""
"pre.zip/makkuva19a.pdf","9","10","Adaptive mixtures of local experts","verified",""
"pre.zip/makkuva19a.pdf","10","11","Score function features for discriminative learning: Matrix and tensor framework","verified",""
"pre.zip/makkuva19a.pdf","11","12","Beating the perils of non-convexity: Guaranteed training of neural networks using tensor methods","verified",""
"pre.zip/makkuva19a.pdf","12","13","Local maxima in the likelihood of gaussian mixture models: Structural results and algorithmic consequences","verified",""
"pre.zip/makkuva19a.pdf","13","14","Hierarchical mixtures of experts and the EM algorithm","verified",""
"pre.zip/makkuva19a.pdf","14","15","Convergence results for the EM approach to mixtures of experts architectures","verified",""
"pre.zip/makkuva19a.pdf","15","16","Three-way arrays: rank and uniqueness of trilinear decompositions, with application to arithmetic complexity and statistics","verified",""
"pre.zip/makkuva19a.pdf","16","17","Lstm-based mixture-of-experts for knowledge-aware dialogues","verified",""
"pre.zip/makkuva19a.pdf","17","18","Convergence analysis of two-layer neural networks with relu activation","verified",""
"pre.zip/makkuva19a.pdf","18","19","Using mixture design and neural networks to build stock selection decision support systems","verified",""
"pre.zip/makkuva19a.pdf","19","20","Mixture of experts: a literature survey","verified",""
"pre.zip/makkuva19a.pdf","20","21","The EM algorithm and extensions","verified",""
"pre.zip/makkuva19a.pdf","21","22","Hierarchical mixture-of-experts model for large-scale gaussian process regression","verified",""
"pre.zip/makkuva19a.pdf","22","23","Spurious local minima are common in two-layer relu neural networks","verified",""
"pre.zip/makkuva19a.pdf","23","24","Provable tensor methods for learning mixtures of classifiers","verified",""
"pre.zip/makkuva19a.pdf","24","25","Outrageously large neural networks: The sparselygated mixture-of-experts layer","verified",""
"pre.zip/makkuva19a.pdf","25","26","A bound for the error in the normal approximation to the distribution of a sum of dependent random variables","verified",""
"pre.zip/makkuva19a.pdf","26","27","Human-machine conversation based on hybrid neural network","verified",""
"pre.zip/makkuva19a.pdf","27","28","Learning mixtures of linear classifiers","verified",""
"pre.zip/makkuva19a.pdf","28","29","Generative image modeling using spatial lstms","verified",""
"pre.zip/makkuva19a.pdf","30","31","Attention is all you need","verified",""
"pre.zip/makkuva19a.pdf","31","32","Deep mixture of experts via shallow embedding","verified",""
"pre.zip/makkuva19a.pdf","32","33","Modeling of strength of high performance concrete using artificial neural networks","verified",""
"pre.zip/makkuva19a.pdf","33","34","Alternating minimization for mixed linear regression","verified",""
"pre.zip/makkuva19a.pdf","34","35","Solving a mixture of many random linear equations by tensor decomposition and alternating minimization","verified",""
"pre.zip/makkuva19a.pdf","35","36","Twenty years of mixture of experts","verified",""
"pre.zip/makkuva19a.pdf","36","37","Mixed linear regression with multiple components","verified",""
"pre.zip/makkuva19a.pdf","37","38","Recovery guarantees for one-hidden-layer neural networks","verified",""
"pre.zip/mianjy19a.pdf","28","29","Norm-based Dropout and Nuclear Norm Regularization capacity control in neural networks","not_found","real"
"pre.zip/mianjy19a.pdf","0","1","A convergence analysis of gradient descent for deep linear neural networks","verified",""
"pre.zip/mianjy19a.pdf","1","2","Stochastic gradient/mirror descent: Minimax optimality and implicit regularization","verified",""
"pre.zip/mianjy19a.pdf","3","4","On the relationship between dropout and equiangular tight frames","verified",""
"pre.zip/mianjy19a.pdf","4","5","Gradient descent with identity initialization efficiently learns positive definite linear transformations","verified",""
"pre.zip/mianjy19a.pdf","5","6","Dropout as a low-rank regularizer for matrix factorization","verified",""
"pre.zip/mianjy19a.pdf","6","7","Dropout as a bayesian approximation: Representing model uncertainty in deep learning","verified",""
"pre.zip/mianjy19a.pdf","7","8","Dropout rademacher complexity of deep neural networks","verified",""
"pre.zip/mianjy19a.pdf","9","10","Implicit regularization in matrix factorization","verified",""
"pre.zip/mianjy19a.pdf","10","11","Characterizing implicit bias in terms of optimization geometry","verified",""
"pre.zip/mianjy19a.pdf","11","12","Implicit bias of gradient descent on linear convolutional networks","verified",""
"pre.zip/mianjy19a.pdf","12","13","Identity matters in deep learning","verified",""
"pre.zip/mianjy19a.pdf","13","14","Dropout non-negative matrix factorization for independent feature learning","verified",""
"pre.zip/mianjy19a.pdf","14","15","On the inductive bias of dropout","verified",""
"pre.zip/mianjy19a.pdf","15","16","Surprising properties of dropout in deep networks","verified",""
"pre.zip/mianjy19a.pdf","16","17","Improving neural networks by preventing co-adaptation of feature detectors","verified",""
"pre.zip/mianjy19a.pdf","17","18","Gradient descent aligns the layers of deep linear networks","verified",""
"pre.zip/mianjy19a.pdf","18","19","Deep learning without poor local minima","verified",""
"pre.zip/mianjy19a.pdf","19","20","Imagenet classification with deep convolutional neural networks","verified",""
"pre.zip/mianjy19a.pdf","20","21","A comprehensive analysis of deep regression","verified",""
"pre.zip/mianjy19a.pdf","21","22","Deep linear networks with arbitrary loss: All local minima are global","verified",""
"pre.zip/mianjy19a.pdf","22","23","Algorithmic regularization in over-parameterized matrix sensing and neural networks with quadratic activations","verified",""
"pre.zip/mianjy19a.pdf","23","24","Implicit self-regularization in deep neural networks: Evidence from random matrix theory and implications for learning","verified",""
"pre.zip/mianjy19a.pdf","24","25","On the implicit bias of dropout","verified",""
"pre.zip/mianjy19a.pdf","25","26","Dropout training, data-dependent regularization, and generalization bounds","verified",""
"pre.zip/mianjy19a.pdf","26","27","Convergence of gradient descent on separable data","verified",""
"pre.zip/mianjy19a.pdf","27","28","In search of the real inductive bias: On the role of implicit regularization in deep learning","verified",""
"pre.zip/mianjy19a.pdf","29","30","Exact solutions to the nonlinear dynamics of learning in deep linear neural networks","verified",""
"pre.zip/mianjy19a.pdf","30","31","Dropout: a simple way to prevent neural networks from overfitting","verified",""
"pre.zip/mianjy19a.pdf","31","32","Going deeper with convolutions","verified",""
"pre.zip/mianjy19a.pdf","32","33","Deeppose: Human pose estimation via deep neural networks","verified",""
"pre.zip/mianjy19a.pdf","33","34","Follow the leader with dropout perturbations","verified",""
"pre.zip/mianjy19a.pdf","34","35","Dropout training as adaptive regularization","verified",""
"pre.zip/mianjy19a.pdf","35","36","Altitude training: Strong bounds for single-layer dropout","verified",""
"pre.zip/mianjy19a.pdf","36","37","Dropout training of matrix factorization and autoencoder for link prediction in sparse graphs","verified",""
"pre.zip/mianjy19a.pdf","37","38","Understanding deep learning requires rethinking generalization","verified",""
"pre.zip/piergiovanni19a.pdf","0","1","Human activity analysis: A review","verified",""
"pre.zip/piergiovanni19a.pdf","1","2","Quo vadis, action recognition? a new model and the kinetics dataset","verified",""
"pre.zip/piergiovanni19a.pdf","2","3","Rethinking the faster r-cnn architecture for temporal action localization","verified",""
"pre.zip/piergiovanni19a.pdf","3","4","Spherical cnns","verified",""
"pre.zip/piergiovanni19a.pdf","4","5","Predictive-corrective networks for action detection","verified",""
"pre.zip/piergiovanni19a.pdf","5","6","Long-term recurrent convolutional networks for visual recognition and description","verified",""
"pre.zip/piergiovanni19a.pdf","6","7","Daps: Deep action proposals for action understanding","verified",""
"pre.zip/piergiovanni19a.pdf","7","8","Convolutional two-stream network fusion for video action recognition","verified",""
"pre.zip/piergiovanni19a.pdf","8","9","AVA: A video dataset of spatio-temporally localized atomic visual actions","verified",""
"pre.zip/piergiovanni19a.pdf","9","10","Learning spatiotemporal features with 3d residual networks for action recognition","verified",""
"pre.zip/piergiovanni19a.pdf","10","11","Activitynet: A large-scale video benchmark for human activity understanding","verified",""
"pre.zip/piergiovanni19a.pdf","12","13","Large-scale video classification with convolutional neural networks","verified",""
"pre.zip/piergiovanni19a.pdf","13","14","The kinetics human action video dataset","verified",""
"pre.zip/piergiovanni19a.pdf","14","15","Beyond short snippets: Deep networks for video classification","verified",""
"pre.zip/piergiovanni19a.pdf","15","16","Fine-grained activity recognition in baseball videos","verified",""
"pre.zip/piergiovanni19a.pdf","16","17","Learning latent super-events to detect multiple activities in videos","verified",""
"pre.zip/piergiovanni19a.pdf","17","18","Learning latent sub-events in activity videos using temporal attention filters","verified",""
"pre.zip/piergiovanni19a.pdf","18","19","Pooled motion features for first-person videos","verified",""
"pre.zip/piergiovanni19a.pdf","19","20","Temporal action localization in untrimmed videos via multi-stage cnns","verified",""
"pre.zip/piergiovanni19a.pdf","20","21","Asynchronous temporal fields for action recognition","verified",""
"pre.zip/piergiovanni19a.pdf","21","22","Hollywood in homes: Crowdsourcing data collection for activity understanding","verified",""
"pre.zip/piergiovanni19a.pdf","22","23","Two-stream convolutional networks for action recognition in videos","verified",""
"pre.zip/piergiovanni19a.pdf","23","24","Rethinking the inception architecture for computer vision","verified",""
"pre.zip/piergiovanni19a.pdf","24","25","C3d: generic features for video analysis","verified",""
"pre.zip/piergiovanni19a.pdf","25","26","Convnet architecture search for spatiotemporal feature learning","verified",""
"pre.zip/piergiovanni19a.pdf","26","27","A closer look at spatiotemporal convolutions for action recognition","verified",""
"pre.zip/piergiovanni19a.pdf","27","28","A gaussian mixture model layer jointly optimized with discriminative features within a deep neural network architecture","verified",""
"pre.zip/piergiovanni19a.pdf","28","29","Long-term Temporal Convolutions for Action Recognition","verified",""
"pre.zip/piergiovanni19a.pdf","29","30","R-c3d: Region convolutional 3d network for temporal activity detection","verified",""
"pre.zip/piergiovanni19a.pdf","30","31","Spidercnn: Deep learning on point sets with parameterized convolutional filters","verified",""
"pre.zip/piergiovanni19a.pdf","31","32","Every moment counts: Dense detailed labeling of actions in complex videos","verified",""
"pre.zip/piergiovanni19a.pdf","32","33","End-to-end learning of action detection from frame glimpses in videos","verified",""
"pre.zip/piergiovanni19a.pdf","33","34","Temporal action detection with structured segment networks","verified",""
"pre.zip/sablayrolles19a.pdf","16","17","Acceleration of stochastic approximation by averaging","mismatch","real"
"pre.zip/sablayrolles19a.pdf","0","1","Deep learning with differential privacy","verified",""
"pre.zip/sablayrolles19a.pdf","1","2","Hacking smart machines with smarter ones: How to extract meaningful data from machine learning classifiers","verified",""
"pre.zip/sablayrolles19a.pdf","2","3","Algorithmic stability for adaptive data analysis","verified",""
"pre.zip/sablayrolles19a.pdf","3","4","Security Evaluation of Support Vector Machines in Adversarial Environments","verified",""
"pre.zip/sablayrolles19a.pdf","4","5","Unsupervised learning by predicting noise","verified",""
"pre.zip/sablayrolles19a.pdf","5","6","The secret sharer: Measuring unintended neural network memorization & extracting secrets","verified",""
"pre.zip/sablayrolles19a.pdf","6","7","Imagenet: A large-scale hierarchical image database","verified",""
"pre.zip/sablayrolles19a.pdf","7","8","Discriminative unsupervised feature learning with convolutional neural networks","verified",""
"pre.zip/sablayrolles19a.pdf","8","9","Calibrating noise to sensitivity in private data analysis","verified",""
"pre.zip/sablayrolles19a.pdf","9","10","Robust traceability from trace amounts","verified",""
"pre.zip/sablayrolles19a.pdf","10","11","Logan: evaluating privacy leakage of generative models using generative adversarial networks","verified",""
"pre.zip/sablayrolles19a.pdf","11","12","Deep residual learning for image recognition","verified",""
"pre.zip/sablayrolles19a.pdf","12","13","Understanding black-box predictions via influence functions","verified",""
"pre.zip/sablayrolles19a.pdf","13","14","A closer look at memorization in deep networks","verified",""
"pre.zip/sablayrolles19a.pdf","14","15","Information Theory And Statistics","verified",""
"pre.zip/sablayrolles19a.pdf","15","16","Understanding membership inferences on well-generalized learning models","verified",""
"pre.zip/sablayrolles19a.pdf","17","18","ImageNet Large Scale Visual Recognition Challenge","verified",""
"pre.zip/sablayrolles19a.pdf","18","19","Mlleaks: Model and data independent membership inference attacks and defenses on machine learning models","verified",""
"pre.zip/sablayrolles19a.pdf","19","20","Genomic privacy and limits of individual detection in a pool","verified",""
"pre.zip/sablayrolles19a.pdf","20","21","Membership inference attacks against machine learning models","verified",""
"pre.zip/sablayrolles19a.pdf","21","22","Very deep convolutional networks for large-scale image recognition","verified",""
"pre.zip/sablayrolles19a.pdf","22","23","Privacy risk in machine learning: Analyzing the connection to overfitting","verified",""
"pre.zip/sablayrolles19a.pdf","23","24","Understanding deep learning requires rethinking generalization","verified",""
"pre.zip/shen19d.pdf","0","1","A brief survey of deep reinforcement learning","verified",""
"pre.zip/shen19d.pdf","1","2","Infinite-horizon policy-gradient estimation","verified",""
"pre.zip/shen19d.pdf","2","3","Saga: A fast incremental gradient method with support for non-strongly convex composite objectives","verified",""
"pre.zip/shen19d.pdf","3","4","Stochastic variance reduction methods for policy evaluation","verified",""
"pre.zip/shen19d.pdf","4","5","Benchmarking deep reinforcement learning for continuous control","verified",""
"pre.zip/shen19d.pdf","5","6","Spider: Near-optimal non-convex optimization via stochastic path-integrated differential estimator","verified",""
"pre.zip/shen19d.pdf","6","7","Stochastic first-and zeroth-order methods for nonconvex stochastic programming","verified",""
"pre.zip/shen19d.pdf","7","8","Variance reduction techniques for gradient estimates in reinforcement learning","verified",""
"pre.zip/shen19d.pdf","8","9","Accelerating stochastic gradient descent using predictive variance reduction","verified",""
"pre.zip/shen19d.pdf","9","10","A natural policy gradient","verified",""
"pre.zip/shen19d.pdf","11","12","Asynchronous methods for deep reinforcement learning","verified",""
"pre.zip/shen19d.pdf","12","13","Introductory lectures on convex optimization: A basic course","verified",""
"pre.zip/shen19d.pdf","13","14","SARAH: A novel method for machine learning problems using stochastic recursive gradient","verified",""
"pre.zip/shen19d.pdf","14","15","Stochastic variance reduction methods for saddle-point problems","verified",""
"pre.zip/shen19d.pdf","15","16","Stochastic variance-reduced policy gradient","verified",""
"pre.zip/shen19d.pdf","16","17","Fast exact multiplication by the hessian","verified",""
"pre.zip/shen19d.pdf","17","18","Markov decision processes: discrete stochastic dynamic programming","verified",""
"pre.zip/shen19d.pdf","18","19","Stochastic variance reduction for nonconvex optimization","verified",""
"pre.zip/shen19d.pdf","19","20","A stochastic gradient method with an exponential convergence _rate for finite training sets","verified",""
"pre.zip/shen19d.pdf","20","21","Trust region policy optimization","verified",""
"pre.zip/shen19d.pdf","21","22","High-dimensional continuous control using generalized advantage estimation","verified",""
"pre.zip/shen19d.pdf","22","23","Policy gradient methods for reinforcement learning with function approximation","verified",""
"pre.zip/shen19d.pdf","23","24","Temporal credit assignment in reinforcement learning","verified",""
"pre.zip/shen19d.pdf","24","25","Mujoco: A physics engine for model-based control","verified",""
"pre.zip/shen19d.pdf","25","26","Simple statistical gradient-following algorithms for connectionist reinforcement learning","verified",""
"pre.zip/shen19d.pdf","27","28","Variance reduction for policy gradient with action-dependent factorized baselines","verified",""
"pre.zip/shen19d.pdf","28","29","Stochastic nested variance reduced gradient descent for nonconvex optimization","verified",""
"pre.zip/su19b.pdf","1","2","Learning sequence neighbourhood metrics","verified",""
"pre.zip/su19b.pdf","2","3","Learning good edit similarities with generalization guarantees","verified",""
"pre.zip/su19b.pdf","3","4","Good edit similarity learning by loss minimization","verified",""
"pre.zip/su19b.pdf","4","5","A survey on metric learning for feature vectors and structured data","verified",""
"pre.zip/su19b.pdf","5","6","Coding kendall’s shape trajectories for 3d action recognition","verified",""
"pre.zip/su19b.pdf","6","7","Kernelized covariance for action recognition","verified",""
"pre.zip/su19b.pdf","7","8","Decade: A deep metric learning model for multivariate time series","verified",""
"pre.zip/su19b.pdf","8","9","Rational kernels: Theory and algorithms","verified",""
"pre.zip/su19b.pdf","9","10","Learning sequence kernels","verified",""
"pre.zip/su19b.pdf","10","11","Ground metric learning","verified",""
"pre.zip/su19b.pdf","11","12","Information-theoretic metric learning","verified",""
"pre.zip/su19b.pdf","12","13","Chalearn multi-modal gesture recognition 2013: grand challenge and workshop summary","verified",""
"pre.zip/su19b.pdf","13","14","Multi-modal gesture recognition challenge 2013: Dataset and results","verified",""
"pre.zip/su19b.pdf","14","15","Modeling video evolution for action recognition","verified",""
"pre.zip/su19b.pdf","15","16","Metric learning for temporal sequence alignment","verified",""
"pre.zip/su19b.pdf","16","17","Metric learning by collapsing classes","verified",""
"pre.zip/su19b.pdf","18","19","Bregman divergences for infinite dimensional covariance matrices","verified",""
"pre.zip/su19b.pdf","19","20","Supervised word mover’s distance","verified",""
"pre.zip/su19b.pdf","20","21","Skeleton embedded motion body partition for human action recognition using depth sequences","verified",""
"pre.zip/su19b.pdf","21","22","Tensor representations via kernel linearization for action recognition from 3d skeletons","verified",""
"pre.zip/su19b.pdf","22","23","Ensemble deep learning for skeleton-based action recognition using temporal sliding lstm networks","verified",""
"pre.zip/su19b.pdf","23","24","Action recognition based on a bag of 3d points","verified",""
"pre.zip/su19b.pdf","24","25","Unsupervised learning of long-term motion dynamics for videos","verified",""
"pre.zip/su19b.pdf","25","26","On the generalized distance in statistics","verified",""
"pre.zip/su19b.pdf","26","27","Logdet divergence-based metric learning with triplet constraints and its applications","verified",""
"pre.zip/su19b.pdf","27","28","Learning a maha-lanobis distance-based dynamic time warping measure for multivariate time series classification","verified",""
"pre.zip/su19b.pdf","28","29","Metric learning for sequences in relational lvq","verified",""
"pre.zip/su19b.pdf","29","30","Tree edit distance learning via adaptive symbol embeddings","verified",""
"pre.zip/su19b.pdf","30","31","Regressive virtual metric learning","verified",""
"pre.zip/su19b.pdf","31","32","An efficient sparse metric learning in high-dimensional space via l 1-penalized log-determinant regularization","verified",""
"pre.zip/su19b.pdf","32","33","The earth mover’s distance as a metric for image retrieval","verified",""
"pre.zip/su19b.pdf","33","34","Dynamic programming algorithm optimization for spoken word recognition","verified",""
"pre.zip/su19b.pdf","34","35","Learning a distance metric from relative comparisons","verified",""
"pre.zip/su19b.pdf","35","36","Deep multimodal feature analysis for action recognition in rg-b+ d videos","verified",""
"pre.zip/su19b.pdf","36","37","Sparse compositional metric learning","verified",""
"pre.zip/su19b.pdf","37","38","Deep metric learning via lifted structured feature embedding","verified",""
"pre.zip/su19b.pdf","38","39","Order-preserving wasserstein distance for sequence matching","verified",""
"pre.zip/su19b.pdf","39","40","Order-preserving optimal transport for distances between sequences","verified",""
"pre.zip/su19b.pdf","40","41","Learning maximum margin temporal warping for action recognition","verified",""
"pre.zip/su19b.pdf","41","42","Mining actionlet ensemble for action recognition with depth cameras","verified",""
"pre.zip/su19b.pdf","42","43","Beyond covariance: Feature representation with nonlinear kernel matrices","verified",""
"pre.zip/su19b.pdf","43","44","Distance metric learning for large margin nearest neighbor classification","verified",""
"pre.zip/su19b.pdf","44","45","Distance metric learning for large margin nearest neighbor classification","verified",""
"pre.zip/su19b.pdf","45","46","Deep metric learning for person re-identification","verified",""
"pre.zip/su19b.pdf","46","47","The moving pose: An efficient 3d kinematics descriptor for low-latency action recognition and detection","verified",""
"pre.zip/su19b.pdf","47","48","metricdtw: local distance metric learning in dynamic time warping","verified",""
"pre.zip/sun19a.pdf","14","15","","not_found","real"
"pre.zip/sun19a.pdf","22","23","Vowpal wabbit online learning project","not_found","real"
"pre.zip/sun19a.pdf","0","1","Learning efficient algorithms with hierarchical attentive memory","verified",""
"pre.zip/sun19a.pdf","1","2","A retrieval-based dialogue system utilizing utterance and context embeddings","verified",""
"pre.zip/sun19a.pdf","2","3","Cover trees for nearest neighbor","verified",""
"pre.zip/sun19a.pdf","3","4","Conditional probability tree estimation analysis and algorithms","verified",""
"pre.zip/sun19a.pdf","4","5","Sparse local embeddings for extreme multi-label classification","verified",""
"pre.zip/sun19a.pdf","5","6","Beating the hold-out: Bounds for k-fold and progressive cross-validation","verified",""
"pre.zip/sun19a.pdf","6","7","Efficient query evaluation using a two-level retrieval process","verified",""
"pre.zip/sun19a.pdf","8","9","Prediction, learning, and games","verified",""
"pre.zip/sun19a.pdf","9","10","Hierarchical memory networks","verified",""
"pre.zip/sun19a.pdf","10","11","Logarithmic time online multiclass prediction","verified",""
"pre.zip/sun19a.pdf","11","12","Randomized partition trees for nearest neighbor search","verified",""
"pre.zip/sun19a.pdf","12","13","Locality-sensitive hashing scheme based on p-stable distributions","verified",""
"pre.zip/sun19a.pdf","13","14","Adaptive subgradient methods for online learning and stochastic optimization","verified",""
"pre.zip/sun19a.pdf","15","16","The amsterdam library of object images","verified",""
"pre.zip/sun19a.pdf","16","17","Hybrid computing using a neural network with dynamic external memory","verified",""
"pre.zip/sun19a.pdf","17","18","Search engine guided non-parametric neural machine translation","verified",""
"pre.zip/sun19a.pdf","18","19","Framing image description as a ranking task: Data, models and evaluation metrics","verified",""
"pre.zip/sun19a.pdf","19","20","Learning to remember rare events","verified",""
"pre.zip/sun19a.pdf","20","21","Unsupervised svms: On the complexity of the furthest hyperplane problem","verified",""
"pre.zip/sun19a.pdf","21","22","The art of computer programming, Volume I: Fundamental Algorithms, 3rd Edition","verified",""
"pre.zip/sun19a.pdf","23","24","Microsoft coco: Common objects in context","verified",""
"pre.zip/sun19a.pdf","24","25","Hidden factors and hidden topics: understanding rating dimensions with review text","verified",""
"pre.zip/sun19a.pdf","25","26","Learning and transferring mid-level image representations using convolutional neural networks","verified",""
"pre.zip/sun19a.pdf","26","27","Fastxml: A fast, accurate and stable tree-classifier for extreme multi-label learning","verified",""
"pre.zip/sun19a.pdf","27","28","Scaling memory-augmented neural networks with sparse reads and writes","verified",""
"pre.zip/sun19a.pdf","28","29","Collecting image annotations using amazon’s mechanical turk","verified",""
"pre.zip/sun19a.pdf","29","30","Attribute discovery via predictable discriminative binary codes","verified",""
"pre.zip/sun19a.pdf","30","31","Semantic hashing","verified",""
"pre.zip/sun19a.pdf","31","32","One-shot learning with memory-augmented neural networks","verified",""
"pre.zip/sun19a.pdf","32","33","Improved asymmetric locality sensitive hashing (ALSH) for maximum inner product search (MIPS)","verified",""
"pre.zip/sun19a.pdf","33","34","Very deep convolutional networks for large-scale image recognition","verified",""
"pre.zip/sun19a.pdf","34","35","Prototypical networks for few-shot learning","verified",""
"pre.zip/sun19a.pdf","35","36","Fast and accurate entity recognition with iterated dilated convolutions","verified",""
"pre.zip/sun19a.pdf","36","37","Distance metric learning for large margin nearest neighbor classification","verified",""
"pre.zip/sun19a.pdf","37","38","Memory networks","verified",""
"pre.zip/sun19a.pdf","38","39","Unsupervised and semi-supervised multi-class support vector machines","verified",""
"pre.zip/sun19a.pdf","39","40","Enhancing navigation on wikipedia with social tags","verified",""
"pre.zip/tang19c.pdf","26","27","A bayesian framework to account for complex non-genetic factors in gene expression levels greatly increases power in eqtl The Variational Predictive Natural Gradient studies","not_found","real"
"pre.zip/tang19c.pdf","28","29","Lecture 6.5-rmsprop: Divide the gradient by a running average of its recent magnitude","not_found","real"
"pre.zip/tang19c.pdf","0","1","Natural gradient works efficiently in learning","verified",""
"pre.zip/tang19c.pdf","1","2","Distributed second-order optimization using kronecker-factored approximations","verified",""
"pre.zip/tang19c.pdf","2","3","Generating sentences from a continuous space","verified",""
"pre.zip/tang19c.pdf","3","4","Scalable variational inference for bayesian variable selection in regression, and its accuracy in genetic association studies","verified",""
"pre.zip/tang19c.pdf","4","5","Fast second order stochastic backpropagation for variational inference","verified",""
"pre.zip/tang19c.pdf","5","6","Scalable recommendation with hierarchical poisson factorization","verified",""
"pre.zip/tang19c.pdf","6","7","A kronecker-factored approximate fisher matrix for convolution layers","verified",""
"pre.zip/tang19c.pdf","7","8","The movielens datasets: History and context","verified",""
"pre.zip/tang19c.pdf","8","9","A bayesian spatiotemporal model for very large data sets","verified",""
"pre.zip/tang19c.pdf","9","10","Stochastic variational inference","verified",""
"pre.zip/tang19c.pdf","10","11","An introduction to variational methods for graphical models","verified",""
"pre.zip/tang19c.pdf","11","12","Auto-encoding variational Bayes","verified",""
"pre.zip/tang19c.pdf","12","13","Adam: A method for stochastic optimization","verified",""
"pre.zip/tang19c.pdf","13","14","Gradient-based learning applied to document recognition","verified",""
"pre.zip/tang19c.pdf","14","15","Modeling user exposure in recommendation","verified",""
"pre.zip/tang19c.pdf","15","16","Topographic factor analysis: a bayesian model for inferring brain networks from neural data","verified",""
"pre.zip/tang19c.pdf","16","17","Optimizing neural networks with kronecker-factored approximate curvature","verified",""
"pre.zip/tang19c.pdf","17","18","Neural variational inference for text processing","verified",""
"pre.zip/tang19c.pdf","18","19","Neural variational inference and learning in belief networks","verified",""
"pre.zip/tang19c.pdf","20","21","Information-geometric optimization algorithms: A unifying picture via invariance principles","verified",""
"pre.zip/tang19c.pdf","21","22","Black box variational inference","verified",""
"pre.zip/tang19c.pdf","22","23","Deep survival analysis","verified",""
"pre.zip/tang19c.pdf","23","24","Fast black-box variational inference through stochastic trust-region optimization","verified",""
"pre.zip/tang19c.pdf","24","25","Stochastic backpropagation and approximate inference in deep generative models","verified",""
"pre.zip/tang19c.pdf","25","26","Correlated compressive sensing for networked data","verified",""
"pre.zip/tang19c.pdf","27","28","Energetic natural gradient descent","verified",""
"pre.zip/tang19c.pdf","29","30","Doubly stochastic variational bayes for non-conjugate inference","verified",""
"pre.zip/wang19b.pdf","8","9","Machine Learning","not_found","real"
"pre.zip/wang19b.pdf","0","1","TensorFlow: Large-scale machine learning on heterogeneous distributed systems","verified",""
"pre.zip/wang19b.pdf","2","3","On the stability of the bareiss and related toeplitz factorization algorithms","verified",""
"pre.zip/wang19b.pdf","3","4","A theoretical analysis of feature pooling in visual recognition","verified",""
"pre.zip/wang19b.pdf","4","5","High-dimensional sparse factor modeling: Applications in gene expression genomics","verified",""
"pre.zip/wang19b.pdf","5","6","Deep learning with hierarchical convolutional factor analysis","verified",""
"pre.zip/wang19b.pdf","6","7","Empirical evaluation of gated recurrent neural networks on sequence modeling","verified",""
"pre.zip/wang19b.pdf","7","8","Deep latent Dirichlet allocation with topic-layer-adaptive stochastic gradient Riemannian MCMC","verified",""
"pre.zip/wang19b.pdf","9","10","Indexing by latent semantic analysis","verified",""
"pre.zip/wang19b.pdf","10","11","Scalable deep Poisson factor analysis for topic modeling","verified",""
"pre.zip/wang19b.pdf","11","12","Domain adaptation for large-scale sentiment classification: A deep learning approach","verified",""
"pre.zip/wang19b.pdf","12","13","beta-vae: Learning basic visual concepts with a constrained variational framework","verified",""
"pre.zip/wang19b.pdf","13","14","Replicated softmax: An undirected topic model","verified",""
"pre.zip/wang19b.pdf","14","15","Long short-term memory","verified",""
"pre.zip/wang19b.pdf","16","17","Supervised and semi-supervised text categorization using LSTM for region embeddings","verified",""
"pre.zip/wang19b.pdf","17","18","Deep pyramid convolutional neural networks for text categorization","verified",""
"pre.zip/wang19b.pdf","18","19","A convolutional neural network for modelling sentences","verified",""
"pre.zip/wang19b.pdf","19","20","Convolutional neural networks for sentence classification","verified",""
"pre.zip/wang19b.pdf","20","21","Pycuda and pyopencl: A scripting-based approach to gpu run-time code generation","verified",""
"pre.zip/wang19b.pdf","21","22","Document neural autoregressive distribution estimation","verified",""
"pre.zip/wang19b.pdf","22","23","Gradient-based learning applied to document recognition","verified",""
"pre.zip/wang19b.pdf","23","24","Algorithms for non-negative matrix factorization","verified",""
"pre.zip/wang19b.pdf","24","25","Max-margin deep generative models","verified",""
"pre.zip/wang19b.pdf","25","26","Learning question classifiers","verified",""
"pre.zip/wang19b.pdf","26","27","A complete recipe for stochastic gradient mcmc","verified",""
"pre.zip/wang19b.pdf","27","28","Learning word vectors for sentiment analysis","verified",""
"pre.zip/wang19b.pdf","28","29","Hidden factors and hidden topics: understanding rating dimensions with review text","verified",""
"pre.zip/wang19b.pdf","29","30","Direct shape regression networks for end-to-end face alignment","verified",""
"pre.zip/wang19b.pdf","30","31","Distributed representations of words and phrases and their compositionality","verified",""
"pre.zip/wang19b.pdf","31","32","A two-stream mutual attention network for semi-supervised biomedical segmentation with noisy labels","verified",""
"pre.zip/wang19b.pdf","32","33","A sentimental education: Sentiment analysis using subjectivity summarization based on minimum cuts","verified",""
"pre.zip/wang19b.pdf","33","34","Seeing stars: Exploiting class relationships for sentiment categorization with respect to rating scales","verified",""
"pre.zip/wang19b.pdf","34","35","Thumbs up? sentiment classification using machine learning techniques","verified",""
"pre.zip/wang19b.pdf","35","36","Latent semantic indexing: A probabilistic analysis","verified",""
"pre.zip/wang19b.pdf","36","37","Stochastic gradient riemannian langevin dynamics on the probability simplex","verified",""
"pre.zip/wang19b.pdf","38","39","A hybrid convolutional variational autoencoder for text generation","verified",""
"pre.zip/wang19b.pdf","39","40","Autoencoding variational inference for topic models","verified",""
"pre.zip/wang19b.pdf","40","41","The use of bigrams to enhance text categorization","verified",""
"pre.zip/wang19b.pdf","41","42","Learning sentiment-specific word embedding for twitter sentiment classification","verified",""
"pre.zip/wang19b.pdf","42","43","Multimodal Poisson gamma belief network","verified",""
"pre.zip/wang19b.pdf","43","44","Locality-constrained linear coding for image classification","verified",""
"pre.zip/wang19b.pdf","44","45","Tagspace: Semantic embeddings from hashtags","verified",""
"pre.zip/wang19b.pdf","45","46","Convolutional neural network based triangular crf for joint intent detection and slot filling","verified",""
"pre.zip/wang19b.pdf","46","47","WHAI: Weibull hybrid autoencoding inference for deep topic modeling","verified",""
"pre.zip/wang19b.pdf","47","48","A sensitivity analysis of (and practitioners’ guide to) convolutional neural networks for sentence classification","verified",""
"pre.zip/wang19b.pdf","48","49","Generating text via adversarial training","verified",""
"pre.zip/wang19b.pdf","49","50","Deconvolutional paragraph representation learning","verified",""
"pre.zip/wang19b.pdf","50","51","Infinite edge partition models for overlapping community detection and link prediction","verified",""
"pre.zip/wang19b.pdf","51","52","Negative binomial process count and mixture modeling","verified",""
"pre.zip/wang19b.pdf","52","53","Beta-negative binomial process and Poisson factor analysis","verified",""
"pre.zip/wang19b.pdf","53","54","Gibbs max-margin topic models with data augmentation","verified",""
"pre.zip/wang19m.pdf","14","15","Local privacy and statistical minimax rates","mismatch","real"
"pre.zip/wang19m.pdf","0","1","Greedy sparsity-constrained optimization","verified",""
"pre.zip/wang19m.pdf","1","2","Differentially private significance tests for regression coefficients","verified",""
"pre.zip/wang19m.pdf","2","3","Private empirical risk minimization: Efficient algorithms and tight error bounds","verified",""
"pre.zip/wang19m.pdf","3","4","Templates for convex cone problems with applications to sparse signal recovery","verified",""
"pre.zip/wang19m.pdf","4","5","Private learning and sanitization: Pure vs. approximate differential privacy","verified",""
"pre.zip/wang19m.pdf","5","6","Iterative hard thresholding for compressed sensing","verified",""
"pre.zip/wang19m.pdf","6","7","Statistics for high-dimensional data: methods, theory and applications","verified",""
"pre.zip/wang19m.pdf","7","8","Concentrated differential privacy: Simplifications, extensions, and lower bounds","verified",""
"pre.zip/wang19m.pdf","8","9","Heavy hitters and the structure of local privacy","verified",""
"pre.zip/wang19m.pdf","9","10","Fingerprinting codes and the price of approximate differential privacy","verified",""
"pre.zip/wang19m.pdf","10","11","The cost of privacy: Optimal rates of convergence for parameter estimation with differential privacy","verified",""
"pre.zip/wang19m.pdf","11","12","Sample complexity bounds for differentially private learning","verified",""
"pre.zip/wang19m.pdf","12","13","Differentially private regression diagnostics","verified",""
"pre.zip/wang19m.pdf","13","14","The right complexity measure in locally private estimation: It is not the fisher information","verified",""
"pre.zip/wang19m.pdf","15","16","Minimax optimal procedures for locally private estimation","verified",""
"pre.zip/wang19m.pdf","16","17","Calibrating noise to sensitivity in private data analysis","verified",""
"pre.zip/wang19m.pdf","17","18","Minimax-optimal privacy-preserving sparse pca in distributed systems","verified",""
"pre.zip/wang19m.pdf","18","19","On iterative hard thresh-olding methods for high-dimensional m-estimation","verified",""
"pre.zip/wang19m.pdf","19","20","The role of interactivity in local differential privacy","verified",""
"pre.zip/wang19m.pdf","20","21","Private convex empirical risk minimization and high-dimensional regression","verified",""
"pre.zip/wang19m.pdf","21","22","Statistical methods for the social and behavioral sciences","verified",""
"pre.zip/wang19m.pdf","22","23","Renyi differential privacy","verified",""
"pre.zip/wang19m.pdf","23","24","Differential privacy at scale: Uber and berkeley collaboration","verified",""
"pre.zip/wang19m.pdf","24","25","A unified framework for high-dimensional analysis of 푚-estimators with decomposable regularizers","verified",""
"pre.zip/wang19m.pdf","25","26","Minimax rates of estimation for high-dimensional linear regression over 퓁푞-balls","verified",""
"pre.zip/wang19m.pdf","26","27","Compressive sensing and structured random matrices","verified",""
"pre.zip/wang19m.pdf","27","28","Differentially private ordinary least squares","verified",""
"pre.zip/wang19m.pdf","28","29","Is interaction necessary for distributed private learning?","verified",""
"pre.zip/wang19m.pdf","29","30","Private empirical risk minimization beyond the worst case: The effect of the constraint set geometry","verified",""
"pre.zip/wang19m.pdf","30","31","Nearly optimal private lasso","verified",""
"pre.zip/wang19m.pdf","31","32","Privacy loss in apple’s implementation of differential privacy on macos 10","verified",""
"pre.zip/wang19m.pdf","32","33","Differentially private feature selection via stability arguments, and the robustness of the lasso","verified",""
"pre.zip/wang19m.pdf","33","34","Differentially private empirical risk minimization with smooth non-convex loss functions: A non-stationary view","verified",""
"pre.zip/wang19m.pdf","34","35","Differentially private empirical risk minimization revisited: Faster and more general","verified",""
"pre.zip/wang19m.pdf","35","36","Empirical risk minimization in non-interactive local differential privacy revisited","verified",""
"pre.zip/wang19m.pdf","36","37","Noninteractive locally private learning of linear models via polynomial approximations","verified",""
"pre.zip/wang19m.pdf","37","38","Revisiting differentially private linear regression: optimal and adaptive prediction & estimation in unbounded domain","verified",""
"pre.zip/wang19m.pdf","38","39","Sparse nonlinear regression: Parameter estimation under noncon-vexity","verified",""
"pre.zip/wang19m.pdf","39","40","Nonlinear structured signal estimation in high dimensions via iterative hard thresholding","verified",""
"pre.zip/wang19m.pdf","40","41","Collect at once, use effectively: Making non-interactive locally private learning possible","verified",""
"pre.zip/xie19c.pdf","0","1","A fast iterative shrinkage-thresholding algorithm for linear inverse problems","verified",""
"pre.zip/xie19c.pdf","1","2","Iterative thresholding for sparse approximations","verified",""
"pre.zip/xie19c.pdf","2","3","The proximal alternating direction method of multipliers in the nonconvex setting: convergence analysis and rates","verified",""
"pre.zip/xie19c.pdf","3","4","Theoretical linear convergence of unfolded ISTA and its practical weights and thresholds","verified",""
"pre.zip/xie19c.pdf","4","5","Trainable nonlinear reaction diffusion: A flexible framework for fast and effective image restoration","verified",""
"pre.zip/xie19c.pdf","5","6","Unrolled optimization with deep priors","verified",""
"pre.zip/xie19c.pdf","6","7","Learning fast approximations of sparse coding","verified",""
"pre.zip/xie19c.pdf","7","8","Local linear convergence of the alternating direction method of multipliers for quadratic programs","verified",""
"pre.zip/xie19c.pdf","8","9","Linear rate convergence of the alternating direction method of multipliers for convex composite quadratic and semi-definite programming","verified",""
"pre.zip/xie19c.pdf","9","10","On non-ergodic convergence rate of Douglas–Rachford alternating direction method of multipliers","verified",""
"pre.zip/xie19c.pdf","10","11","Deep residual learning for image recognition","verified",""
"pre.zip/xie19c.pdf","11","12","Densely connected convolutional networks","verified",""
"pre.zip/xie19c.pdf","12","13","Adam: A method for stochastic optimization","verified",""
"pre.zip/xie19c.pdf","13","14","Optimization algorithm inspired deep neural network structure design","verified",""
"pre.zip/xie19c.pdf","14","15","Lifted proximal operator machines","verified",""
"pre.zip/xie19c.pdf","15","16","Linearized alternating direction method with adaptive penalty for low-rank representation","verified",""
"pre.zip/xie19c.pdf","16","17","Low-rank matrix completion in the presence of high coherence","verified",""
"pre.zip/xie19c.pdf","17","18","Robust recovery of subspace structures by low-rank representation","verified",""
"pre.zip/xie19c.pdf","18","19","Blind image deblurring using spectral properties of convolution operators","verified",""
"pre.zip/xie19c.pdf","19","20","Blessing of dimensionality: Recovering mixture data via dictionary pursuit","verified",""
"pre.zip/xie19c.pdf","20","21","ALISTA: Analytic weights are as good as learned weights in LISTA","verified",""
"pre.zip/xie19c.pdf","21","22","Learning to diffuse: A new perspective to design pdes for visual analysis","verified",""
"pre.zip/xie19c.pdf","22","23","K-meansNet: When k-means meets differentiable programming","verified",""
"pre.zip/xie19c.pdf","23","24","Learning efficient sparse and low rank models","verified",""
"pre.zip/xie19c.pdf","24","25","Deep image prior","verified",""
"pre.zip/xie19c.pdf","25","26","D3: Deep dual-domain based fast restoration of jpeg-compressed images","verified",""
"pre.zip/xie19c.pdf","26","27","A fast patch-dictionary method for whole image recovery","verified",""
"pre.zip/xie19c.pdf","27","28","Linear convergence of the alternating direction method of multipliers for a class of convex optimization problems","verified",""
"pre.zip/xie19c.pdf","28","29","Deep ADMM-Net for compressive sensing MRI","verified",""
"pre.zip/xie19c.pdf","29","30","Scalable sparse subspace clustering by orthogonal matching pursuit","verified",""
"pre.zip/xie19c.pdf","30","31","Adadelta: an adaptive learning rate method","verified",""
"pre.zip/xie19c.pdf","31","32","Exact recoverability of robust PCA via outlier pursuit with tight recovery bounds","verified",""
"pre.zip/xie19c.pdf","32","33","Learning deep cnn denoiser prior for image restoration","verified",""
"pre.zip/xie19c.pdf","33","34","Bregmanized nonlocal regularization for deconvolution and sparse reconstruction","verified",""
"pre.zip/xie19c.pdf","34","35","A primal-dual analysis of global optimality in nonconvex low-rank matrix recovery","verified",""
"pre.zip/xie19c.pdf","35","36","SC2Net: Sparse LSTMs for sparse coding","verified",""
"pre.zip/yu19b.pdf","17","18","when to update: from” how to update”","not_found","real"
"pre.zip/yu19b.pdf","0","1","High-frequency covariance estimates with noisy and asynchronous financial data","verified",""
"pre.zip/yu19b.pdf","1","2","A closer look at memorization in deep networks","verified",""
"pre.zip/yu19b.pdf","2","3","Evolving culture versus local minima","verified",""
"pre.zip/yu19b.pdf","3","4","Combining labeled and unlabeled data with co-training","verified",""
"pre.zip/yu19b.pdf","4","5","Semi-supervised learning","verified",""
"pre.zip/yu19b.pdf","5","6","Training a neural network based on unreliable human annotation of medical images","verified",""
"pre.zip/yu19b.pdf","6","7","Training deep neural-networks using a noise adaptation layer","verified",""
"pre.zip/yu19b.pdf","8","9","Identity mappings in deep residual networks","verified",""
"pre.zip/yu19b.pdf","9","10","Using trusted data to train deep networks on labels corrupted by severe noise","verified",""
"pre.zip/yu19b.pdf","10","11","Mentornet: Learning data-driven curriculum for very deep neural networks on corrupted labels","verified",""
"pre.zip/yu19b.pdf","11","12","Positive-unlabeled learning with non-negative risk estimator","verified",""
"pre.zip/yu19b.pdf","12","13","Robust inference via generative classifiers for handling noisy labels","verified",""
"pre.zip/yu19b.pdf","13","14","Learning from noisy labels with distillation","verified",""
"pre.zip/yu19b.pdf","14","15","Classification with noisy labels by importance reweighting","verified",""
"pre.zip/yu19b.pdf","15","16","Noise resistant graph ranking for improved web image search","verified",""
"pre.zip/yu19b.pdf","16","17","Dimensionality-driven learning with noisy labels","verified",""
"pre.zip/yu19b.pdf","18","19","On the design of loss functions for classification: theory, robustness to outliers, and savageboost","verified",""
"pre.zip/yu19b.pdf","19","20","Learning from corrupted binary labels via class-probability estimation","verified",""
"pre.zip/yu19b.pdf","20","21","Virtual adversarial training for semi-supervised text classification","verified",""
"pre.zip/yu19b.pdf","21","22","Learning with noisy labels","verified",""
"pre.zip/yu19b.pdf","22","23","Making deep neural networks robust to label noise: A loss correction approach","verified",""
"pre.zip/yu19b.pdf","23","24","Glove: Global vectors for word representation","verified",""
"pre.zip/yu19b.pdf","24","25","Learning from crowds","verified",""
"pre.zip/yu19b.pdf","25","26","Learning to reweight examples for robust deep learning","verified",""
"pre.zip/yu19b.pdf","26","27","Deep learning from crowds","verified",""
"pre.zip/yu19b.pdf","27","28","Class proportion estimation with application to multiclass anomaly rejection","verified",""
"pre.zip/yu19b.pdf","28","29","Joint optimization framework for learning with noisy labels","verified",""
"pre.zip/yu19b.pdf","29","30","Learning from noisy large-scale datasets with minimal supervision","verified",""
"pre.zip/yu19b.pdf","30","31","Theoretical foundation of co-training and disagreement-based algorithms","verified",""
"pre.zip/yu19b.pdf","31","32","Iterative learning with open-set noisy labels","verified",""
"pre.zip/yu19b.pdf","32","33","The multidimensional wisdom of crowds","verified",""
"pre.zip/yu19b.pdf","33","34","Learning from multiple annotators with varying expertise","verified",""
"pre.zip/yu19b.pdf","34","35","An efficient and provable approach for mixture proportion estimation using linear independence assumption","verified",""
"pre.zip/yu19b.pdf","35","36","Understanding deep learning requires rethinking generalization","verified",""
"pre.zip/yu19b.pdf","36","37","Generalized cross entropy loss for training deep neural networks with noisy labels","verified",""
"pre.zip/zeng19a.pdf","25","26","Une propriété topologique des sous-ensembles analytiques réels","not_found","real"
"pre.zip/zeng19a.pdf","40","41","Lecture 6.5-RMSProp: Divide the gradient by running average of its recent magnitude","not_found","real"
"pre.zip/zeng19a.pdf","0","1","Lifted neural networks","verified",""
"pre.zip/zeng19a.pdf","1","2","On the convergence of the proximal algorithm for nonsmooth functions involving analytic features","verified",""
"pre.zip/zeng19a.pdf","2","3","Proximal alternating minimization and projection methods for nonconvex problems: an approach based on the Kurdyka-Łojasiewicz inequality","verified",""
"pre.zip/zeng19a.pdf","3","4","Convergence of descent methods for semi-algebraic and tame problems: proximal algorithms, forward-backward splitting, and regularized Gauss-Seidel methods","verified",""
"pre.zip/zeng19a.pdf","5","6","Proximal alternating linearized minimization for nonconvex and nonsmooth problems","verified",""
"pre.zip/zeng19a.pdf","6","7","Distributed optimization and statistical learning via the alternating direction method of multipliers","verified",""
"pre.zip/zeng19a.pdf","7","8","Distributed optimization of deeply nested systems","verified",""
"pre.zip/zeng19a.pdf","8","9","Stochastic subgradient method converges on tame functions","verified",""
"pre.zip/zeng19a.pdf","9","10","Fast and robust neural network joint models for statistical machine translation","verified",""
"pre.zip/zeng19a.pdf","10","11","Adaptive subgradient methods for online learning and stochastic optimization","verified",""
"pre.zip/zeng19a.pdf","11","12","Neocognitron: a self-organizing neural network model for a mechanism of pattern recognition unaffected by shift in position","verified",""
"pre.zip/zeng19a.pdf","13","14","Fenchel lifted networks: a Lagrange relaxation of neural network training","verified",""
"pre.zip/zeng19a.pdf","14","15","Deep residual learning for image recognition","verified",""
"pre.zip/zeng19a.pdf","15","16","Deep neural networks for acoustic modeling in speech recognition: The shared views of four research groups","verified",""
"pre.zip/zeng19a.pdf","16","17","A sparse-response deep belief network based on rate distortion theory","verified",""
"pre.zip/zeng19a.pdf","17","18","Adam: A method for stochastic optimization","verified",""
"pre.zip/zeng19a.pdf","18","19","A primer of real analytic functions","verified",""
"pre.zip/zeng19a.pdf","19","20","ImageNet classification with deep convolutional neural networks","verified",""
"pre.zip/zeng19a.pdf","20","21","A proximal block coordinate descent algorithm for deep neural network training","verified",""
"pre.zip/zeng19a.pdf","21","22","On optimization methods for deep learning","verified",""
"pre.zip/zeng19a.pdf","22","23","Gradient-based learning applied to document recognition","verified",""
"pre.zip/zeng19a.pdf","24","25","Theory II: Landscape of the empirical risk in deep learning","verified",""
"pre.zip/zeng19a.pdf","27","28","Sur la geometrie semi-et sous-analytique","verified",""
"pre.zip/zeng19a.pdf","28","29","A distributed block coordinate descent method for training ℓ1 regularized linear classifiers","verified",""
"pre.zip/zeng19a.pdf","29","30","Variational analysis and generalized differentiation I: Basic Theory","verified",""
"pre.zip/zeng19a.pdf","30","31","Lectures on convex optimization","verified",""
"pre.zip/zeng19a.pdf","31","32","On the convergence of Adam and beyond","verified",""
"pre.zip/zeng19a.pdf","32","33","A stochastic approximation method","verified",""
"pre.zip/zeng19a.pdf","34","35","Principles of neurodynamics: perceptrons and the theory of brain mechanisms","verified",""
"pre.zip/zeng19a.pdf","35","36","Learning representations by back-propagating errors","verified",""
"pre.zip/zeng19a.pdf","36","37","Deep convolutional neural networks for LVCSR","verified",""
"pre.zip/zeng19a.pdf","38","39","Mastering the game of Go with deep neural networks and tree search","verified",""
"pre.zip/zeng19a.pdf","39","40","Training neural networks without gradients: A scalable ADMM approach","verified",""
"pre.zip/zeng19a.pdf","41","42","Global convergence of admm in nonconvex nonsmooth optimization","verified",""
"pre.zip/zeng19a.pdf","42","43","A block coordinate descent method for regularized multiconvex optimization with applications to nonnegative tensor factorization and completion","verified",""
"pre.zip/zeng19a.pdf","43","44","A globally convergent algorithm for non-convex optimization based on block coordinate update","verified",""
"pre.zip/zeng19a.pdf","44","45","Convergent block coordinate descent for training Tikhonov regularized deep neural networks","verified",""
"pre.zip/zeng19a.pdf","45","46","Efficient training of very deep neural networks for supervised hashing","verified",""
"pre.zip/zeng19a.pdf","46","47","Regularization and variable selection via the elastic net","verified",""
"pre.zip/zhao19a.pdf","0","1","Unsupervised domain adaptation with a relaxed covariate shift assumption","verified",""
"pre.zip/zhao19a.pdf","1","2","Domain-adversarial neural networks","verified",""
"pre.zip/zhao19a.pdf","2","3","Regularized learning for domain adaptation under label shifts","verified",""
"pre.zip/zhao19a.pdf","3","4","Non-linear domain adaptation with boosting","verified",""
"pre.zip/zhao19a.pdf","4","5","Analysis of representations for domain adaptation","verified",""
"pre.zip/zhao19a.pdf","5","6","A theory of learning from different domains","verified",""
"pre.zip/zhao19a.pdf","6","7","Learning bounds for domain adaptation","verified",""
"pre.zip/zhao19a.pdf","8","9","Domain adaptation and sample bias correction theory and algorithm for regression","verified",""
"pre.zip/zhao19a.pdf","9","10","Sample selection bias correction theory","verified",""
"pre.zip/zhao19a.pdf","10","11","A new metric for probability distributions","verified",""
"pre.zip/zhao19a.pdf","11","12","Domain adaptation for relation extraction with domain adversarial neural network","verified",""
"pre.zip/zhao19a.pdf","13","14","Domain adaptation for large-scale sentiment classification: A deep learning approach","verified",""
"pre.zip/zhao19a.pdf","14","15","Domain adaptation with conditional transferable components","verified",""
"pre.zip/zhao19a.pdf","15","16","Fcns in the wild: Pixel-level adversarial and constraint-based adaptation","verified",""
"pre.zip/zhao19a.pdf","16","17","Cycada: Cycle-consistent adversarial domain adaptation","verified",""
"pre.zip/zhao19a.pdf","17","18","Augmented cyclic adversarial learning for domain adaptation","verified",""
"pre.zip/zhao19a.pdf","18","19","Support and invertibility in domain-invariant representations","verified",""
"pre.zip/zhao19a.pdf","19","20","Minimax statistical learning with wasserstein distances","verified",""
"pre.zip/zhao19a.pdf","20","21","Divergence measures based on the Shannon entropy","verified",""
"pre.zip/zhao19a.pdf","21","22","Detecting and correcting for label shift with black box predictors","verified",""
"pre.zip/zhao19a.pdf","22","23","Transfer joint matching for unsupervised domain adaptation","verified",""
"pre.zip/zhao19a.pdf","23","24","Learning transferable features with deep adaptation networks","verified",""
"pre.zip/zhao19a.pdf","24","25","Unsupervised domain adaptation with residual transfer networks","verified",""
"pre.zip/zhao19a.pdf","26","27","Domain adaptation: Learning bounds and algorithms","verified",""
"pre.zip/zhao19a.pdf","27","28","Multiple source adaptation and the rényi divergence","verified",""
"pre.zip/zhao19a.pdf","29","30","Wasserstein distance guided representation learning for domain adaptation","verified",""
"pre.zip/zhao19a.pdf","30","31","Learning from simulated and unsupervised images through adversarial training","verified",""
"pre.zip/zhao19a.pdf","31","32","Adversarial discriminative domain adaptation","verified",""
"pre.zip/zhao19a.pdf","32","33","Domain adaptation under target and conditional shift","verified",""
"pre.zip/zhao19a.pdf","33","34","Aspect-augmented adversarial networks for domain adaptation","verified",""
"pre.zip/zhao19a.pdf","34","35","Multiple source domain adaptation with adversarial learning","verified",""
"pre.zip/zhao19a.pdf","35","36","Deep generative and discriminative domain adaptation","verified",""
"pre.zip/zhou19a.pdf","0","1","Fast global convergence of gradient methods for high-dimensional statistical recovery","verified",""
"pre.zip/zhou19a.pdf","1","2","Connected subgraph detection with mirror descent on sdps","verified",""
"pre.zip/zhou19a.pdf","2","3","Detection of an anomalous cluster in a network","verified",""
"pre.zip/zhou19a.pdf","3","4","Non-strongly-convex smooth stochastic approximation with convergence rate o (1/n)","verified",""
"pre.zip/zhou19a.pdf","4","5","Greedy sparsity-constrained optimization","verified",""
"pre.zip/zhou19a.pdf","5","6","Model-based compressive sensing","verified",""
"pre.zip/zhou19a.pdf","6","7","Iterative hard thresholding for compressed sensing","verified",""
"pre.zip/zhou19a.pdf","7","8","Normalized iterative hard thresholding: Guaranteed stability and performance","verified",""
"pre.zip/zhou19a.pdf","8","9","The tradeoffs of large scale learning","verified",""
"pre.zip/zhou19a.pdf","9","10","Decoding by linear programming","verified",""
"pre.zip/zhou19a.pdf","10","11","Stability and generalization of learning algorithms that converge to global optima","verified",""
"pre.zip/zhou19a.pdf","11","12","Atomic decomposition by basis pursuit","verified",""
"pre.zip/zhou19a.pdf","12","13","Network-based classification of breast cancer metastasis","verified",""
"pre.zip/zhou19a.pdf","13","14","Saga: A fast incremental gradient method with support for non-strongly convex composite objectives","verified",""
"pre.zip/zhou19a.pdf","14","15","Adaptive subgradient methods for online learning and stochastic optimization","verified",""
"pre.zip/zhou19a.pdf","15","16","Restricted strong convexity implies weak sub-modularity","verified",""
"pre.zip/zhou19a.pdf","16","17","Train faster, generalize better: Stability of stochastic gradient descent","verified",""
"pre.zip/zhou19a.pdf","17","18","A fast approximation algorithm for tree-sparse recovery","verified",""
"pre.zip/zhou19a.pdf","18","19","A nearly-linear time framework for graph-structured sparsity","verified",""
"pre.zip/zhou19a.pdf","19","20","Fast recovery from a union of subspaces","verified",""
"pre.zip/zhou19a.pdf","20","21","On iterative hard thresh-olding methods for high-dimensional m-estimation","verified",""
"pre.zip/zhou19a.pdf","21","22","Structured variable selection with sparsity-inducing norms","verified",""
"pre.zip/zhou19a.pdf","22","23","How to escape saddle points efficiently","verified",""
"pre.zip/zhou19a.pdf","23","24","Accelerating stochastic gradient descent using predictive variance reduction","verified",""
"pre.zip/zhou19a.pdf","24","25","Adam: A method for stochastic optimization","verified",""
"pre.zip/zhou19a.pdf","25","26","On the convergence of stochastic gradient descent with adaptive stepsizes","verified",""
"pre.zip/zhou19a.pdf","26","27","Dual iterative hard thresholding: From non-convex sparse minimization to non-smooth concave maximization","verified",""
"pre.zip/zhou19a.pdf","27","28","Random walks on graphs: A survey","verified",""
"pre.zip/zhou19a.pdf","28","29","A family of penalty functions for structured sparsity","verified",""
"pre.zip/zhou19a.pdf","29","30","Sample efficient stochastic gradient iterative hard thresholding method for stochastic sparse linear regression with limited attribute observation","verified",""
"pre.zip/zhou19a.pdf","30","31","Cosamp: Iterative signal recovery from incomplete and inaccurate samples","verified",""
"pre.zip/zhou19a.pdf","31","32","Linear convergence of stochastic iterative greedy algorithms with sparse constraints","verified",""
"pre.zip/zhou19a.pdf","32","33","A unified perspective on convex structured sparsity: Hierarchical, symmetric, submodular norms and beyond","verified",""
"pre.zip/zhou19a.pdf","34","35","Making gradient descent optimal for strongly convex stochastic optimization","verified",""
"pre.zip/zhou19a.pdf","35","36","Convergence of stochastic proximal gradient algorithm","verified",""
"pre.zip/zhou19a.pdf","36","37","Event detection in activity networks","verified",""
"pre.zip/zhou19a.pdf","37","38","Stochastic gradient descent for non-smooth optimization: Convergence results and optimal averaging schemes","verified",""
"pre.zip/zhou19a.pdf","38","39","A tight bound of hard thresholding","verified",""
"pre.zip/zhou19a.pdf","39","40","Regression shrinkage and selection via the lasso","verified",""
"pre.zip/zhou19a.pdf","40","41","Simultaneous variable selection","verified",""
"pre.zip/zhou19a.pdf","41","42","Paraconvex functions and paraconvex sets","verified",""
"pre.zip/zhou19a.pdf","42","43","Rsg: Beating subgradient method without smoothness and strong convexity","verified",""
"pre.zip/zhou19a.pdf","43","44","Online regularized classification algorithms","verified",""
"pre.zip/zhou19a.pdf","44","45","A survey on social media anomaly detection","verified",""
"pre.zip/zhou19a.pdf","45","46","Model selection and estimation in regression with grouped variables","verified",""
"pre.zip/zhou19a.pdf","46","47","Gradient hard thresholding pursuit","verified",""
"pre.zip/zhou19a.pdf","47","48","Efficient stochastic gradient hard thresholding","verified",""
"pre.zip/zhou19b.pdf","12","13","A variance reduction method for non-convex optimization with improved convergence under large condition number","mismatch","real"
"pre.zip/zhou19b.pdf","0","1","A lower bound for the optimization of finite sums","verified",""
"pre.zip/zhou19b.pdf","1","2","Lower bounds for higher-order convex optimization","verified",""
"pre.zip/zhou19b.pdf","2","3","Finding approximate local minima faster than gradient descent","verified",""
"pre.zip/zhou19b.pdf","3","4","Katyusha: The first direct acceleration of stochastic gradient methods","verified",""
"pre.zip/zhou19b.pdf","4","5","Natasha: Faster non-convex stochastic optimization via strongly non-convex parameter","verified",""
"pre.zip/zhou19b.pdf","5","6","Katyusha x: Practical momentum method for stochastic sum-of-nonconvex optimization","verified",""
"pre.zip/zhou19b.pdf","6","7","Lazysvd: Even faster svd decomposition yet without agonizing pain","verified",""
"pre.zip/zhou19b.pdf","7","8","Dimension-free iteration complexity of finite sum optimization problems","verified",""
"pre.zip/zhou19b.pdf","8","9","Stochastic optimization with variance reduction for infinite datasets with finite sum structure","verified",""
"pre.zip/zhou19b.pdf","9","10","Lower bounds for finding stationary points i","verified",""
"pre.zip/zhou19b.pdf","10","11","Lower bounds for finding stationary points ii: First-order methods","verified",""
"pre.zip/zhou19b.pdf","11","12","Accelerated methods for nonconvex optimization","verified",""
"pre.zip/zhou19b.pdf","13","14","Saga: A fast incremental gradient method with support for non-strongly convex composite objectives","verified",""
"pre.zip/zhou19b.pdf","14","15","Spider: Near-optimal non-convex optimization via stochastic path-integrated differential estimator","verified",""
"pre.zip/zhou19b.pdf","15","16","Faster eigenvector computation via shift-and-invert preconditioning","verified",""
"pre.zip/zhou19b.pdf","16","17","Accelerating stochastic gradient descent using predictive variance reduction","verified",""
"pre.zip/zhou19b.pdf","17","18","Accelerated stochastic algorithms for nonconvex finite-sum and multi-block optimization","verified",""
"pre.zip/zhou19b.pdf","18","19","Incremental majorization-minimization optimization with application to large-scale machine learning","verified",""
"pre.zip/zhou19b.pdf","19","20","Some np-complete problems in quadratic and nonlinear programming","verified",""
"pre.zip/zhou19b.pdf","20","21","Introductory lectures on convex optimization: A basic course","verified",""
"pre.zip/zhou19b.pdf","21","22","A stochastic gradient method with an exponential convergence rate for finite training sets","verified",""
"pre.zip/zhou19b.pdf","22","23","Sdca without duality","verified",""
"pre.zip/zhou19b.pdf","23","24","Sdca without duality, regularization, and individual convexity","verified",""
"pre.zip/zhou19b.pdf","24","25","Tight complexity bounds for optimizing composite objectives","verified",""
"pre.zip/zhou19b.pdf","25","26","A proximal stochastic gradient method with progressive variance reduction","verified",""
"pre.zip/zhou19b.pdf","26","27","Probabilistic computations: Toward a unified measure of complexity","verified",""
"pre.zip/zhou19b.pdf","27","28","Stochastic nested variance reduced gradient descent for nonconvex optimization","verified",""
"pre.zip/blondel20a.pdf","24","25","Deep Learning est mort","not_found","real"
"pre.zip/blondel20a.pdf","39","40","The ordered weighted ℓ1 norm: Atomic formulation and conditional gradient algorithm","not_found","real"
"pre.zip/blondel20a.pdf","0","1","Tensorflow: A system for large-scale machine learning","verified",""
"pre.zip/blondel20a.pdf","1","2","Ranking via sinkhorn propagation","verified",""
"pre.zip/blondel20a.pdf","2","3","Bandit online optimization over the permutahedron","verified",""
"pre.zip/blondel20a.pdf","3","4","Learning with submodular functions: A convex optimization perspective","verified",""
"pre.zip/blondel20a.pdf","4","5","Minimizing separable convex functions subject to simple chain constraints","verified",""
"pre.zip/blondel20a.pdf","5","6","Structured prediction with projection oracles","verified",""
"pre.zip/blondel20a.pdf","6","7","Learning classifiers with Fenchel-Young losses: Generalized entropies, margins, and algorithms","verified",""
"pre.zip/blondel20a.pdf","7","8","Learning with Fenchel-Young losses","verified",""
"pre.zip/blondel20a.pdf","9","10","Gradient descent optimization of smoothed information retrieval metrics","verified",""
"pre.zip/blondel20a.pdf","10","11","Decision tree and instance-based learning for label ranking","verified",""
"pre.zip/blondel20a.pdf","11","12","Sinkhorn distances: Lightspeed computation of optimal transport","verified",""
"pre.zip/blondel20a.pdf","12","13","Differentiable ranking and sorting using optimal transport","verified",""
"pre.zip/blondel20a.pdf","13","14","The generalized simplex method for minimizing a linear form under linear inequality restraints","verified",""
"pre.zip/blondel20a.pdf","15","16","Differentiable learning of submodular models","verified",""
"pre.zip/blondel20a.pdf","16","17","Submodular functions, matroids, and certain polyhedra","verified",""
"pre.zip/blondel20a.pdf","18","19","Stochastic optimization of sorting networks via continuous relaxations","verified",""
"pre.zip/blondel20a.pdf","19","20","Robust estimation of a location parameter","verified",""
"pre.zip/blondel20a.pdf","20","21","Label ranking by learning pairwise preferences","verified",""
"pre.zip/blondel20a.pdf","21","22","Adam: A method for stochastic optimization","verified",""
"pre.zip/blondel20a.pdf","22","23","A structured prediction approach for label ranking","verified",""
"pre.zip/blondel20a.pdf","23","24","Loss functions for top-k error: Analysis and insights","verified",""
"pre.zip/blondel20a.pdf","25","26","Efficient bregman projections onto the permutahedron and related polytopes","verified",""
"pre.zip/blondel20a.pdf","26","27","On the limited memory BFGS method for large scale optimization","verified",""
"pre.zip/blondel20a.pdf","27","28","From softmax to sparse-max: A sparse model of attention and multi-label classification","verified",""
"pre.zip/blondel20a.pdf","28","29","Orbit regularization","verified",""
"pre.zip/blondel20a.pdf","29","30","Scikitlearn: Machine learning in Python","verified",""
"pre.zip/blondel20a.pdf","31","32","A general approximation framework for direct optimization of information retrieval measures","verified",""
"pre.zip/blondel20a.pdf","32","33","Least median of squares regression","verified",""
"pre.zip/blondel20a.pdf","33","34","Robust regression and outlier detection","verified",""
"pre.zip/blondel20a.pdf","34","35","Concerning nonnegative matrices and doubly stochastic matrices","verified",""
"pre.zip/blondel20a.pdf","35","36","The proof and measurement of association between two things","verified",""
"pre.zip/blondel20a.pdf","36","37","Online prediction under submodular constraints","verified",""
"pre.zip/blondel20a.pdf","37","38","Softrank: optimizing non-smooth rank metrics","verified",""
"pre.zip/blondel20a.pdf","38","39","Online linear optimization over permutations","verified",""
"pre.zip/bojchevski20a.pdf","0","1","Obfuscated gradients give a false sense of security: Circumventing defenses to adversarial examples","verified",""
"pre.zip/bojchevski20a.pdf","1","2","Adversarial attacks on node embeddings via graph poisoning","verified",""
"pre.zip/bojchevski20a.pdf","2","3","Adversarial examples are not easily detected: Bypassing ten detection methods","verified",""
"pre.zip/bojchevski20a.pdf","3","4","Unlabeled data improves adversarial robustness","verified",""
"pre.zip/bojchevski20a.pdf","4","5","Statistical applications of the poisson-binomial and conditional bernoulli distributions","verified",""
"pre.zip/bojchevski20a.pdf","5","6","The use of confidence or fiducial limits illustrated in the case of the binomial","verified",""
"pre.zip/bojchevski20a.pdf","6","7","Certified adversarial robustness via randomized smoothing","verified",""
"pre.zip/bojchevski20a.pdf","7","8","Adversarial attack on graph structured data","verified",""
"pre.zip/bojchevski20a.pdf","8","9","Convolutional neural networks on graphs with fast localized spectral filtering","verified",""
"pre.zip/bojchevski20a.pdf","9","10","A framework for robustness certification of smoothed classifiers using f-divergences","verified",""
"pre.zip/bojchevski20a.pdf","10","11","All you need is low (rank): Defending against adversarial attacks on graphs","verified",""
"pre.zip/bojchevski20a.pdf","11","12","Closed-form expression for the poisson-binomial probability density function","verified",""
"pre.zip/bojchevski20a.pdf","12","13","Predict then propagate: Graph neural networks meet personalized pagerank","verified",""
"pre.zip/bojchevski20a.pdf","13","14","Directional message passing for molecular graphs","verified",""
"pre.zip/bojchevski20a.pdf","14","15","Neural message passing for quantum chemistry","verified",""
"pre.zip/bojchevski20a.pdf","15","16","Explaining and harnessing adversarial examples","verified",""
"pre.zip/bojchevski20a.pdf","16","17","Formal guarantees on the robustness of a classifier against adversarial manipulation","verified",""
"pre.zip/bojchevski20a.pdf","17","18","Certified robustness of community detection against adversarial structural perturbation via randomized smoothing","verified",""
"pre.zip/bojchevski20a.pdf","18","19","Semi-supervised classification with graph convolutional networks","verified",""
"pre.zip/bojchevski20a.pdf","19","20","Adversarial machine learning at scale","verified",""
"pre.zip/bojchevski20a.pdf","20","21","Certified robustness to adversarial examples with differential privacy","verified",""
"pre.zip/bojchevski20a.pdf","21","22","Tight certificates of adversarial robustness for randomly smoothed classifiers","verified",""
"pre.zip/bojchevski20a.pdf","22","23","Robustness certificates for sparse adversarial attacks by randomized ablation","verified",""
"pre.zip/bojchevski20a.pdf","23","24","Towards deep learning models resistant to adversarial attacks","verified",""
"pre.zip/bojchevski20a.pdf","24","25","Fake news detection on social media using geometric deep learning","verified",""
"pre.zip/bojchevski20a.pdf","25","26","Semidefi-nite relaxations for certifying robustness to adversarial examples","verified",""
"pre.zip/bojchevski20a.pdf","26","27","Hybrid approach of relation network and localized graph convolutional filtering for breast cancer subtype classification","verified",""
"pre.zip/bojchevski20a.pdf","27","28","Provably robust deep learning via adversarially trained smoothed classifiers","verified",""
"pre.zip/bojchevski20a.pdf","28","29","Collective classification in network data","verified",""
"pre.zip/bojchevski20a.pdf","29","30","Hierarchical propagation networks for fake news detection: Investigation and exploitation","verified",""
"pre.zip/bojchevski20a.pdf","30","31","Intriguing properties of neural networks","verified",""
"pre.zip/bojchevski20a.pdf","31","32","Extension of the neyman-pearson theory of tests to discontinuous variates","verified",""
"pre.zip/bojchevski20a.pdf","32","33","Graph attention networks","verified",""
"pre.zip/bojchevski20a.pdf","33","34","Fdgars: Fraudster detection via graph convolutional networks in online app review system","verified",""
"pre.zip/bojchevski20a.pdf","34","35","Provable defenses against adversarial examples via the convex outer adversarial polytope","verified",""
"pre.zip/bojchevski20a.pdf","35","36","Topology attack and defense for graph neural networks: An optimization perspective","verified",""
"pre.zip/bojchevski20a.pdf","36","37","Certifiable robustness of graph convolutional networks under structure perturbations","verified",""
"pre.zip/bojchevski20a.pdf","37","38","Adversarial attacks on neural networks for graph data","verified",""
"pre.zip/chen20d.pdf","2","3","The measurement of values Combinatorial Pure Exploration of Dueling Bandit in surveys: A comparison of ratings and rankings","not_found","real"
"pre.zip/chen20d.pdf","12","13","A reasonable social welfare function","not_found","real"
"pre.zip/chen20d.pdf","18","19","Game Developer Magazine, 25:34","not_found","real"
"pre.zip/chen20d.pdf","0","1","Klucb approach to copeland bandits","verified",""
"pre.zip/chen20d.pdf","1","2","Analysis of thompson sampling for the multi-armed bandit problem","verified",""
"pre.zip/chen20d.pdf","3","4","Finite-time analysis of the multiarmed bandit problem","verified",""
"pre.zip/chen20d.pdf","5","6","On the rationale of group decision-making","verified",""
"pre.zip/chen20d.pdf","6","7","Multiple identifications in multi-armed bandits","verified",""
"pre.zip/chen20d.pdf","7","8","Dueling bandits with weak regret","verified",""
"pre.zip/chen20d.pdf","8","9","On the optimal sample complexity for best arm identification","verified",""
"pre.zip/chen20d.pdf","9","10","Open problem: Best arm identification: Almost instance-wise optimality and the gap entropy conjecture","verified",""
"pre.zip/chen20d.pdf","10","11","Nearly optimal sampling algorithms for combinatorial pure exploration","verified",""
"pre.zip/chen20d.pdf","11","12","Com-binatorial pure exploration of multi-armed bandits","verified",""
"pre.zip/chen20d.pdf","13","14","The original borda count and partial voting","verified",""
"pre.zip/chen20d.pdf","14","15","From Majority Rule to Inclusive Politics","verified",""
"pre.zip/chen20d.pdf","15","16","Action elimination and stopping conditions for the multi-armed bandit and reinforcement learning problems","verified",""
"pre.zip/chen20d.pdf","16","17","Improved learning complexity in combina-torial pure exploration bandits","verified",""
"pre.zip/chen20d.pdf","20","21","A polynomial-time approximation algorithm for the permanent of a matrix with nonnegative entries","verified",""
"pre.zip/chen20d.pdf","21","22","Accurately interpreting clickthrough data as implicit feedback","verified",""
"pre.zip/chen20d.pdf","22","23","Pac subset selection in stochastic multi-armed bandits","verified",""
"pre.zip/chen20d.pdf","23","24","Verification based solution for structured mab problems","verified",""
"pre.zip/chen20d.pdf","24","25","Regret lower bound and optimal algorithm in dueling bandit problem","verified",""
"pre.zip/chen20d.pdf","25","26","Asymptotically efficient adaptive allocation rules","verified",""
"pre.zip/chen20d.pdf","26","27","The borda and condorcet principles: three medieval applications","verified",""
"pre.zip/chen20d.pdf","27","28","How does click-through data reflect retrieval quality?","verified",""
"pre.zip/chen20d.pdf","28","29","Dueling bandits: Beyond condorcet winners to general tournament solutions","verified",""
"pre.zip/chen20d.pdf","29","30","Epsilon-best-arm identification in pay-per-reward multi-armed bandits","verified",""
"pre.zip/chen20d.pdf","30","31","Combinatorial bandits with relative feedback","verified",""
"pre.zip/chen20d.pdf","31","32","Advancements in dueling bandits","verified",""
"pre.zip/chen20d.pdf","32","33","On the likelihood that one unknown probability exceeds another in view of the evidence of two samples","verified",""
"pre.zip/chen20d.pdf","33","34","Double thompson sampling for dueling bandits","verified",""
"pre.zip/chen20d.pdf","34","35","On identifying good options under combinatorially structured feedback in finite noisy environments","verified",""
"pre.zip/chen20d.pdf","35","36","Dueling bandits with qualitative feedback","verified",""
"pre.zip/chen20d.pdf","36","37","The k-armed dueling bandits problem","verified",""
"pre.zip/chen20d.pdf","37","38","Relative upper confidence bound for the k-armed dueling bandit problem","verified",""
"pre.zip/chen20w.pdf","0","1","Obfuscated gradients give a false sense of security: Circumventing defenses to adversarial examples","verified",""
"pre.zip/chen20w.pdf","1","2","Decision-based adversarial attacks: Reliable attacks against black-box machine learning models","verified",""
"pre.zip/chen20w.pdf","2","3","Towards evaluating the robustness of neural networks","verified",""
"pre.zip/chen20w.pdf","3","4","Infogan: Interpretable representation learning by information maximizing generative adversarial nets","verified",""
"pre.zip/chen20w.pdf","4","5","Certified adversarial robustness via randomized smoothing","verified",""
"pre.zip/chen20w.pdf","5","6","An overview of bilevel optimization","verified",""
"pre.zip/chen20w.pdf","6","7","Boosting adversarial attacks with momentum","verified",""
"pre.zip/chen20w.pdf","7","8","Resisting adversarial attacks using gaussian mixture variational autoencoders","verified",""
"pre.zip/chen20w.pdf","8","9","Explaining and harnessing adversarial examples","verified",""
"pre.zip/chen20w.pdf","9","10","On differentiating parameterized argmin and argmax problems with application to bi-level optimization","verified",""
"pre.zip/chen20w.pdf","10","11","A kernel two-sample test","verified",""
"pre.zip/chen20w.pdf","11","12","Low frequency adversarial perturbation","verified",""
"pre.zip/chen20w.pdf","12","13","Black-box adversarial attacks with limited queries and information","verified",""
"pre.zip/chen20w.pdf","13","14","Adversarial machine learning at scale","verified",""
"pre.zip/chen20w.pdf","14","15","Nattack: Learning the distributions of adversarial examples for an improved black-box attack on deep neural networks","verified",""
"pre.zip/chen20w.pdf","15","16","Defense against adversarial attacks using high-level representation guided denoiser","verified",""
"pre.zip/chen20w.pdf","16","17","Invert and defend: Model-based approximate inversion of generative adversarial networks for secure inference","verified",""
"pre.zip/chen20w.pdf","17","18","A unified gradient regularization family for adversarial examples","verified",""
"pre.zip/chen20w.pdf","18","19","Towards deep learning models resistant to adversarial attacks","verified",""
"pre.zip/chen20w.pdf","19","20","Disentangling disentanglement in variational autoencoders","verified",""
"pre.zip/chen20w.pdf","20","21","Unsupervised representation learning with deep convolutional generative adversarial networks","verified",""
"pre.zip/chen20w.pdf","21","22","Improving the adversarial robustness and interpretability of deep neural networks by regularizing their input gradients","verified",""
"pre.zip/chen20w.pdf","22","23","Provably robust deep learning via adversarially trained smoothed classifiers","verified",""
"pre.zip/chen20w.pdf","23","24","Defensegan: Protecting classifiers against adversarial attacks using generative models","verified",""
"pre.zip/chen20w.pdf","24","25","Truncated back-propagation for bilevel optimization","verified",""
"pre.zip/chen20w.pdf","25","26","Intriguing properties of neural networks","verified",""
"pre.zip/chen20w.pdf","27","28","Feature denoising for improving adversarial robustness","verified",""
"pre.zip/chen20w.pdf","28","29","Theoretically principled trade-off between robustness and accuracy","verified",""
"pre.zip/chen20w.pdf","29","30","Sparsegan: Sparsity-constrained generative adversarial network for anomaly detection in retinal oct image","verified",""
"pre.zip/chen20y.pdf","0","1","The price of differential privacy for online learning","verified",""
"pre.zip/chen20y.pdf","1","2","Finite-time analysis of the multiarmed bandit problem","verified",""
"pre.zip/chen20y.pdf","2","3","Local, private, efficient protocols for succinct histograms","verified",""
"pre.zip/chen20y.pdf","3","4","Differential privacy for multi-armed bandits: What is it and what is its cost","verified",""
"pre.zip/chen20y.pdf","4","5","Regret analysis of stochastic and nonstochastic multi-armed bandit problems","verified",""
"pre.zip/chen20y.pdf","5","6","Private and continual release of statistics","verified",""
"pre.zip/chen20y.pdf","6","7","Combinatorial multi-armed bandit: General framework and applications","verified",""
"pre.zip/chen20y.pdf","7","8","Combinatorial multi-armed bandit and its extension to probabilistically triggered arms","verified",""
"pre.zip/chen20y.pdf","9","10","Privacy at scale: Local differential privacy in practice","verified",""
"pre.zip/chen20y.pdf","10","11","Local privacy and minimax bounds: Sharp rates for probability estimation","verified",""
"pre.zip/chen20y.pdf","11","12","Minimax optimal procedures for locally private estimation","verified",""
"pre.zip/chen20y.pdf","12","13","The algorithmic foundations of differential privacy","verified",""
"pre.zip/chen20y.pdf","13","14","Calibrating noise to sensitivity in private data analysis","verified",""
"pre.zip/chen20y.pdf","14","15","On the complexity of differentially private data release: efficient algorithms and hardness results","verified",""
"pre.zip/chen20y.pdf","15","16","Differential privacy under continual observation","verified",""
"pre.zip/chen20y.pdf","16","17","Pac bounds for multi-armed bandit and markov decision processes","verified",""
"pre.zip/chen20y.pdf","17","18","Corrupt bandits for preserving local privacy","verified",""
"pre.zip/chen20y.pdf","18","19","The online shortest path problem under partial monitoring","verified",""
"pre.zip/chen20y.pdf","19","20","(near) dimension independent risk bounds for differentially private learning","verified",""
"pre.zip/chen20y.pdf","20","21","Differentially private online learning","verified",""
"pre.zip/chen20y.pdf","21","22","Finite sample differentially private confidence intervals","verified",""
"pre.zip/chen20y.pdf","22","23","What can we learn privately?","verified",""
"pre.zip/chen20y.pdf","23","24","Private convex empirical risk minimization and high-dimensional regression","verified",""
"pre.zip/chen20y.pdf","24","25","Tight regret bounds for stochastic combinatorial semi-bandits","verified",""
"pre.zip/chen20y.pdf","25","26","Asymptotically efficient adaptive allocation rules","verified",""
"pre.zip/chen20y.pdf","27","28","An information-theoretic approach to minimax regret in partial monitoring","verified",""
"pre.zip/chen20y.pdf","28","29","Tight lower bounds for combinatorial multi-armed bandits","verified",""
"pre.zip/chen20y.pdf","29","30","(nearly) optimal differentially private stochastic multi-arm bandits","verified",""
"pre.zip/chen20y.pdf","30","31","An optimal private stochastic-mab algorithm based on optimal private stopping rule","verified",""
"pre.zip/chen20y.pdf","31","32","Differentially private contextual linear bandits","verified",""
"pre.zip/chen20y.pdf","32","33","Differentially private model selection via stability arguments and the robustness of the lasso","verified",""
"pre.zip/chen20y.pdf","33","34","Nearly optimal private lasso","verified",""
"pre.zip/chen20y.pdf","34","35","(nearly) optimal algorithms for private online learning in full-information and bandit settings","verified",""
"pre.zip/chen20y.pdf","35","36","Algorithms for differentially private multi-armed bandits","verified",""
"pre.zip/chen20y.pdf","36","37","Achieving privacy in the adversarial multi-armed bandit","verified",""
"pre.zip/chen20y.pdf","37","38","Improving regret bounds for com-binatorial semi-bandits with probabilistically triggered arms and its applications","verified",""
"pre.zip/chen20y.pdf","38","39","Thompson sampling for combi-natorial semi-bandits","verified",""
"pre.zip/chen20y.pdf","39","40","Collect at once, use effectively: Making non-interactive locally private learning possible","verified",""
"pre.zip/claici20a.pdf","25","26","Deep parametric shape predictions using Model Fusion with Kullback–Leibler Divergence distance fields","not_found","real"
"pre.zip/claici20a.pdf","23","24","A Bayesian approach to online learning","mismatch","real"
"pre.zip/claici20a.pdf","0","1","A variational Bayesian framework for graphical models","verified",""
"pre.zip/claici20a.pdf","1","2","Clustering on the unit hypersphere using von Mises-Fisher distributions","verified",""
"pre.zip/claici20a.pdf","2","3","On Markov chain Monte Carlo methods for tall data","verified",""
"pre.zip/claici20a.pdf","3","4","Pattern Recognition and Machine Learning","verified",""
"pre.zip/claici20a.pdf","4","5","Variational inference for Dirichlet process mixtures","verified",""
"pre.zip/claici20a.pdf","5","6","Latent Dirichlet Allocation","verified",""
"pre.zip/claici20a.pdf","7","8","Partitioned variational inference: A unified framework encompassing federated and continual learning","verified",""
"pre.zip/claici20a.pdf","8","9","Approximate decentralized Bayesian inference","verified",""
"pre.zip/claici20a.pdf","9","10","Streaming, distributed variational inference for Bayesian nonparametrics","verified",""
"pre.zip/claici20a.pdf","10","11","Convex clustering via optimal mass transport","verified",""
"pre.zip/claici20a.pdf","11","12","A Bayesian analysis of some nonparametric problems","verified",""
"pre.zip/claici20a.pdf","12","13","An HDP-HMM for systems with state persistence","verified",""
"pre.zip/claici20a.pdf","13","14","Joint modeling of multiple time series via the beta process with application to motion capture segmentation","verified",""
"pre.zip/claici20a.pdf","14","15","Structured variational learning of Bayesian neural networks with horseshoe priors","verified",""
"pre.zip/claici20a.pdf","15","16","Model selection in Bayesian neural networks via horseshoe priors","verified",""
"pre.zip/claici20a.pdf","16","17","Distributed bayesian learning with stochastic natural gradient expectation propagation and the posterior server","verified",""
"pre.zip/claici20a.pdf","17","18","The Hungarian method for the assignment problem","verified",""
"pre.zip/claici20a.pdf","18","19","Expectation propagation for approximate Bayesian inference","verified",""
"pre.zip/claici20a.pdf","19","20","Alleviating label switching with optimal transport","verified",""
"pre.zip/claici20a.pdf","20","21","Bayesian Learning for Neural Networks","verified",""
"pre.zip/claici20a.pdf","21","22","Convergence of latent mixing measures in finite and infinite mixture models","verified",""
"pre.zip/claici20a.pdf","22","23","Posterior contraction of the population polytope in finite admixture models","verified",""
"pre.zip/claici20a.pdf","24","25","Objective criteria for the evaluation of clustering methods","verified",""
"pre.zip/claici20a.pdf","26","27","Wasp: Scalable bayes via barycenters of subset posteriors","verified",""
"pre.zip/claici20a.pdf","27","28","Information theoretic measures for clusterings comparison: Variants, properties, normalization and correction for chance","verified",""
"pre.zip/claici20a.pdf","28","29","Bayesian nonparametric federated learning of neural networks","verified",""
"pre.zip/cornish20a.pdf","31","32","and Hinton, G. Learning multiple layers of features from tiny images","not_found","real"
"pre.zip/cornish20a.pdf","32","33","Learning generative samplers using relaxed injective flow","not_found","real"
"pre.zip/cornish20a.pdf","11","12","Transport Monte Carlo","mismatch","real"
"pre.zip/cornish20a.pdf","0","1","An auxiliary variational method","verified",""
"pre.zip/cornish20a.pdf","1","2","Wasserstein generative adversarial networks","verified",""
"pre.zip/cornish20a.pdf","2","3","UCI machine learning repository","verified",""
"pre.zip/cornish20a.pdf","3","4","Efficient optimization of loops and limits with randomized telescoping sums","verified",""
"pre.zip/cornish20a.pdf","4","5","Invertible residual networks","verified",""
"pre.zip/cornish20a.pdf","5","6","On the invertibility of invertible neural networks","verified",""
"pre.zip/cornish20a.pdf","6","7","Importance weighted autoencoders","verified",""
"pre.zip/cornish20a.pdf","7","8","Neural ordinary differential equations","verified",""
"pre.zip/cornish20a.pdf","8","9","Nice: Non-linear independent components estimation","verified",""
"pre.zip/cornish20a.pdf","9","10","Density estimation using real NVP","verified",""
"pre.zip/cornish20a.pdf","10","11","A RAD approach to deep mixture models","verified",""
"pre.zip/cornish20a.pdf","12","13","Real Analysis and Probability","verified",""
"pre.zip/cornish20a.pdf","15","16","Made: Masked autoencoder for distribution estimation","verified",""
"pre.zip/cornish20a.pdf","17","18","Regulari-sation of neural networks by enforcing lipschitz continuity","verified",""
"pre.zip/cornish20a.pdf","18","19","FFJORD: Free-form continuous dynamics for scalable reversible generative models","verified",""
"pre.zip/cornish20a.pdf","19","20","Deep residual learning for image recognition","verified",""
"pre.zip/cornish20a.pdf","20","21","Identity mappings in deep residual networks","verified",""
"pre.zip/cornish20a.pdf","21","22","Flow++: Improving flow-based generative models with variational dequantization and architecture design","verified",""
"pre.zip/cornish20a.pdf","22","23","Neural autoregressive flows","verified",""
"pre.zip/cornish20a.pdf","23","24","A stochastic estimator of the trace of the influence matrix for laplacian smoothing splines","verified",""
"pre.zip/cornish20a.pdf","24","25","Sum-of-squares polynomial flow","verified",""
"pre.zip/cornish20a.pdf","25","26","Use of different Monte Carlo sampling techniques","verified",""
"pre.zip/cornish20a.pdf","26","27","Adam: A method for stochastic optimization","verified",""
"pre.zip/cornish20a.pdf","27","28","Glow: Generative flow with invertible 1x1 convolutions","verified",""
"pre.zip/cornish20a.pdf","28","29","Auto-encoding variational Bayes","verified",""
"pre.zip/cornish20a.pdf","29","30","Semi-supervised learning with deep generative models","verified",""
"pre.zip/cornish20a.pdf","30","31","Improved variational inference with inverse autoregressive flow","verified",""
"pre.zip/cornish20a.pdf","33","34","The MNIST database of handwritten digits","verified",""
"pre.zip/cornish20a.pdf","34","35","On Russian roulette estimates for Bayesian inference with doubly-intractable likelihoods","verified",""
"pre.zip/cornish20a.pdf","35","36","Spectral normalization for generative adversarial networks","verified",""
"pre.zip/cornish20a.pdf","36","37","Masked autoregressive flow for density estimation","verified",""
"pre.zip/cornish20a.pdf","37","38","Variational inference with normalizing flows","verified",""
"pre.zip/cornish20a.pdf","38","39","Stochastic backpropagation and approximate inference in deep generative models","verified",""
"pre.zip/cornish20a.pdf","39","40","Unbiased estimation with square root convergence for SDE models","verified",""
"pre.zip/cornish20a.pdf","40","41","Principles of Mathematical Analysis","verified",""
"pre.zip/cornish20a.pdf","42","43","A Taste of Topology","verified",""
"pre.zip/cornish20a.pdf","43","44","The eigenvalues of mega-dimensional matrices","verified",""
"pre.zip/cornish20a.pdf","45","46","A note on the evaluation of generative models","verified",""
"pre.zip/cornish20a.pdf","46","47","Optimal Transport: Old and New","verified",""
"pre.zip/cornish20a.pdf","47","48","Fashion-MNIST: A novel image dataset for benchmarking machine learning algorithms","verified",""
"pre.zip/croissant20a.pdf","0","1","The non-stationary stochastic multi-armed bandit problem","verified",""
"pre.zip/croissant20a.pdf","1","2","Repeated contextual auctions with strategic buyers","verified",""
"pre.zip/croissant20a.pdf","2","3","Non-asymptotic analysis of stochastic approximation algorithms for machine learning","verified",""
"pre.zip/croissant20a.pdf","3","4","Near-optimal online auctions","verified",""
"pre.zip/croissant20a.pdf","4","5","Online learning in online auctions","verified",""
"pre.zip/croissant20a.pdf","5","6","Online learning and stochastic approximations","verified",""
"pre.zip/croissant20a.pdf","6","7","Online auctions and multi-scale online learning","verified",""
"pre.zip/croissant20a.pdf","7","8","Regret minimization for reserve prices in second-price auctions","verified",""
"pre.zip/croissant20a.pdf","8","9","Feature-based dynamic pricing","verified",""
"pre.zip/croissant20a.pdf","9","10","Randomized smoothing for stochastic optimization","verified",""
"pre.zip/croissant20a.pdf","10","11","Regular type distributions in mechanism design and ρ-concavity","verified",""
"pre.zip/croissant20a.pdf","11","12","Online convex optimization in the bandit setting: Gradient descent without a gradient","verified",""
"pre.zip/croissant20a.pdf","12","13","On upper-confidence bound policies for switching bandit problems","verified",""
"pre.zip/croissant20a.pdf","14","15","On the composition of unimodal distributions","verified",""
"pre.zip/croissant20a.pdf","15","16","The value of knowing a demand curve: Bounds on regret for online posted-price auctions","verified",""
"pre.zip/croissant20a.pdf","18","19","Learning algorithms for second-price auctions with reserve","verified",""
"pre.zip/croissant20a.pdf","19","20","On the pseudo-dimension of nearly optimal auctions","verified",""
"pre.zip/croissant20a.pdf","21","22","Reserve prices in internet advertising auctions: A field experiment","verified",""
"pre.zip/croissant20a.pdf","22","23","A field guide to personalized reserve prices","verified",""
"pre.zip/croissant20a.pdf","23","24","The multi-armed bandit problem with covariates","verified",""
"pre.zip/croissant20a.pdf","24","25","Convergence of stochastic processes","verified",""
"pre.zip/croissant20a.pdf","25","26","Minimizing Regret with Multiple Reserves","verified",""
"pre.zip/croissant20a.pdf","26","27","Objective variables for probabilistic revenue maximization in second-price auctions with reserve","verified",""
"pre.zip/croissant20a.pdf","27","28","Log-concavity and strong log-concavity: A review","verified",""
"pre.zip/croissant20a.pdf","28","29","Learning to clear the market","verified",""
"pre.zip/cutkosky20a.pdf","0","1","Optimal strategies and minimax lower bounds for online convex games","verified",""
"pre.zip/cutkosky20a.pdf","1","2","Combining online learning guarantees","verified",""
"pre.zip/cutkosky20a.pdf","2","3","Black-box reductions for parameter-free online learning in banach spaces","verified",""
"pre.zip/cutkosky20a.pdf","3","4","Matrix-free preconditioning in online learning","verified",""
"pre.zip/cutkosky20a.pdf","4","5","Strongly adaptive online learning","verified",""
"pre.zip/cutkosky20a.pdf","5","6","Adaptive subgradient methods for online learning and stochastic optimization","verified",""
"pre.zip/cutkosky20a.pdf","6","7","Online learning: Sufficient statistics and the burkholder method","verified",""
"pre.zip/cutkosky20a.pdf","7","8","Shifting regret, mirror descent, and matrices","verified",""
"pre.zip/cutkosky20a.pdf","8","9","Efficient tracking of large classes of experts","verified",""
"pre.zip/cutkosky20a.pdf","9","10","Adaptive online gradient descent","verified",""
"pre.zip/cutkosky20a.pdf","10","11","Tracking the best expert","verified",""
"pre.zip/cutkosky20a.pdf","11","12","Improved strongly adaptive online learning using coin betting","verified",""
"pre.zip/cutkosky20a.pdf","12","13","Adaptive scale-invariant online algorithms for learning linear models","verified",""
"pre.zip/cutkosky20a.pdf","13","14","No-regret algorithms for unconstrained online convex optimization","verified",""
"pre.zip/cutkosky20a.pdf","14","15","Adaptive bound optimization for online convex optimization","verified",""
"pre.zip/cutkosky20a.pdf","15","16","Lipschitz and comparator-norm adaptivity in online learning","verified",""
"pre.zip/cutkosky20a.pdf","16","17","Simultaneous model selection and optimization through parameter-free stochastic learning","verified",""
"pre.zip/cutkosky20a.pdf","17","18","Coin betting and parameter-free online learning","verified",""
"pre.zip/cutkosky20a.pdf","18","19","Online learning and online convex optimization","verified",""
"pre.zip/cutkosky20a.pdf","19","20","Adaptivity and optimality: A universal algorithm for online convex optimization","verified",""
"pre.zip/cutkosky20a.pdf","20","21","Dynamic regret of strongly adaptive methods","verified",""
"pre.zip/cutkosky20a.pdf","21","22","Dual adaptivity: A universal algorithm for minimizing the adaptive regret of convex functions","verified",""
"pre.zip/cutkosky20a.pdf","22","23","Online convex programming and generalized infinitesimal gradient ascent","verified",""
"pre.zip/dubey20a.pdf","20","21","Information cascades and experts institutions","not_found","real"
"pre.zip/dubey20a.pdf","26","27","Calcul des probabilités, vol","not_found","real"
"pre.zip/dubey20a.pdf","35","36","A message-passing paradigm for optimization","not_found","real"
"pre.zip/dubey20a.pdf","0","1","Analysis of thompson sampling for the multi-armed bandit problem","verified",""
"pre.zip/dubey20a.pdf","1","2","Asymptotically efficient allocation rules for the multiarmed bandit problem with multiple plays-part i: Iid rewards","verified",""
"pre.zip/dubey20a.pdf","2","3","Convergence of consensus models with stochastic disturbances","verified",""
"pre.zip/dubey20a.pdf","3","4","Individual regret in cooperative nonstochastic multi-armed bandits","verified",""
"pre.zip/dubey20a.pdf","4","5","The origin of bursts and heavy tails in human dynamics","verified",""
"pre.zip/dubey20a.pdf","5","6","Distributed multi-player bandits-a game of thrones approach","verified",""
"pre.zip/dubey20a.pdf","6","7","Stable distributions","verified",""
"pre.zip/dubey20a.pdf","7","8","Bandits with heavy tail","verified",""
"pre.zip/dubey20a.pdf","8","9","Non-stochastic multi-player multi-armed bandits: Optimal rate with collision information, sublinear without","verified",""
"pre.zip/dubey20a.pdf","9","10","Challenging the empirical mean and empirical variance: a deviation study","verified",""
"pre.zip/dubey20a.pdf","10","11","A gang of bandits","verified",""
"pre.zip/dubey20a.pdf","11","12","Delay and cooperation in nonstochastic bandits","verified",""
"pre.zip/dubey20a.pdf","12","13","Heavy-tailed probability distributions in the world wide web","verified",""
"pre.zip/dubey20a.pdf","13","14","Information cascades in multi-agent models","verified",""
"pre.zip/dubey20a.pdf","14","15","Thompson sampling on symmetric alpha-stable bandits","verified",""
"pre.zip/dubey20a.pdf","15","16","Tailscope: Using friends to estimate heavy tails of degree distributions in large-scale complex networks","verified",""
"pre.zip/dubey20a.pdf","16","17","Online clustering of bandits","verified",""
"pre.zip/dubey20a.pdf","17","18","On context-dependent clustering of bandits","verified",""
"pre.zip/dubey20a.pdf","18","19","A tutorial on formulating qubo models","verified",""
"pre.zip/dubey20a.pdf","19","20","Variable heavy tails in internet traffic","verified",""
"pre.zip/dubey20a.pdf","21","22","Thompson sampling for 1-dimensional exponential family bandits","verified",""
"pre.zip/dubey20a.pdf","22","23","Distributed clustering of linear bandits in peer to peer networks","verified",""
"pre.zip/dubey20a.pdf","23","24","On distributed cooperative decision-making in multiarmed bandits","verified",""
"pre.zip/dubey20a.pdf","24","25","Distributed cooperative decision-making in multiarmed bandits: Fre-quentist and bayesian algorithms","verified",""
"pre.zip/dubey20a.pdf","25","26","Snap: A general-purpose network analysis and graph-mining library","verified",""
"pre.zip/dubey20a.pdf","27","28","Collaborative filtering bandits","verified",""
"pre.zip/dubey20a.pdf","28","29","Locality in distributed graph algorithms","verified",""
"pre.zip/dubey20a.pdf","29","30","Decentralized multi-armed bandit with multiple distributed players","verified",""
"pre.zip/dubey20a.pdf","30","31","Distributed learning in cognitive radio networks: Multi-armed bandit with distributed multiple players","verified",""
"pre.zip/dubey20a.pdf","31","32","Ising formulations of many np problems","verified",""
"pre.zip/dubey20a.pdf","32","33","Robust multivariate mean estimation: the optimality of trimmed mean","verified",""
"pre.zip/dubey20a.pdf","33","34","Prediction of random effects in linear and generalized linear models under model misspecification","verified",""
"pre.zip/dubey20a.pdf","34","35","No-regret algorithms for heavy-tailed linear bandits","verified",""
"pre.zip/dubey20a.pdf","36","37","Online markov decision processes under bandit feedback","verified",""
"pre.zip/dubey20a.pdf","37","38","Bandits with delayed, aggregated anonymous feedback","verified",""
"pre.zip/dubey20a.pdf","38","39","Multi-armed bandits in multi-agent networks","verified",""
"pre.zip/dubey20a.pdf","39","40","Almost optimal algorithms for linear stochastic bandits with heavy-tailed payoffs","verified",""
"pre.zip/dubey20a.pdf","40","41","Survey of local algorithms","verified",""
"pre.zip/dubey20a.pdf","41","42","Survivability of multiagent-based supply networks: a topological perspect","verified",""
"pre.zip/dubey20a.pdf","42","43","On the likelihood that one unknown probability exceeds another in view of the evidence of two samples","verified",""
"pre.zip/dubey20a.pdf","43","44","Deterministic sequencing of exploration and exploitation for multi-armed bandit problems","verified",""
"pre.zip/dubey20a.pdf","44","45","Contextual bandits under delayed feedback","verified",""
"pre.zip/dubey20a.pdf","45","46","Budgeted multi-armed bandits with multiple plays","verified",""
"pre.zip/dubey20a.pdf","46","47","Pure exploration of multi-armed bandits with heavy-tailed payoffs","verified",""
"pre.zip/garg20b.pdf","30","31","Introduction to game theory: Basic solution concepts and computational issues","not_found","real"
"pre.zip/garg20b.pdf","28","29","Dynamic fictitious play, dynamic gradient play, and distributed convergence to nash equilibria","mismatch","real"
"pre.zip/garg20b.pdf","1","2","Lipschitz games","verified",""
"pre.zip/garg20b.pdf","2","3","Stochastic approximations and differential inclusions","verified",""
"pre.zip/garg20b.pdf","3","4","Stochastic approximations and differential inclusions, part ii: Applications","verified",""
"pre.zip/garg20b.pdf","4","5","Stochastic Approximation: A Dynamical Systems Viewpoint","verified",""
"pre.zip/garg20b.pdf","5","6","Learning deep structured models","verified",""
"pre.zip/garg20b.pdf","6","7","Fast projection onto the simplex and the l1 ball","verified",""
"pre.zip/garg20b.pdf","7","8","Structured prediction theory based on factor graph complexity","verified",""
"pre.zip/garg20b.pdf","8","9","Efficient projections onto the l1-ball for learning in high dimensions","verified",""
"pre.zip/garg20b.pdf","9","10","Learning mixed equilibria","verified",""
"pre.zip/garg20b.pdf","10","11","Learning tree structured potential games","verified",""
"pre.zip/garg20b.pdf","12","13","Learning graphical games from behavioral data: Sufficient and necessary conditions","verified",""
"pre.zip/garg20b.pdf","13","14","How hard is inference for structured prediction?","verified",""
"pre.zip/garg20b.pdf","14","15","Games with incomplete information played by “bayesian” players (part i, the basic model)","verified",""
"pre.zip/garg20b.pdf","15","16","Learning the structure and parameters of large-population graphical games from behavioral data","verified",""
"pre.zip/garg20b.pdf","16","17","On influence, stable behavior, and the most influential individuals in networks: A game-theoretic approach","verified",""
"pre.zip/garg20b.pdf","19","20","Efficient nash computation in large population games with bounded influence","verified",""
"pre.zip/garg20b.pdf","20","21","Graphical models for game theory","verified",""
"pre.zip/garg20b.pdf","21","22","Conditional random fields: Probabilistic models for segmenting and labeling sequence data","verified",""
"pre.zip/garg20b.pdf","22","23","Stability and generalization in structured prediction","verified",""
"pre.zip/garg20b.pdf","24","25","Structured learning and prediction in computer vision","verified",""
"pre.zip/garg20b.pdf","25","26","On structured prediction theory with calibrated convex surrogate losses","verified",""
"pre.zip/garg20b.pdf","26","27","Learning to speed up structured output prediction","verified",""
"pre.zip/garg20b.pdf","27","28","High-dimensional ising model selection using ℓ1-regularized logistic regression","verified",""
"pre.zip/garg20b.pdf","29","30","Some topics in two-person games","verified",""
"pre.zip/garg20b.pdf","32","33","Large margin methods for structured and interdependent output variables","verified",""
"pre.zip/garg20b.pdf","33","34","United nations general assembly voting data","verified",""
"pre.zip/garg20b.pdf","34","35","Computational rationalization: The inverse equilibrium problem","verified",""
"pre.zip/ghassami20a.pdf","34","35","The Annals of Statistics","not_found","real"
"pre.zip/ghassami20a.pdf","37","38","Causal discovery in the presence of dis­ tribution shift: Skeleton estimation and orientation de­ termination","not_found","real"
"pre.zip/ghassami20a.pdf","1","2","The hippocampus and mem­ ory: insights from spatial processing","mismatch","real"
"pre.zip/ghassami20a.pdf","27","28","Consis­ tency guarantees for permutation-based causal inference algorithms","mismatch","real"
"pre.zip/ghassami20a.pdf","0","1","Concave penalized estimation of sparse gaussian bayesian networks","verified",""
"pre.zip/ghassami20a.pdf","2","3","Optimal structure identification with greedy search","verified",""
"pre.zip/ghassami20a.pdf","3","4","Constraint-based causal discovery for non-linear structural causal models with cycles and latent confounders","verified",""
"pre.zip/ghassami20a.pdf","4","5","Learning sparse causal gaussian net­ works with experimental intervention: regularization and coordinate descent","verified",""
"pre.zip/ghassami20a.pdf","6","7","Learning bayesian networks: The combination of knowledge and statistical data","verified",""
"pre.zip/ghassami20a.pdf","7","8","Nonlinear causal discovery with additive noise models","verified",""
"pre.zip/ghassami20a.pdf","8","9","Learning linear cyclic causal models with latent variables","verified",""
"pre.zip/ghassami20a.pdf","10","11","Discovering cyclic causal models with latent vari­ ables: A general sat-based procedure","verified",""
"pre.zip/ghassami20a.pdf","11","12","Constraint-based causal discovery: Conflict resolution with answer set programming","verified",""
"pre.zip/ghassami20a.pdf","12","13","Probabilistic graphical models: principles and techniques","verified",""
"pre.zip/ghassami20a.pdf","13","14","Discovering cyclic causal models by independent compo­ nents analysis","verified",""
"pre.zip/ghassami20a.pdf","14","15","Strong completeness and faithfulness in bayesian networks","verified",""
"pre.zip/ghassami20a.pdf","15","16","On causal discovery with cyclic additive noise models","verified",""
"pre.zip/ghassami20a.pdf","16","17","On deducing conditional independence from d-separation in causal graphs with feedback (research note)","verified",""
"pre.zip/ghassami20a.pdf","17","18","Probabilistic reasoning in intelligent systems: net­ works of plausible inference","verified",""
"pre.zip/ghassami20a.pdf","19","20","Identifying independencies in causal graphs with feedback","verified",""
"pre.zip/ghassami20a.pdf","21","22","Learning directed acyclic graph models based on sparsest permutations","verified",""
"pre.zip/ghassami20a.pdf","22","23","A discovery algorithm for directed cyclic graphs","verified",""
"pre.zip/ghassami20a.pdf","23","24","A polynomial-time algorithm for deciding markov equivalence of directed cyclic graphical models","verified",""
"pre.zip/ghassami20a.pdf","25","26","A linear non-gaussian acyclic model for causal dis­ covery","verified",""
"pre.zip/ghassami20a.pdf","26","27","Introduction to nested markov models","verified",""
"pre.zip/ghassami20a.pdf","28","29","Directed cyclic graphical representations of feed­ back models","verified",""
"pre.zip/ghassami20a.pdf","29","30","Causation, prediction, and search","verified",""
"pre.zip/ghassami20a.pdf","30","31","A constraint-based algorithm for causal dis­ covery with cycles, latent variables and selection bias","verified",""
"pre.zip/ghassami20a.pdf","31","32","Ordering-based search: A simple and effective algorithm for learning bayesian networks","verified",""
"pre.zip/ghassami20a.pdf","32","33","On the testable implications of causal models with hidden variables","verified",""
"pre.zip/ghassami20a.pdf","33","34","The max­ min hill-climbing bayesian network structure learning algorithm","verified",""
"pre.zip/ghassami20a.pdf","35","36","Equivalence and synthesis of causal models","verified",""
"pre.zip/ghassami20a.pdf","36","37","On the identifiability of the post-nonlinear causal model","verified",""
"pre.zip/ghassami20a.pdf","38","39","Learning causality and causality-related learning: some recent progress","verified",""
"pre.zip/ghassami20a.pdf","39","40","Dags with no tears: Continuous optimization for structure learning","verified",""
"pre.zip/gittens20a.pdf","3","4","Online stochastic tensor decomposition for low-rank tensor factorization","not_found","uncertain"
"pre.zip/gittens20a.pdf","0","1","A scalable optimization approach for fitting canonical tensor decompositions","verified",""
"pre.zip/gittens20a.pdf","2","3","Sampling-based batch incremental tensor decomposition","verified",""
"pre.zip/heo20a.pdf","22","23","C4","not_found","real"
"pre.zip/heo20a.pdf","11","12","Cardiovascular disease in women: clinical perspectives","mismatch","real"
"pre.zip/heo20a.pdf","0","1","Interpretable machine learning in healthcare","verified",""
"pre.zip/heo20a.pdf","1","2","Neural machine translation by jointly learning to align and translate","verified",""
"pre.zip/heo20a.pdf","2","3","Neural machine translation by jointly learning to align and translate","verified",""
"pre.zip/heo20a.pdf","3","4","Network dissection: Quantifying interpretability of deep visual representations","verified",""
"pre.zip/heo20a.pdf","4","5","Visualizing and understanding generative adversarial networks","verified",""
"pre.zip/heo20a.pdf","5","6","Deep steering: Learning end-to-end driving model from spatial and temporal visual cues","verified",""
"pre.zip/heo20a.pdf","6","7","Aila: Attentive interactive labeling assistant for document classification through attention-based deep neural networks","verified",""
"pre.zip/heo20a.pdf","7","8","Characterizations of an empirical influence function for detecting influential cases in regression","verified",""
"pre.zip/heo20a.pdf","8","9","Human attention in visual question answering: Do humans and deep networks look at the same regions?","verified",""
"pre.zip/heo20a.pdf","9","10","Annotator rationales for visual recognition","verified",""
"pre.zip/heo20a.pdf","10","11","Dropout as a bayesian approximation: Representing model uncertainty in deep learning","verified",""
"pre.zip/heo20a.pdf","12","13","Conditional neural processes","verified",""
"pre.zip/heo20a.pdf","13","14","Neural processes","verified",""
"pre.zip/heo20a.pdf","14","15","Explaining explanations: An overview of interpretability of machine learning","verified",""
"pre.zip/heo20a.pdf","15","16","Uncertainty-aware attention for reliable interpretation and prediction","verified",""
"pre.zip/heo20a.pdf","16","17","Long short term memory","verified",""
"pre.zip/heo20a.pdf","17","18","Adversarial examples are not bugs, they are features","verified",""
"pre.zip/heo20a.pdf","18","19","Attentive neural processes","verified",""
"pre.zip/heo20a.pdf","19","20","Understanding black-box predictions via influence functions","verified",""
"pre.zip/heo20a.pdf","21","22","why should i trust you?: Explaining the predictions of any classifier","verified",""
"pre.zip/heo20a.pdf","23","24","Sisc: End-to-end interpretable discovery radiomics-driven lung cancer prediction via stacked interpretable sequencing cells","verified",""
"pre.zip/heo20a.pdf","24","25","Rule extraction from neural networks via decision tree induction","verified",""
"pre.zip/heo20a.pdf","25","26","Active learning for convolutional neural networks: A core-set approach","verified",""
"pre.zip/heo20a.pdf","26","27","Cnn features off-the-shelf: an astounding baseline for recognition","verified",""
"pre.zip/heo20a.pdf","28","29","Active learning: theory and applications","verified",""
"pre.zip/heo20a.pdf","29","30","Show, attend and tell: Neural image caption generation with visual attention","verified",""
"pre.zip/heo20a.pdf","30","31","How transferable are features in deep neural networks?","verified",""
"pre.zip/heo20a.pdf","31","32","Modeling annotators: A generative approach to learning from annotator rationales","verified",""
"pre.zip/heo20a.pdf","32","33","House price modeling with digital census","verified",""
"pre.zip/jacot20a.pdf","27","28","Nyström method vs random Fourier features: A theoretical and empirical comparison","not_found","real"
"pre.zip/jacot20a.pdf","0","1","High-dimensional dynamics of generalization error in neural networks","verified",""
"pre.zip/jacot20a.pdf","1","2","Large sample covariance matrices without independence structures in columns","verified",""
"pre.zip/jacot20a.pdf","2","3","Benign overfitting in linear regression","verified",""
"pre.zip/jacot20a.pdf","3","4","Reconciling modern machine learning and the bias-variance trade-off","verified",""
"pre.zip/jacot20a.pdf","4","5","Two models of double descent for weak features","verified",""
"pre.zip/jacot20a.pdf","5","6","Eigenvalue distribution of nonlinear models of random matrices","verified",""
"pre.zip/jacot20a.pdf","6","7","Pattern recognition and machine learning","verified",""
"pre.zip/jacot20a.pdf","7","8","Optimal rates for the regularized least-squares algorithm","verified",""
"pre.zip/jacot20a.pdf","8","9","High-dimensional asymp-totics of prediction: Ridge regression and classification","verified",""
"pre.zip/jacot20a.pdf","9","10","Combinatorial theory of permutation-invariant random matrices ii: Cumulants, freeness and Levy processes","verified",""
"pre.zip/jacot20a.pdf","10","11","Scaling description of generalization with number of parameters in deep learning","verified",""
"pre.zip/jacot20a.pdf","11","12","Neural networks and the bias/variance dilemma","verified",""
"pre.zip/jacot20a.pdf","12","13","Surprises in high-dimensional ridgeless least squares interpolation","verified",""
"pre.zip/jacot20a.pdf","13","14","Neural tangent kernel: Convergence and generalization in neural networks","verified",""
"pre.zip/jacot20a.pdf","14","15","Ridge regression: Structure, cross-validation, and sketching","verified",""
"pre.zip/jacot20a.pdf","15","16","Beyond least-squares: Fast rates for regularized empirical risk minimization through self-concordance","verified",""
"pre.zip/jacot20a.pdf","16","17","The generalization error of random features regression: Precise asymptotics and double descent curve","verified",""
"pre.zip/jacot20a.pdf","17","18","Deep double descent: Where bigger models and more data hurt","verified",""
"pre.zip/jacot20a.pdf","18","19","A modern take on the bias-variance tradeoff in neural networks","verified",""
"pre.zip/jacot20a.pdf","19","20","In search of the real inductive bias: On the role of implicit regularization in deep learning","verified",""
"pre.zip/jacot20a.pdf","20","21","Random features for large-scale kernel machines","verified",""
"pre.zip/jacot20a.pdf","21","22","Weighted sums of random kitchen sinks: Replacing minimization with randomization in learning","verified",""
"pre.zip/jacot20a.pdf","22","23","Nonlinear component analysis as a kernel eigenvalue problem","verified",""
"pre.zip/jacot20a.pdf","23","24","Strong convergence of the empirical distribution of eigenvalues of large dimensional random matrices","verified",""
"pre.zip/jacot20a.pdf","24","25","Free probability and random matrices","verified",""
"pre.zip/jacot20a.pdf","25","26","A jamming transition from under-to over-parametrization affects loss landscape and generalization","verified",""
"pre.zip/jacot20a.pdf","26","27","Optimal rates for random fourier features","verified",""
"pre.zip/jacot20a.pdf","29","30","Understanding deep learning requires rethinking generalization","verified",""
"pre.zip/jacot20a.pdf","30","31","Effective dimension and generalization of kernel learning","verified",""
"pre.zip/jeon20a.pdf","0","1","Stargan: Unified generative adversarial networks for multi-domain image-to-image translation","verified",""
"pre.zip/jeon20a.pdf","1","2","A style-based generator architecture for generative adversarial networks","verified",""
"pre.zip/jeon20a.pdf","2","3","Analyzing and improving the image quality of stylegan","verified",""
"pre.zip/jeon20a.pdf","3","4","Deep learning face attributes in the wild","verified",""
"pre.zip/kadri20a.pdf","6","7","Communications on Pure and Applied Mathematics","mismatch","uncertain"
"pre.zip/kadri20a.pdf","0","1","On almost randomizing channels with a short kraus decomposition","verified",""
"pre.zip/kadri20a.pdf","1","2","Multiclass brain–computer interface classification by rie-mannian geometry","verified",""
"pre.zip/kadri20a.pdf","2","3","Automatic differentiation in machine learning: a survey","verified",""
"pre.zip/kadri20a.pdf","3","4","Partial traces and entropy inequalities","verified",""
"pre.zip/kadri20a.pdf","5","6","Riemannian batch normalization for SPD neural networks","verified",""
"pre.zip/kadri20a.pdf","7","8","A new generation of brain-computer interface based on riemannian geometry","verified",""
"pre.zip/kadri20a.pdf","8","9","Optimal transport for domain adaptation","verified",""
"pre.zip/kadri20a.pdf","9","10","Dimension folding PCA and PFC for matrix-valued predictors","verified",""
"pre.zip/kadri20a.pdf","10","11","Generalized high-dimensional trace regression via nuclear norm regularization","verified",""
"pre.zip/kadri20a.pdf","11","12","The properties of partial trace and block trace operators of partitioned matrices","verified",""
"pre.zip/kadri20a.pdf","12","13","Quantum state tomography via compressed sensing","verified",""
"pre.zip/kadri20a.pdf","13","14","Point-wise saliency detection on 3D point clouds via covariance descriptors","verified",""
"pre.zip/kadri20a.pdf","14","15","3D facial expression recognition using kernel methods on riemannian manifold","verified",""
"pre.zip/kadri20a.pdf","15","16","Introduction to matrix analysis and applications","verified",""
"pre.zip/kadri20a.pdf","16","17","A riemannian network for spd matrix learning","verified",""
"pre.zip/kadri20a.pdf","17","18","Kernel transfer over multiple views for missing data completion","verified",""
"pre.zip/kadri20a.pdf","18","19","Rank penalized estimators for high-dimensional matrices","verified",""
"pre.zip/kadri20a.pdf","19","20","Optimal estimation of low rank density matrices","verified",""
"pre.zip/kadri20a.pdf","20","21","Nuclear-norm penalization and optimal rates for noisy low-rank matrix completion","verified",""
"pre.zip/kadri20a.pdf","21","22","L2rm: Low-rank linear regression models for high-dimensional matrix responses","verified",""
"pre.zip/kadri20a.pdf","22","23","Approximating quantum channels by completely positive maps with small kraus rank","verified",""
"pre.zip/kadri20a.pdf","23","24","Parsimonious tensor response regression","verified",""
"pre.zip/kadri20a.pdf","24","25","Support matrix machines","verified",""
"pre.zip/kadri20a.pdf","25","26","On the convergence of the coordinate descent method for convex differentiable minimization","verified",""
"pre.zip/kadri20a.pdf","26","27","Foundations of machine learning","verified",""
"pre.zip/kadri20a.pdf","27","28","Quantum Computation and Quantum Information","verified",""
"pre.zip/kadri20a.pdf","28","29","Tensorizing neural networks","verified",""
"pre.zip/kadri20a.pdf","29","30","Mapping estimation for discrete optimal transport","verified",""
"pre.zip/kadri20a.pdf","30","31","Low-rank regression with tensor responses","verified",""
"pre.zip/kadri20a.pdf","31","32","Quantum computing: A gentle introduction","verified",""
"pre.zip/kadri20a.pdf","32","33","Mutual kernel matrix completion","verified",""
"pre.zip/kadri20a.pdf","33","34","Estimation of high-dimensional low-rank matrices","verified",""
"pre.zip/kadri20a.pdf","34","35","Learning with matrix factorizations","verified",""
"pre.zip/kadri20a.pdf","35","36","Positive linear maps of operator algebras","verified",""
"pre.zip/kadri20a.pdf","36","37","Covariance descriptors for 3d shape matching and retrieval","verified",""
"pre.zip/kadri20a.pdf","37","38","The theory of quantum information","verified",""
"pre.zip/kadri20a.pdf","38","39","Optimal transport on the manifold of spd matrices for domain adaptation","verified",""
"pre.zip/kadri20a.pdf","39","40","Transfer learning: A riemannian geometry framework with applications to brain-computer interfaces","verified",""
"pre.zip/kadri20a.pdf","40","41","Higher order partial least squares (hopls): a generalized mul-tilinear regression method","verified",""
"pre.zip/kadri20a.pdf","41","42","Regularized matrix regression","verified",""
"pre.zip/kasai20a.pdf","0","1","Cloze-driven pretraining of self-attention networks","verified",""
"pre.zip/kasai20a.pdf","1","2","Neural machine translation by jointly learning to align and translate","verified",""
"pre.zip/kasai20a.pdf","2","3","KERMIT: Generative insertion-based modeling for sequences, 2019a","verified",""
"pre.zip/kasai20a.pdf","3","4","An empirical study of generation order for machine translation, 2019b","verified",""
"pre.zip/kasai20a.pdf","4","5","Universal transformers","verified",""
"pre.zip/kasai20a.pdf","5","6","BERT: Pre-training of deep bidirectional transformers for language understanding","verified",""
"pre.zip/kasai20a.pdf","6","7","Convolutional sequence to sequence learning","verified",""
"pre.zip/kasai20a.pdf","7","8","Maskpredict: Parallel decoding of conditional masked language models","verified",""
"pre.zip/kasai20a.pdf","8","9","Aligned cross entropy for non-autoregressive machine translation, 2020a","verified",""
"pre.zip/kasai20a.pdf","9","10","Semi-autoregressive training improves mask-predict decoding, 2020b","verified",""
"pre.zip/kasai20a.pdf","10","11","Adaptive computation time for recurrent neural networks","verified",""
"pre.zip/kasai20a.pdf","11","12","Non-autoregressive neural machine translation","verified",""
"pre.zip/kasai20a.pdf","12","13","Insertion-based decoding with automatically inferred generation order","verified",""
"pre.zip/kasai20a.pdf","13","14","Levenshtein transformer","verified",""
"pre.zip/kasai20a.pdf","14","15","Achieving human parity on automatic Chinese to English news translation","verified",""
"pre.zip/kasai20a.pdf","15","16","Fast decoding in sequence models using discrete latent variables","verified",""
"pre.zip/kasai20a.pdf","16","17","Sequence-level knowledge distillation","verified",""
"pre.zip/kasai20a.pdf","17","18","Adam: A method for stochastic optimization","verified",""
"pre.zip/kasai20a.pdf","18","19","Deterministic non-autoregressive neural sequence modeling by iterative refinement","verified",""
"pre.zip/kasai20a.pdf","19","20","LAVA NAT: A non-autoregressive translation model with look-around decoding and vocabulary attention","verified",""
"pre.zip/kasai20a.pdf","20","21","Hint-based training for non-autoregressive machine translation","verified",""
"pre.zip/kasai20a.pdf","21","22","End-to-end non-autoregressive neural machine translation with connectionist temporal classification","verified",""
"pre.zip/kasai20a.pdf","22","23","Effective approaches to attention-based neural machine translation","verified",""
"pre.zip/kasai20a.pdf","23","24","FlowSeq: Non-autoregressive conditional sequence generation with generative flow","verified",""
"pre.zip/kasai20a.pdf","24","25","A generalized framework of sequence generation with application to undirected sequence models","verified",""
"pre.zip/kasai20a.pdf","25","26","Mixed precision training","verified",""
"pre.zip/kasai20a.pdf","26","27","Recognition and translation of code-switching speech utterances","verified",""
"pre.zip/kasai20a.pdf","27","28","Scaling neural machine translation","verified",""
"pre.zip/kasai20a.pdf","28","29","fairseq: A fast, extensible toolkit for sequence modeling","verified",""
"pre.zip/kasai20a.pdf","29","30","BLEU: a method for automatic evaluation of machine translation","verified",""
"pre.zip/kasai20a.pdf","30","31","A call for clarity in reporting BLEU scores","verified",""
"pre.zip/kasai20a.pdf","31","32","Guiding non-autoregressive neural machine translation decoding with reordering information","verified",""
"pre.zip/kasai20a.pdf","32","33","Non-autoregressive machine translation with latent alignments","verified",""
"pre.zip/kasai20a.pdf","33","34","Neural machine translation of rare words with subword units","verified",""
"pre.zip/kasai20a.pdf","34","35","Minimizing the bag-of-ngrams difference for non-autoregressive neural machine translation","verified",""
"pre.zip/kasai20a.pdf","35","36","Latent-variable non-autoregressive neural machine translation with deterministic inference using a delta posterior","verified",""
"pre.zip/kasai20a.pdf","36","37","Blockwise parallel decoding for deep autoregressive models","verified",""
"pre.zip/kasai20a.pdf","37","38","Insertion transformer: Flexible sequence generation via insertion operations","verified",""
"pre.zip/kasai20a.pdf","38","39","Fast structured decoding for sequence models","verified",""
"pre.zip/kasai20a.pdf","39","40","ENGINE: Energy-based inference networks for non-autoregressive machine translation","verified",""
"pre.zip/kasai20a.pdf","40","41","Attention is all you need","verified",""
"pre.zip/kasai20a.pdf","41","42","Non-autoregressive machine translation with auxiliary regularization","verified",""
"pre.zip/kasai20a.pdf","42","43","Pay less attention with lightweight and dynamic convolutions","verified",""
"pre.zip/kasai20a.pdf","43","44","XLNet: Generalized autoregres-sive pretraining for language understanding","verified",""
"pre.zip/kasai20a.pdf","44","45","POINTER: Constrained text generation via insertion-based generative pre-training","verified",""
"pre.zip/kasai20a.pdf","45","46","Understanding knowledge distillation in non-autoregressive machine translation","verified",""
"pre.zip/kasai20a.pdf","46","47","Improving non-autoregressive neural machine translation with monolingual data","verified",""
"pre.zip/li20b.pdf","17","18","Technical report","not_found","real"
"pre.zip/li20b.pdf","28","29","Laradji, I., and Schmidt, M. Let’s make block coordinate descent go fast: Faster greedy rules, message-passing, active-set complexity, and superlinear convergence","not_found","real"
"pre.zip/li20b.pdf","20","21","Partial smoothness, tilt stability, and generalized hessians","mismatch","real"
"pre.zip/li20b.pdf","0","1","Sparse communication for distributed gradient descent","verified",""
"pre.zip/li20b.pdf","1","2","Scalable training of L1-regularized log-linear models","verified",""
"pre.zip/li20b.pdf","2","3","Representations of quasi-Newton matrices and their use in limited memory methods","verified",""
"pre.zip/li20b.pdf","3","4","LAG: Lazily aggregated gradient for communication-efficient distributed learning","verified",""
"pre.zip/li20b.pdf","4","5","Limited-memory common-directions method for distributed l1-regularized linear classification","verified",""
"pre.zip/li20b.pdf","5","6","A distributed second-order algorithm you can trust","verified",""
"pre.zip/li20b.pdf","6","7","Sensitivity analysis for mirror-stratifiable convex functions","verified",""
"pre.zip/li20b.pdf","7","8","LIBLINEAR: a library for large linear classification","verified",""
"pre.zip/li20b.pdf","8","9","Identifying active manifolds in regularization problems","verified",""
"pre.zip/li20b.pdf","9","10","Identifying active constraints via partial smoothness and prox-regularity","verified",""
"pre.zip/li20b.pdf","10","11","Identifying active manifolds","verified",""
"pre.zip/li20b.pdf","11","12","Generalized Hessian matrix and second-order optimality conditions for problems with C1,1 data","verified",""
"pre.zip/li20b.pdf","12","13","Preconditioned conjugate gradient methods in truncated Newton frameworks for large-scale linear classification","verified",""
"pre.zip/li20b.pdf","13","14","Blitz: A principled meta-algorithm for scaling sparse optimization","verified",""
"pre.zip/li20b.pdf","14","15","Distributed block-diagonal approximation methods for regularized empirical risk minimization","verified",""
"pre.zip/li20b.pdf","15","16","Inexact successive quadratic approximation for regularized optimization","verified",""
"pre.zip/li20b.pdf","16","17","Limited-memory common-directions method for distributed optimization and its application on empirical risk minimization","verified",""
"pre.zip/li20b.pdf","18","19","Manifold identification in dual averaging for regularized stochastic online learning","verified",""
"pre.zip/li20b.pdf","19","20","Active sets, nonsmoothness, and sensitivity","verified",""
"pre.zip/li20b.pdf","21","22","On the global convergence of the BFGS method for nonconvex unconstrained optimization problems","verified",""
"pre.zip/li20b.pdf","22","23","Local convergence properties of douglas–rachford and alternating direction method of multipliers","verified",""
"pre.zip/li20b.pdf","23","24","Deep gradient compression: Reducing the communication bandwidth for distributed training","verified",""
"pre.zip/li20b.pdf","24","25","A distributed block coordinate descent method for training ℓ1 regularized linear classifiers","verified",""
"pre.zip/li20b.pdf","25","26","The group LASSO for logistic regression","verified",""
"pre.zip/li20b.pdf","26","27","Semismooth and semiconvex functions in constrained optimization","verified",""
"pre.zip/li20b.pdf","29","30","active-set complexity: of proximal gradient: How long does it take to find the sparsity pattern?","verified",""
"pre.zip/li20b.pdf","30","31","Local convergence properties of SAGA/prox-SVRG and acceleration","verified",""
"pre.zip/li20b.pdf","31","32","A nonsmooth version of Newton’s method","verified",""
"pre.zip/li20b.pdf","33","34","Extra: An exact first-order algorithm for decentralized consensus optimization","verified",""
"pre.zip/li20b.pdf","34","35","Are we there yet? manifold identification of gradient-related proximal methods","verified",""
"pre.zip/li20b.pdf","35","36","Regression shrinkage and selection via the LASSO","verified",""
"pre.zip/li20b.pdf","36","37","Learning structured sparsity in deep neural networks","verified",""
"pre.zip/li20b.pdf","37","38","Terngrad: Ternary gradients to reduce communication in distributed deep learning","verified",""
"pre.zip/li20b.pdf","38","39","Accelerated block-coordinate relaxation for regularized optimization","verified",""
"pre.zip/li20b.pdf","39","40","Sparse reconstruction by separable approximation","verified",""
"pre.zip/li20b.pdf","40","41","An improved GLM-NET for L1-regularized logistic regression","verified",""
"pre.zip/li20b.pdf","41","42","DiSCO: Distributed optimization for self-concordant empirical loss","verified",""
"pre.zip/li20b.pdf","42","43","A general distributed dual coordinate optimization framework for regularized loss minimization","verified",""
"pre.zip/li20b.pdf","43","44","Proximal quasi-newton for computationally intensive l1-regularized M-estimators","verified",""
"pre.zip/lin20f.pdf","0","1","The hippocampus and imag­","not_found","uncertain"
"pre.zip/lin20f.pdf","12","13","Recurrent world models fa­","not_found","uncertain"
"pre.zip/lin20f.pdf","24","25","Mental models: Towards a cogni­","not_found","uncertain"
"pre.zip/lin20f.pdf","2","3","Interaction networks for learning about objects, relations and physics","verified",""
"pre.zip/lin20f.pdf","3","4","Relational inductive biases, deep learning, and graph networks","verified",""
"pre.zip/lin20f.pdf","4","5","Monet: Unsupervised scene decomposition and representation","verified",""
"pre.zip/lin20f.pdf","5","6","Spatially invariant unsupervised object detection with convolutional neural networks","verified",""
"pre.zip/lin20f.pdf","6","7","Exploiting spatial invariance for scalable unsupervised object tracking","verified",""
"pre.zip/lin20f.pdf","7","8","Attend, infer, repeat: Fast scene understanding with generative models","verified",""
"pre.zip/lin20f.pdf","8","9","Neural message passing for quantum chem­ istry","verified",""
"pre.zip/lin20f.pdf","13","14","World models","verified",""
"pre.zip/lin20f.pdf","17","18","Rainbow: Combining improvements in deep re­ inforcement learning","verified",""
"pre.zip/lin20f.pdf","18","19","Learning to decompose and disentangle representations for video prediction","verified",""
"pre.zip/lin20f.pdf","22","23","Scalor: Scalable object-oriented sequential generative models","verified",""
"pre.zip/lin20f.pdf","23","24","Clevr: A diagnostic dataset for compositional language and elementary visual reasoning","verified",""
"pre.zip/lin20f.pdf","26","27","Auto-encoding variational bayes","verified",""
"pre.zip/lin20f.pdf","30","31","Sequential attend, infer, repeat: Generative modelling of moving objects","verified",""
"pre.zip/lin20f.pdf","31","32","Structured object-aware physics predic­ tion for video modeling and planning","verified",""
"pre.zip/lin20f.pdf","32","33","Unsuper­ vised learning of object keypoints for perception and control","verified",""
"pre.zip/lin20f.pdf","33","34","Gated graph sequence neural networks","verified",""
"pre.zip/lin20f.pdf","34","35","Space: Unsupervised object-oriented scene representation via spatial attention and decomposition","verified",""
"pre.zip/lin20f.pdf","35","36","Fully convolutional networks for semantic segmentation","verified",""
"pre.zip/lin20f.pdf","36","37","Graph networks as learnable physics engines for inference and control","verified",""
"pre.zip/lin20f.pdf","37","38","A simple neural network module for relational reasoning","verified",""
"pre.zip/lin20f.pdf","38","39","The graph neural network model","verified",""
"pre.zip/lin20f.pdf","39","40","The future of memory: remembering, imagining, and the brain","verified",""
"pre.zip/lin20f.pdf","40","41","Mastering the game of go without human knowledge","verified",""
"pre.zip/lin20f.pdf","41","42","Gestalt relations and object perception: A developmental study","verified",""
"pre.zip/lin20f.pdf","45","46","Relational neural expectation maximization: Unsu­ pervised discovery of objects and their interactions","verified",""
"pre.zip/lin20f.pdf","46","47","Entity abstraction in visual model-based reinforcement learn­ ing","verified",""
"pre.zip/lin20f.pdf","47","48","Visual interaction networks: Learn­ ing a physics simulator from video","verified",""
"pre.zip/lin20f.pdf","48","49","COBRA: data-efficient model-based RL through unsupervised object discovery and curiosity-driven exploration","verified",""
"pre.zip/lin20f.pdf","49","50","Clevrer: Collision events for video representation and reasoning","verified",""
"pre.zip/lou20a.pdf","0","1","Treelike structure in large social and information networks","verified",""
"pre.zip/lou20a.pdf","1","2","Differentiable convex optimization layers","verified",""
"pre.zip/lou20a.pdf","2","3","Optnet: Differentiable optimization as a layer in neural networks","verified",""
"pre.zip/lou20a.pdf","3","4","Computing medians and means in hadamard spaces","verified",""
"pre.zip/lou20a.pdf","4","5","Riemannian batch normalization for spd neural networks","verified",""
"pre.zip/lou20a.pdf","5","6","Trivializations for gradient-based optimization on manifolds","verified",""
"pre.zip/lou20a.pdf","6","7","Hyperbolic graph convolutional neural networks","verified",""
"pre.zip/lou20a.pdf","7","8","Necessary and sufficient condition for the existence of a fréchet mean on the circle","verified",""
"pre.zip/lou20a.pdf","8","9","Neural ordinary differential equations","verified",""
"pre.zip/lou20a.pdf","9","10","Leséléments aléatoires de nature quelconque dans un espace distancié","verified",""
"pre.zip/lou20a.pdf","11","12","On differentiating parameterized argmin and argmax problems with application to bi-level optimization","verified",""
"pre.zip/lou20a.pdf","12","13","Learning mixed-curvature representations in product spaces","verified",""
"pre.zip/lou20a.pdf","13","14","Hyperbolic attention networks","verified",""
"pre.zip/lou20a.pdf","14","15","Batch normalization: Accelerating deep network training by reducing internal covariate shift","verified",""
"pre.zip/lou20a.pdf","15","16","Riemannian center of mass and mollifier smoothing","verified",""
"pre.zip/lou20a.pdf","16","17","Geographic routing using hyperbolic space","verified",""
"pre.zip/lou20a.pdf","17","18","Lorentzian distance learning for hyperbolic representations","verified",""
"pre.zip/lou20a.pdf","18","19","Riemannian Manifolds: An Introduction to Curvature","verified",""
"pre.zip/lou20a.pdf","19","20","Introduction to smooth manifolds","verified",""
"pre.zip/lou20a.pdf","20","21","Hyperbolic graph neural networks","verified",""
"pre.zip/lou20a.pdf","21","22","Poincaré embeddings for learning hierarchical representations","verified",""
"pre.zip/lou20a.pdf","22","23","Learning continuous hierarchies in the Lorentz model of hyperbolic geometry","verified",""
"pre.zip/lou20a.pdf","23","24","On the difficulty of training recurrent neural networks","verified",""
"pre.zip/lou20a.pdf","24","25","Differentiation of blackbox combinatorial solvers","verified",""
"pre.zip/lou20a.pdf","25","26","Representation tradeoffs for hyperbolic embeddings","verified",""
"pre.zip/lou20a.pdf","26","27","How does batch normalization help optimization?","verified",""
"pre.zip/lou20a.pdf","27","28","Collective classification in network data","verified",""
"pre.zip/lou20a.pdf","28","29","Dropout: A simple way to prevent neural networks from overfitting","verified",""
"pre.zip/lou20a.pdf","29","30","Poincaré glove: Hyperbolic word embeddings","verified",""
"pre.zip/lou20a.pdf","30","31","Convex functions and optimization methods on Riemannian manifolds","verified",""
"pre.zip/lou20a.pdf","31","32","A gyrovector space approach to hyperbolic geometry","verified",""
"pre.zip/lou20a.pdf","32","33","Attention is all you need","verified",""
"pre.zip/lou20a.pdf","33","34","Graph attention networks","verified",""
"pre.zip/lou20a.pdf","34","35","Distance function and cut loci on a complete riemannian manifold","verified",""
"pre.zip/lou20a.pdf","35","36","Numerically accurate hyperbolic embeddings using tiling-based models","verified",""
"pre.zip/luo20c.pdf","10","11","and Zhang, Y. Accelerating the lee-seung algorithm for nonnegative matrix factorization","not_found","real"
"pre.zip/luo20c.pdf","0","1","Video content representation by incremental non-negative matrix factorization","verified",""
"pre.zip/luo20c.pdf","1","2","Graph regularized nonnegative matrix factorization for data representation","verified",""
"pre.zip/luo20c.pdf","2","3","A nonconvex admm algorithm for group sparsity with sparse groups","verified",""
"pre.zip/luo20c.pdf","3","4","Orthogonal nonnegative matrix t-factorizations for clustering","verified",""
"pre.zip/luo20c.pdf","4","5","Robust nonnegative matrix factorization via half-quadratic minimization","verified",""
"pre.zip/luo20c.pdf","5","6","Generalizable adversarial training via spectral normalization","verified",""
"pre.zip/luo20c.pdf","6","7","Augmented Lagrangian methods: applications to the numerical solution of boundary-value problems","verified",""
"pre.zip/luo20c.pdf","7","8","A dual algorithm for the solution of non linear variational problems via finite element approximation","verified",""
"pre.zip/luo20c.pdf","8","9","Robust capped norm nonnegative matrix factorization: Capped norm nmf","verified",""
"pre.zip/luo20c.pdf","9","10","Ensemble manifold regularization","verified",""
"pre.zip/luo20c.pdf","11","12","Bayesian games for adversarial regression problems","verified",""
"pre.zip/luo20c.pdf","12","13","Nenmf: An optimal gradient method for nonnegative matrix factorization","verified",""
"pre.zip/luo20c.pdf","13","14","Truncated cauchy non-negative matrix factorization for robust subspace learning","verified",""
"pre.zip/luo20c.pdf","14","15","Structured low-rank matrix factorization: Optimality, algorithm, and applications to image processing","verified",""
"pre.zip/luo20c.pdf","15","16","Nonnegative matrix factorization using admm: Algorithm and convergence analysis","verified",""
"pre.zip/luo20c.pdf","16","17","Robust manifold nonnegative matrix factorization","verified",""
"pre.zip/luo20c.pdf","17","18","Group sparsity in nonnegative matrix factorization","verified",""
"pre.zip/luo20c.pdf","18","19","Robust nonnegative matrix factorization using l21-norm","verified",""
"pre.zip/luo20c.pdf","19","20","Learning the parts of objects by non-negative matrix factorization","verified",""
"pre.zip/luo20c.pdf","20","21","Feature cross-substitution in adversarial classification","verified",""
"pre.zip/luo20c.pdf","21","22","Large-cone nonnegative matrix factorization","verified",""
"pre.zip/luo20c.pdf","22","23","Visualizing data using t-sne","verified",""
"pre.zip/luo20c.pdf","23","24","Cauchy noise removal by nonconvex admm with convergence guarantees","verified",""
"pre.zip/luo20c.pdf","24","25","Adversarial regression with multiple learners","verified",""
"pre.zip/luo20c.pdf","25","26","Global convergence of admm in nonconvex nonsmooth optimization","verified",""
"pre.zip/luo20c.pdf","26","27","Graph-preserving sparse nonnegative matrix factorization with application to facial expression recognition","verified",""
"pre.zip/pacchiano20a.pdf","3","4","General Topology: Elements of Mathematics","not_found","real"
"pre.zip/pacchiano20a.pdf","32","33","L., Budden, D., Abdolmaleki, A., Merel, J., Lefrancq, A., et al","not_found","real"
"pre.zip/pacchiano20a.pdf","15","16","On information and sufficiency","mismatch","real"
"pre.zip/pacchiano20a.pdf","0","1","Wasserstein generative adversarial networks","verified",""
"pre.zip/pacchiano20a.pdf","1","2","A distributional perspective on reinforcement learning","verified",""
"pre.zip/pacchiano20a.pdf","2","3","Distributional reinforcement learning with linear function approximation","verified",""
"pre.zip/pacchiano20a.pdf","4","5","Openai gym","verified",""
"pre.zip/pacchiano20a.pdf","5","6","Provably robust blackbox optimization for reinforcement learning","verified",""
"pre.zip/pacchiano20a.pdf","6","7","Improving exploration in evolution strategies for deep reinforcement learning via a population of novelty-seeking agents","verified",""
"pre.zip/pacchiano20a.pdf","7","8","Implicit quantile networks for distributional reinforcement learning","verified",""
"pre.zip/pacchiano20a.pdf","9","10","Noisy networks for exploration","verified",""
"pre.zip/pacchiano20a.pdf","10","11","Evolvability es: Scalable and direct optimization of evolv-ability","verified",""
"pre.zip/pacchiano20a.pdf","11","12","Stochastic optimization for large-scale optimal transport","verified",""
"pre.zip/pacchiano20a.pdf","12","13","Wasserstein fair classification","verified",""
"pre.zip/pacchiano20a.pdf","13","14","Approximately optimal approximate reinforcement learning. 2:267–274","verified",""
"pre.zip/pacchiano20a.pdf","14","15","Auto-encoding variational bayes","verified",""
"pre.zip/pacchiano20a.pdf","16","17","Learning behavior styles with inverse reinforcement learning","verified",""
"pre.zip/pacchiano20a.pdf","17","18","Evolution through the Search for Novelty","verified",""
"pre.zip/pacchiano20a.pdf","18","19","Exploiting open-endedness to solve problems through the search for novelty","verified",""
"pre.zip/pacchiano20a.pdf","19","20","Simple random search of static linear policies is competitive for reinforcement learning","verified",""
"pre.zip/pacchiano20a.pdf","20","21","Universal kernels","verified",""
"pre.zip/pacchiano20a.pdf","21","22","Playing atari with deep reinforcement learning","verified",""
"pre.zip/pacchiano20a.pdf","22","23","Quality diversity: A new frontier for evolutionary computation","verified",""
"pre.zip/pacchiano20a.pdf","23","24","Nonlinear distributional gradient temporal-difference learning","verified",""
"pre.zip/pacchiano20a.pdf","24","25","Random features for large-scale kernel machines","verified",""
"pre.zip/pacchiano20a.pdf","25","26","On wasserstein reinforcement learning and the fokker-planck equation","verified",""
"pre.zip/pacchiano20a.pdf","26","27","An analysis of categorical distributional reinforcement learning","verified",""
"pre.zip/pacchiano20a.pdf","27","28","Statistics and samples in distributional reinforcement learning","verified",""
"pre.zip/pacchiano20a.pdf","28","29","Evolution strategies as a scalable alternative to reinforcement learning","verified",""
"pre.zip/pacchiano20a.pdf","29","30","Trust region policy optimization","verified",""
"pre.zip/pacchiano20a.pdf","30","31","Proximal policy optimization algorithms","verified",""
"pre.zip/pacchiano20a.pdf","31","32","Introduction to Reinforcement Learning","verified",""
"pre.zip/pacchiano20a.pdf","33","34","Optimal transport: Old and new","verified",""
"pre.zip/pacchiano20a.pdf","34","35","Simple statistical gradient-following algorithms for connectionist reinforcement learning","verified",""
"pre.zip/pacchiano20a.pdf","35","36","Policy optimization as wasserstein gradient flows","verified",""
"pre.zip/park20c.pdf","22","23","E","not_found","real"
"pre.zip/park20c.pdf","0","1","Regret bounds for the adaptive control of linear quadratic systems","verified",""
"pre.zip/park20c.pdf","1","2","Trajectory optimization for full-body movements with complex contacts","verified",""
"pre.zip/park20c.pdf","2","3","Optimal control: linear quadratic methods","verified",""
"pre.zip/park20c.pdf","3","4","Semidefinite programming duality and linear time-invariant systems","verified",""
"pre.zip/park20c.pdf","4","5","Two-point step size gradient methods","verified",""
"pre.zip/park20c.pdf","5","6","The theory of dynamic programming","verified",""
"pre.zip/park20c.pdf","6","7","Stochastic optimal control: the discrete-time case","verified",""
"pre.zip/park20c.pdf","8","9","Dynamic programming and optimal control","verified",""
"pre.zip/park20c.pdf","9","10","Adaptive linear quadratic control using policy iteration","verified",""
"pre.zip/park20c.pdf","10","11","Introduction to derivative-free optimization","verified",""
"pre.zip/park20c.pdf","11","12","Discrete-time Markov jump linear systems","verified",""
"pre.zip/park20c.pdf","12","13","The linear programming approach to approximate dynamic programming","verified",""
"pre.zip/park20c.pdf","13","14","On the sample complexity of the linear quadratic regulator","verified",""
"pre.zip/park20c.pdf","14","15","Resource allocation via dynamic programming in activity networks","verified",""
"pre.zip/park20c.pdf","15","16","Global convergence of policy gradient methods for the linear quadratic regulator","verified",""
"pre.zip/park20c.pdf","16","17","Online convex optimization in the bandit setting: gradient descent without a gradient","verified",""
"pre.zip/park20c.pdf","17","18","Optimal control of continuous time, markov, stochastic systems","verified",""
"pre.zip/park20c.pdf","18","19","An iterative technique for the computation of the steady state gains for the discrete optimal regulator","verified",""
"pre.zip/park20c.pdf","19","20","Efficient reinforcement learning for high dimensional linear quadratic systems","verified",""
"pre.zip/park20c.pdf","20","21","Krylov subspace methods for solving large lyapunov equations","verified",""
"pre.zip/park20c.pdf","21","22","A natural policy gradient","verified",""
"pre.zip/park20c.pdf","23","24","Optimal control with learned local models: Application to dexterous manipulation","verified",""
"pre.zip/park20c.pdf","25","26","Decentralized information and control: A network flow example","verified",""
"pre.zip/park20c.pdf","26","27","A schur method for solving algebraic riccati equations","verified",""
"pre.zip/park20c.pdf","27","28","Data center cooling using model-predictive control","verified",""
"pre.zip/park20c.pdf","28","29","Low rank solution of lyapunov equations","verified",""
"pre.zip/park20c.pdf","29","30","Sparse feedback synthesis via the alternating direction method of multipliers","verified",""
"pre.zip/park20c.pdf","30","31","Simple random search provides a competitive approach to reinforcement learning","verified",""
"pre.zip/park20c.pdf","31","32","Certainty equivalent control of lqr is efficient","verified",""
"pre.zip/park20c.pdf","32","33","Human-level control through deep reinforcement learning","verified",""
"pre.zip/park20c.pdf","33","34","Optimal advertising policy under dynamic conditions","verified",""
"pre.zip/park20c.pdf","34","35","Foundations of Computational Mathematics","verified",""
"pre.zip/park20c.pdf","35","36","Stochastic variance-reduced policy gradient","verified",""
"pre.zip/park20c.pdf","36","37","Proximal algorithms","verified",""
"pre.zip/park20c.pdf","37","38","Linear convergence of cyclic saga","verified",""
"pre.zip/park20c.pdf","38","39","Linear quadratic regulator for resource-efficient cloud services","verified",""
"pre.zip/park20c.pdf","39","40","Variable metric proximal gradient method with diagonal barzilai-borwein stepsize","verified",""
"pre.zip/park20c.pdf","40","41","Approximate Dynamic Programming: Solving the curses of dimensionality","verified",""
"pre.zip/park20c.pdf","41","42","A tour of reinforcement learning: The view from continuous control","verified",""
"pre.zip/park20c.pdf","42","43","Monotone operators and the proximal point algorithm","verified",""
"pre.zip/park20c.pdf","43","44","Survey of decentralized control methods for large scale systems","verified",""
"pre.zip/park20c.pdf","44","45","Dynamic modeling and control of supply chain systems: A review","verified",""
"pre.zip/park20c.pdf","45","46","Trust region policy optimization","verified",""
"pre.zip/park20c.pdf","46","47","Proximal policy optimization algorithms","verified",""
"pre.zip/park20c.pdf","47","48","Mastering the game of go with deep neural networks and tree search","verified",""
"pre.zip/park20c.pdf","48","49","Introduction to reinforcement learning","verified",""
"pre.zip/park20c.pdf","49","50","Synthesis and stabilization of complex behaviors through online trajectory optimization","verified",""
"pre.zip/park20c.pdf","50","51","Least-squares temporal difference learning for the linear quadratic regulator","verified",""
"pre.zip/park20c.pdf","51","52","On the stabilization of decentralized control systems","verified",""
"pre.zip/park20c.pdf","53","54","Random differential equations in control theory","verified",""
"pre.zip/park20c.pdf","54","55","Sparse reconstruction by separable approximation","verified",""
"pre.zip/park20c.pdf","55","56","A fast algorithm for sparse controller design","verified",""
"pre.zip/perekrestenko20a.pdf","3","4","A note on the generation of random normal deviates","mismatch","real"
"pre.zip/perekrestenko20a.pdf","7","8","On choosing and bounding probability metrics","mismatch","real"
"pre.zip/perekrestenko20a.pdf","0","1","Size-noise tradeoffs in generative networks","verified",""
"pre.zip/perekrestenko20a.pdf","1","2","Universal approximation bounds for superpositions of a sigmoidal function","verified",""
"pre.zip/perekrestenko20a.pdf","2","3","Generating sentences from a continuous space","verified",""
"pre.zip/perekrestenko20a.pdf","4","5","An elementary proof of the triangle inequality for the Wasserstein metric","verified",""
"pre.zip/perekrestenko20a.pdf","5","6","Sample-based non-uniform random variate generation","verified",""
"pre.zip/perekrestenko20a.pdf","6","7","Deep neural network approximation theory","verified",""
"pre.zip/perekrestenko20a.pdf","8","9","Generative adversarial nets","verified",""
"pre.zip/perekrestenko20a.pdf","9","10","A style-based generator architecture for generative adversarial networks","verified",""
"pre.zip/perekrestenko20a.pdf","10","11","Auto-encoding variational bayes","verified",""
"pre.zip/perekrestenko20a.pdf","11","12","On the ability of neural nets to express distributions","verified",""
"pre.zip/perekrestenko20a.pdf","12","13","A universal approximation theorem of deep neural networks for expressing distributions","verified",""
"pre.zip/perekrestenko20a.pdf","13","14","Computational optimal transport","verified",""
"pre.zip/perekrestenko20a.pdf","14","15","Unsupervised representation learning with deep convolutional generative adversarial networks","verified",""
"pre.zip/perekrestenko20a.pdf","15","16","Wasserstein auto-encoders","verified",""
"pre.zip/perekrestenko20a.pdf","16","17","Optimal transport: Old and new","verified",""
"pre.zip/perekrestenko20a.pdf","17","18","Diversity-promoting GAN: A cross-entropy based generative adversarial network for diversified text generation","verified",""
"pre.zip/qiu20a.pdf","16","17","Robust One-Bit Recovery via ReLU Generative Networks Ledig, C., Theis, L., Huszár, F., Caballero, J., Cunningham, A., Acosta, A., Aitken, A., Tejani, A., Totz, J., Wang, Z., et al. Photo-realistic single image super-resolution using a generative adversarial network","not_found","uncertain"
"pre.zip/qiu20a.pdf","0","1","One-bit compressed sensing with non-gaussian measurements","verified",""
"pre.zip/qiu20a.pdf","1","2","Fast probabilistic algorithms for Hamiltonian circuits and matchings","verified",""
"pre.zip/qiu20a.pdf","2","3","Why are deep nets reversible: A simple theory, with implications for training","verified",""
"pre.zip/qiu20a.pdf","3","4","The spiked matrix model with generative priors","verified",""
"pre.zip/qiu20a.pdf","4","5","Compressed sensing using generative models","verified",""
"pre.zip/qiu20a.pdf","5","6","Non-gaussian hyperplane tessellations and robust one-bit compressed sensing","verified",""
"pre.zip/qiu20a.pdf","6","7","Robust one-bit compressed sensing with partial circulant matrices","verified",""
"pre.zip/qiu20a.pdf","7","8","Towards understanding the invertibility of convolutional neural networks","verified",""
"pre.zip/qiu20a.pdf","8","9","Non-Gaussian observations in nonlinear compressed sensing via Stein discrepancies","verified",""
"pre.zip/qiu20a.pdf","9","10","Structured signal recovery from non-linear and heavy-tailed measurements","verified",""
"pre.zip/qiu20a.pdf","10","11","Learning a variational network for reconstruction of accelerated mri data","verified",""
"pre.zip/qiu20a.pdf","11","12","Global guarantees for blind demodulation with generative priors","verified",""
"pre.zip/qiu20a.pdf","12","13","Global guarantees for enforcing deep generative priors by empirical risk","verified",""
"pre.zip/qiu20a.pdf","13","14","Phase retrieval under a generative prior","verified",""
"pre.zip/qiu20a.pdf","14","15","A provably convergent scheme for compressive sensing under random generative priors","verified",""
"pre.zip/qiu20a.pdf","15","16","Robust 1-bit compressive sensing via binary stable embeddings of sparse vectors","verified",""
"pre.zip/qiu20a.pdf","17","18","Geometric understanding of deep learning","verified",""
"pre.zip/qiu20a.pdf","18","19","Information-theoretic lower bounds for compressive sensing with generative models","verified",""
"pre.zip/qiu20a.pdf","19","20","Multi-layer generalized linear estimation","verified",""
"pre.zip/qiu20a.pdf","20","21","Inference with deep generative priors in high dimensions","verified",""
"pre.zip/qiu20a.pdf","21","22","Robust 1-bit compressed sensing and sparse logistic regression: A convex programming approach","verified",""
"pre.zip/qiu20a.pdf","22","23","Dimension reduction by random hyperplane tessellations","verified",""
"pre.zip/qiu20a.pdf","23","24","High-dimensional estimation with geometric constraints","verified",""
"pre.zip/qiu20a.pdf","24","25","Amortised map inference for image super-resolution","verified",""
"pre.zip/qiu20a.pdf","25","26","The generalized lasso for sub-gaussian measurements with dithered quantization","verified",""
"pre.zip/qiu20a.pdf","26","27","On the statistical rate of nonlinear recovery in generative models with heavy-tailed data","verified",""
"pre.zip/qiu20a.pdf","27","28","Weak convergence and empirical processes: with applications to statistics","verified",""
"pre.zip/qiu20a.pdf","28","29","Partitions of n-space by hyperplanes","verified",""
"pre.zip/qiu20a.pdf","29","30","Quantized compressive sensing with rip matrices: The benefit of dithering","verified",""
"pre.zip/qiu20a.pdf","30","31","Dagan: Deep de-aliasing generative adversarial networks for fast compressed sensing mri reconstruction","verified",""
"pre.zip/qiu20a.pdf","31","32","Semantic image inpainting with deep generative models","verified",""
"pre.zip/qiu20a.pdf","32","33","Efficient algorithms for robust one-bit compressive sensing","verified",""
"pre.zip/qiu20a.pdf","33","34","Towards a lower sample complexity for robust one-bit compressed sensing","verified",""
"pre.zip/rajagopal20a.pdf","4","5","moDNN: MuPPET: A precision-switching strategy for quantised fixed-point training of CNNs Memory Optimal Deep Neural Network Training on Graphics Processing Units","not_found","uncertain"
"pre.zip/rajagopal20a.pdf","16","17","Training Deep Models Faster with Robust, Approximate Importance Sampling","mismatch","real"
"pre.zip/rajagopal20a.pdf","0","1","QSGD: Communication-Efficient SGD via Gradient Quantization and Encoding","verified",""
"pre.zip/rajagopal20a.pdf","1","2","RTX ON – The NVIDIA TURING GPU","verified",""
"pre.zip/rajagopal20a.pdf","2","3","Efficient Architecture Search by Network Transformation","verified",""
"pre.zip/rajagopal20a.pdf","3","4","FxpNet: Training deep convolutional neural network in fixed-point representation","verified",""
"pre.zip/rajagopal20a.pdf","5","6","Analysis of DAWNBench, a Time-to-Accuracy Machine Learning Performance Benchmark","verified",""
"pre.zip/rajagopal20a.pdf","6","7","Training deep neural networks with low precision multiplications","verified",""
"pre.zip/rajagopal20a.pdf","7","8","Understanding and Optimizing Asynchronous Low-Precision Stochastic Gradient Descent","verified",""
"pre.zip/rajagopal20a.pdf","8","9","Taming the Wild: A Unified Analysis of Hogwild-Style Algorithms","verified",""
"pre.zip/rajagopal20a.pdf","9","10","ImageNet: A Large-Scale Hierarchical Image Database","verified",""
"pre.zip/rajagopal20a.pdf","10","11","AdaBatch: Adaptive Batch Sizes for Training Deep Neural Networks","verified",""
"pre.zip/rajagopal20a.pdf","11","12","A Configurable Cloud-Scale DNN Processor for Real-Time AI","verified",""
"pre.zip/rajagopal20a.pdf","12","13","DevNet: A Deep Event Network for Multimedia Event Detection and Evidence Recounting","verified",""
"pre.zip/rajagopal20a.pdf","13","14","Deep Learning with Limited Numerical Precision","verified",""
"pre.zip/rajagopal20a.pdf","15","16","Densely Connected Convolutional Networks","verified",""
"pre.zip/rajagopal20a.pdf","17","18","In-Datacenter Performance Analysis of a Tensor Processing Unit","verified",""
"pre.zip/rajagopal20a.pdf","19","20","Learning to Fly by MySelf: A Self-Supervised CNN-Based Approach for Autonomous Navigation","verified",""
"pre.zip/rajagopal20a.pdf","20","21","CascadeCNN: Pushing the Performance Limits of Quantisation in Convolutional Neural Networks","verified",""
"pre.zip/rajagopal20a.pdf","21","22","Microsoft COCO: Common Objects in Context","verified",""
"pre.zip/rajagopal20a.pdf","22","23","DroNet: Learning to Fly by Driving","verified",""
"pre.zip/rajagopal20a.pdf","23","24","Mixed Precision Training","verified",""
"pre.zip/rajagopal20a.pdf","24","25","Multilevel Optimization: Algorithms and Applications","verified",""
"pre.zip/rajagopal20a.pdf","25","26","Accelerating Minibatch Stochastic Gradient Descent using Typicality Sampling","verified",""
"pre.zip/rajagopal20a.pdf","26","27","vDNN: Virtualized Deep Neural Networks for Scalable, Memory-efficient Neural Network Design","verified",""
"pre.zip/rajagopal20a.pdf","27","28","Efficient Processing of Deep Neural Networks: A Tutorial and Survey","verified",""
"pre.zip/rajagopal20a.pdf","28","29","Inception-v4, Inception-ResNet and the Impact of Residual Connections on Learning","verified",""
"pre.zip/rajagopal20a.pdf","29","30","Training Deep Neural Networks with 8-bit Floating Point Numbers","verified",""
"pre.zip/rajagopal20a.pdf","30","31","Gradient Diversity: a Key Ingredient for Scalable Distributed Learning","verified",""
"pre.zip/rajagopal20a.pdf","31","32","Practical Block-Wise Neural Network Architecture Generation","verified",""
"pre.zip/rajagopal20a.pdf","32","33","DoReFa-Net: Training Low Bitwidth Convolutional Neural Networks with Low Bitwidth Gradients","verified",""
"pre.zip/ravanbakhsh20a.pdf","0","1","Incidence networks for geometric deep learning","verified",""
"pre.zip/ravanbakhsh20a.pdf","1","2","Invariant scattering convolution networks","verified",""
"pre.zip/ravanbakhsh20a.pdf","2","3","Theory of groups of finite order","verified",""
"pre.zip/ravanbakhsh20a.pdf","3","4","Group equivariant convolutional networks","verified",""
"pre.zip/ravanbakhsh20a.pdf","4","5","Steerable cnns","verified",""
"pre.zip/ravanbakhsh20a.pdf","5","6","Spherical cnns","verified",""
"pre.zip/ravanbakhsh20a.pdf","6","7","Gauge equivariant convolutional networks and the icosa-hedral cnn","verified",""
"pre.zip/ravanbakhsh20a.pdf","7","8","Approximation by superpositions of a sig-moidal function","verified",""
"pre.zip/ravanbakhsh20a.pdf","8","9","Transformation groups and representation theory","verified",""
"pre.zip/ravanbakhsh20a.pdf","9","10","Exploiting cyclic symmetry in convolutional neural networks","verified",""
"pre.zip/ravanbakhsh20a.pdf","10","11","On the approximate realization of continuous mappings by neural networks","verified",""
"pre.zip/ravanbakhsh20a.pdf","12","13","Deep models for relational databases","verified",""
"pre.zip/ravanbakhsh20a.pdf","13","14","Deep models of interactions across sets","verified",""
"pre.zip/ravanbakhsh20a.pdf","14","15","Transforming auto-encoders","verified",""
"pre.zip/ravanbakhsh20a.pdf","15","16","Matrix capsules with em routing","verified",""
"pre.zip/ravanbakhsh20a.pdf","16","17","Multilayer feedforward networks are universal approximators","verified",""
"pre.zip/ravanbakhsh20a.pdf","18","19","Universal invariant and equiv-ariant graph neural networks","verified",""
"pre.zip/ravanbakhsh20a.pdf","19","20","On the generalization of equivariance and convolution in neural networks to the action of compact groups","verified",""
"pre.zip/ravanbakhsh20a.pdf","20","21","Covariant compositional networks for learning graphs","verified",""
"pre.zip/ravanbakhsh20a.pdf","21","22","Group equivariant capsule networks","verified",""
"pre.zip/ravanbakhsh20a.pdf","22","23","Group invariant scattering","verified",""
"pre.zip/ravanbakhsh20a.pdf","23","24","Invariant and equivariant graph networks","verified",""
"pre.zip/ravanbakhsh20a.pdf","24","25","On the universality of invariant networks","verified",""
"pre.zip/ravanbakhsh20a.pdf","25","26","On learning sets of symmetric elements","verified",""
"pre.zip/ravanbakhsh20a.pdf","26","27","Perceptrons: An introduction to computational geometry","verified",""
"pre.zip/ravanbakhsh20a.pdf","27","28","The subgroups of m24, or how to compute the table of marks of a finite group","verified",""
"pre.zip/ravanbakhsh20a.pdf","28","29","Equivariance through parameter-sharing","verified",""
"pre.zip/ravanbakhsh20a.pdf","29","30","An introduction to the theory of groups","verified",""
"pre.zip/ravanbakhsh20a.pdf","30","31","Dynamic routing between capsules","verified",""
"pre.zip/ravanbakhsh20a.pdf","31","32","Universal approximations of permutation invariant/equivariant functions by deep neural networks","verified",""
"pre.zip/ravanbakhsh20a.pdf","32","33","On universal equivariant set networks","verified",""
"pre.zip/ravanbakhsh20a.pdf","33","34","Building symmetries into feedforward networks","verified",""
"pre.zip/ravanbakhsh20a.pdf","34","35","Symmetries and discriminability in feed-forward network architectures","verified",""
"pre.zip/ravanbakhsh20a.pdf","35","36","Algorithms in invariant theory","verified",""
"pre.zip/ravanbakhsh20a.pdf","36","37","General e (2)-equivariant steerable cnns","verified",""
"pre.zip/ravanbakhsh20a.pdf","37","38","Invariant pattern recognition: a review","verified",""
"pre.zip/ravanbakhsh20a.pdf","38","39","Representation theory and invariant neural networks","verified",""
"pre.zip/ravanbakhsh20a.pdf","39","40","Harmonic networks: Deep translation and rotation equivariance","verified",""
"pre.zip/ravanbakhsh20a.pdf","40","41","Universal approximations of invariant maps by neural networks","verified",""
"pre.zip/rezende20a.pdf","5","6","Biometrika","not_found","real"
"pre.zip/rezende20a.pdf","14","15","Numerically stable sampling of the von Mises Fisher distribution on S2 (and other tricks)","not_found","real"
"pre.zip/rezende20a.pdf","16","17","Möbius transformation Normalizing Flows on Tori and Spheres and a Cauchy family on the sphere","not_found","uncertain"
"pre.zip/rezende20a.pdf","0","1","Sequential Monte Carlo methods in practice","verified",""
"pre.zip/rezende20a.pdf","2","3","Hyperspherical variational auto-encoders","verified",""
"pre.zip/rezende20a.pdf","3","4","Density estimation using Real NVP","verified",""
"pre.zip/rezende20a.pdf","6","7","Cubic-spline flows","verified",""
"pre.zip/rezende20a.pdf","7","8","Explorations in home-omorphic variational auto-encoding","verified",""
"pre.zip/rezende20a.pdf","8","9","Repa-rameterizing distributions on Lie groups","verified",""
"pre.zip/rezende20a.pdf","9","10","Rigid motion estimation using mixtures of projected Gaussians","verified",""
"pre.zip/rezende20a.pdf","10","11","Dispersion on a sphere","verified",""
"pre.zip/rezende20a.pdf","11","12","The generalized von Mises distribution","verified",""
"pre.zip/rezende20a.pdf","12","13","Normalizing flows on Riemannian manifolds","verified",""
"pre.zip/rezende20a.pdf","13","14","Sampling realistic protein conformations using local structural bias","verified",""
"pre.zip/rezende20a.pdf","15","16","Spatial analysis of wave direction data using wrapped Gaussian processes","verified",""
"pre.zip/rezende20a.pdf","17","18","A circular–circular regression model","verified",""
"pre.zip/rezende20a.pdf","18","19","The Fisher–Bingham distribution on the sphere","verified",""
"pre.zip/rezende20a.pdf","19","20","Adam: A method for stochastic optimization","verified",""
"pre.zip/rezende20a.pdf","20","21","Improved variational inference with inverse autoregressive flow","verified",""
"pre.zip/rezende20a.pdf","21","22","Foundations of differential geometry","verified",""
"pre.zip/rezende20a.pdf","22","23","Monte Carlo strategies in scientific computing","verified",""
"pre.zip/rezende20a.pdf","24","25","Protein bioinformatics and mixtures of bivariate von Mises distributions for angular data","verified",""
"pre.zip/rezende20a.pdf","25","26","A multivariate von Mises distribution with applications to bioinformatics","verified",""
"pre.zip/rezende20a.pdf","26","27","Continuous hierarchical representations with Poincaré variational auto-encoders","verified",""
"pre.zip/rezende20a.pdf","27","28","Neural importance sampling","verified",""
"pre.zip/rezende20a.pdf","28","29","The multivariate generalised von Mises distribution: Inference and applications","verified",""
"pre.zip/rezende20a.pdf","29","30","Masked autoregressive flow for density estimation","verified",""
"pre.zip/rezende20a.pdf","30","31","Normalizing flows for probabilistic modeling and inference","verified",""
"pre.zip/rezende20a.pdf","31","32","Fitting mixtures of Kent distributions to aid in joint set identification","verified",""
"pre.zip/rezende20a.pdf","32","33","Variational inference with normalizing flows","verified",""
"pre.zip/rezende20a.pdf","33","34","A Jacobian inequality for gradient maps on the sphere and its application to directional statistics","verified",""
"pre.zip/rezende20a.pdf","34","35","Directional grid maps: modeling multimodal angular uncertainty in dynamic environments","verified",""
"pre.zip/rezende20a.pdf","35","36","A smoothed backbone-dependent rotamer library for proteins derived from adaptive kernel density estimates and regressions","verified",""
"pre.zip/rezende20a.pdf","36","37","A family of nonparametric density estimation algorithms","verified",""
"pre.zip/rezende20a.pdf","37","38","Generalized Euler angle parametrization for SU (N)","verified",""
"pre.zip/rezende20a.pdf","38","39","Generalized Euler angle parameterization for U (N) with applications to SU (N) coset volume measures","verified",""
"pre.zip/rezende20a.pdf","39","40","Directional data analysis under the general projected normal distribution","verified",""
"pre.zip/rezende20a.pdf","40","41","Extensions of probability distributions on torus, cylinder and disc","verified",""
"pre.zip/rezende20a.pdf","41","42","Riemannian normalizing flow on variational Wasserstein autoencoder for text modeling","verified",""
"pre.zip/rezende20a.pdf","42","43","A Wasserstein minimum velocity approach to learning un-normalized models","verified",""
"pre.zip/rezende20a.pdf","43","44","Quantum theory, groups and representations: An introduction","verified",""
"pre.zip/romero20b.pdf","0","1","Langlois, T., Amaral, J. D., and Redol, R. A. Online step size adaptation","not_found","real"
"pre.zip/romero20b.pdf","14","15","Mémoire sur le problème d’analyse relatifà l’équilibre des plaquesélastiques encastrée","not_found","real"
"pre.zip/romero20b.pdf","19","20","A topological property of real analytic subsets (in French)","not_found","real"
"pre.zip/romero20b.pdf","1","2","Gradient Flows in Metric Spaces and in the Space of Probability Measures","verified",""
"pre.zip/romero20b.pdf","2","3","A mean field games approach to cluster analysis","verified",""
"pre.zip/romero20b.pdf","3","4","The Łojasiewicz inequality for nonsmooth subanalytic functions with applications to subgradient dynamical systems","verified",""
"pre.zip/romero20b.pdf","4","5","A class of methods for unconstrained minimization based on stable numerical integration techniques","verified",""
"pre.zip/romero20b.pdf","5","6","Differential gradient methods","verified",""
"pre.zip/romero20b.pdf","6","7","Dynamical systems that sort lists, diagonalize matrices and solve linear programming problems","verified",""
"pre.zip/romero20b.pdf","7","8","Some effective methods for unconstrained optimization based on the solution of systems of ordinary differential equations","verified",""
"pre.zip/romero20b.pdf","8","9","Finite-time convergent gradient flows with applications to network consensus","verified",""
"pre.zip/romero20b.pdf","9","10","Variational methods for the solution of problems of equilibrium and vibrations","verified",""
"pre.zip/romero20b.pdf","10","11","Lecture notes on gradient flows and optimal transport, pp","verified",""
"pre.zip/romero20b.pdf","11","12","Global existence and convergence of solutions to gradient systems and applications to yang-mills gradient flow","verified",""
"pre.zip/romero20b.pdf","12","13","ADMM and accelerated ADMM as continuous dynamical systems","verified",""
"pre.zip/romero20b.pdf","13","14","A dynamical systems perspective on nonsmooth constrained optimization","verified",""
"pre.zip/romero20b.pdf","16","17","Linear convergence of gradient and proximal-gradient methods under the Polyak-łojasiewicz condition","verified",""
"pre.zip/romero20b.pdf","18","19","Deep learning theory review: An optimal control and dynamical systems perspective","verified",""
"pre.zip/romero20b.pdf","20","21","Ensembles semi-analytiques","verified",""
"pre.zip/romero20b.pdf","21","22","On the gradient inequality","verified",""
"pre.zip/romero20b.pdf","23","24","An explicit bound for the Łojasiewicz exponent of real polynomials","verified",""
"pre.zip/romero20b.pdf","24","25","Lyapunov functions for convergence of principal component algorithms","verified",""
"pre.zip/romero20b.pdf","25","26","Gradient methods for the minimisation of func-tionals (in Russian)","verified",""
"pre.zip/romero20b.pdf","26","27","Connecting lyapunov control theory to adversarial attacks","verified",""
"pre.zip/romero20b.pdf","27","28","Convergence of the expectation-maximization algorithm through discrete-time lyapunov stability theory","verified",""
"pre.zip/romero20b.pdf","28","29","Using dynamical systems methods to solve minimization problems","verified",""
"pre.zip/romero20b.pdf","29","30","A new and dynamic method for unconstrained minimization","verified",""
"pre.zip/romero20b.pdf","30","31","An improved version of the original leapfrog dynamic method for unconstrained minimization: LFOP1(b)","verified",""
"pre.zip/romero20b.pdf","31","32","A differential equation for modeling Nesterov’s accelerated gradient method: Theory and insights","verified",""
"pre.zip/romero20b.pdf","32","33","A control perspective for centralized and distributed convex optimization","verified",""
"pre.zip/romero20b.pdf","33","34","A variational perspective on accelerated methods in optimization","verified",""
"pre.zip/romero20b.pdf","34","35","Accelerating rescaled gradient descent: Fast optimization of smooth functions","verified",""
"pre.zip/romero20b.pdf","35","36","The use of differential equations in optimization","verified",""
"pre.zip/romero20b.pdf","36","37","An optimal control view of adversarial machine learning","verified",""
"pre.zip/saha20c.pdf","18","19","and Bradley, M. A. Data collection methods","not_found","real"
"pre.zip/saha20c.pdf","21","22","","not_found","real"
"pre.zip/saha20c.pdf","0","1","A new look at the statistical model identification","verified",""
"pre.zip/saha20c.pdf","2","3","Big data’s disparate impact","verified",""
"pre.zip/saha20c.pdf","3","4","Research on teaching and learning probability","verified",""
"pre.zip/saha20c.pdf","4","5","Ai fairness 360: An extensible toolkit for detecting and mitigating algorithmic bias","verified",""
"pre.zip/saha20c.pdf","5","6","Fairness in machine learning: Lessons from political philosophy","verified",""
"pre.zip/saha20c.pdf","6","7","‘It’s reducing a human being to a percentage’: Perceptions of justice in algorithmic decisions","verified",""
"pre.zip/saha20c.pdf","8","9","Semantics derived automatically from language corpora contain human-like biases","verified",""
"pre.zip/saha20c.pdf","9","10","Fair prediction with disparate impact: A study of bias in recidivism prediction instruments","verified",""
"pre.zip/saha20c.pdf","10","11","The frontiers of fairness in machine learning","verified",""
"pre.zip/saha20c.pdf","11","12","Automated experiments on ad privacy settings","verified",""
"pre.zip/saha20c.pdf","12","13","The Cambridge Dictionary of Statistics","verified",""
"pre.zip/saha20c.pdf","13","14","The future of employment: How susceptible are jobs to computerisation?","verified",""
"pre.zip/saha20c.pdf","14","15","Simple tools for understanding risks: from innumeracy to insight","verified",""
"pre.zip/saha20c.pdf","15","16","Helping doctors and patients make sense of health statistics","verified",""
"pre.zip/saha20c.pdf","16","17","Human perceptions of fairness in algorithmic decision making: A case study of criminal risk prediction","verified",""
"pre.zip/saha20c.pdf","17","18","Equality of opportunity in supervised learning","verified",""
"pre.zip/saha20c.pdf","19","20","An empirical study on the perceived fairness of realistic, imperfect machine learning models","verified",""
"pre.zip/saha20c.pdf","20","21","Providing information for decision making: Contrasting description and simulation","verified",""
"pre.zip/saha20c.pdf","23","24","Understanding perception of algorithmic decisions: Fairness, trust, and emotion in response to algorithmic management","verified",""
"pre.zip/saha20c.pdf","24","25","Algorithmic mediation in group decisions: Fairness perceptions of algorithmically mediated vs. discussion-based social division","verified",""
"pre.zip/saha20c.pdf","25","26","Procedural justice in algorithmic fairness: Leveraging transparency and outcome control for fair algorithmic mediation","verified",""
"pre.zip/saha20c.pdf","26","27","The mythos of model interpretability","verified",""
"pre.zip/saha20c.pdf","28","29","Exploring user perceptions of discrimination in online targeted advertising","verified",""
"pre.zip/saha20c.pdf","29","30","On fairness and calibration","verified",""
"pre.zip/saha20c.pdf","30","31","A Theory of Justice","verified",""
"pre.zip/saha20c.pdf","31","32","How well do my results generalize? comparing security and privacy survey results from mturk, web, and telephone samples","verified",""
"pre.zip/saha20c.pdf","32","33","Why should i trust you?: Explaining the predictions of any classifier","verified",""
"pre.zip/saha20c.pdf","33","34","How do fairness definitions fare? Testing public attitudes towards three algorithmic definitions of fairness in loan allocations","verified",""
"pre.zip/saha20c.pdf","34","35","The what-if tool: Interactive probing of machine learning models","verified",""
"pre.zip/saha20c.pdf","35","36","A qualitative exploration of perceptions of algorithmic fairness","verified",""
"pre.zip/sakryukin20a.pdf","1","2","Neural Inferring DQN structure for high-dimensional continuous control module networks","not_found","uncertain"
"pre.zip/sakryukin20a.pdf","0","1","Learning to compose neural networks for question answering","verified",""
"pre.zip/sakryukin20a.pdf","2","3","Modular multitask reinforcement learning with policy sketches","verified",""
"pre.zip/sakryukin20a.pdf","3","4","Efficient exploration through bayesian deep q-networks","verified",""
"pre.zip/sakryukin20a.pdf","4","5","Using dynamic time warping to find patterns in time series","verified",""
"pre.zip/sakryukin20a.pdf","5","6","Estimating risk and uncertainty in deep reinforcement learning","verified",""
"pre.zip/sakryukin20a.pdf","6","7","Learning modular neural network policies for multi-task and multi-robot transfer","verified",""
"pre.zip/sakryukin20a.pdf","7","8","Deep reinforcement learning in large discrete action spaces","verified",""
"pre.zip/sakryukin20a.pdf","8","9","Noisy networks for exploration","verified",""
"pre.zip/sakryukin20a.pdf","9","10","Learning and transfer of modulated locomotor controllers","verified",""
"pre.zip/sakryukin20a.pdf","10","11","Learning to reason: End-to-end module networks for visual question answering","verified",""
"pre.zip/sakryukin20a.pdf","11","12","Review on determining number of cluster in k-means clustering","verified",""
"pre.zip/sakryukin20a.pdf","12","13","Deep reinforcement learning for dialogue generation","verified",""
"pre.zip/sakryukin20a.pdf","13","14","Independent reinforcement learners in cooperative markov games: a survey regarding coordination problems","verified",""
"pre.zip/sakryukin20a.pdf","14","15","Discrete sequential prediction of continuous actions for deep rl","verified",""
"pre.zip/sakryukin20a.pdf","15","16","Human-level control through deep reinforcement learning","verified",""
"pre.zip/sakryukin20a.pdf","16","17","Deep exploration via bootstrapped dqn","verified",""
"pre.zip/sakryukin20a.pdf","17","18","Generalized value functions for large action sets","verified",""
"pre.zip/sakryukin20a.pdf","18","19","Survey of model-based reinforcement learning: Applications on robotics","verified",""
"pre.zip/sakryukin20a.pdf","19","20","Multiagent cooperation and competition with deep reinforcement learning","verified",""
"pre.zip/sakryukin20a.pdf","20","21","Action branching architectures for deep reinforcement learning","verified",""
"pre.zip/sakryukin20a.pdf","21","22","Mujoco: A physics engine for model-based control","verified",""
"pre.zip/sakryukin20a.pdf","22","23","Deep reinforcement learning with double q-learning","verified",""
"pre.zip/sakryukin20a.pdf","23","24","Dueling network architectures for deep reinforcement learning","verified",""
"pre.zip/sakryukin20a.pdf","24","25","Action-decision networks for visual tracking with deep reinforcement learning","verified",""
"pre.zip/tam20a.pdf","4","5","Algorithms for partitioning of graphs and computer logic based on eigenvectors of connection matrices","not_found","real"
"pre.zip/tam20a.pdf","22","23","Spectral and algebraic graph theory","not_found","real"
"pre.zip/tam20a.pdf","1","2","Convex optimization of graph laplacian eigenvalues","verified",""
"pre.zip/tam20a.pdf","2","3","Enhancing sparsity by reweighted ℓ1 minimization","verified",""
"pre.zip/tam20a.pdf","5","6","Adaptive subgradi-ent methods for online learning and stochastic optimization","verified",""
"pre.zip/tam20a.pdf","6","7","A selective overview of deep learning","verified",""
"pre.zip/tam20a.pdf","8","9","Generating sequences with recurrent neural networks","verified",""
"pre.zip/tam20a.pdf","9","10","New spectral methods for ratio cut partitioning and clustering","verified",""
"pre.zip/tam20a.pdf","10","11","An r-dimensional quadratic placement algorithm","verified",""
"pre.zip/tam20a.pdf","11","12","Improving neural networks by preventing co-adaptation of feature detectors","verified",""
"pre.zip/tam20a.pdf","13","14","Eigenvalue inequalities and equalities","verified",""
"pre.zip/tam20a.pdf","14","15","Graph laplacian regularized graph convolutional networks for semi-supervised learning","verified",""
"pre.zip/tam20a.pdf","15","16","Adam: A method for stochastic optimization","verified",""
"pre.zip/tam20a.pdf","16","17","Semi-supervised classification with graph convolutional networks","verified",""
"pre.zip/tam20a.pdf","17","18","Sparse online learning via truncated gradient","verified",""
"pre.zip/tam20a.pdf","18","19","The matrix cookbook","verified",""
"pre.zip/tam20a.pdf","19","20","Posterior concentration for sparse deep learning","verified",""
"pre.zip/tam20a.pdf","20","21","An overview of gradient descent optimization algorithms","verified",""
"pre.zip/tam20a.pdf","21","22","Group sparse regularization for deep neural networks","verified",""
"pre.zip/tam20a.pdf","23","24","Dropout: a simple way to prevent neural networks from overfitting","verified",""
"pre.zip/tam20a.pdf","24","25","The fastest mixing markov process on a graph and a connection to a maximum variance unfolding problem","verified",""
"pre.zip/tam20a.pdf","25","26","Regression shrinkage and selection via the lasso","verified",""
"pre.zip/tam20a.pdf","26","27","Understanding priors in bayesian neural networks at the unit level","verified",""
"pre.zip/tam20a.pdf","27","28","Regularization of neural networks using dropconnect","verified",""
"pre.zip/tam20a.pdf","28","29","The cancer genome atlas pan-cancer analysis project","verified",""
"pre.zip/tam20a.pdf","29","30","Deep graph laplacian regularization for robust denoising of real images","verified",""
"pre.zip/tam20a.pdf","30","31","The adaptive lasso and its oracle properties","verified",""
"pre.zip/wang20s.pdf","27","28","Do deep generative models know what they don’t know? In 7th International Conference on Learning Representations, ICLR 2019","not_found","real"
"pre.zip/wang20s.pdf","0","1","Stochastic processes with applications","verified",""
"pre.zip/wang20s.pdf","1","2","Multi-task gaussian process prediction","verified",""
"pre.zip/wang20s.pdf","2","3","Rates of convergence for sparse variational gaussian process regression","verified",""
"pre.zip/wang20s.pdf","3","4","Variational auto-encoded deep gaussian processes","verified",""
"pre.zip/wang20s.pdf","4","5","Pilco: A model-based and data-efficient approach to policy search","verified",""
"pre.zip/wang20s.pdf","5","6","Scalable inference for gaussian process models with black-box likelihoods","verified",""
"pre.zip/wang20s.pdf","6","7","Predicting chemical parameters of river water quality from bioindicator data","verified",""
"pre.zip/wang20s.pdf","7","8","Neural scene representation and rendering","verified",""
"pre.zip/wang20s.pdf","8","9","Dropout as a bayesian approximation: Representing model uncertainty in deep learning","verified",""
"pre.zip/wang20s.pdf","9","10","Improving pilco with bayesian neural network dynamics models","verified",""
"pre.zip/wang20s.pdf","10","11","Conditional neural processes","verified",""
"pre.zip/wang20s.pdf","11","12","Neural processes","verified",""
"pre.zip/wang20s.pdf","12","13","Convolutional conditional neural processes","verified",""
"pre.zip/wang20s.pdf","13","14","Scalable variational gaussian process classification","verified",""
"pre.zip/wang20s.pdf","14","15","Probabilistic backpropagation for scalable learning of bayesian neural networks","verified",""
"pre.zip/wang20s.pdf","15","16","beta-vae: Learning basic visual concepts with a constrained variational framework","verified",""
"pre.zip/wang20s.pdf","16","17","An approximate epistemic uncertainty analysis approach in the presence of epistemic and aleatory uncertainties","verified",""
"pre.zip/wang20s.pdf","17","18","Attentive neural processes","verified",""
"pre.zip/wang20s.pdf","18","19","Stochastic gradient vb and the variational auto-encoder","verified",""
"pre.zip/wang20s.pdf","19","20","A probabilistic u-net for segmentation of ambiguous images","verified",""
"pre.zip/wang20s.pdf","20","21","Simple and scalable predictive uncertainty estimation using deep ensembles","verified",""
"pre.zip/wang20s.pdf","21","22","Deep learning","verified",""
"pre.zip/wang20s.pdf","22","23","Bayesian compression for deep learning","verified",""
"pre.zip/wang20s.pdf","23","24","The functional neural process","verified",""
"pre.zip/wang20s.pdf","24","25","Variational implicit processes","verified",""
"pre.zip/wang20s.pdf","25","26","Auxiliary deep generative models","verified",""
"pre.zip/wang20s.pdf","26","27","Heterogeneous multi-output gaussian process prediction","verified",""
"pre.zip/wang20s.pdf","28","29","Stochastic differential equations: an introduction with applications","verified",""
"pre.zip/wang20s.pdf","29","30","Gaussian processes in machine learning","verified",""
"pre.zip/wang20s.pdf","30","31","Stochastic backpropagation and approximate inference in deep generative models","verified",""
"pre.zip/wang20s.pdf","31","32","On the connection between neural processes and gaussian processes with deep kernels","verified",""
"pre.zip/wang20s.pdf","32","33","Doubly stochastic vari-ational inference for deep gaussian processes","verified",""
"pre.zip/wang20s.pdf","33","34","Deep gaussian processes with importance-weighted variational inference","verified",""
"pre.zip/wang20s.pdf","35","36","Sparse gaussian processes using pseudo-inputs","verified",""
"pre.zip/wang20s.pdf","37","38","Learning structured output representation using deep conditional generative models","verified",""
"pre.zip/wang20s.pdf","38","39","How to train deep variational autoencoders and probabilistic ladder networks","verified",""
"pre.zip/wang20s.pdf","39","40","Multi-target regression via input space expansion: treating targets as inputs","verified",""
"pre.zip/wang20s.pdf","40","41","Functional variational bayesian neural networks","verified",""
"pre.zip/wang20s.pdf","41","42","Uncertainty aware learning from demonstrations in multiple contexts using bayesian neural networks","verified",""
"pre.zip/wang20s.pdf","42","43","Variational learning of inducing variables in sparse gaussian processes","verified",""
"pre.zip/wang20s.pdf","43","44","Bayesian gaussian process latent variable model","verified",""
"pre.zip/wang20s.pdf","44","45","Doubly stochastic variational bayes for non-conjugate inference","verified",""
"pre.zip/wang20s.pdf","45","46","Variational gaussian process","verified",""
"pre.zip/wang20s.pdf","46","47","Hierarchical implicit models and likelihood-free variational inference","verified",""
"pre.zip/wang20s.pdf","47","48","Variational dependent multi-output gaussian process dynamical systems","verified",""
"pre.zip/wei20b.pdf","10","11","A frst-order primal-dual algo­","not_found","real"
"pre.zip/wei20b.pdf","16","17","Image deblurring by augmented lagrangian with bm3d frame prior","not_found","real"
"pre.zip/wei20b.pdf","42","43","","not_found","uncertain"
"pre.zip/wei20b.pdf","43","44","Effcient mr image re­","not_found","uncertain"
"pre.zip/wei20b.pdf","44","45","Medical Image Analysis, 15:135–142","not_found","uncertain"
"pre.zip/wei20b.pdf","108","109","Image restoration by iterative de­","not_found","uncertain"
"pre.zip/wei20b.pdf","116","117","A fast alternating direc­","not_found","uncertain"
"pre.zip/wei20b.pdf","40","41","Flexisp: A fexible camera image processing framework","mismatch","real"
"pre.zip/wei20b.pdf","106","107","Image restoration and reconstruction using variable split­ ting and class-adapted image priors","mismatch","real"
"pre.zip/wei20b.pdf","4","5","A fast iterative shrinkage-thresholding algorithm for linear inverse problems","verified",""
"pre.zip/wei20b.pdf","5","6","Distributed optimization and statistical learning via the alternating direction method of multipliers","verified",""
"pre.zip/wei20b.pdf","8","9","Phase retrieval via wirtinger fow: Theory and algorithms","verified",""
"pre.zip/wei20b.pdf","9","10","Phase retrieval from coded diffraction patterns","verified",""
"pre.zip/wei20b.pdf","12","13","Performance analysis of plug-and-play admm: A graph signal processing perspective","verified",""
"pre.zip/wei20b.pdf","13","14","Plug-and-play admm for image restoration: Fixed-point convergence and applications","verified",""
"pre.zip/wei20b.pdf","14","15","Momentumnet: Fast and convergent iterative neu­ ral network for inverse problems","verified",""
"pre.zip/wei20b.pdf","15","16","Image denoising by sparse 3-d transform-domain collaborative fltering","verified",""
"pre.zip/wei20b.pdf","19","20","Unrolled optimization with deep priors","verified",""
"pre.zip/wei20b.pdf","20","21","Denoising prior driven deep neural network for image restoration","verified",""
"pre.zip/wei20b.pdf","21","22","Decoupled algorithm for mri reconstruction using nonlocal block matching model: Bm3d-mri","verified",""
"pre.zip/wei20b.pdf","24","25","Generalized sure for exponential families: Ap­","verified",""
"pre.zip/wei20b.pdf","26","27","A general framework for a class of frst order primal-dual algorithms for con­ vex optimization in imaging science","verified",""
"pre.zip/wei20b.pdf","27","28","The pascal visual object classes challenge: A retrospective","verified",""
"pre.zip/wei20b.pdf","28","29","Model-based image reconstruction for mri","verified",""
"pre.zip/wei20b.pdf","29","30","Phase retrieval algorithms: a comparison","verified",""
"pre.zip/wei20b.pdf","30","31","Fully convolutional network with multi-step reinforcement learning for image processing","verified",""
"pre.zip/wei20b.pdf","32","33","Nonlinear image recovery with half-quadratic regularization","verified",""
"pre.zip/wei20b.pdf","33","34","The projected gsure for automatic parameter tuning in iterative shrinkage meth­ ods","verified",""
"pre.zip/wei20b.pdf","34","35","Generalized cross-validation as a method for choosing a good ridge parame­ ter","verified",""
"pre.zip/wei20b.pdf","35","36","Learning fast approximations of sparse coding","verified",""
"pre.zip/wei20b.pdf","36","37","Weighted nuclear norm minimization and its applications to low level vision","verified",""
"pre.zip/wei20b.pdf","37","38","The use of the l-curve in the regularization of discrete ill-posed problems","verified",""
"pre.zip/wei20b.pdf","38","39","Optimizing a parameterized plug-and-play admm for iterative low-dose ct reconstruc­ tion","verified",""
"pre.zip/wei20b.pdf","39","40","Deep residual learning for image recognition","verified",""
"pre.zip/wei20b.pdf","45","46","Learning to paint with model-based deep reinforcement learning","verified",""
"pre.zip/wei20b.pdf","46","47","IEEE Signal Processing Letters","verified",""
"pre.zip/wei20b.pdf","47","48","Phase retrieval from noisy data based on sparse approximation of object phase and amplitude","verified",""
"pre.zip/wei20b.pdf","50","51","Adam: A method for stochastic optimization","verified",""
"pre.zip/wei20b.pdf","51","52","Sparse representations for limited data tomography","verified",""
"pre.zip/wei20b.pdf","52","53","Continuous control with deep reinforcement learning","verified",""
"pre.zip/wei20b.pdf","53","54","Self-improving reactive agents based on reinforce­","verified",""
"pre.zip/wei20b.pdf","58","59","Dolphin-dictionary learning for phase retrieval","verified",""
"pre.zip/wei20b.pdf","60","61","Non-local sparse models for image restoration","verified",""
"pre.zip/wei20b.pdf","61","62","A database of human segmented natural images and its application to evaluating segmentation algorithms and measuring ecological statistics","verified",""
"pre.zip/wei20b.pdf","62","63","Learning proximal operators: Using denoising networks for regularizing inverse imaging problems","verified",""
"pre.zip/wei20b.pdf","70","71","Coherent inverse scattering via transmission matrices: Effcient phase re­ trieval algorithms and a public dataset","verified",""
"pre.zip/wei20b.pdf","71","72","Playing atari with deep reinforcement learning","verified",""
"pre.zip/wei20b.pdf","72","73","Human-level control through deep reinforcement learning","verified",""
"pre.zip/wei20b.pdf","73","74","Primal-dual plug-and-play image restoration","verified",""
"pre.zip/wei20b.pdf","74","75","An iterative regularization method for total variation-based image restoration","verified",""
"pre.zip/wei20b.pdf","77","78","Policy gradient methods for robotics","verified",""
"pre.zip/wei20b.pdf","79","80","Magnetic resonance image reconstruction from un­ dersampled measurements using a patch-based nonlocal operator","verified",""
"pre.zip/wei20b.pdf","82","83","Mr image reconstruction from highly undersampled k-space data by dictionary learning","verified",""
"pre.zip/wei20b.pdf","84","85","One network to solve them all – solving linear inverse problems using deep projection models","verified",""
"pre.zip/wei20b.pdf","85","86","The little engine that could: Regularization by denoising (red)","verified",""
"pre.zip/wei20b.pdf","91","92","Plug-and-play methods provably converge with prop­ erly trained denoisers","verified",""
"pre.zip/wei20b.pdf","93","94","Trust region policy optimization","verified",""
"pre.zip/wei20b.pdf","94","95","Tensor-based formulation and nuclear norm regulariza­ tion for multienergy computed tomography","verified",""
"pre.zip/wei20b.pdf","95","96","Deterministic policy gradient algorithms","verified",""
"pre.zip/wei20b.pdf","96","97","Mastering the game of go with deep neural networks and tree search","verified",""
"pre.zip/wei20b.pdf","98","99","Plug-and-play priors for bright feld electron to­ mography and sparse interpolation","verified",""
"pre.zip/wei20b.pdf","101","102","Multi-resolution data fusion for super-resolution electron microscopy","verified",""
"pre.zip/wei20b.pdf","103","104","Regularized fourier ptychography using an online plug-and-play algorithm","verified",""
"pre.zip/wei20b.pdf","104","105","Policy gradient methods for reinforcement learning with func­ tion approximation","verified",""
"pre.zip/wei20b.pdf","105","106","Memnet: A persistent memory network for image restoration","verified",""
"pre.zip/wei20b.pdf","107","108","A convergent image fusion algorithm using scene-adapted gaussian-mixture-based denoising","verified",""
"pre.zip/wei20b.pdf","110","111","Plug-and-play priors for model based reconstruction","verified",""
"pre.zip/wei20b.pdf","113","114","Parameter-free plug-and-play admm for image restoration","verified",""
"pre.zip/wei20b.pdf","118","119","Deep admm-net for compressive sensing mri","verified",""
"pre.zip/wei20b.pdf","119","120","Crafting a toolchain for image restoration by deep reinforcement learning","verified",""
"pre.zip/wei20b.pdf","120","121","Pathrestore: Learning network path selection for image restoration","verified",""
"pre.zip/wei20b.pdf","121","122","Istanet: Interpretable optimization-inspired deep network for image compres­ sive sensing","verified",""
"pre.zip/wei20b.pdf","122","123","Ffdnet: Toward a fast and fexible solution for cnn-based image denoising","verified",""
"pre.zip/wei20b.pdf","124","125","Wide-feld, high-resolution fourier ptychographic microscopy","verified",""
"pre.zip/wei20b.pdf","125","126","From learning models of natural image patches to whole image restoration","verified",""
"pre.zip/basu21a.pdf","5","6","Multiplayer bandit learning, from competition to cooperation","mismatch","uncertain"
"pre.zip/basu21a.pdf","0","1","Competing bandits: The perils of exploration under competition","verified",""
"pre.zip/basu21a.pdf","1","2","Assortment planning for two-sided sequential matching markets","verified",""
"pre.zip/basu21a.pdf","2","3","Multi-user lax communications: a multi-armed bandit approach","verified",""
"pre.zip/basu21a.pdf","3","4","Game of thrones: Fully distributed learning for multiplayer bandits","verified",""
"pre.zip/basu21a.pdf","4","5","SIC-MMAB: synchronisation involves communication in multiplayer multi-armed bandits","verified",""
"pre.zip/basu21a.pdf","6","7","Regret analysis of stochastic and nonstochastic multi-armed bandit problems","verified",""
"pre.zip/basu21a.pdf","7","8","Information sharing in distributed stochastic bandits","verified",""
"pre.zip/basu21a.pdf","8","9","The gossiping insert-eliminate algorithm for multiagent bandits","verified",""
"pre.zip/basu21a.pdf","9","10","Learning strategies in decentralized matching markets under uncertain preferences","verified",""
"pre.zip/basu21a.pdf","10","11","Multi-player multi-armed bandits for stable allocation in heterogeneous ad-hoc networks","verified",""
"pre.zip/basu21a.pdf","11","12","Cooperative multi-agent bandits with heavy tails","verified",""
"pre.zip/basu21a.pdf","12","13","On the uniqueness of stable marriage matchings","verified",""
"pre.zip/basu21a.pdf","13","14","College admissions and the stability of marriage","verified",""
"pre.zip/basu21a.pdf","14","15","Distributed exploration in multi-armed bandits","verified",""
"pre.zip/basu21a.pdf","16","17","Decentralized learning for multiplayer multiarmed bandits","verified",""
"pre.zip/basu21a.pdf","17","18","A necessary and sufficient condition for uniqueness consistency in the stable marriage matching problem","verified",""
"pre.zip/basu21a.pdf","18","19","Collaborative learning of stochastic bandits over a social network","verified",""
"pre.zip/basu21a.pdf","19","20","Distributed cooperative decision making in multi-agent multi-armed bandits","verified",""
"pre.zip/basu21a.pdf","20","21","Dynamic control of birth-and-death restless bandits: Application to resource-allocation problems","verified",""
"pre.zip/basu21a.pdf","22","23","Competing bandits in matching markets","verified",""
"pre.zip/basu21a.pdf","23","24","Bandit learning in decentralized matching markets","verified",""
"pre.zip/basu21a.pdf","24","25","A practical algorithm for multiplayer bandits when arm means vary among players","verified",""
"pre.zip/basu21a.pdf","25","26","Multi-player bandits - a musical chairs approach","verified",""
"pre.zip/basu21a.pdf","26","27","Social learning in multi agent multi armed bandits","verified",""
"pre.zip/basu21a.pdf","27","28","Dominate or delete: Decentralized competing bandits in serial dictatorship","verified",""
"pre.zip/basu21a.pdf","28","29","Introduction to multi-armed bandits","verified",""
"pre.zip/camuto21a.pdf","0","1","and the case ↵6= 2, ✓= 0 in Simsekli (2017); whereas we cover the case ↵6= 2, ✓2 (−1, 1). The right-hand-side of (4.9) contains two main terms","not_found","uncertain"
"pre.zip/camuto21a.pdf","12","13","Random walk models for space-fractional diffusion processes","not_found","real"
"pre.zip/camuto21a.pdf","25","26","On the distribution of the Asymmetric Heavy Tails and Implicit Bias in Gaussian Noise Injections product of correlated normal random variables","not_found","real"
"pre.zip/camuto21a.pdf","49","50","Sub-Weibull distributions: generalizing sub-Gaussian and Asymmetric Heavy Tails and Implicit Bias in Gaussian Noise Injections sub-Exponential properties to heavier-tailed distributions","not_found","real"
"pre.zip/camuto21a.pdf","19","20","The binomial coefficient for negative arguments","mismatch","real"
"pre.zip/camuto21a.pdf","1","2","Training with Noise is Equivalent to Tikhonov Regularization","verified",""
"pre.zip/camuto21a.pdf","2","3","Explicit Regularisation in Gaussian Noise Injections","verified",""
"pre.zip/camuto21a.pdf","3","4","Certified adversarial robustness via randomized smoothing. 36th International Conference on Machine Learning, ICML 2019, 2019-June:2323–2356","verified",""
"pre.zip/camuto21a.pdf","4","5","Noisin: Unbiased regularization for recurrent neural networks","verified",""
"pre.zip/camuto21a.pdf","5","6","An Introduction to Stochastic Dynamics","verified",""
"pre.zip/camuto21a.pdf","6","7","Nonasymptotic convergence analysis for the unadjusted Langevin algorithm","verified",""
"pre.zip/camuto21a.pdf","7","8","Stationary states in Langevin dynamics under asymmetric Lévy noises","verified",""
"pre.zip/camuto21a.pdf","8","9","Features modeling with an ↵-stable distribution: Application to pattern recognition based on continuous belief functions","verified",""
"pre.zip/camuto21a.pdf","9","10","Global Convergence of Stochastic Gradient Hamiltonian Monte Carlo for Non-Convex Stochastic Optimization: Non-Asymptotic Performance Bounds and Momentum-Based Acceleration","verified",""
"pre.zip/camuto21a.pdf","10","11","Breaking reversibility accelerates Langevin dynamics for global non-convex optimization","verified",""
"pre.zip/camuto21a.pdf","11","12","Limit Distributions for Sums of Independent Random Variables","verified",""
"pre.zip/camuto21a.pdf","13","14","Fractional moment-preserving initialization schemes for training fully-connected neural networks","verified",""
"pre.zip/camuto21a.pdf","14","15","The heavy-tail phenomenon in SGD","verified",""
"pre.zip/camuto21a.pdf","15","16","Multiplicative noise and heavy tails in stochastic optimization","verified",""
"pre.zip/camuto21a.pdf","16","17","Metastable behavior of small noise Lévy-driven diffusions","verified",""
"pre.zip/camuto21a.pdf","17","18","Three Factors Influencing Minima in SGD","verified",""
"pre.zip/camuto21a.pdf","18","19","Variational dropout and the local reparameterization trick","verified",""
"pre.zip/camuto21a.pdf","20","21","Moving beyond sub-Gaussianity in high dimensional statistics: Applications in covariance estimation and linear regression","verified",""
"pre.zip/camuto21a.pdf","21","22","Stochastic modified equations and adaptive stochastic gradient algorithms","verified",""
"pre.zip/camuto21a.pdf","22","23","The fundamental solution of the space-time fractional diffusion equation","verified",""
"pre.zip/camuto21a.pdf","23","24","A variational analysis of stochastic gradient algorithms. 33rd International Conference on Machine Learning, ICML 2016, 1","verified",""
"pre.zip/camuto21a.pdf","24","25","Finite difference approximation for fractional advection-dispersion flow equations","verified",""
"pre.zip/camuto21a.pdf","26","27","Maximum likelihood estimation and diagnostics for stable distributions","verified",""
"pre.zip/camuto21a.pdf","27","28","Skewness into the product of two normally distributed variables and the risk consequences","verified",""
"pre.zip/camuto21a.pdf","28","29","Riesz potential operators and inverses via fractional centred derivatives","verified",""
"pre.zip/camuto21a.pdf","29","30","Recursive computation of the invariant measure of a stochastic differential equation driven by a Lévy process","verified",""
"pre.zip/camuto21a.pdf","30","31","Scikitlearn: Machine learning in Python","verified",""
"pre.zip/camuto21a.pdf","31","32","Analyzing noise in autoencoders and deep networks","verified",""
"pre.zip/camuto21a.pdf","32","33","On the momentum term in gradient descent learning algorithms","verified",""
"pre.zip/camuto21a.pdf","33","34","Non-convex learning via stochastic gradient Langevin dynamics: a nonasymptotic analysis","verified",""
"pre.zip/camuto21a.pdf","34","35","A Stochastic Approximation Method","verified",""
"pre.zip/camuto21a.pdf","35","36","Langevin diffusions and Metropolis-Hastings algorithms","verified",""
"pre.zip/camuto21a.pdf","36","37","An overview of gradient descent optimization algorithms","verified",""
"pre.zip/camuto21a.pdf","37","38","Stable Non-Gaussian Random Processes: Stochastic Models with Infinite Variance","verified",""
"pre.zip/camuto21a.pdf","38","39","Skewed alpha-stable distribution for natural texture modeling and segmentation in contourlet domain","verified",""
"pre.zip/camuto21a.pdf","39","40","Fractional Fokker-Planck equation for nonlinear stochastic differential equations driven by non-Gaussian Lévy stable noises","verified",""
"pre.zip/camuto21a.pdf","40","41","Fractional Langevin Monte Carlo: Exploring Lévy driven stochastic differential equations for Markov Chain Monte Carlo","verified",""
"pre.zip/camuto21a.pdf","41","42","A tail-index analysis of stochastic gradient noise in deep neural networks","verified",""
"pre.zip/camuto21a.pdf","42","43","Fractional Underdamped Langevin Dynamics: Retargeting SGD with Momentum under Heavy-Tailed Gradient Noise","verified",""
"pre.zip/camuto21a.pdf","43","44","On the Heavy-Tailed Theory of Stochastic Gradient Descent for Deep Neural Networks","verified",""
"pre.zip/camuto21a.pdf","44","45","The European Physical Journal Special Topics","verified",""
"pre.zip/camuto21a.pdf","45","46","Dropout: A simple way to prevent neural networks from overfitting","verified",""
"pre.zip/camuto21a.pdf","46","47","A class of second order difference approximations for solving space fractional diffusion equations","verified",""
"pre.zip/camuto21a.pdf","47","48","High-Dimensional Probability: An Introduction with Applications in Data Science","verified",""
"pre.zip/camuto21a.pdf","48","49","Understanding priors in Bayesian neural networks at the unit level. 36th International Conference on Machine Learning, ICML 2019, 2019-June:11248–11257","verified",""
"pre.zip/camuto21a.pdf","50","51","Functional Approximation by Feed-Forward Networks: A Least-Squares Approach to Generalization","verified",""
"pre.zip/camuto21a.pdf","51","52","The Implicit and Explicit Regularization Effects of Dropout","verified",""
"pre.zip/camuto21a.pdf","52","53","Bayesian Learning via Stochastic Gradient Langevin Dynamics","verified",""
"pre.zip/camuto21a.pdf","53","54","Understanding deep learning requires rethinking generalization","verified",""
"pre.zip/camuto21a.pdf","54","55","Why are adaptive methods good for attention models?","verified",""
"pre.zip/camuto21a.pdf","55","56","Towards theoretically understanding why SGD generalizes better than ADAM in deep learning","verified",""
"pre.zip/chaplot21a.pdf","17","18","Acquiring spatial knowledge: Survey versus route-based knowledge in unfamiliar environments","not_found","real"
"pre.zip/chaplot21a.pdf","0","1","Differentiable mpc for end-to-end planning and control","verified",""
"pre.zip/chaplot21a.pdf","2","3","Dynamic programming and optimal control","verified",""
"pre.zip/chaplot21a.pdf","3","4","Differentiable gaussian process motion planning","verified",""
"pre.zip/chaplot21a.pdf","4","5","Large-scale machine learning with stochastic gradient descent","verified",""
"pre.zip/chaplot21a.pdf","5","6","The complexity of robot motion planning","verified",""
"pre.zip/chaplot21a.pdf","6","7","Neural topological slam for visual navigation","verified",""
"pre.zip/chaplot21a.pdf","7","8","Learning to plan in high dimensions via neural exploration-exploitation trees","verified",""
"pre.zip/chaplot21a.pdf","8","9","A note on two problems in connexion with graphs","verified",""
"pre.zip/chaplot21a.pdf","9","10","Simultaneous localization and mapping: part i","verified",""
"pre.zip/chaplot21a.pdf","10","11","Sonar-based real-world mapping and navigation","verified",""
"pre.zip/chaplot21a.pdf","11","12","Using occupancy grids for mobile robot perception and navigation","verified",""
"pre.zip/chaplot21a.pdf","12","13","Search on the replay buffer: Bridging planning and reinforcement learning","verified",""
"pre.zip/chaplot21a.pdf","13","14","Treeqn and atreec: Differentiable tree-structured models for deep reinforcement learning","verified",""
"pre.zip/chaplot21a.pdf","14","15","Vision-based autonomous mapping and exploration using a quadrotor mav","verified",""
"pre.zip/chaplot21a.pdf","15","16","Visual simultaneous localization and mapping: a survey","verified",""
"pre.zip/chaplot21a.pdf","16","17","Limits of end-to-end learning","verified",""
"pre.zip/chaplot21a.pdf","18","19","Shaping belief states with generative environment models for rl","verified",""
"pre.zip/chaplot21a.pdf","19","20","Learning to search with mctsnets","verified",""
"pre.zip/chaplot21a.pdf","20","21","Cognitive mapping and planning for visual navigation","verified",""
"pre.zip/chaplot21a.pdf","21","22","Learning latent dynamics for planning from pixels","verified",""
"pre.zip/chaplot21a.pdf","22","23","A formal basis for the heuristic determination of minimum cost paths","verified",""
"pre.zip/chaplot21a.pdf","23","24","Revisiting single image depth estimation: Toward higher resolution maps with accurate object boundaries","verified",""
"pre.zip/chaplot21a.pdf","24","25","Learning sampling distributions for robot motion planning","verified",""
"pre.zip/chaplot21a.pdf","25","26","Dynamical movement primitives: learning at-tractor models for motor behaviors","verified",""
"pre.zip/chaplot21a.pdf","26","27","Sampling-based algorithms for optimal motion planning","verified",""
"pre.zip/chaplot21a.pdf","27","28","Qmdpnet: Deep learning for planning under partial observability","verified",""
"pre.zip/chaplot21a.pdf","28","29","Differentiable mapping networks: Learning structured map representations for sparse visual localization","verified",""
"pre.zip/chaplot21a.pdf","29","30","Probabilistic roadmaps for path planning in high-dimensional configuration spaces","verified",""
"pre.zip/chaplot21a.pdf","30","31","Memory augmented control networks","verified",""
"pre.zip/chaplot21a.pdf","31","32","Graph neural networks for motion planning","verified",""
"pre.zip/chaplot21a.pdf","32","33","Real-time obstacle avoidance for manipulators and mobile robots","verified",""
"pre.zip/chaplot21a.pdf","33","34","Reformer: The efficient transformer","verified",""
"pre.zip/chaplot21a.pdf","34","35","View-based maps","verified",""
"pre.zip/chaplot21a.pdf","35","36","Sparse graphical memory for robust planning","verified",""
"pre.zip/chaplot21a.pdf","36","37","Randomized kinody-namic planning","verified",""
"pre.zip/chaplot21a.pdf","37","38","Gradient-based learning applied to document recognition","verified",""
"pre.zip/chaplot21a.pdf","38","39","Gated path planning networks","verified",""
"pre.zip/chaplot21a.pdf","39","40","Spatial planning: A configuration space approach","verified",""
"pre.zip/chaplot21a.pdf","40","41","Benchmarking classic and learned navigation in complex 3d environments","verified",""
"pre.zip/chaplot21a.pdf","43","44","Neural map: Structured memory for deep reinforcement learning","verified",""
"pre.zip/chaplot21a.pdf","44","45","Zero-shot visual imitation","verified",""
"pre.zip/chaplot21a.pdf","45","46","Motion planning networks","verified",""
"pre.zip/chaplot21a.pdf","46","47","Neural manipulation planning on constraint manifolds","verified",""
"pre.zip/chaplot21a.pdf","47","48","Imagination-augmented agents for deep reinforcement learning","verified",""
"pre.zip/chaplot21a.pdf","48","49","Riemannian motion policies","verified",""
"pre.zip/chaplot21a.pdf","49","50","Neural enhanced belief propagation on factor graphs","verified",""
"pre.zip/chaplot21a.pdf","50","51","Semi-parametric topological memory for navigation","verified",""
"pre.zip/chaplot21a.pdf","51","52","Habitat: A platform for embodied ai research","verified",""
"pre.zip/chaplot21a.pdf","52","53","Value iteration networks on multiple levels of abstraction","verified",""
"pre.zip/chaplot21a.pdf","53","54","Planning to explore via self-supervised world models","verified",""
"pre.zip/chaplot21a.pdf","54","55","The predictron: End-to-end learning and planning","verified",""
"pre.zip/chaplot21a.pdf","55","56","Universal planning networks","verified",""
"pre.zip/chaplot21a.pdf","57","58","Cognitive maps in rats and men","verified",""
"pre.zip/chaplot21a.pdf","58","59","Attention is all you need","verified",""
"pre.zip/chaplot21a.pdf","59","60","Gibson Env: real-world perception for embodied agents","verified",""
"pre.zip/chaplot21a.pdf","60","61","Neural slam: Learning to explore with external memory","verified",""
"pre.zip/chaplot21a.pdf","61","62","Visual semantic planning using deep successor representations","verified",""
"pre.zip/chen21h.pdf","14","15","An introduction to the theory of point processes: volume I: elementary theory and methods","mismatch","real"
"pre.zip/chen21h.pdf","0","1","Survival and event history analysis: a process point of view","verified",""
"pre.zip/chen21h.pdf","1","2","Toward the next generation of recommender systems: A survey of the state-of-the-art and possible extensions","verified",""
"pre.zip/chen21h.pdf","2","3","Explainable artificial intelligence (xai): Concepts, taxonomies, opportunities and challenges toward responsible ai","verified",""
"pre.zip/chen21h.pdf","4","5","Continuous-time dynamic graph learning via neural interaction processes","verified",""
"pre.zip/chen21h.pdf","5","6","Wemarec: Accurate and scalable recommendation through weighted and ensemble matrix approximation","verified",""
"pre.zip/chen21h.pdf","6","7","MPMA: Mixture probabilistic matrix approximation for collaborative filtering","verified",""
"pre.zip/chen21h.pdf","7","8","Scalable and explainable 1-bit matrix completion via graph signal learning","verified",""
"pre.zip/chen21h.pdf","8","9","Modeling dynamic user preference via dictionary learning for sequential recommendation","verified",""
"pre.zip/chen21h.pdf","9","10","Parallel spectral clustering in distributed systems","verified",""
"pre.zip/chen21h.pdf","10","11","Sequential recommendation with user memory networks","verified",""
"pre.zip/chen21h.pdf","11","12","Rethinking attention with performers","verified",""
"pre.zip/chen21h.pdf","12","13","Attention-based models for speech recognition","verified",""
"pre.zip/chen21h.pdf","13","14","Empirical evaluation of gated recurrent neural networks on sequence modeling","verified",""
"pre.zip/chen21h.pdf","15","16","Spectra of some self-exciting and mutually exciting point processes","verified",""
"pre.zip/chen21h.pdf","16","17","Fusing similarity models with markov chains for sparse sequential recommendation","verified",""
"pre.zip/chen21h.pdf","17","18","Translation-based recommendation","verified",""
"pre.zip/chen21h.pdf","18","19","Neural collaborative filtering","verified",""
"pre.zip/chen21h.pdf","19","20","An algorithmic framework for performing collaborative filtering","verified",""
"pre.zip/chen21h.pdf","20","21","Session-based recommendations with recurrent neural networks","verified",""
"pre.zip/chen21h.pdf","21","22","A self-correcting point process","verified",""
"pre.zip/chen21h.pdf","22","23","Self-attentive sequential recommendation","verified",""
"pre.zip/chen21h.pdf","24","25","Factorization meets the neighborhood: a multifaceted collaborative filtering model","verified",""
"pre.zip/chen21h.pdf","25","26","Collaborative filtering with temporal dynamics","verified",""
"pre.zip/chen21h.pdf","26","27","Matrix factorization techniques for recommender systems","verified",""
"pre.zip/chen21h.pdf","27","28","Predicting dynamic embedding trajectory in temporal interaction networks","verified",""
"pre.zip/chen21h.pdf","28","29","Local low-rank matrix approximation","verified",""
"pre.zip/chen21h.pdf","29","30","Low-rank matrix approximation with stability","verified",""
"pre.zip/chen21h.pdf","30","31","Mixture-rank matrix approximation for collaborative filtering","verified",""
"pre.zip/chen21h.pdf","31","32","Mixture matrix approximation for collaborative filtering","verified",""
"pre.zip/chen21h.pdf","32","33","Time interval aware self-attention for sequential recommendation","verified",""
"pre.zip/chen21h.pdf","33","34","Variational autoencoders for collaborative filtering","verified",""
"pre.zip/chen21h.pdf","34","35","Kalman filtering attention for user behavior modeling in ctr prediction","verified",""
"pre.zip/chen21h.pdf","35","36","Collaborative evolution for user profiling in recommender systems","verified",""
"pre.zip/chen21h.pdf","36","37","Hierarchical gating networks for sequential recommendation","verified",""
"pre.zip/chen21h.pdf","37","38","Divide-and-conquer matrix factorization","verified",""
"pre.zip/chen21h.pdf","38","39","From softmax to sparsemax: A sparse model of attention and multi-label classification","verified",""
"pre.zip/chen21h.pdf","39","40","The neural hawkes process: a neurally self-modulating multivariate point process","verified",""
"pre.zip/chen21h.pdf","40","41","The monte carlo method","verified",""
"pre.zip/chen21h.pdf","41","42","A regularized framework for sparse and structured neural attention","verified",""
"pre.zip/chen21h.pdf","42","43","Random features for large-scale kernel machines","verified",""
"pre.zip/chen21h.pdf","43","44","Monte Carlo statistical methods","verified",""
"pre.zip/chen21h.pdf","44","45","Normalized cuts and image segmentation","verified",""
"pre.zip/chen21h.pdf","45","46","Multi-time attention networks for irregularly sampled time series","verified",""
"pre.zip/chen21h.pdf","46","47","Markov random fields for collaborative filtering","verified",""
"pre.zip/chen21h.pdf","47","48","Introduction to numerical analysis","verified",""
"pre.zip/chen21h.pdf","48","49","A survey of collaborative filtering techniques","verified",""
"pre.zip/chen21h.pdf","49","50","Knowevolve: Deep temporal reasoning for dynamic knowledge graphs","verified",""
"pre.zip/chen21h.pdf","50","51","Dyrep: Learning representations over dynamic graphs","verified",""
"pre.zip/chen21h.pdf","51","52","Attention is all you need","verified",""
"pre.zip/chen21h.pdf","52","53","Learning hierarchical representation model for nextbasket recommendation","verified",""
"pre.zip/chen21h.pdf","53","54","Cofirank-maximum margin matrix factorization for collaborative ranking","verified",""
"pre.zip/chen21h.pdf","54","55","Learning in the presence of concept drift and hidden contexts","verified",""
"pre.zip/chen21h.pdf","55","56","Recurrent recommender networks","verified",""
"pre.zip/chen21h.pdf","56","57","Modeling the intensity function of point process via recurrent neural networks","verified",""
"pre.zip/chen21h.pdf","57","58","Self-attention with functional time representation learning","verified",""
"pre.zip/chen21h.pdf","58","59","Sequential recommender system based on hierarchical attention networks","verified",""
"pre.zip/chen21h.pdf","59","60","Orthogonal random features","verified",""
"pre.zip/chen21h.pdf","60","61","Self-attentive hawkes process","verified",""
"pre.zip/chen21h.pdf","61","62","Feature-level deeper self-attention network for sequential recommendation","verified",""
"pre.zip/chen21h.pdf","62","63","Explainable recommendation: A survey and new perspectives","verified",""
"pre.zip/chen21h.pdf","63","64","Deep interest network for click-through rate prediction","verified",""
"pre.zip/chen21h.pdf","64","65","Learning social infectivity in sparse low-rank networks using multi-dimensional hawkes processes","verified",""
"pre.zip/chen21h.pdf","65","66","Transformer hawkes process","verified",""
"pre.zip/fang21c.pdf","0","1","Omniglot-writing systems and languages of the world","not_found","real"
"pre.zip/fang21c.pdf","19","20","and Hinton, G. Convolutional deep belief networks on cifar-10","not_found","real"
"pre.zip/fang21c.pdf","20","21","MNIST handwritten digit database","not_found","real"
"pre.zip/fang21c.pdf","1","2","Analysis of representations for domain adaptation","verified",""
"pre.zip/fang21c.pdf","2","3","Towards open set deep networks","verified",""
"pre.zip/fang21c.pdf","3","4","Learning and the unknown: Surveying steps toward open world recognition","verified",""
"pre.zip/fang21c.pdf","5","6","Open set domain adaptation for image and action recognition","verified",""
"pre.zip/fang21c.pdf","6","7","Learning open set network with discriminative reciprocal points","verified",""
"pre.zip/fang21c.pdf","7","8","Adversarial reciprocal points learning for open set recognition","verified",""
"pre.zip/fang21c.pdf","8","9","A unified architecture for natural language processing: deep neural networks with multitask learning","verified",""
"pre.zip/fang21c.pdf","9","10","Sample selection bias correction theory","verified",""
"pre.zip/fang21c.pdf","10","11","Reducing network agnostophobia","verified",""
"pre.zip/fang21c.pdf","11","12","Semantic-transferable weakly-supervised endoscopic lesions segmentation","verified",""
"pre.zip/fang21c.pdf","12","13","Weakly-supervised cross-domain adaptation for endoscopic lesions segmentation","verified",""
"pre.zip/fang21c.pdf","13","14","Generative openmax for multi-class open set classification","verified",""
"pre.zip/fang21c.pdf","14","15","Recent advances in open set recognition: A survey","verified",""
"pre.zip/fang21c.pdf","15","16","Towards end-to-end speech recognition with recurrent neural networks","verified",""
"pre.zip/fang21c.pdf","16","17","A kernel two-sample test","verified",""
"pre.zip/fang21c.pdf","17","18","Multi-class open set recognition using probability of inclusion","verified",""
"pre.zip/fang21c.pdf","18","19","Statistical analysis of kernel-based least-squares density-ratio estimation","verified",""
"pre.zip/fang21c.pdf","21","22","Butterfly: A panacea for all difficulties in wildly unsupervised domain adaptation","verified",""
"pre.zip/fang21c.pdf","22","23","Learning deep kernels for non-parametric two-sample tests","verified",""
"pre.zip/fang21c.pdf","23","24","Isolation forest","verified",""
"pre.zip/fang21c.pdf","24","25","Invertible denoising network: A light solution for real noise removal","verified",""
"pre.zip/fang21c.pdf","25","26","Transfer learning using computational intelligence: A survey","verified",""
"pre.zip/fang21c.pdf","26","27","Progressive graph learning for open-set domain adaptation","verified",""
"pre.zip/fang21c.pdf","27","28","Domain adaptation: Learning bounds and algorithms","verified",""
"pre.zip/fang21c.pdf","28","29","Foundations of Machine Learning","verified",""
"pre.zip/fang21c.pdf","29","30","Open set learning with counterfactual images","verified",""
"pre.zip/fang21c.pdf","30","31","Reading digits in natural images with unsupervised feature learning","verified",""
"pre.zip/fang21c.pdf","31","32","Theoretical comparisons of positive-unlabeled learning against positive-negative learning","verified",""
"pre.zip/fang21c.pdf","32","33","A decade survey of transfer learning","verified",""
"pre.zip/fang21c.pdf","33","34","C2AE: class conditioned autoencoder for open-set recognition","verified",""
"pre.zip/fang21c.pdf","34","35","A survey on transfer learning","verified",""
"pre.zip/fang21c.pdf","35","36","Generative-discriminative feature representations for open-set recognition","verified",""
"pre.zip/fang21c.pdf","36","37","Evaluation: from precision, recall and f-measure to roc, informedness, markedness and correlation","verified",""
"pre.zip/fang21c.pdf","37","38","Rethinking softmax with cross-entropy: Neural network classifier as mutual information estimator","verified",""
"pre.zip/fang21c.pdf","38","39","The extreme value machine","verified",""
"pre.zip/fang21c.pdf","39","40","A classification-based study of covariate shift in GAN distributions","verified",""
"pre.zip/fang21c.pdf","40","41","Toward open set recognition","verified",""
"pre.zip/fang21c.pdf","41","42","Probability models for open set recognition","verified",""
"pre.zip/fang21c.pdf","42","43","Understanding machine learning: From theory to algorithms","verified",""
"pre.zip/fang21c.pdf","43","44","Very deep convolutional networks for large-scale image recognition","verified",""
"pre.zip/fang21c.pdf","44","45","Conditional gaussian distribution learning for open set recognition","verified",""
"pre.zip/fang21c.pdf","45","46","Prototype-matching graph network for heterogeneous domain adaptation","verified",""
"pre.zip/fang21c.pdf","46","47","Convolutional prototype network for open set recognition","verified",""
"pre.zip/fang21c.pdf","47","48","Classification-reconstruction learning for open-set recognition","verified",""
"pre.zip/fang21c.pdf","48","49","Bridging theory and algorithm for domain adaptation","verified",""
"pre.zip/fang21c.pdf","49","50","Bridging the theoretical bound and deep algorithms for open set domain adaptation","verified",""
"pre.zip/fang21c.pdf","50","51","How does the combined risk affect the performance of unsupervised domain adaptation approaches?","verified",""
"pre.zip/fei21a.pdf","11","12","Risk-sensitive, mini-max, and mixed risk-neutral/minimax control of Markov decision processes","mismatch","real"
"pre.zip/fei21a.pdf","0","1","Improved algorithms for linear stochastic bandits","verified",""
"pre.zip/fei21a.pdf","1","2","Model-based reinforcement learning with value-targeted regression","verified",""
"pre.zip/fei21a.pdf","2","3","More risk-sensitive Markov decision processes","verified",""
"pre.zip/fei21a.pdf","3","4","A sensitivity formula for risk-sensitive cost and the actor-critic algorithm","verified",""
"pre.zip/fei21a.pdf","4","5","Q-learning for risk-sensitive control","verified",""
"pre.zip/fei21a.pdf","5","6","Learning algorithms for risk-sensitive control","verified",""
"pre.zip/fei21a.pdf","6","7","Risk-sensitive optimal control for Markov decision processes with monotone cost","verified",""
"pre.zip/fei21a.pdf","7","8","Linear least-squares algorithms for temporal difference learning","verified",""
"pre.zip/fei21a.pdf","8","9","Risk-sensitivity in sensorimotor control","verified",""
"pre.zip/fei21a.pdf","9","10","Provably efficient exploration in policy optimization","verified",""
"pre.zip/fei21a.pdf","10","11","Discounted approximations for risk-sensitive average criteria in Markov decision chains with finite state space","verified",""
"pre.zip/fei21a.pdf","12","13","Risk-sensitive control of discrete-time Markov processes with infinite horizon","verified",""
"pre.zip/fei21a.pdf","13","14","Infinite horizon risk sensitive control of discrete time Markov processes with small risk","verified",""
"pre.zip/fei21a.pdf","14","15","Infinite horizon risk sensitive control of discrete time Markov processes under minorization property","verified",""
"pre.zip/fei21a.pdf","15","16","Risk-sensitive reinforcement learning: Near-optimal risk-sample tradeoff in regret","verified",""
"pre.zip/fei21a.pdf","16","17","Risk-sensitive control on an infinite time horizon","verified",""
"pre.zip/fei21a.pdf","17","18","Risk sensitive control of Markov processes in countable state space","verified",""
"pre.zip/fei21a.pdf","18","19","Risk-sensitive Markov decision processes","verified",""
"pre.zip/fei21a.pdf","19","20","Average optimality for risk-sensitive control with general state space","verified",""
"pre.zip/fei21a.pdf","20","21","Provably efficient reinforcement learning with linear function approximation","verified",""
"pre.zip/fei21a.pdf","21","22","Risk sensitive Markov decision processes","verified",""
"pre.zip/fei21a.pdf","23","24","Sample complexity of reinforcement learning using linearly combined model ensembles","verified",""
"pre.zip/fei21a.pdf","24","25","Risk-sensitive optimal feedback control accounts for sensorimotor behavior under uncertainty","verified",""
"pre.zip/fei21a.pdf","25","26","Robustness and risk-sensitivity in Markov decision processes","verified",""
"pre.zip/fei21a.pdf","26","27","On terminating Markov decision processes with a risk-averse objective function","verified",""
"pre.zip/fei21a.pdf","27","28","Learning to optimize via posterior sampling","verified",""
"pre.zip/fei21a.pdf","28","29","Risk-sensitive Markov control processes","verified",""
"pre.zip/fei21a.pdf","30","31","Provably efficient reinforcement learning with general value function approximation","verified",""
"pre.zip/fei21a.pdf","31","32","Optimism in reinforcement learning with generalized linear function approximation","verified",""
"pre.zip/fei21a.pdf","33","34","Reinforcement learning in feature space: Matrix bandit, kernels, and regret bound","verified",""
"pre.zip/fei21a.pdf","34","35","Provably efficient reinforcement learning for discounted mdps with feature mapping","verified",""
"pre.zip/gentzel21a.pdf","9","10","Doubly robust esti­ mation of causal effects","not_found","real"
"pre.zip/gentzel21a.pdf","10","11","The case for eval­","not_found","uncertain"
"pre.zip/gentzel21a.pdf","18","19","Assessing the accuracy of generalized infer­","not_found","uncertain"
"pre.zip/gentzel21a.pdf","64","65","Estimation and inference of hetero­","not_found","uncertain"
"pre.zip/gentzel21a.pdf","0","1","Comparing experimental and matching methods using a large-scale voter mobilization experiment","verified",""
"pre.zip/gentzel21a.pdf","1","2","Deeptreat: Learning optimal personalized treatments from observa­ tional data using neural networks","verified",""
"pre.zip/gentzel21a.pdf","2","3","Using wasserstein generative adversarial networks for the design of monte carlo simulations","verified",""
"pre.zip/gentzel21a.pdf","3","4","Evaluation of repositories for sharing individual-participant data from clinical studies","verified",""
"pre.zip/gentzel21a.pdf","5","6","Perturb-Seq: Dissecting molecular circuits with scalable single-cell RNA profiling of pooled genetic screens","verified",""
"pre.zip/gentzel21a.pdf","6","7","Automated versus do-it-yourself methods for causal infer­ ence: Lessons learned from a data analysis competition","verified",""
"pre.zip/gentzel21a.pdf","7","8","Sharing individual patient data from clinical trials","verified",""
"pre.zip/gentzel21a.pdf","12","13","The new BMJ policy on sharing data from drug and device trials","verified",""
"pre.zip/gentzel21a.pdf","13","14","Nemo: an evolutionary and population genetics programming framework","verified",""
"pre.zip/gentzel21a.pdf","14","15","Bayesian nonparametric modeling for causal infer­","verified",""
"pre.zip/gentzel21a.pdf","17","18","Applied Bayesian Modeling and Causal Inference from Incomplete-Data Perspectives: An Essential Journey with Donald Rubin’s Statistical Family","verified",""
"pre.zip/gentzel21a.pdf","22","23","Why propensity scores should not be used for matching","verified",""
"pre.zip/gentzel21a.pdf","24","25","Individ­ ual patient-level data sharing for continuous learning: A strategy for trial data sharing","verified",""
"pre.zip/gentzel21a.pdf","27","28","Evaluating the econometric evaluations of training programs with experimental data","verified",""
"pre.zip/gentzel21a.pdf","28","29","Unbiased offline evaluation of contextual-bandit-based news article recommendation algorithms","verified",""
"pre.zip/gentzel21a.pdf","31","32","Causal effect inference with deep latent-variable models","verified",""
"pre.zip/gentzel21a.pdf","35","36","Distinguishing cause from effect using observational data: Methods and benchmarks","verified",""
"pre.zip/gentzel21a.pdf","36","37","Counterfactuals and causal inference","verified",""
"pre.zip/gentzel21a.pdf","39","40","Sharing and reuse of indi­ vidual participant data from clinical trials: Principles and recommendations","verified",""
"pre.zip/gentzel21a.pdf","40","41","The seven tools of causal inference, with reflections on machine learning","verified",""
"pre.zip/gentzel21a.pdf","42","43","The central role of the propensity score in observational studies for causal effects","verified",""
"pre.zip/gentzel21a.pdf","43","44","Causal inference using potential outcomes: Design, modeling, decisions","verified",""
"pre.zip/gentzel21a.pdf","44","45","Causal protein-signaling networks derived from multiparameter single-cell data","verified",""
"pre.zip/gentzel21a.pdf","47","48","Experimental study of inequality and unpredictability in an artificial cultural market","verified",""
"pre.zip/gentzel21a.pdf","48","49","Can non-randomized experiments yield accurate answers? A ran­ domized experiment comparing random and nonrandom assignments","verified",""
"pre.zip/gentzel21a.pdf","49","50","Estimating individual treatment effect: generalization bounds and algorithms","verified",""
"pre.zip/gentzel21a.pdf","53","54","Benchmarking framework for performance-evaluation of causal inference analysis","verified",""
"pre.zip/gentzel21a.pdf","54","55","Sharing individual patient data from clinical trials","verified",""
"pre.zip/gentzel21a.pdf","55","56","Automatic ad format selection via contextual bandits","verified",""
"pre.zip/gentzel21a.pdf","56","57","Ensemble contextual bandits for personalized recommendation","verified",""
"pre.zip/gentzel21a.pdf","60","61","Neuropathic pain diagnosis simulator for causal dis­ covery algorithm evaluation","verified",""
"pre.zip/gentzel21a.pdf","66","67","Causal inference using Gaussian processes with struc­ tured latent confounders","verified",""
"pre.zip/gentzel21a.pdf","68","69","Representation learning for treatment effect estimation from observational data","verified",""
"pre.zip/gentzel21a.pdf","69","70","Online context-aware recommendation with time varying multi-armed bandit","verified",""
"pre.zip/gentzel21a.pdf","70","71","Bounding causal effects on continuous outcome","verified",""
"pre.zip/grathwohl21a.pdf","1","2","Comments on “representations of knowledge in complex systems” by u. grenander and mi miller","not_found","real"
"pre.zip/grathwohl21a.pdf","18","19","Beitrag zur Theorie des Ferround Param-agnetismus","not_found","real"
"pre.zip/grathwohl21a.pdf","32","33","Discontinuous hamiltonian monte carlo for sampling discrete parameters","mismatch","real"
"pre.zip/grathwohl21a.pdf","41","42","Accelerated metropolis method","mismatch","real"
"pre.zip/grathwohl21a.pdf","0","1","Statistical analysis of non-lattice data","verified",""
"pre.zip/grathwohl21a.pdf","2","3","Accurate and conservative estimates of mrf log-likelihood using reverse annealing","verified",""
"pre.zip/grathwohl21a.pdf","3","4","Residual energy-based models for text generation","verified",""
"pre.zip/grathwohl21a.pdf","4","5","Implicit generation and generalization in energy-based models","verified",""
"pre.zip/grathwohl21a.pdf","5","6","Learning to forget: Continual prediction with lstm","verified",""
"pre.zip/grathwohl21a.pdf","6","7","Your classifier is secretly an energy based model and you should treat it like one","verified",""
"pre.zip/grathwohl21a.pdf","7","8","No mcmc for me: Amortized sampling for fast and stable training of energy-based models","verified",""
"pre.zip/grathwohl21a.pdf","8","9","Learning the stein discrepancy for training and evaluating energy-based models without sampling","verified",""
"pre.zip/grathwohl21a.pdf","9","10","A kernel two-sample test","verified",""
"pre.zip/grathwohl21a.pdf","10","11","Noise-contrastive estimation: A new estimation principle for unnormalized statistical models","verified",""
"pre.zip/grathwohl21a.pdf","11","12","Stein variational gradient descent without gradient","verified",""
"pre.zip/grathwohl21a.pdf","12","13","Stein variational inference for discrete distributions","verified",""
"pre.zip/grathwohl21a.pdf","13","14","Joint energy-based model training for better calibrated natural language understanding models","verified",""
"pre.zip/grathwohl21a.pdf","14","15","Stochastic security: Adversarial defense using long-run dynamics of energy-based models","verified",""
"pre.zip/grathwohl21a.pdf","15","16","Training products of experts by minimizing contrastive divergence","verified",""
"pre.zip/grathwohl21a.pdf","17","18","Variational inference for sparse and undirected models","verified",""
"pre.zip/grathwohl21a.pdf","19","20","Adam: A method for stochastic optimization","verified",""
"pre.zip/grathwohl21a.pdf","20","21","Auto-encoding variational bayes","verified",""
"pre.zip/grathwohl21a.pdf","21","22","Correlated mutations in models of protein sequences: phylogenetic and structural effects","verified",""
"pre.zip/grathwohl21a.pdf","22","23","Adaptive gibbs samplers and related mcmc methods","verified",""
"pre.zip/grathwohl21a.pdf","23","24","Markov chains and mixing times","verified",""
"pre.zip/grathwohl21a.pdf","24","25","Peskun’s theorem and a modified discrete-state gibbs sampler","verified",""
"pre.zip/grathwohl21a.pdf","25","26","Stein variational gradient descent: A general purpose bayesian inference algorithm","verified",""
"pre.zip/grathwohl21a.pdf","26","27","Interpretation and generalization of score matching","verified",""
"pre.zip/grathwohl21a.pdf","27","28","The concrete distribution: A continuous relaxation of discrete random variables","verified",""
"pre.zip/grathwohl21a.pdf","28","29","Protein 3d structure computed from evolutionary sequence variation","verified",""
"pre.zip/grathwohl21a.pdf","30","31","Mcmc using hamiltonian dynamics","verified",""
"pre.zip/grathwohl21a.pdf","31","32","On the anatomy of mcmc-based maximum likelihood learning of energy-based models","verified",""
"pre.zip/grathwohl21a.pdf","33","34","Searching for activation functions","verified",""
"pre.zip/grathwohl21a.pdf","34","35","Bayesian models for sparse regression analysis of high dimensional data","verified",""
"pre.zip/grathwohl21a.pdf","35","36","Generative modeling by estimating gradients of the data distribution","verified",""
"pre.zip/grathwohl21a.pdf","36","37","Learning neural random fields with inclusive auxiliary generators","verified",""
"pre.zip/grathwohl21a.pdf","37","38","The penn treebank: an overview","verified",""
"pre.zip/grathwohl21a.pdf","38","39","Training restricted boltzmann machines using approximations to the likelihood gradient","verified",""
"pre.zip/grathwohl21a.pdf","39","40","Using fast weights to improve persistent contrastive divergence","verified",""
"pre.zip/grathwohl21a.pdf","40","41","The hamming ball sampler","verified",""
"pre.zip/grathwohl21a.pdf","42","43","Informed proposals for local mcmc in discrete spaces","verified",""
"pre.zip/jalalzai21a.pdf","2","3","Topologie générale: Chapitres 1 à 4","not_found","real"
"pre.zip/jalalzai21a.pdf","38","39","Electronic Journal of Statistics","not_found","real"
"pre.zip/jalalzai21a.pdf","40","41","Sur un mode de croissance régulière","not_found","real"
"pre.zip/jalalzai21a.pdf","51","52","Springer Series in Operations Research and Financial Engineering","not_found","real"
"pre.zip/jalalzai21a.pdf","1","2","Statistics of extremes: theory and applications","mismatch","real"
"pre.zip/jalalzai21a.pdf","0","1","A characterization of multivariate regular variation","verified",""
"pre.zip/jalalzai21a.pdf","4","5","A method for finding projections onto the intersection of convex sets in hilbert spaces","verified",""
"pre.zip/jalalzai21a.pdf","5","6","Finding the projection of a point onto the intersection of convex sets via projections onto half-spaces","verified",""
"pre.zip/jalalzai21a.pdf","6","7","Projected gradient methods for linearly constrained problems","verified",""
"pre.zip/jalalzai21a.pdf","7","8","Robust uncertainty principles: Exact signal reconstruction from highly incomplete frequency information","verified",""
"pre.zip/jalalzai21a.pdf","8","9","Stable signal recovery from incomplete and inaccurate measurements","verified",""
"pre.zip/jalalzai21a.pdf","9","10","Dimension reduction in multivariate extreme value analysis","verified",""
"pre.zip/jalalzai21a.pdf","10","11","Projection onto a simplex","verified",""
"pre.zip/jalalzai21a.pdf","11","12","Feature clustering for extreme events analysis, with application to extreme stream-flow data","verified",""
"pre.zip/jalalzai21a.pdf","12","13","Identifying groups of variables with the potential of being large simultaneously","verified",""
"pre.zip/jalalzai21a.pdf","13","14","Concentration bounds for the empirical angular measure with statistical learning applications","verified",""
"pre.zip/jalalzai21a.pdf","14","15","Novelty detection with multivariate extreme value statistics","verified",""
"pre.zip/jalalzai21a.pdf","15","16","Fast projection onto the simplex and the ℓ1 ball","verified",""
"pre.zip/jalalzai21a.pdf","16","17","Decompositions of dependence for high-dimensional extremes","verified",""
"pre.zip/jalalzai21a.pdf","17","18","Archetypal analysis","verified",""
"pre.zip/jalalzai21a.pdf","18","19","Accelerated projected gradient method for linear inverse problems with sparsity constraints","verified",""
"pre.zip/jalalzai21a.pdf","19","20","Extreme value theory: an introduction","verified",""
"pre.zip/jalalzai21a.pdf","20","21","Finite mixture regression: a sparse variable selection by model selection for clustering","verified",""
"pre.zip/jalalzai21a.pdf","21","22","On the equivalence of nonnegative matrix factorization and spectral clustering","verified",""
"pre.zip/jalalzai21a.pdf","22","23","Principal component analysis for multivariate extremes","verified",""
"pre.zip/jalalzai21a.pdf","23","24","Efficient projections onto the l 1-ball for learning in high dimensions","verified",""
"pre.zip/jalalzai21a.pdf","24","25","An algorithm for restricted least squares regression","verified",""
"pre.zip/jalalzai21a.pdf","25","26","Nonpara-metric estimation of the spectral measure of an extreme value distribution","verified",""
"pre.zip/jalalzai21a.pdf","26","27","Extreme value theory as a risk management tool","verified",""
"pre.zip/jalalzai21a.pdf","27","28","Modelling extremal events: for insurance and finance","verified",""
"pre.zip/jalalzai21a.pdf","28","29","Graphical models for extremes","verified",""
"pre.zip/jalalzai21a.pdf","29","30","Sparse structures for multivariate extremes","verified",""
"pre.zip/jalalzai21a.pdf","30","31","Ex-tremal behaviour of aggregated data with an application to downscaling","verified",""
"pre.zip/jalalzai21a.pdf","31","32","A Geometric Framework for Unsupervised Anomaly Detection, pp","verified",""
"pre.zip/jalalzai21a.pdf","32","33","A note on the group lasso and a sparse group lasso","verified",""
"pre.zip/jalalzai21a.pdf","33","34","Sparse representation of multivariate extremes with applications to anomaly ranking","verified",""
"pre.zip/jalalzai21a.pdf","34","35","Sparse representation of multivariate extremes with applications to anomaly detection","verified",""
"pre.zip/jalalzai21a.pdf","35","36","The method of projections for finding the common point of convex sets","verified",""
"pre.zip/jalalzai21a.pdf","36","37","On binary classification in extreme regions","verified",""
"pre.zip/jalalzai21a.pdf","37","38","Heavy-tailed representations, text polarity classification & data augmentation","verified",""
"pre.zip/jalalzai21a.pdf","41","42","Revisiting self-supervised visual representation learning","verified",""
"pre.zip/jalalzai21a.pdf","42","43","Rankmax: An adaptive projection alternative to the softmax function","verified",""
"pre.zip/jalalzai21a.pdf","44","45","Algorithms for non-negative matrix factorization","verified",""
"pre.zip/jalalzai21a.pdf","45","46","UCI machine learning repository","verified",""
"pre.zip/jalalzai21a.pdf","46","47","Analysis and results of the 1999 darpa offline intrusion detection evaluation","verified",""
"pre.zip/jalalzai21a.pdf","47","48","Isolation forest","verified",""
"pre.zip/jalalzai21a.pdf","48","49","Sparse regular variation","verified",""
"pre.zip/jalalzai21a.pdf","49","50","Sparsemap: Differentiable sparse structured inference","verified",""
"pre.zip/jalalzai21a.pdf","50","51","Scikitlearn: Machine learning in Python","verified",""
"pre.zip/jalalzai21a.pdf","52","53","Point processes, regular variation and weak convergence","verified",""
"pre.zip/jalalzai21a.pdf","53","54","Novelty detection using extreme value statistics","verified",""
"pre.zip/jalalzai21a.pdf","54","55","V-measure: A conditional entropy-based external cluster evaluation measure","verified",""
"pre.zip/jalalzai21a.pdf","55","56","Bayesian dirichlet mixture model for multivariate extremes: A re-parametrization","verified",""
"pre.zip/jalalzai21a.pdf","56","57","A sparse-group lasso","verified",""
"pre.zip/jalalzai21a.pdf","57","58","Simulating multivariate extreme value distributions of logistic type","verified",""
"pre.zip/jalalzai21a.pdf","58","59","High-dimensional parametric modelling of multivariate extreme events","verified",""
"pre.zip/jalalzai21a.pdf","59","60","A detailed analysis of the kdd cup 99 data set","verified",""
"pre.zip/jalalzai21a.pdf","60","61","Modelling multivariate extreme value distributions","verified",""
"pre.zip/jalalzai21a.pdf","61","62","Anomaly detection in extreme regions via empirical mv-sets on the sphere","verified",""
"pre.zip/jalalzai21a.pdf","62","63","Probabilistic principal component analysis","verified",""
"pre.zip/jalalzai21a.pdf","63","64","Extensions of compressed sensing","verified",""
"pre.zip/jalalzai21a.pdf","64","65","Extreme value theory for open set classification–gpd and gev classifiers","verified",""
"pre.zip/jalalzai21a.pdf","65","66","A note on adaptive group lasso","verified",""
"pre.zip/jalalzai21a.pdf","66","67","Randomized online pca algorithms with regret bounds that are logarithmic in the dimension","verified",""
"pre.zip/jalalzai21a.pdf","68","69","Online unsupervised outlier detection using finite mixtures with discounting learning algorithms","verified",""
"pre.zip/jalalzai21a.pdf","69","70","Model selection and estimation in regression with grouped variables","verified",""
"pre.zip/jalalzai21a.pdf","70","71","Alpha-stable matrix factorization","verified",""
"pre.zip/jastrzebski21a.pdf","68","69","Residual learning without normalization via better initialization","not_found","real"
"pre.zip/jastrzebski21a.pdf","9","10","Entropysgd: Biasing gradient descent into wide valleys","mismatch","real"
"pre.zip/jastrzebski21a.pdf","0","1","Critical learning periods in deep networks","verified",""
"pre.zip/jastrzebski21a.pdf","1","2","Implicit regularization in deep matrix factorization","verified",""
"pre.zip/jastrzebski21a.pdf","2","3","A closer look at memorization in deep networks","verified",""
"pre.zip/jastrzebski21a.pdf","3","4","How to initialize your network? robust initialization for weight-norm & resnets","verified",""
"pre.zip/jastrzebski21a.pdf","4","5","Implicit gradient regularization","verified",""
"pre.zip/jastrzebski21a.pdf","5","6","Understanding batch normalization","verified",""
"pre.zip/jastrzebski21a.pdf","6","7","Jacobian adversarially regularized networks for robustness","verified",""
"pre.zip/jastrzebski21a.pdf","7","8","Coherent gradients: An approach to understanding generalization in gradient descent-based optimization","verified",""
"pre.zip/jastrzebski21a.pdf","8","9","Stochastic gradient descent performs variational inference, converges to limit cycles for deep networks","verified",""
"pre.zip/jastrzebski21a.pdf","10","11","Gradient descent on neural networks typically occurs at the edge of stability","verified",""
"pre.zip/jastrzebski21a.pdf","11","12","Batch normalization biases residual blocks towards the identity function in deep networks","verified",""
"pre.zip/jastrzebski21a.pdf","12","13","Imagenet: A large-scale hierarchical image database","verified",""
"pre.zip/jastrzebski21a.pdf","13","14","Sharp minima can generalize for deep nets","verified",""
"pre.zip/jastrzebski21a.pdf","14","15","Improving generalization performance using double backpropagation","verified",""
"pre.zip/jastrzebski21a.pdf","15","16","Sharpness-aware minimization for efficiently improving generalization","verified",""
"pre.zip/jastrzebski21a.pdf","16","17","Deep learning versus kernel learning: an empirical study of loss landscape geometry and the time evolution of the neural tangent kernel","verified",""
"pre.zip/jastrzebski21a.pdf","17","18","The early phase of neural network training","verified",""
"pre.zip/jastrzebski21a.pdf","18","19","Shortcut learning in deep neural networks","verified",""
"pre.zip/jastrzebski21a.pdf","19","20","Time matters in regularizing deep networks: Weight decay and data augmentation affect early learning dynamics, matter little near convergence","verified",""
"pre.zip/jastrzebski21a.pdf","20","21","A closer look at deep learning heuristics: Learning rate restarts, warmup and distillation","verified",""
"pre.zip/jastrzebski21a.pdf","21","22","Improved training of wasserstein gans","verified",""
"pre.zip/jastrzebski21a.pdf","22","23","Gradient descent happens in a tiny subspace","verified",""
"pre.zip/jastrzebski21a.pdf","23","24","Asymmetric valleys: Beyond sharp and flat local minima","verified",""
"pre.zip/jastrzebski21a.pdf","24","25","Deep residual learning for image recognition","verified",""
"pre.zip/jastrzebski21a.pdf","26","27","Robust learning with jacobian regularization","verified",""
"pre.zip/jastrzebski21a.pdf","27","28","The surprising simplicity of the early-time learning dynamics of neural networks","verified",""
"pre.zip/jastrzebski21a.pdf","28","29","Densely connected convolutional networks","verified",""
"pre.zip/jastrzebski21a.pdf","29","30","A stochastic estimator of the trace of the influence matrix for laplacian smoothing splines","verified",""
"pre.zip/jastrzebski21a.pdf","30","31","Averaging weights leads to wider optima and better generalization","verified",""
"pre.zip/jastrzebski21a.pdf","31","32","Neural tangent kernel: Convergence and generalization in neural networks","verified",""
"pre.zip/jastrzebski21a.pdf","32","33","Three Factors Influencing Minima in SGD","verified",""
"pre.zip/jastrzebski21a.pdf","33","34","On the relation between the sharpest directions of DNN loss and the SGD step length","verified",""
"pre.zip/jastrzebski21a.pdf","34","35","The break-even point on optimization trajectories of deep neural networks","verified",""
"pre.zip/jastrzebski21a.pdf","35","36","Beyond synthetic noise: Deep learning on controlled noisy labels","verified",""
"pre.zip/jastrzebski21a.pdf","36","37","Universal statistics of fisher information in deep neural networks: Mean field approach","verified",""
"pre.zip/jastrzebski21a.pdf","37","38","On large-batch training for deep learning: Generalization gap and sharp minima","verified",""
"pre.zip/jastrzebski21a.pdf","38","39","Learning multiple layers of features from tiny images","verified",""
"pre.zip/jastrzebski21a.pdf","39","40","Limitations of the empirical fisher approximation for natural gradient descent","verified",""
"pre.zip/jastrzebski21a.pdf","40","41","Tiny imagenet visual recognition challenge","verified",""
"pre.zip/jastrzebski21a.pdf","41","42","The two regimes of deep network training","verified",""
"pre.zip/jastrzebski21a.pdf","43","44","The large learning rate phase of deep learning: the catapult mechanism","verified",""
"pre.zip/jastrzebski21a.pdf","44","45","Dividemix: Learning with noisy labels as semi-supervised learning","verified",""
"pre.zip/jastrzebski21a.pdf","45","46","Stochastic modified equations and adaptive stochastic gradient algorithms","verified",""
"pre.zip/jastrzebski21a.pdf","46","47","Towards explaining the regularization effect of initial large learning rate in training neural networks","verified",""
"pre.zip/jastrzebski21a.pdf","47","48","Fisher-rao metric, geometry, and complexity of neural networks","verified",""
"pre.zip/jastrzebski21a.pdf","48","49","Early-learning regularization prevents memorization of noisy labels","verified",""
"pre.zip/jastrzebski21a.pdf","49","50","New insights and perspectives on the natural gradient method","verified",""
"pre.zip/jastrzebski21a.pdf","50","51","Learning from failure: Training debiased classifier from biased classifier","verified",""
"pre.zip/jastrzebski21a.pdf","51","52","Implicit regularization in deep learning","verified",""
"pre.zip/jastrzebski21a.pdf","52","53","Theory of deep learning iii: explaining the non-overfitting puzzle","verified",""
"pre.zip/jastrzebski21a.pdf","53","54","On the spectral bias of neural networks","verified",""
"pre.zip/jastrzebski21a.pdf","54","55","Contractive auto-encoders: Explicit invariance during feature extraction","verified",""
"pre.zip/jastrzebski21a.pdf","55","56","Very deep convolutional networks for large-scale image recognition","verified",""
"pre.zip/jastrzebski21a.pdf","56","57","A bayesian perspective on generalization and stochastic gradient descent","verified",""
"pre.zip/jastrzebski21a.pdf","57","58","On the origin of implicit regularization in stochastic gradient descent","verified",""
"pre.zip/jastrzebski21a.pdf","58","59","Robust and on-the-fly dataset denoising for image classification","verified",""
"pre.zip/jastrzebski21a.pdf","59","60","The implicit bias of gradient descent on separable data","verified",""
"pre.zip/jastrzebski21a.pdf","60","61","On the interplay between noise and curvature and its effect on optimization and generalization","verified",""
"pre.zip/jastrzebski21a.pdf","61","62","Normalized flat minima: Exploring scale invariant definition of flat minima for neural networks using pac-bayesian analysis","verified",""
"pre.zip/jastrzebski21a.pdf","62","63","Smoothout: Smoothing out sharp minima to improve generalization in deep learning","verified",""
"pre.zip/jastrzebski21a.pdf","63","64","Understanding training and generalization in deep learning by fourier analysis","verified",""
"pre.zip/jastrzebski21a.pdf","64","65","Spectral norm regularization for improving the generalizability of deep learning","verified",""
"pre.zip/jastrzebski21a.pdf","66","67","Understanding deep learning requires rethinking generalization","verified",""
"pre.zip/jastrzebski21a.pdf","67","68","mixup: Beyond empirical risk minimization","verified",""
"pre.zip/jiang21a.pdf","0","1","A closer look at memorization in deep networks","verified",""
"pre.zip/jiang21a.pdf","1","2","Training con-nectionist networks with queries and selective sampling","verified",""
"pre.zip/jiang21a.pdf","2","3","Are we done with imagenet","verified",""
"pre.zip/jiang21a.pdf","3","4","Do convolutional neural networks learn class hierarchy?","verified",""
"pre.zip/jiang21a.pdf","4","5","The secret sharer: Evaluating and testing unintended memorization in neural networks","verified",""
"pre.zip/jiang21a.pdf","5","6","Active bias: training more accurate neural networks by emphasizing high variance samples","verified",""
"pre.zip/jiang21a.pdf","6","7","Smote: synthetic minority over-sampling technique","verified",""
"pre.zip/jiang21a.pdf","7","8","A simple framework for contrastive learning of visual representations","verified",""
"pre.zip/jiang21a.pdf","8","9","Big self-supervised models are strong semi-supervised learners","verified",""
"pre.zip/jiang21a.pdf","9","10","Improved baselines with momentum contrastive learning","verified",""
"pre.zip/jiang21a.pdf","10","11","Class-balanced loss based on effective number of samples","verified",""
"pre.zip/jiang21a.pdf","11","12","Does learning require memorization? a short tale about a long tail","verified",""
"pre.zip/jiang21a.pdf","12","13","The lottery ticket hypothesis: Finding sparse, trainable neural networks","verified",""
"pre.zip/jiang21a.pdf","13","14","The lottery ticket hypothesis at scale","verified",""
"pre.zip/jiang21a.pdf","14","15","Unsupervised representation learning by predicting image rotations","verified",""
"pre.zip/jiang21a.pdf","15","16","Query by committee made real","verified",""
"pre.zip/jiang21a.pdf","16","17","Bootstrap your own latent: A new approach to self-supervised learning","verified",""
"pre.zip/jiang21a.pdf","17","18","Co-teaching: Robust training of deep neural networks with extremely noisy labels","verified",""
"pre.zip/jiang21a.pdf","18","19","Sigua: Forgetting may make learning with noisy labels more robust","verified",""
"pre.zip/jiang21a.pdf","19","20","Deep compression: Compressing deep neural networks with pruning, trained quantization and huffman coding","verified",""
"pre.zip/jiang21a.pdf","20","21","Deep residual learning for image recognition","verified",""
"pre.zip/jiang21a.pdf","21","22","Momentum contrast for unsupervised visual representation learning","verified",""
"pre.zip/jiang21a.pdf","22","23","What do compressed deep neural networks forget?","verified",""
"pre.zip/jiang21a.pdf","23","24","Robust pretraining by adversarial contrastive learning","verified",""
"pre.zip/jiang21a.pdf","24","25","Decoupling representation and classifier for long-tailed recognition","verified",""
"pre.zip/jiang21a.pdf","25","26","Exploring balanced feature spaces for representation learning","verified",""
"pre.zip/jiang21a.pdf","26","27","Cost-sensitive learning of deep feature representations from imbalanced data","verified",""
"pre.zip/jiang21a.pdf","28","29","Pruning filters for efficient ConvNets","verified",""
"pre.zip/jiang21a.pdf","29","30","Focal loss for dense object detection","verified",""
"pre.zip/jiang21a.pdf","30","31","Early-learning regularization prevents memorization of noisy labels","verified",""
"pre.zip/jiang21a.pdf","31","32","Learning efficient convolutional networks through network slimming","verified",""
"pre.zip/jiang21a.pdf","32","33","Large-scale long-tailed recognition in an open world","verified",""
"pre.zip/jiang21a.pdf","33","34","Exploring the limits of weakly supervised pretraining","verified",""
"pre.zip/jiang21a.pdf","34","35","Differential testing for software","verified",""
"pre.zip/jiang21a.pdf","35","36","Automatic differentiation in pytorch","verified",""
"pre.zip/jiang21a.pdf","37","38","Demystifying contrastive self-supervised learning: Invariances, augmentations and dataset biases","verified",""
"pre.zip/jiang21a.pdf","38","39","Deep imbalanced attribute classification using visual attention aggregation","verified",""
"pre.zip/jiang21a.pdf","39","40","Gradcam: Visual explanations from deep networks via gradient-based localization","verified",""
"pre.zip/jiang21a.pdf","40","41","Query by committee","verified",""
"pre.zip/jiang21a.pdf","41","42","Relay backpropagation for effective learning of deep convolutional neural networks","verified",""
"pre.zip/jiang21a.pdf","42","43","Selfie: Refurbishing unclean samples for robust deep learning","verified",""
"pre.zip/jiang21a.pdf","43","44","Dropout: a simple way to prevent neural networks from overfitting","verified",""
"pre.zip/jiang21a.pdf","44","45","Contrastive multiview coding","verified",""
"pre.zip/jiang21a.pdf","45","46","The inaturalist species classification and detection dataset","verified",""
"pre.zip/jiang21a.pdf","46","47","I am going mad: Maximum discrepancy competition for comparing classifiers adaptively","verified",""
"pre.zip/jiang21a.pdf","47","48","Long-tailed recognition by routing diverse distribution-aware experts","verified",""
"pre.zip/jiang21a.pdf","48","49","Maximum differentiation (mad) competition: A methodology for comparing computational models of perceptual quantities","verified",""
"pre.zip/jiang21a.pdf","49","50","Troubleshooting blind image quality models in the wild","verified",""
"pre.zip/jiang21a.pdf","50","51","Robust early-learning: Hindering the memorization of noisy labels","verified",""
"pre.zip/jiang21a.pdf","51","52","Rethinking the value of labels for improving class-imbalanced learning","verified",""
"pre.zip/jiang21a.pdf","52","53","Graph contrastive learning with augmentations","verified",""
"pre.zip/jiang21a.pdf","53","54","Slimmable neural networks","verified",""
"pre.zip/jiang21a.pdf","54","55","How does disagreement help generalization against label corruption?","verified",""
"pre.zip/jiang21a.pdf","55","56","Re-labeling imagenet: from single to multi-labels, from global to localized labels","verified",""
"pre.zip/jiang21a.pdf","56","57","Understanding deep learning requires rethinking generalization","verified",""
"pre.zip/jiang21a.pdf","57","58","To balance or not to balance: An embarrassingly simple approach for learning with long-tailed distributions","verified",""
"pre.zip/jiang21a.pdf","58","59","Capturing long-tail distributions of object subcategories","verified",""
"pre.zip/ju21a.pdf","0","1","High-dimensional dynamics of generalization error in neural networks","verified",""
"pre.zip/ju21a.pdf","1","2","Learning and generalization in overparameterized neural networks, going beyond two layers","verified",""
"pre.zip/ju21a.pdf","2","3","Fine-grained analysis of optimization and generalization for overpa-rameterized two-layer neural networks","verified",""
"pre.zip/ju21a.pdf","3","4","The convergence rate of neural networks for learned functions of different frequencies","verified",""
"pre.zip/ju21a.pdf","4","5","Reconciling modern machine learning and the bias-variance trade-off","verified",""
"pre.zip/ju21a.pdf","5","6","To understand deep learning we need to understand kernel learning","verified",""
"pre.zip/ju21a.pdf","6","7","Two models of double descent for weak features","verified",""
"pre.zip/ju21a.pdf","7","8","Pattern recognition and machine learning","verified",""
"pre.zip/ju21a.pdf","8","9","Extension of euler’s beta function","verified",""
"pre.zip/ju21a.pdf","9","10","Convolution on the n-sphere with application to pdf modeling","verified",""
"pre.zip/ju21a.pdf","10","11","Gradient descent provably optimizes over-parameterized neural networks","verified",""
"pre.zip/ju21a.pdf","11","12","The incomplete beta function—a historical profile","verified",""
"pre.zip/ju21a.pdf","12","13","Decoupling gating from linearity","verified",""
"pre.zip/ju21a.pdf","13","14","Linearized two-layers neural networks in high dimension","verified",""
"pre.zip/ju21a.pdf","14","15","Chernoff bounds, and some applications","verified",""
"pre.zip/ju21a.pdf","15","16","The elements of statistical learning: data mining, inference, and prediction","verified",""
"pre.zip/ju21a.pdf","16","17","Surprises in high-dimensional ridgeless least squares interpolation","verified",""
"pre.zip/ju21a.pdf","17","18","A large-deviation inequality for vector-valued martingales","verified",""
"pre.zip/ju21a.pdf","18","19","Neural tangent kernel: Convergence and generalization in neural networks","verified",""
"pre.zip/ju21a.pdf","19","20","Implicit regularization of random feature models","verified",""
"pre.zip/ju21a.pdf","20","21","Estimation with quadratic loss","verified",""
"pre.zip/ju21a.pdf","21","22","Polylogarithmic width suffices for gradient descent to achieve arbitrarily small test error with shallow relu networks","verified",""
"pre.zip/ju21a.pdf","22","23","Neural tangent kernels, transportation mappings, and universal approximation","verified",""
"pre.zip/ju21a.pdf","23","24","Overfitting can be harmless for basis pursuit, but only to a degree","verified",""
"pre.zip/ju21a.pdf","24","25","Second order properties of error surfaces: Learning time and generalization","verified",""
"pre.zip/ju21a.pdf","25","26","Concise formulas for the area and volume of a hy-perspherical cap","verified",""
"pre.zip/ju21a.pdf","26","27","Learning overparameterized neural networks via stochastic gradient descent on structured data","verified",""
"pre.zip/ju21a.pdf","27","28","Integral and series representations of the dirac delta function","verified",""
"pre.zip/ju21a.pdf","28","29","A random matrix analysis of random fourier features: beyond the gaussian kernel, a precise phase transition, and the corresponding double descent","verified",""
"pre.zip/ju21a.pdf","29","30","Harmless interpolation of noisy data in regression","verified",""
"pre.zip/ju21a.pdf","30","31","Theory of charges: a study of finitely additive measures","verified",""
"pre.zip/ju21a.pdf","31","32","The dynamics of gradient descent for overparametrized neural networks","verified",""
"pre.zip/ju21a.pdf","32","33","Inadmissibility of the usual estimator for the mean of a multivariate normal distribution","verified",""
"pre.zip/ju21a.pdf","33","34","On the stability of inverse problems","verified",""
"pre.zip/ju21a.pdf","34","35","Special functions and the theory of group representations","verified",""
"pre.zip/ju21a.pdf","36","37","A problem in geometric probability","verified",""
"pre.zip/ju21a.pdf","37","38","Understanding deep learning requires rethinking generalization","verified",""
"pre.zip/kim21b.pdf","0","1","Thinking fast and slow with deep learning and tree search","verified",""
"pre.zip/kim21b.pdf","1","2","Policy gradient search: Online planning and expert iteration without search trees","verified",""
"pre.zip/kim21b.pdf","2","3","A generative model for electron paths","verified",""
"pre.zip/kim21b.pdf","3","4","Retro*: learning retrosynthetic planning with neural guided a* search","verified",""
"pre.zip/kim21b.pdf","4","5","Rdchiral: An rdkit wrapper for handling stereochemistry in retrosyn-thetic template extraction and application","verified",""
"pre.zip/kim21b.pdf","5","6","The logic of chemical synthesis: multistep synthesis of complex carbogenic molecules (nobel lecture)","verified",""
"pre.zip/kim21b.pdf","6","7","Retrosyn-thesis prediction with conditional graph logic network","verified",""
"pre.zip/kim21b.pdf","7","8","Graph transformation policy network for chemical reaction prediction","verified",""
"pre.zip/kim21b.pdf","8","9","Principles of early drug discovery","verified",""
"pre.zip/kim21b.pdf","9","10","Predicting organic reaction outcomes with weisfeiler-lehman network","verified",""
"pre.zip/kim21b.pdf","10","11","A transformer model for retrosynthesis","verified",""
"pre.zip/kim21b.pdf","11","12","Adam: A method for stochastic optimization","verified",""
"pre.zip/kim21b.pdf","12","13","Depth-first proof-number search with heuristic edge cost and application to chemical synthesis planning","verified",""
"pre.zip/kim21b.pdf","14","15","Retrognn: Approximating retrosynthesis by graph neural networks for de novo drug design","verified",""
"pre.zip/kim21b.pdf","15","16","Extraction of chemical structures and reactions from the literature","verified",""
"pre.zip/kim21b.pdf","16","17","Extended-connectivity fingerprints","verified",""
"pre.zip/kim21b.pdf","17","18","A reduction of imitation learning and structured prediction to no-regret online learning","verified",""
"pre.zip/kim21b.pdf","18","19","Learning ret-rosynthetic planning through simulated experience","verified",""
"pre.zip/kim21b.pdf","19","20","found in translation: predicting outcomes of complex organic chemistry reactions using neural sequence-to-sequence models","verified",""
"pre.zip/kim21b.pdf","20","21","Molecular transformer: a model for uncertainty-calibrated chemical reaction prediction","verified",""
"pre.zip/kim21b.pdf","21","22","Neural-symbolic machine learning for retrosynthesis and reaction prediction","verified",""
"pre.zip/kim21b.pdf","22","23","Planning chemical syntheses with deep neural networks and symbolic ai","verified",""
"pre.zip/kim21b.pdf","23","24","A graph to graphs framework for retrosynthesis prediction","verified",""
"pre.zip/kim21b.pdf","24","25","Mastering the game of go without human knowledge","verified",""
"pre.zip/kim21b.pdf","25","26","Learning graph models for template-free retrosynthesis","verified",""
"pre.zip/kim21b.pdf","26","27","Learning to search via retrospective imitation","verified",""
"pre.zip/kim21b.pdf","27","28","Non-fullerene acceptors for organic solar cells","verified",""
"pre.zip/kim21b.pdf","28","29","Retroxpert: Decompose retrosynthesis prediction like a chemist","verified",""
"pre.zip/kim21b.pdf","29","30","Predicting retrosynthetic reactions using self-corrected transformer neural networks","verified",""
"pre.zip/kim21f.pdf","20","21","Autoencoding beyond pixels using a learned Conditional Variational Autoencoder with Adversarial Learning for End-to-End Text-to-Speech similarity metric","not_found","real"
"pre.zip/kim21f.pdf","1","2","High Fidelity Speech Synthesis with Adversarial Networks","verified",""
"pre.zip/kim21f.pdf","2","3","Vflow: More expressive generative flows with variational data augmentation","verified",""
"pre.zip/kim21f.pdf","4","5","Yin, a fundamental frequency estimator for speech and music","verified",""
"pre.zip/kim21f.pdf","5","6","Density estimation using Real NVP","verified",""
"pre.zip/kim21f.pdf","6","7","End-to-end Adversarial Text-to-Speech","verified",""
"pre.zip/kim21f.pdf","9","10","Generating sequences with recurrent neural networks","verified",""
"pre.zip/kim21f.pdf","10","11","Flow++: Improving flow-based generative models with variational dequantization and architecture design","verified",""
"pre.zip/kim21f.pdf","11","12","Hierarchical Generative Modeling for Controllable Speech Synthesis","verified",""
"pre.zip/kim21f.pdf","13","14","Transfer Learning from Speaker Verification to Multispeaker Text-To-Speech Synthesis","verified",""
"pre.zip/kim21f.pdf","14","15","Efficient neural audio synthesis","verified",""
"pre.zip/kim21f.pdf","15","16","Glow-TTS: A Generative Flow for Text-to-Speech via Monotonic Alignment Search","verified",""
"pre.zip/kim21f.pdf","16","17","Auto-Encoding Variational Bayes","verified",""
"pre.zip/kim21f.pdf","17","18","Improved variational inference with inverse autoregressive flow","verified",""
"pre.zip/kim21f.pdf","18","19","HiFi-GAN: Generative Adversarial networks for Efficient and High Fidelity Speech Synthesis","verified",""
"pre.zip/kim21f.pdf","19","20","MelGAN: Generative Adversarial Networks for Conditional waveform synthesis","verified",""
"pre.zip/kim21f.pdf","21","22","Bidirectional Variational Inference for Non-Autoregressive Text-to-speech","verified",""
"pre.zip/kim21f.pdf","22","23","Decoupled Weight Decay Regularization","verified",""
"pre.zip/kim21f.pdf","23","24","Flowseq: Non-autoregressive conditional sequence generation with generative flow","verified",""
"pre.zip/kim21f.pdf","24","25","Least squares generative adversarial networks","verified",""
"pre.zip/kim21f.pdf","25","26","Flow-TTS: A non-autoregressive network for text to speech based on flow","verified",""
"pre.zip/kim21f.pdf","26","27","Wavenet: A generative model for raw audio","verified",""
"pre.zip/kim21f.pdf","27","28","Non-autoregressive neural text-to-speech","verified",""
"pre.zip/kim21f.pdf","28","29","Deep Voice 3: 2000-Speaker Neural Text-to-Speech","verified",""
"pre.zip/kim21f.pdf","30","31","FastSpeech 2: Fast and High-Quality End-to-End Text to Speech","verified",""
"pre.zip/kim21f.pdf","31","32","Self-Attention with Relative Position Representations","verified",""
"pre.zip/kim21f.pdf","32","33","Natural tts synthesis by conditioning wavenet on mel spectrogram predictions","verified",""
"pre.zip/kim21f.pdf","33","34","Voiceloop: Voice Fitting and Synthesis via a Phonological Loop","verified",""
"pre.zip/kim21f.pdf","34","35","Attention is All you Need","verified",""
"pre.zip/kim21f.pdf","35","36","CSTR VCTK corpus: English multi-speaker corpus for CSTR voice cloning toolkit","verified",""
"pre.zip/kim21f.pdf","36","37","Wave-Tacotron: Spectrogram-free end-to-end text-to-speech synthesis","verified",""
"pre.zip/kim21f.pdf","37","38","Learning latent representations for style control and transfer in end-to-end speech synthesis","verified",""
"pre.zip/kim21f.pdf","38","39","Latent normalizing flows for discrete sequences","verified",""
"pre.zip/kwon21b.pdf","0","1","Report on the 11th IWSLT evaluation campaign, IWSLT 2014","verified",""
"pre.zip/kwon21b.pdf","1","2","The intriguing role of module criticality in the generalization of deep networks","verified",""
"pre.zip/kwon21b.pdf","2","3","Entropysgd: Biasing gradient descent into wide valleys","verified",""
"pre.zip/kwon21b.pdf","3","4","Autoaugment: Learning augmentation strategies from data","verified",""
"pre.zip/kwon21b.pdf","4","5","ImageNet: A large-scale hierarchical image database","verified",""
"pre.zip/kwon21b.pdf","5","6","Sharp minima can generalize for deep nets","verified",""
"pre.zip/kwon21b.pdf","6","7","Sharpness-aware minimization for efficiently improving generalization","verified",""
"pre.zip/kwon21b.pdf","7","8","Deep pyramidal residual networks","verified",""
"pre.zip/kwon21b.pdf","8","9","Deep residual learning for image recognition","verified",""
"pre.zip/kwon21b.pdf","10","11","Simplifying neural nets by discovering flat minima","verified",""
"pre.zip/kwon21b.pdf","11","12","Densely connected convolutional networks","verified",""
"pre.zip/kwon21b.pdf","12","13","Beyond synthetic noise: Deep learning on controlled noisy labels","verified",""
"pre.zip/kwon21b.pdf","13","14","Fantastic generalization measures and where to find them","verified",""
"pre.zip/kwon21b.pdf","14","15","The normalization method for alleviating pathological sharpness in wide neural networks","verified",""
"pre.zip/kwon21b.pdf","15","16","A new measure of rank correlation","verified",""
"pre.zip/kwon21b.pdf","16","17","On large-batch training for deep learning: Generalization gap and sharp minima","verified",""
"pre.zip/kwon21b.pdf","17","18","Adam: A method for stochastic optimization","verified",""
"pre.zip/kwon21b.pdf","18","19","Adaptive estimation of a quadratic functional by model selection","verified",""
"pre.zip/kwon21b.pdf","19","20","Visualizing the loss landscape of neural nets","verified",""
"pre.zip/kwon21b.pdf","20","21","Fisher-rao metric, geometry, and complexity of neural networks","verified",""
"pre.zip/kwon21b.pdf","21","22","Sgdr: Stochastic gradient descent with warm restarts","verified",""
"pre.zip/kwon21b.pdf","22","23","PAC-Bayesian model averaging","verified",""
"pre.zip/kwon21b.pdf","23","24","Training recurrent neural networks by diffusion","verified",""
"pre.zip/kwon21b.pdf","25","26","A method for solving the convex programming problem with convergence rate O(1/k2)","verified",""
"pre.zip/kwon21b.pdf","26","27","Exploring generalization in deep learning","verified",""
"pre.zip/kwon21b.pdf","27","28","Learning with symmetric label noise: the importance of being unhinged","verified",""
"pre.zip/kwon21b.pdf","28","29","Very deep convolutional networks for large-scale image recognition","verified",""
"pre.zip/kwon21b.pdf","29","30","Exploring the vulnerability of deep neural networks: A study of parameter corruption","verified",""
"pre.zip/kwon21b.pdf","30","31","Normalized flat minima: Exploring scale invariant definition of flat minima for neural networks using PAC-Bayesian analysis","verified",""
"pre.zip/kwon21b.pdf","31","32","A generalized matrix inverse that is consistent with respect to diagonal transformations","verified",""
"pre.zip/kwon21b.pdf","32","33","Attention is all you need","verified",""
"pre.zip/kwon21b.pdf","33","34","Aggregated residual transformations for deep neural networks","verified",""
"pre.zip/kwon21b.pdf","34","35","Shake-drop regularization for deep residual learning","verified",""
"pre.zip/kwon21b.pdf","35","36","Positively scale-invariant flatness of relu neural networks","verified",""
"pre.zip/kwon21b.pdf","36","37","Salr: Sharpness-aware learning rates for improved generalization","verified",""
"pre.zip/kwon21b.pdf","37","38","CutMix: Regularization strategy to train strong classifiers with localizable features","verified",""
"pre.zip/kwon21b.pdf","38","39","Wide residual networks","verified",""
"pre.zip/lam21a.pdf","2","3","Personalized federated learning: Model-agnostic meta-learning approach","not_found","real"
"pre.zip/lam21a.pdf","0","1","Federated learning of predictive models from federated electronic health records","verified",""
"pre.zip/lam21a.pdf","1","2","Personalized federated learning with moreau envelopes","verified",""
"pre.zip/lam21a.pdf","3","4","Model-agnostic meta-learning for fast adaptation of deep networks","verified",""
"pre.zip/lam21a.pdf","4","5","Deepfm: a factorization-machine based neural network for ctr prediction","verified",""
"pre.zip/lam21a.pdf","5","6","The MovieLens datasets: History and context","verified",""
"pre.zip/lam21a.pdf","6","7","Neural collaborative filtering","verified",""
"pre.zip/lam21a.pdf","7","8","Gaussian processes for big data","verified",""
"pre.zip/lam21a.pdf","8","9","A generalized stochastic variational Bayesian hyperparameter learning framework for sparse spectrum Gaussian process regression","verified",""
"pre.zip/lam21a.pdf","9","10","Collective model fusion for multiple black-box experts","verified",""
"pre.zip/lam21a.pdf","10","11","A unifying framework of anytime sparse Gaussian process regression models with stochastic variational inference for big data","verified",""
"pre.zip/lam21a.pdf","11","12","A distributed variational inference framework for unifying parallel sparse Gaussian process regression models","verified",""
"pre.zip/lam21a.pdf","12","13","Collective online learning of Gaussian processes in massive multi-agent systems","verified",""
"pre.zip/lam21a.pdf","13","14","Learning task-agnostic embedding of multiple black-box experts for multi-task model fusion","verified",""
"pre.zip/lam21a.pdf","14","15","Auto-Encoding Variational Bayes","verified",""
"pre.zip/lam21a.pdf","15","16","Matrix factorization techniques for recommender systems","verified",""
"pre.zip/lam21a.pdf","16","17","Sparse spectrum Gaussian process regression","verified",""
"pre.zip/lam21a.pdf","19","20","Communication-efficient learning of deep networks from decentralized data","verified",""
"pre.zip/lam21a.pdf","20","21","Learning latent permutations with gumbel-sinkhorn networks","verified",""
"pre.zip/lam21a.pdf","21","22","Client selection for federated learning with heterogeneous resources in mobile edge","verified",""
"pre.zip/lam21a.pdf","22","23","A unifying view of sparse approximate Gaussian process regression","verified",""
"pre.zip/lam21a.pdf","23","24","Approximation methods for gaussian process regression","verified",""
"pre.zip/lam21a.pdf","24","25","Gaussian Processes for Machine Learning","verified",""
"pre.zip/lam21a.pdf","25","26","Autorec: Autoencoders meet collaborative filtering","verified",""
"pre.zip/lam21a.pdf","26","27","Fast forward selection to speed up sparse Gaussian process regression","verified",""
"pre.zip/lam21a.pdf","28","29","Sparse greedy Gaussian process regression","verified",""
"pre.zip/lam21a.pdf","29","30","Flexible and efficient Gaussian process models for machine learning","verified",""
"pre.zip/lam21a.pdf","30","31","A re-ranker scheme for integrating large-scale nlu models","verified",""
"pre.zip/lam21a.pdf","31","32","Variational learning of inducing variables in sparse Gaussian processes","verified",""
"pre.zip/lam21a.pdf","32","33","Variational inference for Mahalanobis distance metrics in Gaussian process regression","verified",""
"pre.zip/lam21a.pdf","33","34","Applied federated learning: Improving google keyboard query suggestions","verified",""
"pre.zip/lam21a.pdf","34","35","Baysian model-agnostic meta-learning","verified",""
"pre.zip/lam21a.pdf","35","36","Stochastic variational inference for bayesian sparse gaussian process regression","verified",""
"pre.zip/lam21a.pdf","36","37","Bayesian nonparametric federated learning of neural networks","verified",""
"pre.zip/lam21a.pdf","37","38","Statistical model aggregation via parameter matching","verified",""
"pre.zip/lang21a.pdf","26","27","Graphical models, exponential families, and variational inference","mismatch","real"
"pre.zip/lang21a.pdf","0","1","Dynamic hybrid algorithms for map inference in discrete mrfs","verified",""
"pre.zip/lang21a.pdf","1","2","Algorithms for stable and perturbation-resilient problems","verified",""
"pre.zip/lang21a.pdf","2","3","Bilu-linial stability, certified algorithms and the independent set problem","verified",""
"pre.zip/lang21a.pdf","3","4","Approximate classification via earthmover metrics","verified",""
"pre.zip/lang21a.pdf","4","5","A pixel dissimilarity measure that is insensitive to image sampling","verified",""
"pre.zip/lang21a.pdf","5","6","Fast approximate energy minimization via graph cuts","verified",""
"pre.zip/lang21a.pdf","6","7","The complexity of mul-tiway cuts","verified",""
"pre.zip/lang21a.pdf","7","8","Stochastic relaxation, gibbs distributions, and the bayesian restoration of images","verified",""
"pre.zip/lang21a.pdf","8","9","Fixing max-product: Convergent message passing algorithms for map lp-relaxations","verified",""
"pre.zip/lang21a.pdf","10","11","A comparative study of modern inference techniques for structured discrete energy minimization problems","verified",""
"pre.zip/lang21a.pdf","11","12","Approximation algorithms for classification problems with pairwise relationships: Metric labeling and markov random fields","verified",""
"pre.zip/lang21a.pdf","12","13","Fast, approximately optimal solutions for single and dynamic mrfs","verified",""
"pre.zip/lang21a.pdf","13","14","Partial optimal labeling search for a np-hard subclass of (max,+) problems","verified",""
"pre.zip/lang21a.pdf","14","15","Optimality of approximate inference algorithms on stable instances","verified",""
"pre.zip/lang21a.pdf","15","16","Block stability for map inference","verified",""
"pre.zip/lang21a.pdf","16","17","Beyond perturbation stability: Lp recovery guarantees for map inference on noisy stable instances","verified",""
"pre.zip/lang21a.pdf","17","18","Certified algorithms: Worst-case analysis and beyond","verified",""
"pre.zip/lang21a.pdf","18","19","High-resolution stereo datasets with subpixel-accurate ground truth","verified",""
"pre.zip/lang21a.pdf","19","20","Graph Cuts Always Find a Global Optimum for Potts Models (With a Catch) Shekhovtsov, A. and Hlavac, V. On partial optimality by auxiliary submodular problems","verified",""
"pre.zip/lang21a.pdf","20","21","Maximum persistency via iterative relaxed inference in graphical models","verified",""
"pre.zip/lang21a.pdf","21","22","Textonboost: Joint appearance, shape and context modeling for multi-class object recognition and segmentation","verified",""
"pre.zip/lang21a.pdf","22","23","New outer bounds on the marginal polytope","verified",""
"pre.zip/lang21a.pdf","23","24","Approximate inference in graphical models using LP relaxations","verified",""
"pre.zip/lang21a.pdf","24","25","Partial optimality by pruning for map-inference with general graphical models","verified",""
"pre.zip/lang21a.pdf","25","26","A comparative study of energy minimization methods for markov random fields with smoothness-based priors","verified",""
"pre.zip/lang21a.pdf","27","28","Conditional random fields as recurrent neural networks","verified",""
"pre.zip/larsen21a.pdf","0","1","Mission: Ultra large-scale feature selection using count-sketches","verified",""
"pre.zip/larsen21a.pdf","2","3","Oblivious sketching of high-degree polynomial kernels","verified",""
"pre.zip/larsen21a.pdf","3","4","Finding frequent items in data streams","verified",""
"pre.zip/larsen21a.pdf","4","5","Compressing neural networks with the hashing trick","verified",""
"pre.zip/larsen21a.pdf","5","6","An improved data stream summary: the count-min sketch and its applications","verified",""
"pre.zip/larsen21a.pdf","6","7","Small Summaries for Big Data","verified",""
"pre.zip/larsen21a.pdf","7","8","A sparse Johnson-Lindenstrauss transform","verified",""
"pre.zip/larsen21a.pdf","8","9","Universal hashing and k-wise independent random variables via integer arithmetic without primes","verified",""
"pre.zip/larsen21a.pdf","9","10","Twitter sentiment classification using distant supervision","verified",""
"pre.zip/larsen21a.pdf","10","11","Extensions of Lips-chitz mappings into a hilbert space","verified",""
"pre.zip/larsen21a.pdf","11","12","Tight bounds for lp samplers, finding duplicates in streams, and related problems","verified",""
"pre.zip/larsen21a.pdf","12","13","Sparser Johnson-Lindenstrauss transforms","verified",""
"pre.zip/larsen21a.pdf","13","14","Countsketches, feature hashing and the median of three","verified",""
"pre.zip/larsen21a.pdf","14","15","Improved concentration bounds for count-sketch","verified",""
"pre.zip/larsen21a.pdf","15","16","Fast and scalable polynomial kernels via explicit feature maps","verified",""
"pre.zip/larsen21a.pdf","16","17","Compressing gradient optimizers via count-sketches","verified",""
"pre.zip/larsen21a.pdf","17","18","Feature hashing for large scale multitask learning","verified",""
"pre.zip/larsen21a.pdf","18","19","New algorithms for heavy hitters in data streams (invited talk)","verified",""
"pre.zip/lederer21a.pdf","7","8","Prédictions d’activité dans les réseaux sociaux en ligne","not_found","real"
"pre.zip/lederer21a.pdf","29","30","Upper and Lower Bounds on the Learning Curve for Gaussian Processes","mismatch","real"
"pre.zip/lederer21a.pdf","0","1","Deep Learning Quadcopter Control via Risk-Aware Active Learning","verified",""
"pre.zip/lederer21a.pdf","1","2","System Identification through Online Sparse Gaussian Process Regression with Input Noise","verified",""
"pre.zip/lederer21a.pdf","2","3","Streaming Sparse Gaussian Process Approximations","verified",""
"pre.zip/lederer21a.pdf","3","4","Generalized Product of Experts for Automatic and Principled Fusion of Gaussian Process Predictions","verified",""
"pre.zip/lederer21a.pdf","4","5","On Kernelized Multi-armed Bandits","verified",""
"pre.zip/lederer21a.pdf","5","6","Distributed Gaussian Processes","verified",""
"pre.zip/lederer21a.pdf","6","7","Universal Limit Laws for Depths in Random Trees","verified",""
"pre.zip/lederer21a.pdf","8","9","UCI Machine Learning Repository","verified",""
"pre.zip/lederer21a.pdf","9","10","Gaussian Processes for Big Data","verified",""
"pre.zip/lederer21a.pdf","10","11","Recursive Gaussian Process: Online Regression and Learning","verified",""
"pre.zip/lederer21a.pdf","11","12","Learning to Drive in a Day","verified",""
"pre.zip/lederer21a.pdf","13","14","Kinematic and Dynamic Vehicle Models for Autonomous Driving Control Design","verified",""
"pre.zip/lederer21a.pdf","14","15","Posterior Variance Analysis of Gaussian Processes with Application to Average Learning Curves. 2019b","verified",""
"pre.zip/lederer21a.pdf","15","16","Uniform Error and Posterior Variance Bounds for Gaussian Process Regression with Application to Safe Control","verified",""
"pre.zip/lederer21a.pdf","16","17","Reduction of Engine Emissions via a Real-Time Engine Combustion Control with an EGR Rate Estimation Model","verified",""
"pre.zip/lederer21a.pdf","17","18","Kinect Posture Reconstruction Based on a Local Mixture of Gaussian Process Models","verified",""
"pre.zip/lederer21a.pdf","18","19","Deterministic Error Bounds for Kernel-Based Learning Techniques under Bounded Noise","verified",""
"pre.zip/lederer21a.pdf","19","20","Mixture of Experts: A Literature Survey","verified",""
"pre.zip/lederer21a.pdf","20","21","Efficient High Dimensional Bayesian Optimization with Additivity and Quadrature Fourier Features","verified",""
"pre.zip/lederer21a.pdf","21","22","Incremental Sparsification for Real-Time Online Model Learning","verified",""
"pre.zip/lederer21a.pdf","22","23","Model Learning with Local Gaussian Process Regression","verified",""
"pre.zip/lederer21a.pdf","23","24","Gaussian Processes for Machine Learning","verified",""
"pre.zip/lederer21a.pdf","24","25","Efficient Sparsification for Gaussian Process Regression","verified",""
"pre.zip/lederer21a.pdf","25","26","Information-Theoretic Regret Bounds for Gaussian Process Optimization in the Bandit Setting","verified",""
"pre.zip/lederer21a.pdf","26","27","Splitting Gaussian Process Regression for Streaming Data","verified",""
"pre.zip/lederer21a.pdf","27","28","Mixtures of Gaussian Processes","verified",""
"pre.zip/lederer21a.pdf","28","29","Feedback Linearization based on Gaussian Processes with event-triggered Online Learning","verified",""
"pre.zip/lederer21a.pdf","30","31","Deep Kernel Learning","verified",""
"pre.zip/liutkus21a.pdf","9","10","URL http://arxiv.org/ abs/1807","not_found","real"
"pre.zip/liutkus21a.pdf","20","21","URL http://arxiv.org/abs/1809","not_found","real"
"pre.zip/liutkus21a.pdf","31","32","URL http://arxiv.org/abs/1907","not_found","real"
"pre.zip/liutkus21a.pdf","1","2","Neural machine translation by jointly learning to align and translate","verified",""
"pre.zip/liutkus21a.pdf","2","3","LambdaNetworks: Modeling long-range interactions without attention","verified",""
"pre.zip/liutkus21a.pdf","3","4","Madmom: A new Python audio and music signal processing library","verified",""
"pre.zip/liutkus21a.pdf","4","5","Positional encoding by robots with non-rigid movements","verified",""
"pre.zip/liutkus21a.pdf","5","6","The best of both worlds: Combining recent advances in neural machine translation","verified",""
"pre.zip/liutkus21a.pdf","6","7","Generating long sequences with sparse Transformers","verified",""
"pre.zip/liutkus21a.pdf","7","8","Rethinking attention with Performers","verified",""
"pre.zip/liutkus21a.pdf","8","9","Transformer-XL: Attentive language models beyond a fixed-length context","verified",""
"pre.zip/liutkus21a.pdf","10","11","BERT: Pre-training of deep bidirectional Transformers for language understanding","verified",""
"pre.zip/liutkus21a.pdf","11","12","Lakhnes: Improving multi-instrumental music generation with cross-domain pre-training","verified",""
"pre.zip/liutkus21a.pdf","12","13","An image is worth 16x16 words: Transformers for image recognition at scale","verified",""
"pre.zip/liutkus21a.pdf","13","14","Ddsp: Differentiable digital signal processing","verified",""
"pre.zip/liutkus21a.pdf","14","15","Convolutional sequence to sequence learning","verified",""
"pre.zip/liutkus21a.pdf","15","16","Cross-covariance functions for multivariate geostatistics","verified",""
"pre.zip/liutkus21a.pdf","16","17","Onsets and Frames: Dual-objective piano transcription","verified",""
"pre.zip/liutkus21a.pdf","17","18","DeBERTa: Decoding-enhanced BERT with disentangled attention","verified",""
"pre.zip/liutkus21a.pdf","18","19","Local self-attention over long text for efficient document retrieval","verified",""
"pre.zip/liutkus21a.pdf","19","20","Compound Word Transformer: Learning to compose full-song music over dynamic directed hypergraphs","verified",""
"pre.zip/liutkus21a.pdf","21","22","Pop Music Transformer: Generating music with rhythm and harmony","verified",""
"pre.zip/liutkus21a.pdf","22","23","Improve Transformer models with better relative position embeddings","verified",""
"pre.zip/liutkus21a.pdf","23","24","Language modeling with deep Transformers","verified",""
"pre.zip/liutkus21a.pdf","24","25","Transformers are RNNs: Fast autoregressive Transformers with linear attention","verified",""
"pre.zip/liutkus21a.pdf","25","26","Rethinking positional encoding in language pre-training","verified",""
"pre.zip/liutkus21a.pdf","26","27","T-GSA: Transformer with Gaussian-weighted self-attention for speech enhancement","verified",""
"pre.zip/liutkus21a.pdf","27","28","Learning multiple layers of features from tiny images","verified",""
"pre.zip/liutkus21a.pdf","28","29","On some properties of toeplitz matrices","verified",""
"pre.zip/liutkus21a.pdf","29","30","ALBERT: A lite BERT for self-supervised learning of language representations","verified",""
"pre.zip/liutkus21a.pdf","30","31","Learning to encode position for Transformer with continuous dynamical model","verified",""
"pre.zip/liutkus21a.pdf","32","33","Improving neural machine translation with neural syntactic distance","verified",""
"pre.zip/liutkus21a.pdf","33","34","Learning word vectors for sentiment analysis","verified",""
"pre.zip/liutkus21a.pdf","35","36","Transformers with convolutional context for asr","verified",""
"pre.zip/liutkus21a.pdf","36","37","On estimating regression","verified",""
"pre.zip/liutkus21a.pdf","37","38","ListOps: A diagnostic dataset for latent tree learning","verified",""
"pre.zip/liutkus21a.pdf","38","39","On the relation between position information and sentence length in neural machine translation","verified",""
"pre.zip/liutkus21a.pdf","39","40","Relative positional encoding for speech recognition and direct translation","verified",""
"pre.zip/liutkus21a.pdf","40","41","The ACL anthology network corpus","verified",""
"pre.zip/liutkus21a.pdf","41","42","Exploring the limits of transfer learning with a unified text-to-text Transformer","verified",""
"pre.zip/liutkus21a.pdf","42","43","Analysis of positional encodings for neural machine translation","verified",""
"pre.zip/liutkus21a.pdf","43","44","Efficient content-based sparse attention with routing Transformers","verified",""
"pre.zip/liutkus21a.pdf","44","45","Self-attention with relative position representations","verified",""
"pre.zip/liutkus21a.pdf","45","46","Efficient attention: Attention with linear complexities","verified",""
"pre.zip/liutkus21a.pdf","46","47","Novel positional encodings to enable tree-based Transformers","verified",""
"pre.zip/liutkus21a.pdf","47","48","Very deep convolutional networks for large-scale image recognition","verified",""
"pre.zip/liutkus21a.pdf","48","49","End-to-end memory networks","verified",""
"pre.zip/liutkus21a.pdf","49","50","Long Range Arena: A benchmark for efficient Transformers","verified",""
"pre.zip/liutkus21a.pdf","51","52","Attention is all you need","verified",""
"pre.zip/liutkus21a.pdf","52","53","Foundations of signal processing","verified",""
"pre.zip/liutkus21a.pdf","53","54","Simulation of simply cross correlated random fields by series expansion methods","verified",""
"pre.zip/liutkus21a.pdf","54","55","Encoding word order in complex embeddings","verified",""
"pre.zip/liutkus21a.pdf","55","56","On position embeddings in BERT","verified",""
"pre.zip/liutkus21a.pdf","56","57","Linformer: Self-attention with linear complexity","verified",""
"pre.zip/liutkus21a.pdf","57","58","What do position embeddings learn? An empirical study of pre-trained language model positional encoding","verified",""
"pre.zip/liutkus21a.pdf","58","59","Smooth regression analysis","verified",""
"pre.zip/liutkus21a.pdf","59","60","A learning algorithm for continually running fully recurrent neural networks","verified",""
"pre.zip/liutkus21a.pdf","60","61","Memformer: The memory-augmented Transformer","verified",""
"pre.zip/liutkus21a.pdf","61","62","Lattice-Based Transformer encoder for neural machine translation","verified",""
"pre.zip/liutkus21a.pdf","62","63","Positional encoding as spatial inductive bias in gans","verified",""
"pre.zip/liutkus21a.pdf","63","64","Trailer: Transformer-based time-wise long term relation modeling for citywide traffic flow prediction","verified",""
"pre.zip/liutkus21a.pdf","64","65","Vandermonde decomposition of multilevel Toeplitz matrices with application to multidimensional super-resolution","verified",""
"pre.zip/liutkus21a.pdf","65","66","Improving generalization of transformer for speech recognition with parallel schedule sampling and relative positional embedding","verified",""
"pre.zip/lopez21a.pdf","37","38","Cambridge University Press, USA","not_found","real"
"pre.zip/lopez21a.pdf","47","48","On an algebraic problem related to an analytic theorem of carathéodory and fejér and on an allied theorem of Landau","mismatch","real"
"pre.zip/lopez21a.pdf","0","1","Constant curvature graph convolutional networks","verified",""
"pre.zip/lopez21a.pdf","1","2","Riemannian adaptive optimization methods","verified",""
"pre.zip/lopez21a.pdf","2","3","Minimal entropy rigidity for Finsler manifolds of negative flag curvature","verified",""
"pre.zip/lopez21a.pdf","3","4","Stochastic gradient descent on Riemannian manifolds","verified",""
"pre.zip/lopez21a.pdf","4","5","Geometric deep learning: Going beyond Euclidean data","verified",""
"pre.zip/lopez21a.pdf","5","6","2nd Workshop on Information Heterogeneity and Fusion in Recom-mender Systems (HetRec 2011)","verified",""
"pre.zip/lopez21a.pdf","6","7","Sur quelques propriétés des déterminants gauches","verified",""
"pre.zip/lopez21a.pdf","7","8","Neural embeddings of graphs in hyperbolic space","verified",""
"pre.zip/lopez21a.pdf","8","9","Hyperbolic graph convolutional neural networks","verified",""
"pre.zip/lopez21a.pdf","9","10","From trees to continuous embeddings and back: Hyperbolic hierarchical clustering","verified",""
"pre.zip/lopez21a.pdf","10","11","Computationally tractable Riemannian manifolds for graph embeddings","verified",""
"pre.zip/lopez21a.pdf","11","12","DeepSphere: A graph-based spherical CNN","verified",""
"pre.zip/lopez21a.pdf","12","13","Fast solution of ℓ1-norm minimization problems when the solution may be sparse","verified",""
"pre.zip/lopez21a.pdf","13","14","UCI machine learning repository","verified",""
"pre.zip/lopez21a.pdf","14","15","Method to calculate the inverse of a complex matrix using real matrix inversion","verified",""
"pre.zip/lopez21a.pdf","15","16","Hyperbolic entailment cones for learning hierarchical embeddings","verified",""
"pre.zip/lopez21a.pdf","16","17","The human disease network","verified",""
"pre.zip/lopez21a.pdf","17","18","Change detection in graph streams by learning graph embeddings on constant-curvature manifolds","verified",""
"pre.zip/lopez21a.pdf","18","19","Learning mixed-curvature representations in product spaces","verified",""
"pre.zip/lopez21a.pdf","19","20","Exploring network structure, dynamics, and function using NetworkX","verified",""
"pre.zip/lopez21a.pdf","20","21","The MovieLens datasets: History and context","verified",""
"pre.zip/lopez21a.pdf","21","22","Neural collaborative filtering","verified",""
"pre.zip/lopez21a.pdf","22","23","Differential geometry, Lie groups, and symmetric spaces","verified",""
"pre.zip/lopez21a.pdf","23","24","Collaborative metric learning","verified",""
"pre.zip/lopez21a.pdf","24","25","A Riemannian network for SPD matrix learning","verified",""
"pre.zip/lopez21a.pdf","25","26","Building deep networks on Grassmann manifolds","verified",""
"pre.zip/lopez21a.pdf","26","27","Geoopt: Riemannian optimization in PyTorch","verified",""
"pre.zip/lopez21a.pdf","27","28","On Curvature and Temperature of Complex Networks","verified",""
"pre.zip/lopez21a.pdf","28","29","Hyperbolic geometry of complex networks","verified",""
"pre.zip/lopez21a.pdf","29","30","Ultrahyperbolic representation learning","verified",""
"pre.zip/lopez21a.pdf","30","31","SphereFace: Deep hypersphere embedding for face recognition","verified",""
"pre.zip/lopez21a.pdf","31","32","A fully hyperbolic neural model for hierarchical multi-class classification","verified",""
"pre.zip/lopez21a.pdf","32","33","Fine-grained entity typing in hyperbolic space","verified",""
"pre.zip/lopez21a.pdf","33","34","Learning to discover social circles in ego networks","verified",""
"pre.zip/lopez21a.pdf","34","35","Spherical text embedding","verified",""
"pre.zip/lopez21a.pdf","35","36","Poincaré embeddings for learning hierarchical representations","verified",""
"pre.zip/lopez21a.pdf","36","37","Clustering in Hilbert’s Projective Geometry: The Case Studies of the Probability Simplex and the Elliptope of Correlation Matrices, pp","verified",""
"pre.zip/lopez21a.pdf","38","39","Pytorch: An imperative style, high-performance deep learning library","verified",""
"pre.zip/lopez21a.pdf","39","40","Manifold-Valued Image Processing with SDP Matrices","verified",""
"pre.zip/lopez21a.pdf","40","41","A general graph-based model for recommendation in event-based social networks","verified",""
"pre.zip/lopez21a.pdf","41","42","Generalized nonlinear and Finsler geometry for robotics","verified",""
"pre.zip/lopez21a.pdf","42","43","The network data repository with interactive graph analytics and visualization","verified",""
"pre.zip/lopez21a.pdf","43","44","Manifold structure in graph embeddings","verified",""
"pre.zip/lopez21a.pdf","44","45","Representation tradeoffs for hyperbolic embeddings","verified",""
"pre.zip/lopez21a.pdf","45","46","Symplectic geometry","verified",""
"pre.zip/lopez21a.pdf","46","47","Mixed-curvature variational autoencoders","verified",""
"pre.zip/lopez21a.pdf","48","49","Poincare GloVe: Hyperbolic word embeddings","verified",""
"pre.zip/lopez21a.pdf","49","50","HyperML: A boosting metric learning approach in hyperbolic space for recommender systems","verified",""
"pre.zip/lopez21a.pdf","50","51","Spherical and hyperbolic embeddings of data","verified",""
"pre.zip/lopez21a.pdf","51","52","Spherical latent spaces for stable variational autoencoders","verified",""
"pre.zip/maggioni21a.pdf","3","4","","not_found","real"
"pre.zip/maggioni21a.pdf","12","13","Global Formations of Lagrangian and Hamiltonian Dynamics on Manifolds: A Geometric Approach to Modeling and Analysis","not_found","real"
"pre.zip/maggioni21a.pdf","2","3","Discovering governing equations from data by sparse identification of nonlinear dynamical systems","mismatch","real"
"pre.zip/maggioni21a.pdf","0","1","Emergent behaviors of Cucker-Smale flocks on the hyperboloid","verified",""
"pre.zip/maggioni21a.pdf","1","2","Inferring interaction rules from observations of evolutive systems I: The variational approach","verified",""
"pre.zip/maggioni21a.pdf","4","5","Doubly robust off-policy learning on low-dimensional manifolds by deep neural networks","verified",""
"pre.zip/maggioni21a.pdf","5","6","A minimal model of predator-swarm interactions","verified",""
"pre.zip/maggioni21a.pdf","6","7","Data-driven model reduction for the Bayesian solution of inverse problems","verified",""
"pre.zip/maggioni21a.pdf","7","8","Geometric integration of ordinary differential equations on manifolds","verified",""
"pre.zip/maggioni21a.pdf","8","9","Geometric Numerical Integration: Structure-Preserving Algorithms for Ordinary Differential Equations","verified",""
"pre.zip/maggioni21a.pdf","9","10","Inferring the structure and dynamics of interactions in schooling fish","verified",""
"pre.zip/maggioni21a.pdf","10","11","Discovery of dynamics using linear multistep methods","verified",""
"pre.zip/maggioni21a.pdf","11","12","Lecture notes in physics","verified",""
"pre.zip/maggioni21a.pdf","13","14","Learning interaction kernels in heterogeneous systems of agents from multiple trajectories, 2019a","verified",""
"pre.zip/maggioni21a.pdf","14","15","Non-parametric inference of interaction laws in systems of agents from trajectory data","verified",""
"pre.zip/maggioni21a.pdf","15","16","Inferring individual rules from collective behavior","verified",""
"pre.zip/maggioni21a.pdf","16","17","Learning theory for inferring interaction kernels in second-order interacting agent systems","verified",""
"pre.zip/maggioni21a.pdf","17","18","Multi-agent systems based on contextual defeasible logic considering focus","verified",""
"pre.zip/maggioni21a.pdf","18","19","Exploring the coevolution of predator and prey morphology and behavior","verified",""
"pre.zip/maggioni21a.pdf","19","20","Multistep neural networks for data-driven discovery of nonlinear dynamical systems","verified",""
"pre.zip/maggioni21a.pdf","20","21","Deep learning of dynamics and signal-noise decomposition with time-stepping constraints","verified",""
"pre.zip/maggioni21a.pdf","21","22","Data-driven discovery of partial differential equations","verified",""
"pre.zip/maggioni21a.pdf","22","23","Consensus optimization on manifolds","verified",""
"pre.zip/maggioni21a.pdf","23","24","Sparse dynamics for partial differential equations","verified",""
"pre.zip/maggioni21a.pdf","24","25","Probabilistic learning on manifolds constrained by nonlinear partial differential equations for small datasets","verified",""
"pre.zip/maggioni21a.pdf","25","26","From Kuramoto to Crawford: exploring the onset of synchronization in populations of coupled oscillators","verified",""
"pre.zip/maggioni21a.pdf","26","27","Exact recovery of chaotic systems from highly corrupted data","verified",""
"pre.zip/maggioni21a.pdf","27","28","Interacting agents and continuous opinions dynamics","verified",""
"pre.zip/maggioni21a.pdf","28","29","Evolutionary multi-agent computing in inverse problems","verified",""
"pre.zip/maggioni21a.pdf","29","30","Inference of dynamic systems from noisy and sparse data via manifold-constrained Gaussian processes","verified",""
"pre.zip/maggioni21a.pdf","30","31","Robust data-driven discovery of governing physical laws with error bars","verified",""
"pre.zip/maggioni21a.pdf","31","32","Data-driven discovery of emergent behaviors in collective dynamics","verified",""
"pre.zip/pervez21a.pdf","1","2","CoRR, abs/1509","not_found","real"
"pre.zip/pervez21a.pdf","0","1","Generating Sentences from a Continuous Space","verified",""
"pre.zip/pervez21a.pdf","3","4","NICE: Non-linear Independent Components Estimation","verified",""
"pre.zip/pervez21a.pdf","4","5","Density estimation using Real NVP","verified",""
"pre.zip/pervez21a.pdf","5","6","PixelVAE: A Latent Variable Model for Natural Images","verified",""
"pre.zip/pervez21a.pdf","6","7","Lagging Inference Networks and Posterior Collapse in Variational Autoencoders","verified",""
"pre.zip/pervez21a.pdf","7","8","beta-VAE: Learning Basic Visual Concepts with a Constrained Variational Framework","verified",""
"pre.zip/pervez21a.pdf","10","11","Improved Variational Inference with Inverse Autoregressive Flow","verified",""
"pre.zip/pervez21a.pdf","11","12","Don’t Blame the ELBO! A Linear VAE Perspective on Posterior Collapse","verified",""
"pre.zip/pervez21a.pdf","12","13","Auxiliary Deep Generative Models","verified",""
"pre.zip/pervez21a.pdf","13","14","BIVA: A Very Deep Hierarchy of Latent Variables for Generative Modeling","verified",""
"pre.zip/pervez21a.pdf","14","15","Reducing reparameterization gradient variance","verified",""
"pre.zip/pervez21a.pdf","15","16","Pixel Recurrent Neural Networks","verified",""
"pre.zip/pervez21a.pdf","16","17","Low bias low variance gradient estimates for boolean stochastic networks","verified",""
"pre.zip/pervez21a.pdf","17","18","Preventing Posterior Collapse with delta-VAEs","verified",""
"pre.zip/pervez21a.pdf","18","19","Stochastic Backpropagation and Approximate Inference in Deep Generative Models","verified",""
"pre.zip/pervez21a.pdf","19","20","Sticking the landing: Simple, lower-variance gradient estimators for variational inference","verified",""
"pre.zip/pervez21a.pdf","21","22","Improving variational auto-encoders using householder flow","verified",""
"pre.zip/pervez21a.pdf","22","23","VAE with a VampPrior","verified",""
"pre.zip/pervez21a.pdf","23","24","Doubly reparameterized gradient estimators for monte carlo objectives","verified",""
"pre.zip/pervez21a.pdf","24","25","NVAE: A deep hierarchical variational autoencoder","verified",""
"pre.zip/pervez21a.pdf","25","26","DVAE++: Discrete Vari-ational Autoencoders with Overlapping Transformations","verified",""
"pre.zip/pervez21a.pdf","26","27","Improved variational autoencoders for text modeling using dilated convolutions","verified",""
"pre.zip/raychaudhuri21a.pdf","0","1","Apprenticeship learning via inverse reinforcement learning","verified",""
"pre.zip/raychaudhuri21a.pdf","1","2","Deep variational information bottleneck","verified",""
"pre.zip/raychaudhuri21a.pdf","2","3","Reinforcement learning transfer via common subspaces","verified",""
"pre.zip/raychaudhuri21a.pdf","3","4","An automated measure of mdp similarity for transfer in reinforcement learning","verified",""
"pre.zip/raychaudhuri21a.pdf","4","5","Unsupervised cross-domain transfer in policy gradient reinforcement learning via manifold alignment","verified",""
"pre.zip/raychaudhuri21a.pdf","5","6","End to end learning for self-driving cars","verified",""
"pre.zip/raychaudhuri21a.pdf","6","7","Openai gym","verified",""
"pre.zip/raychaudhuri21a.pdf","7","8","Diversity is all you need: Learning skills without a reward function","verified",""
"pre.zip/raychaudhuri21a.pdf","8","9","Bisimulation metrics for continuous markov decision processes","verified",""
"pre.zip/raychaudhuri21a.pdf","9","10","Transfer learning for related reinforcement learning tasks via image-to-image translation","verified",""
"pre.zip/raychaudhuri21a.pdf","10","11","State-only imitation with transition dynamics mismatch","verified",""
"pre.zip/raychaudhuri21a.pdf","12","13","Learning invariant feature spaces to transfer skills with reinforcement learning","verified",""
"pre.zip/raychaudhuri21a.pdf","13","14","Retinagan: An object-aware approach to sim-to-real transfer","verified",""
"pre.zip/raychaudhuri21a.pdf","14","15","Generative adversarial imitation learning","verified",""
"pre.zip/raychaudhuri21a.pdf","15","16","Cycada: Cycle-consistent adversarial domain adaptation","verified",""
"pre.zip/raychaudhuri21a.pdf","16","17","Relations between two sets of variates","verified",""
"pre.zip/raychaudhuri21a.pdf","17","18","The development of imitation in infancy","verified",""
"pre.zip/raychaudhuri21a.pdf","18","19","Domain adaptive imitation learning","verified",""
"pre.zip/raychaudhuri21a.pdf","19","20","Imitation from observation: Learning to imitate behaviors from raw video via context translation","verified",""
"pre.zip/raychaudhuri21a.pdf","20","21","Body maps in the infant brain","verified",""
"pre.zip/raychaudhuri21a.pdf","21","22","Asynchronous methods for deep reinforcement learning","verified",""
"pre.zip/raychaudhuri21a.pdf","23","24","Learning from trajectories via subgoal discovery","verified",""
"pre.zip/raychaudhuri21a.pdf","24","25","Alvinn: An autonomous land vehicle in a neural network","verified",""
"pre.zip/raychaudhuri21a.pdf","25","26","On variational bounds of mutual information","verified",""
"pre.zip/raychaudhuri21a.pdf","26","27","Rlcyclegan: Reinforcement learning aware simulation-to-real","verified",""
"pre.zip/raychaudhuri21a.pdf","27","28","An algebraic approach to abstraction in reinforcement learning","verified",""
"pre.zip/raychaudhuri21a.pdf","28","29","A reduction of imitation learning and structured prediction to no-regret online learning","verified",""
"pre.zip/raychaudhuri21a.pdf","29","30","Is imitation learning the route to humanoid robots?","verified",""
"pre.zip/raychaudhuri21a.pdf","30","31","Proximal policy optimization algorithms","verified",""
"pre.zip/raychaudhuri21a.pdf","31","32","Third-person visual imitation learning via decoupled hierarchical controller","verified",""
"pre.zip/raychaudhuri21a.pdf","32","33","Avid: Learning multi-stage tasks via pixel-level translation of human videos","verified",""
"pre.zip/raychaudhuri21a.pdf","33","34","Third person imitation learning","verified",""
"pre.zip/raychaudhuri21a.pdf","34","35","Transfer learning for reinforcement learning domains: A survey","verified",""
"pre.zip/raychaudhuri21a.pdf","35","36","Mujoco: A physics engine for model-based control","verified",""
"pre.zip/raychaudhuri21a.pdf","36","37","Behavioral cloning from observation","verified",""
"pre.zip/raychaudhuri21a.pdf","37","38","Deep domain confusion: Maximizing for domain invariance","verified",""
"pre.zip/raychaudhuri21a.pdf","38","39","When pliers become fingers in the monkey motor system","verified",""
"pre.zip/raychaudhuri21a.pdf","39","40","Mutual information based knowledge transfer under state-action dimension mismatch","verified",""
"pre.zip/raychaudhuri21a.pdf","40","41","Imitation learning from observations by minimizing inverse dynamics disagreement","verified",""
"pre.zip/raychaudhuri21a.pdf","41","42","Unpaired image-to-image translation using cycle-consistent adversarial networks","verified",""
"pre.zip/raychaudhuri21a.pdf","42","43","Maximum entropy inverse reinforcement learning","verified",""
"pre.zip/ren21c.pdf","24","25","Iv. five dimensional semiregular polytope","not_found","real"
"pre.zip/ren21c.pdf","69","70","Knowledge-aware dialogue generation via hierarchical infobox accessing and infobox-dialogue interaction graph Integrated Defense for Resilient Graph Matching network","not_found","real"
"pre.zip/ren21c.pdf","1","2","A random graph model for power law graphs","verified",""
"pre.zip/ren21c.pdf","2","3","Diameter of the world-wide web","verified",""
"pre.zip/ren21c.pdf","3","4","Sorting out lips-chitz function approximation","verified",""
"pre.zip/ren21c.pdf","4","5","Fitting phase-type distributions via the em algorithm","verified",""
"pre.zip/ren21c.pdf","5","6","Learning-based efficient graph similarity computation via multiscale convolutional set matching","verified",""
"pre.zip/ren21c.pdf","6","7","Policy-driven autonomic configuration management for nosql","verified",""
"pre.zip/ren21c.pdf","7","8","Emergence of scaling in random networks","verified",""
"pre.zip/ren21c.pdf","8","9","Certifiable robustness to graph perturbations","verified",""
"pre.zip/ren21c.pdf","9","10","Adversarial attacks on node embeddings via graph poisoning","verified",""
"pre.zip/ren21c.pdf","10","11","Efficient robustness certificates for discrete data: Sparsity-aware randomized smoothing for graphs, images and more","verified",""
"pre.zip/ren21c.pdf","11","12","Friend or faux: Graph-based early detection of fake accounts on social networks","verified",""
"pre.zip/ren21c.pdf","12","13","Matrix-Analytic Methods in Stochastic Models","verified",""
"pre.zip/ren21c.pdf","13","14","A restricted black-box adversarial framework towards attacking graph embedding models","verified",""
"pre.zip/ren21c.pdf","14","15","Multi-level graph convolutional networks for cross-platform anchor link prediction","verified",""
"pre.zip/ren21c.pdf","15","16","Conealign: Consistent network alignment with proximity-preserving node embedding","verified",""
"pre.zip/ren21c.pdf","16","17","Identifying bug signatures using discriminative graph mining","verified",""
"pre.zip/ren21c.pdf","17","18","Clustering large attributed graphs: A balance between structural and attribute similarities","verified",""
"pre.zip/ren21c.pdf","18","19","Clustering large attributed information networks: An efficient incremental computing approach","verified",""
"pre.zip/ren21c.pdf","19","20","Cross-network embedding for multi-network alignment","verified",""
"pre.zip/ren21c.pdf","20","21","Adversarial training methods for network embedding","verified",""
"pre.zip/ren21c.pdf","21","22","Robust spammer detection by nash reinforcement learning","verified",""
"pre.zip/ren21c.pdf","22","23","Joint link prediction and network alignment via cross-graph embedding","verified",""
"pre.zip/ren21c.pdf","23","24","Variational inference for graph convolutional networks in the absence of graph data and adversarial settings","verified",""
"pre.zip/ren21c.pdf","25","26","All you need is low (rank): Defending against adversarial attacks on graphs","verified",""
"pre.zip/ren21c.pdf","26","27","Spectral graph matching and regularized quadratic relaxations: Algorithm and theory","verified",""
"pre.zip/ren21c.pdf","27","28","Dplink: User identity linkage via deep neural network from heterogeneous mobility data","verified",""
"pre.zip/ren21c.pdf","28","29","Graph random neural networks for semi-supervised learning on graphs","verified",""
"pre.zip/ren21c.pdf","29","30","Deep graph matching consensus","verified",""
"pre.zip/ren21c.pdf","30","31","Certified robustness of graph classification against topology attack with randomized smoothing","verified",""
"pre.zip/ren21c.pdf","31","32","Graphmap: Scalable iterative graph processing using nosql","verified",""
"pre.zip/ren21c.pdf","32","33","REGAL: representation learning-based graph alignment","verified",""
"pre.zip/ren21c.pdf","33","34","αCyber: Enhancing robustness of android malware detection system against adversarial attacks on heterogeneous graph based model","verified",""
"pre.zip/ren21c.pdf","34","35","Adaptive network alignment with unsupervised and multi-order convolutional networks","verified",""
"pre.zip/ren21c.pdf","35","36","Certified robustness of community detection against adversarial structural perturbation via randomized smoothing","verified",""
"pre.zip/ren21c.pdf","36","37","Certified robustness of graph convolution networks for graph classification under topological attacks","verified",""
"pre.zip/ren21c.pdf","37","38","Towards a better understanding of linear models for recommendation","verified",""
"pre.zip/ren21c.pdf","38","39","The web as a graph: Measurements, models, and methods","verified",""
"pre.zip/ren21c.pdf","39","40","Efficient and customizable data partitioning framework for distributed big rdf data processing in the cloud","verified",""
"pre.zip/ren21c.pdf","40","41","Scaling iterative graph computations with graphmap","verified",""
"pre.zip/ren21c.pdf","41","42","Adversarial learning for weakly-supervised social network alignment","verified",""
"pre.zip/ren21c.pdf","42","43","Adversarial attack on community detection by hiding individuals","verified",""
"pre.zip/ren21c.pdf","43","44","Preventing gradient attenuation in lipschitz constrained convolutional networks","verified",""
"pre.zip/ren21c.pdf","44","45","A unified framework for data poisoning attack to graph-based semi-supervised learning","verified",""
"pre.zip/ren21c.pdf","45","46","Novel geometric approach for global alignment of PPI networks","verified",""
"pre.zip/ren21c.pdf","46","47","On the robustness of cascade diffusion under node attacks","verified",""
"pre.zip/ren21c.pdf","47","48","Learning to drop: Robust graph neural network via topological denoising","verified",""
"pre.zip/ren21c.pdf","48","49","User identity linkage by latent user space modelling","verified",""
"pre.zip/ren21c.pdf","49","50","Anonymizing continuous queries with delay-tolerant mix-zones over road networks","verified",""
"pre.zip/ren21c.pdf","50","51","Privacy-preserving publishing of multilevel utility-controlled graph datasets","verified",""
"pre.zip/ren21c.pdf","51","52","G-CREWE: graph compression with embedding for network alignment","verified",""
"pre.zip/ren21c.pdf","52","53","BANANA: when behavior analysis meets social network alignment","verified",""
"pre.zip/ren21c.pdf","53","54","Artificial Intelligence: A Modern Approach","verified",""
"pre.zip/ren21c.pdf","54","55","Collective robustness certificates","verified",""
"pre.zip/ren21c.pdf","55","56","User identity linkage across online social networks: A review","verified",""
"pre.zip/ren21c.pdf","56","57","Servicetrust: Trust management in service provision networks","verified",""
"pre.zip/ren21c.pdf","57","58","Reliable and resilient trust management in distributed service provision networks","verified",""
"pre.zip/ren21c.pdf","58","59","Knowledge graph alignment network with gated multi-hop neighborhood aggregation","verified",""
"pre.zip/ren21c.pdf","59","60","Transferring robustness for graph neural network against poisoning attacks","verified",""
"pre.zip/ren21c.pdf","60","61","Pairwise versus multiple global network alignment","verified",""
"pre.zip/ren21c.pdf","61","62","Attacking graph-based classification via manipulating the graph structure","verified",""
"pre.zip/ren21c.pdf","62","63","Zero-assignment constraint for graph matching with outliers","verified",""
"pre.zip/ren21c.pdf","63","64","Graduated assignment for joint multi-graph matching and clustering with application to unsupervised graph matching network learning","verified",""
"pre.zip/ren21c.pdf","64","65","Multiple graph matching and clustering via decayed pairwise matching composition","verified",""
"pre.zip/ren21c.pdf","65","66","Learning combinatorial solver for graph matching","verified",""
"pre.zip/ren21c.pdf","66","67","Provably robust node classification via low-pass message passing","verified",""
"pre.zip/ren21c.pdf","67","68","Diverse and informative dialogue generation with context-specific commonsense knowledge awareness","verified",""
"pre.zip/ren21c.pdf","68","69","Topicka: Generating commonsense knowledge-aware dialogue responses towards the recommended topic fact","verified",""
"pre.zip/ren21c.pdf","70","71","Graph information bottleneck","verified",""
"pre.zip/ren21c.pdf","71","72","Neighborhood matching network for entity alignment","verified",""
"pre.zip/ren21c.pdf","72","73","Gromov-wasserstein learning for graph matching and node embedding","verified",""
"pre.zip/ren21c.pdf","73","74","Topology attack and defense for graph neural networks: An optimization perspective","verified",""
"pre.zip/ren21c.pdf","74","75","Learning for graph matching and related combinatorial optimization problems","verified",""
"pre.zip/ren21c.pdf","75","76","Incorporating discrete constraints into random walk-based graph matching","verified",""
"pre.zip/ren21c.pdf","76","77","V. An iterative global structure-assisted labeled network aligner","verified",""
"pre.zip/ren21c.pdf","77","78","Graph contrastive learning with augmentations","verified",""
"pre.zip/ren21c.pdf","78","79","Learning deep graph matching with channel-independent embedding and hungarian attention","verified",""
"pre.zip/ren21c.pdf","79","80","Joint transformation learning via the l2, 1-norm metric for robust graph matching","verified",""
"pre.zip/ren21c.pdf","80","81","Graph universal adversarial attacks: A few bad actors ruin graph learning models","verified",""
"pre.zip/ren21c.pdf","81","82","Cross-lingual entity alignment with adversarial kernel embedding and adversarial knowledge translation","verified",""
"pre.zip/ren21c.pdf","82","83","A feature-importance-aware and robust aggregator for GCN","verified",""
"pre.zip/ren21c.pdf","83","84","FINAL: fast attributed network alignment","verified",""
"pre.zip/ren21c.pdf","84","85","Multilevel network alignment","verified",""
"pre.zip/ren21c.pdf","85","86","Gcn-based user representation learning for unifying robust recommendation and fraudster detection","verified",""
"pre.zip/ren21c.pdf","86","87","Gnnguard: Defending graph neural networks against adversarial attacks","verified",""
"pre.zip/ren21c.pdf","87","88","Adversarial attacks on deep graph matching","verified",""
"pre.zip/ren21c.pdf","88","89","Robust graph representation learning via neural sparsification","verified",""
"pre.zip/ren21c.pdf","89","90","Deeplink: A deep learning approach for user identity linkage","verified",""
"pre.zip/ren21c.pdf","90","91","Fast network alignment via graph meta-learning","verified",""
"pre.zip/ren21c.pdf","91","92","Robust collective classification against structural attacks","verified",""
"pre.zip/ren21c.pdf","92","93","Adversarial robustness of similarity-based link prediction","verified",""
"pre.zip/ren21c.pdf","93","94","Retrofitting embeddings for unsupervised user identity linkage","verified",""
"pre.zip/ren21c.pdf","94","95","Innovative Mining, Processing, and Application of Big Graphs","verified",""
"pre.zip/ren21c.pdf","95","96","Clustering analysis in large graphs with rich attributes","verified",""
"pre.zip/ren21c.pdf","96","97","Social influence based clustering of heterogeneous information networks","verified",""
"pre.zip/ren21c.pdf","97","98","Activity-edge centric multi-label classification for mining heterogeneous information networks","verified",""
"pre.zip/ren21c.pdf","98","99","Social influence based clustering and optimization over heterogeneous information networks","verified",""
"pre.zip/ren21c.pdf","99","100","Approximate deep network embedding for mining large-scale graphs","verified",""
"pre.zip/ren21c.pdf","100","101","Graph clustering based on structural/attribute similarities","verified",""
"pre.zip/ren21c.pdf","101","102","Clustering large attributed graphs: An efficient incremental approach","verified",""
"pre.zip/ren21c.pdf","102","103","Ranking services by service network structure and service attributes","verified",""
"pre.zip/ren21c.pdf","103","104","Graphlens: Mining enterprise storage workloads using graph analytics","verified",""
"pre.zip/ren21c.pdf","104","105","Integrating vertex-centric clustering with edge-centric clustering for meta path graph analysis","verified",""
"pre.zip/ren21c.pdf","105","106","Fast iterative graph computation with resource aware graph parallel abstractions","verified",""
"pre.zip/ren21c.pdf","106","107","Graphtwist: Fast iterative graph computation with two-tier optimizations","verified",""
"pre.zip/ren21c.pdf","107","108","Clustering service networks with entity, attribute and link heterogeneity","verified",""
"pre.zip/ren21c.pdf","108","109","Density-aware local siamese autoencoder network embedding with autoencoder graph clustering","verified",""
"pre.zip/ren21c.pdf","109","110","Density-adaptive local edge representation learning with generative adversarial network multi-label edge classification","verified",""
"pre.zip/ren21c.pdf","110","111","Integrating local vertex/edge embedding via deep matrix fusion and siamese multi-label classification","verified",""
"pre.zip/ren21c.pdf","111","112","Enhancing collaborative filtering with multi-label classification","verified",""
"pre.zip/ren21c.pdf","112","113","Semi-supervised classification-based local vertex ranking via dual generative adversarial nets","verified",""
"pre.zip/ren21c.pdf","113","114","Robust meta network embedding against adversarial attacks","verified",""
"pre.zip/ren21c.pdf","114","115","Unsupervised multiple network alignment with multinom-inal gan and variational inference","verified",""
"pre.zip/ren21c.pdf","115","116","Robust network alignment via attack signal scaling and adversarial perturbation elimination","verified",""
"pre.zip/ren21c.pdf","116","117","Robust graph convolutional networks against adversarial attacks","verified",""
"pre.zip/ren21c.pdf","117","118","Certifiable robustness and robust training for graph convolutional networks","verified",""
"pre.zip/ren21c.pdf","118","119","Certifiable robustness of graph convolutional networks under structure perturbations","verified",""
"pre.zip/ren21c.pdf","119","120","Adversarial attacks on neural networks for graph data","verified",""
"pre.zip/roeder21a.pdf","28","29","On Lines and Planes of Closest Fit to Systems of Points in Space","not_found","real"
"pre.zip/roeder21a.pdf","15","16","Vari-ational Autoencoders and Nonlinear ICA: A Unifying Framework","mismatch","real"
"pre.zip/roeder21a.pdf","1","2","Language Models are Few-Shot Learners","verified",""
"pre.zip/roeder21a.pdf","2","3","One Billion Word Benchmark for Measuring Progress in Statistical Language Modeling","verified",""
"pre.zip/roeder21a.pdf","4","5","BERT: Pre-training of Deep Bidirectional Transformers for Language Understanding","verified",""
"pre.zip/roeder21a.pdf","5","6","Why Does Unsupervised Pretraining Help Deep Learning?","verified",""
"pre.zip/roeder21a.pdf","6","7","Data-Efficient Image Recognition with Contrastive Predictive Coding","verified",""
"pre.zip/roeder21a.pdf","7","8","Long Short-Term Memory","verified",""
"pre.zip/roeder21a.pdf","8","9","Deep Metric Learning Using Triplet Network","verified",""
"pre.zip/roeder21a.pdf","9","10","Multilayer Feedforward Networks are Universal Approximators","verified",""
"pre.zip/roeder21a.pdf","10","11","Relations Between Two Sets of Variates","verified",""
"pre.zip/roeder21a.pdf","11","12","Unsupervised Feature Extraction by Time-Contrastive Learning and Nonlinear ICA","verified",""
"pre.zip/roeder21a.pdf","12","13","Nonlinear ICA Using Auxiliary Variables and Generalized Contrastive Learning","verified",""
"pre.zip/roeder21a.pdf","13","14","Neural Tangent Kernel: Convergence and Generalization in Neural Networks","verified",""
"pre.zip/roeder21a.pdf","14","15","Learning representations for counterfactual inference","verified",""
"pre.zip/roeder21a.pdf","16","17","ICE-BeeM: Identifiable Conditional Energy-based Deep Models","verified",""
"pre.zip/roeder21a.pdf","17","18","Adam: A Method for Stochastic Optimization","verified",""
"pre.zip/roeder21a.pdf","18","19","Learning Multiple Layers of Features from Tiny Images","verified",""
"pre.zip/roeder21a.pdf","19","20","Deep Neural Networks as Gaussian Processes","verified",""
"pre.zip/roeder21a.pdf","20","21","Generating Wikipedia by Summarizing Long Sequences","verified",""
"pre.zip/roeder21a.pdf","21","22","Recurrent Neural Network Based Language Model","verified",""
"pre.zip/roeder21a.pdf","22","23","Distributed Representations of Words and Phrases and their Compositionality","verified",""
"pre.zip/roeder21a.pdf","23","24","A Scalable Hierarchical Distributed Language Model","verified",""
"pre.zip/roeder21a.pdf","24","25","A Fast and Simple Algorithm for Training Neural Probabilistic Language Models","verified",""
"pre.zip/roeder21a.pdf","25","26","Insights on Representational Similarity in Neural Networks with Canonical Correlation","verified",""
"pre.zip/roeder21a.pdf","26","27","Bayesian Learning for Neural Networks","verified",""
"pre.zip/roeder21a.pdf","27","28","Representation Learning with Contrastive Predictive Coding","verified",""
"pre.zip/roeder21a.pdf","29","30","Improving Language Understanding by Generative Pre-training","verified",""
"pre.zip/roeder21a.pdf","30","31","Language Models are Unsupervised Multitask Learners","verified",""
"pre.zip/roeder21a.pdf","31","32","SVCCA: Singular Vector Canonical Correlation Analysis for Deep Learning Dynamics and interpretability","verified",""
"pre.zip/roeder21a.pdf","32","33","CNN Features Off-the-Shelf: An Astounding Baseline for Recognition","verified",""
"pre.zip/roeder21a.pdf","33","34","Improved Deep Metric Learning with Multi-class N-Pair Loss Objective","verified",""
"pre.zip/roeder21a.pdf","34","35","Disentanglement by Nonlinear ICA with General Incompressible-flow Networks (Gin)","verified",""
"pre.zip/roeder21a.pdf","35","36","Attention is All You Need","verified",""
"pre.zip/roeder21a.pdf","36","37","Extracting and Composing Robust Features with Denoising Autoencoders","verified",""
"pre.zip/roeder21a.pdf","37","38","Huggingface’s Transformers: State-of-the-art Natural Language Processing","verified",""
"pre.zip/roeder21a.pdf","38","39","XLNET: Generalized Autoregressive Pretraining for Language Understanding","verified",""
"pre.zip/si21a.pdf","23","24","Empirical optimal transport projections with non-symmetric costs","not_found","real"
"pre.zip/si21a.pdf","32","33","A general approach to fairness with optimal transport","mismatch","real"
"pre.zip/si21a.pdf","0","1","Big data’s disparate impact","verified",""
"pre.zip/si21a.pdf","1","2","Fairness in criminal justice risk assessments: The state of the art","verified",""
"pre.zip/si21a.pdf","2","3","Confidence intervals for testing disparate impact in fair learning","verified",""
"pre.zip/si21a.pdf","3","4","Fliptest: fairness testing via optimal transport","verified",""
"pre.zip/si21a.pdf","4","5","Robust Wasserstein profile inference and applications to machine learning","verified",""
"pre.zip/si21a.pdf","5","6","Gender shades: Intersectional accuracy disparities in commercial gender classification","verified",""
"pre.zip/si21a.pdf","6","7","Three naive Bayes approaches for discrimination-free classification","verified",""
"pre.zip/si21a.pdf","7","8","Fair prediction with disparate impact: A study of bias in recidivism prediction instruments","verified",""
"pre.zip/si21a.pdf","8","9","A snapshot of the frontiers of fairness in machine learning","verified",""
"pre.zip/si21a.pdf","9","10","Distribu-tionally robust formulation and model selection for the graphical lasso","verified",""
"pre.zip/si21a.pdf","10","11","Algorithmic decision making and the cost of fairness","verified",""
"pre.zip/si21a.pdf","11","12","Amazon scraps secret AI recruiting tool that showed bias against women","verified",""
"pre.zip/si21a.pdf","12","13","Automated experiments on ad privacy settings: A tale of opacity, choice, and discrimination","verified",""
"pre.zip/si21a.pdf","13","14","Evaluating fairness using permutation tests","verified",""
"pre.zip/si21a.pdf","14","15","Empirical risk minimization under fairness constraints","verified",""
"pre.zip/si21a.pdf","15","16","UCI machine learning repository","verified",""
"pre.zip/si21a.pdf","16","17","Fairness through awareness","verified",""
"pre.zip/si21a.pdf","17","18","The five factor model of personality and evaluation of drug consumption risk","verified",""
"pre.zip/si21a.pdf","18","19","Counterfactual fairness in text classification through robustness","verified",""
"pre.zip/si21a.pdf","19","20","Obtaining fairness using optimal transport theory","verified",""
"pre.zip/si21a.pdf","20","21","The case for process fairness in learning: Feature selection for fair decision making","verified",""
"pre.zip/si21a.pdf","22","23","Equality of opportunity in supervised learning","verified",""
"pre.zip/si21a.pdf","24","25","Verifying individual fairness in machine learning models","verified",""
"pre.zip/si21a.pdf","26","27","Does mitigating ML’s impact disparity require treatment disparity?","verified",""
"pre.zip/si21a.pdf","27","28","On the applicability of ML fairness notions","verified",""
"pre.zip/si21a.pdf","28","29","A survey on bias and fairness in machine learning","verified",""
"pre.zip/si21a.pdf","30","31","On fairness and calibration","verified",""
"pre.zip/si21a.pdf","31","32","Aequitas: A bias and fairness audit toolkit","verified",""
"pre.zip/si21a.pdf","33","34","A statistical test of probabilistic fairness","verified",""
"pre.zip/si21a.pdf","34","35","Fairtest: Discovering unwarranted associations in data-driven applications","verified",""
"pre.zip/si21a.pdf","35","36","Introduction to Nonparametric Estimation","verified",""
"pre.zip/si21a.pdf","36","37","Optimal Transport: Old and New","verified",""
"pre.zip/si21a.pdf","37","38","Auditing ML models for individual bias and unfairness","verified",""
"pre.zip/si21a.pdf","38","39","Fairness beyond disparate treatment & disparate impact: Learning classification without disparate mistreatment","verified",""
"pre.zip/si21a.pdf","39","40","Matching code and law: achieving algorithmic fairness with optimal transport","verified",""
"pre.zip/tomen21a.pdf","21","22","In-tracortical origin of visual maps","not_found","real"
"pre.zip/tomen21a.pdf","39","40","Nature Neuroscience","not_found","real"
"pre.zip/tomen21a.pdf","24","25","Scale and the differential structure of images","mismatch","real"
"pre.zip/tomen21a.pdf","0","1","Visual cortex neurons of monkeys and cats: temporal dynamics of the contrast response function","verified",""
"pre.zip/tomen21a.pdf","1","2","Dynamics of pattern formation in lateral-inhibition type neural fields","verified",""
"pre.zip/tomen21a.pdf","2","3","Contribution of feedforward, lateral and feedback connections to the classical receptive field center and extra-classical receptive field surround of primate v1 neurons","verified",""
"pre.zip/tomen21a.pdf","3","4","Harnessing the power of infinitely wide deep nets on small-data tasks","verified",""
"pre.zip/tomen21a.pdf","4","5","Using fast weights to attend to the recent past","verified",""
"pre.zip/tomen21a.pdf","5","6","From fixed points to chaos: three models of delayed discrimination","verified",""
"pre.zip/tomen21a.pdf","6","7","Continuously differentiable exponential linear units","verified",""
"pre.zip/tomen21a.pdf","7","8","Multilayer recurrent network models of primate retinal ganglion cell responses","verified",""
"pre.zip/tomen21a.pdf","8","9","A model for the depth-dependence of receptive field size and contrast sensitivity of cells in layer 4c of macaque striate cortex","verified",""
"pre.zip/tomen21a.pdf","9","10","Theory of orientation tuning in visual cortex","verified",""
"pre.zip/tomen21a.pdf","10","11","Geometric visual hallucinations, euclidean symmetry and the functional architecture of striate cortex","verified",""
"pre.zip/tomen21a.pdf","11","12","Invariant scattering convolution networks","verified",""
"pre.zip/tomen21a.pdf","12","13","Deep convolutional models improve predictions of macaque V1 responses to natural images","verified",""
"pre.zip/tomen21a.pdf","13","14","Dynamic control of response criterion in premotor cortex during perceptual detection under temporal uncertainty","verified",""
"pre.zip/tomen21a.pdf","14","15","Neural ordinary differential equations","verified",""
"pre.zip/tomen21a.pdf","15","16","Waves, bumps, and patterns in neural field theories","verified",""
"pre.zip/tomen21a.pdf","16","17","Neural networks and neuroscience-inspired computer vision","verified",""
"pre.zip/tomen21a.pdf","17","18","Theoretical neuroscience: computational and mathematical modeling of neural systems","verified",""
"pre.zip/tomen21a.pdf","18","19","Augmented neural ODEs","verified",""
"pre.zip/tomen21a.pdf","19","20","A rotation-equivariant convolutional neural network model of primary visual cortex","verified",""
"pre.zip/tomen21a.pdf","20","21","Reservoir computing properties of neural dynamics in prefrontal cortex","verified",""
"pre.zip/tomen21a.pdf","22","23","How to train your neural ODE","verified",""
"pre.zip/tomen21a.pdf","23","24","The gaussian scale-space paradigm and the multiscale local jet","verified",""
"pre.zip/tomen21a.pdf","25","26","Visual cortex neurons of monkeys and cats: temporal dynamics of the spatial frequency response function","verified",""
"pre.zip/tomen21a.pdf","26","27","Ffjord: Free-form continuous dynamics for scalable reversible generative models","verified",""
"pre.zip/tomen21a.pdf","27","28","The relationship between cortical magnification factor and population receptive field size in human visual cortex: constancies in cortical architecture","verified",""
"pre.zip/tomen21a.pdf","28","29","Deep residual learning for image recognition","verified",""
"pre.zip/tomen21a.pdf","29","30","Convolutional neural networks with extra-classical receptive fields","verified",""
"pre.zip/tomen21a.pdf","30","31","Structured receptive fields in CNNs","verified",""
"pre.zip/tomen21a.pdf","31","32","An evaluation of the two-dimensional gabor filter model of simple receptive fields in cat striate cortex","verified",""
"pre.zip/tomen21a.pdf","32","33","Deep neural networks in computational neuroscience","verified",""
"pre.zip/tomen21a.pdf","33","34","Learning recurrent dynamics in spiking networks","verified",""
"pre.zip/tomen21a.pdf","34","35","Deeply-recursive convolutional network for image super-resolution","verified",""
"pre.zip/tomen21a.pdf","35","36","Simple framework for constructing functional spiking recurrent neural networks","verified",""
"pre.zip/tomen21a.pdf","36","37","Neural system identification for large populations separating “what” and “where”","verified",""
"pre.zip/tomen21a.pdf","37","38","Learning multiple layers of features from tiny images","verified",""
"pre.zip/tomen21a.pdf","38","39","Brain-like object recognition with high-performing shallow recurrent ANNs","verified",""
"pre.zip/tomen21a.pdf","40","41","A neural model of contour integration in the primary visual cortex","verified",""
"pre.zip/tomen21a.pdf","41","42","Recurrent convolutional neural network for object recognition","verified",""
"pre.zip/tomen21a.pdf","42","43","Bridging the gaps between residual learning, recurrent neural networks and visual cortex","verified",""
"pre.zip/tomen21a.pdf","43","44","Discrete derivative approximations with scale-space properties: A basis for low-level feature extraction","verified",""
"pre.zip/tomen21a.pdf","44","45","Scale-space theory in computer vision","verified",""
"pre.zip/tomen21a.pdf","45","46","Foveal scale-space and the linear increase of receptive field size as a function of eccentricity","verified",""
"pre.zip/tomen21a.pdf","46","47","A unified theory of early visual representations from retina to cortex through anatomically constrained deep CNNs","verified",""
"pre.zip/tomen21a.pdf","47","48","Supervised scale-regularized linear convo-lutionary filters","verified",""
"pre.zip/tomen21a.pdf","48","49","Beyond finite layer neural networks: Bridging deep architectures and numerical differential equations","verified",""
"pre.zip/tomen21a.pdf","49","50","Gabor Convolutional Networks","verified",""
"pre.zip/tomen21a.pdf","50","51","Group invariant scattering","verified",""
"pre.zip/tomen21a.pdf","51","52","Context-dependent computation by recurrent dynamics in prefrontal cortex","verified",""
"pre.zip/tomen21a.pdf","52","53","Dissecting neural ODEs","verified",""
"pre.zip/tomen21a.pdf","53","54","Linking connectivity, dynamics, and computations in low-rank recurrent neural networks","verified",""
"pre.zip/tomen21a.pdf","54","55","Differentiable plasticity: training plastic neural networks with backpropagation","verified",""
"pre.zip/tomen21a.pdf","55","56","Resolution learning in deep convolutional networks using scale-space theory","verified",""
"pre.zip/tomen21a.pdf","56","57","Recurrent network models of sequence generation and memory","verified",""
"pre.zip/tomen21a.pdf","57","58","A deep learning framework for neuroscience","verified",""
"pre.zip/tomen21a.pdf","58","59","Residual networks as flows of diffeomorphisms","verified",""
"pre.zip/tomen21a.pdf","59","60","Deep neural networks motivated by partial differential equations","verified",""
"pre.zip/tomen21a.pdf","60","61","Deep diffeomorphic normalizing flows","verified",""
"pre.zip/tomen21a.pdf","61","62","Brainscore: Which artificial neural network for object recognition is most brain-like? bioRxiv preprint","verified",""
"pre.zip/tomen21a.pdf","62","63","Orientation selectivity in the cat’s striate cortex is invariant with stimulus contrast","verified",""
"pre.zip/tomen21a.pdf","63","64","The unreasonable effectiveness of deep learning in artificial intelligence","verified",""
"pre.zip/tomen21a.pdf","64","65","Blurring the line between structure and learning to optimize and adapt receptive fields","verified",""
"pre.zip/tomen21a.pdf","65","66","Shiftable multiscale transforms","verified",""
"pre.zip/tomen21a.pdf","66","67","The effects of contrast on visual orientation and spatial frequency discrimination: a comparison of single cells and behavior","verified",""
"pre.zip/tomen21a.pdf","67","68","Estimating receptive field size from fmri data in human striate and extrastriate visual cortex","verified",""
"pre.zip/tomen21a.pdf","68","69","An emergent model of orientation selectivity in cat visual cortical simple cells","verified",""
"pre.zip/tomen21a.pdf","69","70","Chaos in random neural networks","verified",""
"pre.zip/tomen21a.pdf","70","71","Training excitatory-inhibitory recurrent neural networks for cognitive tasks: a simple and flexible framework","verified",""
"pre.zip/tomen21a.pdf","71","72","Scale-equivariant steerable networks","verified",""
"pre.zip/tomen21a.pdf","72","73","Recurrent convolutional neural networks: a better model of biological object recognition","verified",""
"pre.zip/tomen21a.pdf","73","74","Generating coherent patterns of activity from chaotic neural networks","verified",""
"pre.zip/tomen21a.pdf","74","75","Recurrent computations for visual pattern completion","verified",""
"pre.zip/tomen21a.pdf","75","76","Harmonic networks: Deep translation and rotation equivariance","verified",""
"pre.zip/tomen21a.pdf","77","78","Variational context-deformable convnets for indoor scene parsing","verified",""
"pre.zip/tomen21a.pdf","78","79","Spatial and temporal frequency tuning in striate cortex: functional uniformity and specializations related to receptive field eccentricity","verified",""
"pre.zip/tomen21a.pdf","79","80","Adaptive checkpoint adjoint method for gradient estimation in neural ODE","verified",""
"pre.zip/trauble21a.pdf","36","37","Structured representation learning using structural autoencoders and hybridization","mismatch","real"
"pre.zip/trauble21a.pdf","0","1","Discovering interpretable representations for both deep generative and discriminative models","verified",""
"pre.zip/trauble21a.pdf","1","2","Estimation of stature by foot length","verified",""
"pre.zip/trauble21a.pdf","2","3","Causalworld: A robotic manipulation benchmark for causal structure and transfer learning","verified",""
"pre.zip/trauble21a.pdf","3","4","Representation learning: A review and new perspectives","verified",""
"pre.zip/trauble21a.pdf","4","5","A meta-transfer objective for learning to disentangle causal mechanisms","verified",""
"pre.zip/trauble21a.pdf","5","6","Multi-level variational autoencoder: Learning disentangled representations from grouped observations","verified",""
"pre.zip/trauble21a.pdf","6","7","Exact rate-distortion in autoencoders via echo noise","verified",""
"pre.zip/trauble21a.pdf","7","8","Understanding disentangling in beta-VAE","verified",""
"pre.zip/trauble21a.pdf","8","9","Factorised spatial representation learning: Application in semi-supervised myocardial segmentation","verified",""
"pre.zip/trauble21a.pdf","9","10","Isolating sources of disentanglement in variational autoencoders","verified",""
"pre.zip/trauble21a.pdf","10","11","Independent component analysis, a new concept?","verified",""
"pre.zip/trauble21a.pdf","11","12","Flexibly fair representation learning by disentanglement","verified",""
"pre.zip/trauble21a.pdf","12","13","On the transfer of disentangled representations in realistic settings","verified",""
"pre.zip/trauble21a.pdf","13","14","Fairness through awareness","verified",""
"pre.zip/trauble21a.pdf","14","15","A framework for the quantitative evaluation of disentangled representations","verified",""
"pre.zip/trauble21a.pdf","15","16","Learning invariance from transformation sequences","verified",""
"pre.zip/trauble21a.pdf","16","17","Shortcut learning in deep neural networks","verified",""
"pre.zip/trauble21a.pdf","17","18","On the transfer of inductive bias from simulation to the real world: a new disentanglement dataset","verified",""
"pre.zip/trauble21a.pdf","18","19","Recurrent independent mechanisms","verified",""
"pre.zip/trauble21a.pdf","19","20","The incomplete rosetta stone problem: Identifiability results for multi-view nonlinear ica","verified",""
"pre.zip/trauble21a.pdf","20","21","Correlation of foot length with height and weight in school age children","verified",""
"pre.zip/trauble21a.pdf","21","22","beta-VAE: Learning basic visual concepts with a constrained variational framework","verified",""
"pre.zip/trauble21a.pdf","22","23","Darla: Improving zero-shot transfer in reinforcement learning","verified",""
"pre.zip/trauble21a.pdf","23","24","Scan: Learning hierarchical compositional visual concepts","verified",""
"pre.zip/trauble21a.pdf","24","25","Unsupervised feature extraction by time-contrastive learning and nonlinear ica","verified",""
"pre.zip/trauble21a.pdf","25","26","Nonlinear independent component analysis: Existence and uniqueness results","verified",""
"pre.zip/trauble21a.pdf","26","27","Nonlinear ica using auxiliary variables and generalized contrastive learning","verified",""
"pre.zip/trauble21a.pdf","27","28","Advances in nonlinear blind source separation","verified",""
"pre.zip/trauble21a.pdf","28","29","Learning neural causal models from unknown interventions","verified",""
"pre.zip/trauble21a.pdf","29","30","Variational autoencoders and nonlinear ica: A unifying framework","verified",""
"pre.zip/trauble21a.pdf","30","31","Avoiding discrimination through causal reasoning","verified",""
"pre.zip/trauble21a.pdf","31","32","Disentangling by factorising","verified",""
"pre.zip/trauble21a.pdf","32","33","Auto-encoding variational Bayes","verified",""
"pre.zip/trauble21a.pdf","33","34","Towards nonlinear disentanglement in natural data with temporal sparse coding","verified",""
"pre.zip/trauble21a.pdf","34","35","Variational inference of disentangled latent concepts from unlabeled observations","verified",""
"pre.zip/trauble21a.pdf","35","36","Learning methods for generic object recognition with invariance to pose and lighting","verified",""
"pre.zip/trauble21a.pdf","37","38","Challenging common assumptions in the unsupervised learning of disentangled representations","verified",""
"pre.zip/trauble21a.pdf","38","39","A sober look at the unsupervised learning of disentangled representations and their evaluation","verified",""
"pre.zip/trauble21a.pdf","39","40","Learning adversarially fair and transferable representations","verified",""
"pre.zip/trauble21a.pdf","40","41","Fairness through causal awareness: Learning causal latent-variable models for biased data","verified",""
"pre.zip/trauble21a.pdf","41","42","Disentangling disentanglement in variational autoencoders","verified",""
"pre.zip/trauble21a.pdf","42","43","A 3d face model for pose and illumination invariant face recognition","verified",""
"pre.zip/trauble21a.pdf","45","46","Stochastic backpropagation and approximate inference in deep generative models","verified",""
"pre.zip/trauble21a.pdf","46","47","Variational autoencoders recover pca directions (by accident)","verified",""
"pre.zip/trauble21a.pdf","47","48","Learning graphical model structure using l1-regularization paths","verified",""
"pre.zip/trauble21a.pdf","48","49","Toward causal representation learning","verified",""
"pre.zip/trauble21a.pdf","49","50","Weakly supervised disentanglement with guarantees","verified",""
"pre.zip/trauble21a.pdf","50","51","Disentanglement by nonlinear ica with general incompressible-flow networks (gin)","verified",""
"pre.zip/trauble21a.pdf","51","52","Independent subspace analysis for unsupervised learning of disentangled representations","verified",""
"pre.zip/trauble21a.pdf","52","53","In-terventional robustness of deep latent variable models","verified",""
"pre.zip/trauble21a.pdf","53","54","Bias and generalization in deep generative models: An empirical study","verified",""
"pre.zip/trauble21a.pdf","54","55","Evaluating the disentanglement of deep generative models through manifold topology","verified",""
"pre.zip/wu21b.pdf","0","1","Construction of the literature graph in semantic scholar","verified",""
"pre.zip/wu21b.pdf","1","2","The perverse effects of competition on scientists’ work and relationships","verified",""
"pre.zip/wu21b.pdf","2","3","Strategyproof peer selection: Mechanisms, analyses, and experiments","verified",""
"pre.zip/wu21b.pdf","3","4","Robust regression via hard thresholding","verified",""
"pre.zip/wu21b.pdf","4","5","Poisoning attacks against support vector machines","verified",""
"pre.zip/wu21b.pdf","5","6","The toronto paper matching system: an automated paper-reviewer assignment system","verified",""
"pre.zip/wu21b.pdf","6","7","Robust sparse regression under adversarial corruption","verified",""
"pre.zip/wu21b.pdf","8","9","Finding related pages in the world wide web","verified",""
"pre.zip/wu21b.pdf","9","10","Automating the assignment of submitted manuscripts to reviewers","verified",""
"pre.zip/wu21b.pdf","10","11","Assigning papers to referees","verified",""
"pre.zip/wu21b.pdf","11","12","The ai conference paper assignment problem","verified",""
"pre.zip/wu21b.pdf","12","13","The conference paper-reviewer assignment problem","verified",""
"pre.zip/wu21b.pdf","13","14","Manipulating machine learning: Poisoning attacks and countermeasures for regression learning","verified",""
"pre.zip/wu21b.pdf","14","15","Mitigating manipulation in peer review via randomized reviewer assignments","verified",""
"pre.zip/wu21b.pdf","15","16","Paper matching with local fairness constraints","verified",""
"pre.zip/wu21b.pdf","16","17","Stronger data poisoning attacks break data sanitization defenses","verified",""
"pre.zip/wu21b.pdf","17","18","The hungarian method for the assignment problem","verified",""
"pre.zip/wu21b.pdf","19","20","A robust model for paper reviewer assignment","verified",""
"pre.zip/wu21b.pdf","20","21","On good and fair paper-reviewer assignment","verified",""
"pre.zip/wu21b.pdf","21","22","Using machine teaching to identify optimal training-set attacks on machine learners","verified",""
"pre.zip/wu21b.pdf","22","23","Expertise modeling for matching papers with reviewers","verified",""
"pre.zip/wu21b.pdf","23","24","Let’s make peer review scientific","verified",""
"pre.zip/wu21b.pdf","24","25","An algorithm to determine peer-reviewers","verified",""
"pre.zip/wu21b.pdf","25","26","Peerreview4all: Fair and accurate reviewer assignment in peer review","verified",""
"pre.zip/wu21b.pdf","26","27","On testing for biases in peer review","verified",""
"pre.zip/wu21b.pdf","28","29","Peer-review in a world with rational scientists: Toward selection of the average","verified",""
"pre.zip/wu21b.pdf","30","31","Support vector machines under adversarial label contamination","verified",""
"pre.zip/wu21b.pdf","31","32","On strategyproof conference peer review","verified",""
"pre.zip/yonetani21a.pdf","0","1","A comprehensive study on pathfinding techniques for robotics and video games","mismatch","real"
"pre.zip/yonetani21a.pdf","1","2","Neural weighted A*: Learning graph costs and heuristics with differentiable anytime A*","verified",""
"pre.zip/yonetani21a.pdf","2","3","Neural path planning: Fixed time, near-optimal path generation via oracle imitation","verified",""
"pre.zip/yonetani21a.pdf","3","4","Learning heuristic search via imitation","verified",""
"pre.zip/yonetani21a.pdf","4","5","Implementing fast heuristic search code","verified",""
"pre.zip/yonetani21a.pdf","5","6","Learning to plan in high dimensions via neural exploration-exploitation trees","verified",""
"pre.zip/yonetani21a.pdf","6","7","Data-driven planning via imitation learning","verified",""
"pre.zip/yonetani21a.pdf","7","8","Learning robust rewards with adversarial inverse reinforcement learning","verified",""
"pre.zip/yonetani21a.pdf","8","9","A review of motion planning techniques for automated vehicles","verified",""
"pre.zip/yonetani21a.pdf","9","10","Social gan: Socially acceptable trajectories with generative adversarial networks","verified",""
"pre.zip/yonetani21a.pdf","10","11","Cognitive mapping and planning for visual navigation","verified",""
"pre.zip/yonetani21a.pdf","11","12","A formal basis for the heuristic determination of minimum cost paths","verified",""
"pre.zip/yonetani21a.pdf","12","13","Deep residual learning for image recognition","verified",""
"pre.zip/yonetani21a.pdf","13","14","Binarized neural networks","verified",""
"pre.zip/yonetani21a.pdf","14","15","Robot motion planning in learned latent spaces","verified",""
"pre.zip/yonetani21a.pdf","15","16","Learning sampling distributions for robot motion planning","verified",""
"pre.zip/yonetani21a.pdf","16","17","Learned critical probabilistic roadmaps for robotic motion planning","verified",""
"pre.zip/yonetani21a.pdf","17","18","Categorical reparameterization with gumbel-softmax","verified",""
"pre.zip/yonetani21a.pdf","18","19","Goselo: Goal-directed obstacle and self-location map for robot navigation using reactive neural networks","verified",""
"pre.zip/yonetani21a.pdf","19","20","QMDP-Net: Deep learning for planning under partial observability","verified",""
"pre.zip/yonetani21a.pdf","20","21","Probabilistic roadmaps for path planning in high-dimensional configuration spaces","verified",""
"pre.zip/yonetani21a.pdf","21","22","Socially adaptive path planning in human environments using inverse reinforcement learning","verified",""
"pre.zip/yonetani21a.pdf","22","23","Sampling-based methods for motion planning with constraints","verified",""
"pre.zip/yonetani21a.pdf","23","24","Socially compliant mobile robot navigation via inverse reinforcement learning","verified",""
"pre.zip/yonetani21a.pdf","24","25","Rapidly-exploring random trees: A new tool for path planning","verified",""
"pre.zip/yonetani21a.pdf","25","26","Gated path planning networks","verified",""
"pre.zip/yonetani21a.pdf","26","27","A survey of motion planning and control techniques for self-driving urban vehicles","verified",""
"pre.zip/yonetani21a.pdf","28","29","Learning human-aware path planning with fully convolutional networks","verified",""
"pre.zip/yonetani21a.pdf","29","30","Motion planning networks","verified",""
"pre.zip/yonetani21a.pdf","30","31","Maximum margin planning","verified",""
"pre.zip/yonetani21a.pdf","31","32","Learning social etiquette: Human trajectory understanding in crowded scenes","verified",""
"pre.zip/yonetani21a.pdf","32","33","U-net: Convolutional networks for biomedical image segmentation","verified",""
"pre.zip/yonetani21a.pdf","33","34","Trajectron++: Multi-agent generative trajectory forecasting with heterogeneous data for control","verified",""
"pre.zip/yonetani21a.pdf","34","35","Very deep convolutional networks for large-scale image recognition","verified",""
"pre.zip/yonetani21a.pdf","35","36","Dual arm manipulation - a survey","verified",""
"pre.zip/yonetani21a.pdf","36","37","Benchmarks for grid-based pathfinding","verified",""
"pre.zip/yonetani21a.pdf","37","38","Learning heuristic functions for mobile robot path planning using deep neural networks","verified",""
"pre.zip/yonetani21a.pdf","38","39","Value iteration networks","verified",""
"pre.zip/yonetani21a.pdf","39","40","Differentiation of blackbox combinatorial solvers","verified",""
"pre.zip/yonetani21a.pdf","40","41","Maximum entropy deep inverse reinforcement learning","verified",""
"pre.zip/yonetani21a.pdf","42","43","Meta-inverse reinforcement learning with probabilistic context variables","verified",""
"pre.zip/yonetani21a.pdf","43","44","Massively parallel a* search on a gpu","verified",""
"pre.zip/yonetani21a.pdf","44","45","Maximum entropy inverse reinforcement learning","verified",""
"pre.zip/you21c.pdf","39","40","Quantum circuit structure learning","mismatch","real"
"pre.zip/you21c.pdf","0","1","On exact computation with an infinitely wide neural net","verified",""
"pre.zip/you21c.pdf","1","2","Quantum supremacy using a programmable superconducting processor","verified",""
"pre.zip/you21c.pdf","2","3","Hartree-fock on a superconducting qubit quantum computer","verified",""
"pre.zip/you21c.pdf","3","4","Exponentially many local minima for single neurons","verified",""
"pre.zip/you21c.pdf","4","5","Comparing dynamics: Deep neural networks versus glassy systems","verified",""
"pre.zip/you21c.pdf","5","6","Parameterized quantum circuits as machine learning models","verified",""
"pre.zip/you21c.pdf","6","7","Rmsprop and equilibrated adaptive learning rates for nonconvex optimization","verified",""
"pre.zip/you21c.pdf","8","9","Local random quantum circuits are approximate polynomial-designs","verified",""
"pre.zip/you21c.pdf","9","10","Open problem: The landscape of the loss surfaces of multilayer networks","verified",""
"pre.zip/you21c.pdf","10","11","Integration with respect to the haar measure on unitary, orthogonal and symplectic group","verified",""
"pre.zip/you21c.pdf","12","13","Sub-optimal local minima exist for almost all over-parameterized neural networks","verified",""
"pre.zip/you21c.pdf","13","14","On the power of over-parametrization in neural networks with quadratic activation","verified",""
"pre.zip/you21c.pdf","14","15","Gradient descent finds global minima of deep neural networks","verified",""
"pre.zip/you21c.pdf","15","16","Improved learning of one-hidden-layer convolutional neural networks with overlaps","verified",""
"pre.zip/you21c.pdf","16","17","A quantum approximate optimization algorithm","verified",""
"pre.zip/you21c.pdf","17","18","The Quantum Approximate Optimization Algorithm and the Sherrington-Kirkpatrick Model at Infinite Size","verified",""
"pre.zip/you21c.pdf","18","19","Classification with quantum neural networks on near term processors","verified",""
"pre.zip/you21c.pdf","19","20","On the optimization landscape of tensor decompositions","verified",""
"pre.zip/you21c.pdf","20","21","Reliably learning the relu in polynomial time","verified",""
"pre.zip/you21c.pdf","22","23","Quantum computational supremacy","verified",""
"pre.zip/you21c.pdf","23","24","Supervised learning with quantum-enhanced feature spaces","verified",""
"pre.zip/you21c.pdf","25","26","Neural tangent kernel: Convergence and generalization in neural networks","verified",""
"pre.zip/you21c.pdf","26","27","Deep learning without poor local minima","verified",""
"pre.zip/you21c.pdf","27","28","Learning unitaries by gradient descent","verified",""
"pre.zip/you21c.pdf","28","29","Continuous-variable quantum neural networks","verified",""
"pre.zip/you21c.pdf","29","30","Adam: A method for stochastic optimization","verified",""
"pre.zip/you21c.pdf","30","31","Over-parameterized deep neural networks have no strict local minima for any continuous activations","verified",""
"pre.zip/you21c.pdf","31","32","Hybrid quantum-classical approach to quantum optimal control","verified",""
"pre.zip/you21c.pdf","32","33","On the limited memory bfgs method for large scale optimization","verified",""
"pre.zip/you21c.pdf","33","34","Quantum embeddings for machine learning","verified",""
"pre.zip/you21c.pdf","34","35","Transfer learning in hybrid classical-quantum neural networks","verified",""
"pre.zip/you21c.pdf","35","36","Barren plateaus in quantum neural network training landscapes","verified",""
"pre.zip/you21c.pdf","37","38","The loss surface of deep and wide neural networks","verified",""
"pre.zip/you21c.pdf","38","39","Quantum computation and quantum information","verified",""
"pre.zip/you21c.pdf","40","41","Pytorch: An imperative style, high-performance deep learning library","verified",""
"pre.zip/you21c.pdf","41","42","A variational eigenvalue solver on a photonic quantum processor","verified",""
"pre.zip/you21c.pdf","42","43","A survey of certain trace inequalities","verified",""
"pre.zip/you21c.pdf","43","44","Characterizations of the trace","verified",""
"pre.zip/you21c.pdf","44","45","Quantum computing in the NISQ era and beyond","verified",""
"pre.zip/you21c.pdf","45","46","Quantum control landscapes are almost always trap free","verified",""
"pre.zip/you21c.pdf","46","47","Spurious local minima are common in two-layer relu neural networks","verified",""
"pre.zip/you21c.pdf","47","48","Explorations on high dimensional landscapes","verified",""
"pre.zip/you21c.pdf","48","49","Quantum machine learning in feature hilbert spaces","verified",""
"pre.zip/you21c.pdf","49","50","No bad local minima: Data independent training error guarantees for multilayer neural networks","verified",""
"pre.zip/you21c.pdf","50","51","Stochastic gradient descent for hybrid quantum-classical optimization","verified",""
"pre.zip/you21c.pdf","51","52","Spurious valleys in two-layer neural network optimization landscapes","verified",""
"pre.zip/you21c.pdf","52","53","Quantum approximate optimization algorithm for maxcut: A fermionic view","verified",""
"pre.zip/you21c.pdf","54","55","The theory of quantum information","verified",""
"pre.zip/you21c.pdf","55","56","Small nonlinearities in activation functions create bad local minima in neural networks","verified",""
"pre.zip/you21c.pdf","56","57","Quantum computational advantage using photons","verified",""
"pre.zip/you21c.pdf","57","58","Recovery guarantees for one-hidden-layer neural networks","verified",""
"pre.zip/zhang21ab.pdf","12","13","On the sample complexity of reinforcement learning","mismatch","real"
"pre.zip/zhang21ab.pdf","1","2","Minimax regret bounds for reinforcement learning","verified",""
"pre.zip/zhang21ab.pdf","2","3","R-MAX - A general polynomial time algorithm for near-optimal reinforcement learning","verified",""
"pre.zip/zhang21ab.pdf","3","4","Optimal Adaptive Policies for Markov Decision Processes","verified",""
"pre.zip/zhang21ab.pdf","4","5","Sample complexity of episodic fixed-horizon reinforcement learning","verified",""
"pre.zip/zhang21ab.pdf","5","6","Unifying PAC and regret: Uniform PAC bounds for episodic reinforcement learning","verified",""
"pre.zip/zhang21ab.pdf","6","7","Policy certificates: Towards accountable reinforcement learning","verified",""
"pre.zip/zhang21ab.pdf","7","8","Q-learning with ucb exploration is sample efficient for infinite-horizon mdp","verified",""
"pre.zip/zhang21ab.pdf","8","9","Learning rates for Q-learning","verified",""
"pre.zip/zhang21ab.pdf","9","10","Action elimination and stopping conditions for the multi-armed bandit and reinforcement learning problems","verified",""
"pre.zip/zhang21ab.pdf","10","11","On the sample complexity of reinforcement learning with a generative mode","verified",""
"pre.zip/zhang21ab.pdf","11","12","Is Q-learning provably efficient?","verified",""
"pre.zip/zhang21ab.pdf","13","14","Pac bounds for discounted mdps","verified",""
"pre.zip/zhang21ab.pdf","14","15","Human-level control through deep reinforcement learning","verified",""
"pre.zip/zhang21ab.pdf","15","16","Asynchronous methods for deep reinforcement learning","verified",""
"pre.zip/zhang21ab.pdf","16","17","Improving pac exploration using the median of means","verified",""
"pre.zip/zhang21ab.pdf","17","18","Trust region policy optimization","verified",""
"pre.zip/zhang21ab.pdf","18","19","Variance reduced value iteration and faster algorithms for solving markov decision processes","verified",""
"pre.zip/zhang21ab.pdf","19","20","PAC model-free reinforcement learning","verified",""
"pre.zip/zhang21ab.pdf","20","21","Model-based reinforcement learning with nearly tight exploration complexity bounds","verified",""
"pre.zip/zhang21ab.pdf","21","22","Almost optimal model-free reinforcement learning via reference-advantage decomposition","verified",""
"pre.zip/zhang21s.pdf","0","1","Metareg: Towards domain generalization using meta-regularization","verified",""
"pre.zip/zhang21s.pdf","1","2","Gradient-based optimization of hyperparameters","verified",""
"pre.zip/zhang21s.pdf","2","3","Overcoming multi-model forgetting","verified",""
"pre.zip/zhang21s.pdf","3","4","Probabilistic neural architecture search","verified",""
"pre.zip/zhang21s.pdf","4","5","Stabilizing differentiable architecture search via perturbation-based regularization","verified",""
"pre.zip/zhang21s.pdf","5","6","Progressive differentiable architecture search: Bridging the depth gap between search and evaluation","verified",""
"pre.zip/zhang21s.pdf","6","7","Drnas: Dirichlet neural architecture search","verified",""
"pre.zip/zhang21s.pdf","7","8","Hierarchical neural architecture search for deep stereo matching","verified",""
"pre.zip/zhang21s.pdf","8","9","An overview of bilevel optimization","verified",""
"pre.zip/zhang21s.pdf","9","10","On the convergence of stochastic bi-level gradient methods","verified",""
"pre.zip/zhang21s.pdf","10","11","Searching for a robust neural architecture in four gpu hours","verified",""
"pre.zip/zhang21s.pdf","11","12","One-shot neural architecture search via self-evaluated template network","verified",""
"pre.zip/zhang21s.pdf","12","13","Nas-bench-201: Extending the scope of reproducible neural architecture search","verified",""
"pre.zip/zhang21s.pdf","13","14","Model-agnostic meta-learning for fast adaptation of deep networks","verified",""
"pre.zip/zhang21s.pdf","14","15","Forward and reverse gradient-based hyperparameter optimization","verified",""
"pre.zip/zhang21s.pdf","15","16","Bilevel programming for hyperparameter optimization and meta-learning","verified",""
"pre.zip/zhang21s.pdf","16","17","Approximation methods for bilevel programming","verified",""
"pre.zip/zhang21s.pdf","17","18","Convergence properties of stochastic hypergradients","verified",""
"pre.zip/zhang21s.pdf","18","19","Some bounds on the complexity of gradients, jacobians, and hessians","verified",""
"pre.zip/zhang21s.pdf","19","20","Evaluating derivatives: principles and techniques of algorithmic differentiation","verified",""
"pre.zip/zhang21s.pdf","20","21","Updet: Universal multi-agent reinforcement learning via policy decoupling with transformers","verified",""
"pre.zip/zhang21s.pdf","21","22","Improved differentiable architecture search for language modeling and named entity recognition","verified",""
"pre.zip/zhang21s.pdf","22","23","How to escape saddle points efficiently","verified",""
"pre.zip/zhang21s.pdf","23","24","Block-wisely supervised neural architecture search with knowledge distillation","verified",""
"pre.zip/zhang21s.pdf","24","25","Random search and reproducibility for neural architecture search","verified",""
"pre.zip/zhang21s.pdf","25","26","Progressive neural architecture search","verified",""
"pre.zip/zhang21s.pdf","26","27","Optimizing millions of hyperparameters by implicit differentiation","verified",""
"pre.zip/zhang21s.pdf","27","28","Scalable gradient-based tuning of continuous regularization hyperparameters","verified",""
"pre.zip/zhang21s.pdf","28","29","Self-tuning networks: Bilevel optimization of hyperparameters using structured best-response functions","verified",""
"pre.zip/zhang21s.pdf","29","30","Gradient-based hyperparameter optimization through reversible learning","verified",""
"pre.zip/zhang21s.pdf","30","31","Unrolled generative adversarial networks","verified",""
"pre.zip/zhang21s.pdf","31","32","Xnas: Neural architecture search with expert advice","verified",""
"pre.zip/zhang21s.pdf","32","33","On first-order meta-learning algorithms","verified",""
"pre.zip/zhang21s.pdf","33","34","Hyperparameter optimization with approximate gradient","verified",""
"pre.zip/zhang21s.pdf","34","35","Efficient neural architecture search via parameter sharing","verified",""
"pre.zip/zhang21s.pdf","35","36","Meta-learning with implicit gradients","verified",""
"pre.zip/zhang21s.pdf","36","37","Regularized evolution for image classifier architecture search","verified",""
"pre.zip/zhang21s.pdf","37","38","A comprehensive survey of neural architecture search: Challenges and solutions","verified",""
"pre.zip/zhang21s.pdf","38","39","NAS-TC: neural architecture search on temporal convolutions for complex action recognition","verified",""
"pre.zip/zhang21s.pdf","39","40","Evaluating the search phase of neural architecture search","verified",""
"pre.zip/zhang21s.pdf","40","41","Truncated back-propagation for bilevel optimization","verified",""
"pre.zip/zhang21s.pdf","41","42","Efficientnet: Rethinking model scaling for convolutional neural networks","verified",""
"pre.zip/zhang21s.pdf","42","43","Rethinking architecture selection in differentiable nas","verified",""
"pre.zip/zhang21s.pdf","43","44","Snas: stochastic neural architecture search","verified",""
"pre.zip/zhang21s.pdf","44","45","Pcdarts: Partial channel connections for memory-efficient architecture search","verified",""
"pre.zip/zhang21s.pdf","45","46","Nas-bench-101: Towards reproducible neural architecture search","verified",""
"pre.zip/zhang21s.pdf","46","47","Overcoming multi-model forgetting in one-shot nas with diversity maximization","verified",""
"pre.zip/zhang21s.pdf","47","48","One-shot neural architecture search via novelty driven sampling","verified",""
"pre.zip/zhang21s.pdf","48","49","Multino-mial distribution learning for effective neural architecture search","verified",""
"pre.zip/zhang21s.pdf","49","50","SOON: scenario oriented object navigation with graph-based exploration","verified",""
"pre.zip/zhang21s.pdf","50","51","Neural architecture search with reinforcement learning","verified",""
"pre.zip/zhou21a.pdf","0","1","Improved algorithms for linear stochastic bandits","verified",""
"pre.zip/zhou21a.pdf","1","2","Model-based reinforcement learning with value-targeted regression","verified",""
"pre.zip/zhou21a.pdf","2","3","Minimax pac bounds on the sample complexity of reinforcement learning with a generative model","verified",""
"pre.zip/zhou21a.pdf","3","4","Minimax regret bounds for reinforcement learning","verified",""
"pre.zip/zhou21a.pdf","4","5","Feature-based aggregation and deep reinforcement learning: A survey and some new implementations","verified",""
"pre.zip/zhou21a.pdf","5","6","What doubling tricks can and can’t do for multi-armed bandits","verified",""
"pre.zip/zhou21a.pdf","6","7","A finite time analysis of temporal difference learning with linear function approximation","verified",""
"pre.zip/zhou21a.pdf","8","9","Stochastic linear optimization under bandit feedback","verified",""
"pre.zip/zhou21a.pdf","9","10","Q-learning with ucb exploration is sample efficient for infinite-horizon mdp","verified",""
"pre.zip/zhou21a.pdf","10","11","Is a good representation sufficient for sample efficient reinforcement learning","verified",""
"pre.zip/zhou21a.pdf","11","12","Near-optimal regret bounds for reinforcement learning","verified",""
"pre.zip/zhou21a.pdf","12","13","Model-based reinforcement learning with value-targeted regression","verified",""
"pre.zip/zhou21a.pdf","13","14","Contextual decision processes with low bellman rank are pac-learnable","verified",""
"pre.zip/zhou21a.pdf","14","15","Provably efficient reinforcement learning with linear function approximation","verified",""
"pre.zip/zhou21a.pdf","15","16","et al. On the sample complexity of reinforcement learning","verified",""
"pre.zip/zhou21a.pdf","16","17","Finite-sample convergence rates for q-learning and indirect algorithms","verified",""
"pre.zip/zhou21a.pdf","17","18","Pac bounds for discounted mdps","verified",""
"pre.zip/zhou21a.pdf","19","20","Learning with good feature representations in bandits and in rl with a generative model","verified",""
"pre.zip/zhou21a.pdf","20","21","Regret bounds for discounted mdps","verified",""
"pre.zip/zhou21a.pdf","21","22","Human-level control through deep reinforcement learning","verified",""
"pre.zip/zhou21a.pdf","22","23","Sample complexity of reinforcement learning using linearly combined model ensembles","verified",""
"pre.zip/zhou21a.pdf","23","24","On lower bounds for regret in reinforcement learning","verified",""
"pre.zip/zhou21a.pdf","24","25","Eluder dimension and the sample complexity of optimistic exploration","verified",""
"pre.zip/zhou21a.pdf","25","26","Near-optimal time and sample complexities for for solving discounted markov decision process with a generative model","verified",""
"pre.zip/zhou21a.pdf","26","27","Reinforcement learning with soft state aggregation","verified",""
"pre.zip/zhou21a.pdf","27","28","Pac model-free reinforcement learning","verified",""
"pre.zip/zhou21a.pdf","28","29","Model-based reinforcement learning with nearly tight exploration complexity bounds","verified",""
"pre.zip/zhou21a.pdf","29","30","Comments on the du-kakade-wang-yang lower bounds","verified",""
"pre.zip/zhou21a.pdf","30","31","Optimism in reinforcement learning with generalized linear function approximation","verified",""
"pre.zip/zhou21a.pdf","31","32","Learning from delayed rewards","verified",""
"pre.zip/zhou21a.pdf","32","33","Sample-optimal parametric q-learning using linearly additive features","verified",""
"pre.zip/zhou21a.pdf","33","34","Reinforcement leaning in feature space: Matrix bandit, kernels, and regret bound","verified",""
"pre.zip/zhou21a.pdf","34","35","Learning near optimal policies with low inherent bellman error","verified",""
"pre.zip/zhou21a.pdf","35","36","Drn: A deep reinforcement learning framework for news recommendation","verified",""
"pre.zip/zhou21a.pdf","36","37","Finite-sample analysis for sarsa with linear function approximation","verified",""
"pre.zip/agarwal22b.pdf","42","43","The population biology of abalone (haliotis species) in tasmania","not_found","real"
"pre.zip/agarwal22b.pdf","46","47","Carnegie Corporation of New York Task Force on the Needs of Young Children; An earlier version of this article was presented as a position paper for the aforementioned corporation","not_found","real"
"pre.zip/agarwal22b.pdf","51","52","Pmlb v1","not_found","real"
"pre.zip/agarwal22b.pdf","63","64","Bernoulli","not_found","real"
"pre.zip/agarwal22b.pdf","65","66","Further Details on Datasets Used","not_found","uncertain"
"pre.zip/agarwal22b.pdf","90","91","Heuristics for Equation (7)","not_found","uncertain"
"pre.zip/agarwal22b.pdf","92","93","Suppose for the moment that f(x) = βT x is linear, so that","not_found","uncertain"
"pre.zip/agarwal22b.pdf","96","97","Plugging these into (10) allows us to compute","not_found","uncertain"
"pre.zip/agarwal22b.pdf","98","99","Additional Simulations for Investigating the Bias-Variance Trade-off","not_found","uncertain"
"pre.zip/agarwal22b.pdf","108","109","Further Experimental Results for Predictive Performance","not_found","uncertain"
"pre.zip/agarwal22b.pdf","109","110","The experimental details are provided in Sec 4","not_found","uncertain"
"pre.zip/agarwal22b.pdf","124","125","We performed the simulation to show that HS can be beneficial even for tree models that are obtained using global optimization (rather than greedy) techniques","not_found","uncertain"
"pre.zip/agarwal22b.pdf","134","135","Comparison between HS and LBS for Regression Datasets","not_found","uncertain"
"pre.zip/agarwal22b.pdf","173","174","BART is a Bayesian tree ensemble model (Chipman et al., 2010), with the tree structure and leaf values are modeled as random variables","not_found","uncertain"
"pre.zip/agarwal22b.pdf","174","175","It has been claimed to obtain state-of-the-art prediction performance on many datasets, once its hyperparameters have been appropriately tuned (Chipman et al., 2006)","not_found","uncertain"
"pre.zip/agarwal22b.pdf","178","179","The results show that HS does not significantly alter prediction performance of BART on both regression and classification datasets","not_found","uncertain"
"pre.zip/agarwal22b.pdf","225","226","Further Experimental Results for Interpretability","not_found","uncertain"
"pre.zip/agarwal22b.pdf","247","248","SHAP plots provide a visualization of SHAP values, which are feature importance measures that are computed for each sample in the dataset","not_found","uncertain"
"pre.zip/agarwal22b.pdf","290","291","Stability of SHAP Values to Data Resampling","not_found","uncertain"
"pre.zip/agarwal22b.pdf","33","34","Universal consistency of decision trees in high dimensions","mismatch","real"
"pre.zip/agarwal22b.pdf","0","1","Strong optimal classification trees","verified",""
"pre.zip/agarwal22b.pdf","1","2","Learning certifiably optimal rule lists for categorical data","verified",""
"pre.zip/agarwal22b.pdf","2","3","Uci machine learning repository","verified",""
"pre.zip/agarwal22b.pdf","3","4","Recursive partitioning for heterogeneous causal effects","verified",""
"pre.zip/agarwal22b.pdf","5","6","Learning epistatic polygenic phenotypes with boolean interactions","verified",""
"pre.zip/agarwal22b.pdf","6","7","Random forest in remote sensing: A review of applications and future directions","verified",""
"pre.zip/agarwal22b.pdf","7","8","Overview of random forest methodology and practical guidance with emphasis on computational biology and bioinformat-ics","verified",""
"pre.zip/agarwal22b.pdf","12","13","Classification and regression trees","verified",""
"pre.zip/agarwal22b.pdf","13","14","An empirical comparison of supervised learning algorithms","verified",""
"pre.zip/agarwal22b.pdf","14","15","An empirical evaluation of supervised learning in high dimensions","verified",""
"pre.zip/agarwal22b.pdf","15","16","Xgboost: A scalable tree boosting system","verified",""
"pre.zip/agarwal22b.pdf","16","17","Random forests for genomic data analysis","verified",""
"pre.zip/agarwal22b.pdf","17","18","Hierarchical priors for bayesian cart shrinkage","verified",""
"pre.zip/agarwal22b.pdf","19","20","Bart: Bayesian additive regression trees","verified",""
"pre.zip/agarwal22b.pdf","20","21","Gene selection and classification of microarray data using random forest","verified",""
"pre.zip/agarwal22b.pdf","21","22","Interpolation can hurt robust generalization even when there is no noise","verified",""
"pre.zip/agarwal22b.pdf","22","23","Towards a rigorous science of interpretable machine learning","verified",""
"pre.zip/agarwal22b.pdf","23","24","Least angle regression","verified",""
"pre.zip/agarwal22b.pdf","24","25","Modeling species distribution and change using random forest","verified",""
"pre.zip/agarwal22b.pdf","25","26","Do we need hundreds of classifiers to solve real world classification problems?","verified",""
"pre.zip/agarwal22b.pdf","26","27","The Elements of Statistical Learning","verified",""
"pre.zip/agarwal22b.pdf","27","28","Multivariate adaptive regression splines","verified",""
"pre.zip/agarwal22b.pdf","28","29","Greedy function approximation: a gradient boosting machine","verified",""
"pre.zip/agarwal22b.pdf","29","30","Generalized cross-validation as a method for choosing a good ridge parameter","verified",""
"pre.zip/agarwal22b.pdf","31","32","Bayesian nonparametric modeling for causal inference","verified",""
"pre.zip/agarwal22b.pdf","32","33","Bridging Breiman’s brook: From algorithmic modeling to statistical learning","verified",""
"pre.zip/agarwal22b.pdf","34","35","Identification of children at very low risk of clinically-important brain injuries after head trauma: a prospective cohort study","verified",""
"pre.zip/agarwal22b.pdf","35","36","Interpretable classifiers using rules and bayesian analysis: Building a better stroke prediction model","verified",""
"pre.zip/agarwal22b.pdf","36","37","Generalized and scalable optimal sparse decision trees","verified",""
"pre.zip/agarwal22b.pdf","37","38","A unified approach to interpreting model predictions","verified",""
"pre.zip/agarwal22b.pdf","38","39","Randomization as regularization: a degrees of freedom explanation for random forest success","verified",""
"pre.zip/agarwal22b.pdf","39","40","A modal search technique for predictive nominal scale multivariate analysis","verified",""
"pre.zip/agarwal22b.pdf","40","41","Problems in the analysis of survey data, and a proposal","verified",""
"pre.zip/agarwal22b.pdf","41","42","Definitions, methods, and applications in interpretable machine learning","verified",""
"pre.zip/agarwal22b.pdf","44","45","Group probability-weighted tree sums for interpretable modeling of heterogeneous data","verified",""
"pre.zip/agarwal22b.pdf","45","46","Data-driven advice for applying machine learning to bioinformatics problems","verified",""
"pre.zip/agarwal22b.pdf","47","48","Sparse spatial autoregressions","verified",""
"pre.zip/agarwal22b.pdf","48","49","Scikitlearn: Machine learning in python","verified",""
"pre.zip/agarwal22b.pdf","49","50","Induction of decision trees","verified",""
"pre.zip/agarwal22b.pdf","52","53","Stop explaining black box machine learning models for high stakes decisions and use interpretable models instead","verified",""
"pre.zip/agarwal22b.pdf","53","54","Interpretable machine learning: Fundamental principles and 10 grand challenges","verified",""
"pre.zip/agarwal22b.pdf","54","55","Classification of radar returns from the ionosphere using neural networks","verified",""
"pre.zip/agarwal22b.pdf","55","56","imod-els: a python package for fitting interpretable models","verified",""
"pre.zip/agarwal22b.pdf","56","57","Using the adap learning algorithm to forecast the onset of diabetes mellitus","verified",""
"pre.zip/agarwal22b.pdf","57","58","A classification tree approach to the development of actuarial violence risk assessment tools","verified",""
"pre.zip/agarwal22b.pdf","58","59","Random forest: a classification and regression tool for compound classification and qsar modeling","verified",""
"pre.zip/agarwal22b.pdf","59","60","A cautionary tale on fitting decision trees to data from additive models: generalization lower bounds","verified",""
"pre.zip/agarwal22b.pdf","60","61","Fast interpretable greedy-tree sums (figs)","verified",""
"pre.zip/agarwal22b.pdf","61","62","Gaining free or low-cost interpretability with interpretable partial substitute","verified",""
"pre.zip/agarwal22b.pdf","73","74","Proof of Theorem 1","verified",""
"pre.zip/agarwal22b.pdf","123","124","Generalized Optimal Sparse Decision Trees (GOSDT)","verified",""
"pre.zip/agarwal22b.pdf","172","173","Bayesian Additive Regression Trees (BART)","verified",""
"pre.zip/amid22a.pdf","9","10","4381–4391","not_found","uncertain"
"pre.zip/amid22a.pdf","13","14","2017 International Joint Conference on Neural Networks (IJCNN)","not_found","real"
"pre.zip/amid22a.pdf","48","49","Proofs for Section 3","not_found","uncertain"
"pre.zip/amid22a.pdf","49","50","Under Assumption 4.1, for all d ∈supp(τ) we have ∥∇ℓ(θ∗; d)∥2 ≤1","not_found","uncertain"
"pre.zip/amid22a.pdf","56","57","With probability at least 1 −δ, for Ψ as defined in Algorithm 1, we have ∥∇Ψ(θ∗)∥2 ≤O( √","not_found","uncertain"
"pre.zip/amid22a.pdf","57","58","Since θ∗is the population minimizer of ℓin Rp, and Ed∼τ[ℓ(θ; d)] is strongly convex, we have Ed∼τ[∇ℓ(θ∗; d)] = 0","not_found","uncertain"
"pre.zip/amid22a.pdf","58","59","For all d, ℓ(θ; d) is L-Lipschitz within C0 for L = O(1)","not_found","uncertain"
"pre.zip/amid22a.pdf","60","61","Then under Assumption 4.1 with probability 1 −δ, we have","not_found","uncertain"
"pre.zip/amid22a.pdf","65","66","The outer inequalities 1","not_found","uncertain"
"pre.zip/amid22a.pdf","68","69","Algorithm 1 is (ε, δ)-DP by Theorem 3.1","not_found","uncertain"
"pre.zip/amid22a.pdf","73","74","C contains �Q rescaled in all dimensions by a constant","not_found","uncertain"
"pre.zip/amid22a.pdf","86","87","Appendix A of (Bassily et al., 2019) for a proof)","not_found","uncertain"
"pre.zip/amid22a.pdf","97","98","Additional Details on Real-world Experiments","not_found","uncertain"
"pre.zip/amid22a.pdf","98","99","First-order Approximation to Mirror Descent","not_found","uncertain"
"pre.zip/amid22a.pdf","99","100","This follows from Lemma 5.5 of (Hazan, 2019)","not_found","uncertain"
"pre.zip/amid22a.pdf","105","106","For the learning rate, we consider a grid of {1, 2, 5}×10i for different is such that the optimal learning rate does not appear on the boundary","not_found","uncertain"
"pre.zip/amid22a.pdf","106","107","Full Plots for Section 5","not_found","uncertain"
"pre.zip/amid22a.pdf","108","109","Model architectures for real data experiments","not_found","uncertain"
"pre.zip/amid22a.pdf","122","123","Full plot for Figure 3. WikiText-2. 4% public data","not_found","uncertain"
"pre.zip/amid22a.pdf","126","127","WikiText-2 with WikiText-103 as Public Data","not_found","uncertain"
"pre.zip/amid22a.pdf","127","128","is not public as of writing this work, we make our best effort to match their experiment setup","not_found","uncertain"
"pre.zip/amid22a.pdf","129","130","Comparison with Prior Works","not_found","uncertain"
"pre.zip/amid22a.pdf","130","131","However, in spite of using a TeslaV100 GPU, the runs were facing out-of-memory issues","not_found","uncertain"
"pre.zip/amid22a.pdf","144","145","Though not directly comparable, under the same public/private data setup on CIFAR-10, best effort results for (Asi et al., 2021) on their network with their method reaches 65.19% accuracy at ε = 3","not_found","uncertain"
"pre.zip/amid22a.pdf","145","146","The test log perplexity for PDA-DPMD is 5.5146 for ε = 1.0, and 5.3728 for ε = 3","not_found","uncertain"
"pre.zip/amid22a.pdf","32","33","Problem Complexity and Method Efficiency in Optimization","mismatch","real"
"pre.zip/amid22a.pdf","0","1","Deep learning with differential privacy","verified",""
"pre.zip/amid22a.pdf","1","2","Efficient full-matrix adaptive regularization","verified",""
"pre.zip/amid22a.pdf","2","3","Limits of private learning with access to public data","verified",""
"pre.zip/amid22a.pdf","3","4","Private adaptive gradient methods for convex optimization","verified",""
"pre.zip/amid22a.pdf","4","5","BLENDER: Enabling local search with a hybrid differential privacy model","verified",""
"pre.zip/amid22a.pdf","5","6","Private empirical risk minimization: Efficient algorithms and tight error bounds","verified",""
"pre.zip/amid22a.pdf","6","7","Model-agnostic private learning","verified",""
"pre.zip/amid22a.pdf","7","8","Private stochastic convex optimization with optimal rates","verified",""
"pre.zip/amid22a.pdf","8","9","Private query release assisted by public data","verified",""
"pre.zip/amid22a.pdf","10","11","Learning from mixtures of private and public populations","verified",""
"pre.zip/amid22a.pdf","11","12","Coinpress: Practical private mean and covariance estimation","verified",""
"pre.zip/amid22a.pdf","12","13","Differentially private empirical risk minimization","verified",""
"pre.zip/amid22a.pdf","14","15","Adaptive subgradient methods for online learning and stochastic optimization","verified",""
"pre.zip/amid22a.pdf","15","16","Privacy-preserving prediction","verified",""
"pre.zip/amid22a.pdf","16","17","The algorithmic foundations of differential privacy","verified",""
"pre.zip/amid22a.pdf","17","18","Calibrating noise to sensitivity in private data analysis","verified",""
"pre.zip/amid22a.pdf","18","19","Privacy amplification by iteration","verified",""
"pre.zip/amid22a.pdf","19","20","Gradient descent happens in a tiny subspace","verified",""
"pre.zip/amid22a.pdf","21","22","A large-deviation inequality for vector-valued martingales","verified",""
"pre.zip/amid22a.pdf","22","23","Introduction to online convex optimization","verified",""
"pre.zip/amid22a.pdf","23","24","Dimension independence in unconstrained private ERM via adaptive preconditioning","verified",""
"pre.zip/amid22a.pdf","24","25","Learning multiple layers of features from tiny images","verified",""
"pre.zip/amid22a.pdf","25","26","Large language models can be strong differentially private learners","verified",""
"pre.zip/amid22a.pdf","26","27","Leveraging public data for practical private query release","verified",""
"pre.zip/amid22a.pdf","27","28","Communication-efficient learning of deep networks from decentralized data","verified",""
"pre.zip/amid22a.pdf","28","29","Learning differentially private language models without losing accuracy","verified",""
"pre.zip/amid22a.pdf","29","30","Pointer sentinel mixture models","verified",""
"pre.zip/amid22a.pdf","31","32","Privately answering classification queries in the agnostic pac model","verified",""
"pre.zip/amid22a.pdf","34","35","Semi-supervised knowledge transfer for deep learning from private training data","verified",""
"pre.zip/amid22a.pdf","35","36","Scalable private learning with pate","verified",""
"pre.zip/amid22a.pdf","36","37","Tempered sigmoid activations for deep learning with differential privacy","verified",""
"pre.zip/amid22a.pdf","37","38","Stochastic gradient descent with differentially private updates","verified",""
"pre.zip/amid22a.pdf","38","39","Private empirical risk minimization beyond the worst case: The effect of the constraint set geometry","verified",""
"pre.zip/amid22a.pdf","39","40","Differentially private learning needs better features (or much more data)","verified",""
"pre.zip/amid22a.pdf","40","41","Differentially private empirical risk minimization revisited: Faster and more general","verified",""
"pre.zip/amid22a.pdf","42","43","Differentially private learning with small public data","verified",""
"pre.zip/amid22a.pdf","43","44","Do not let privacy overbill utility: Gradient embedding perturbation for private learning","verified",""
"pre.zip/amid22a.pdf","44","45","Bypassing the ambient dimension: Private sgd with gradient subspace identification","verified",""
"pre.zip/brandstetter22a.pdf","40","41","Symmetry groups of differential equations","not_found","real"
"pre.zip/brandstetter22a.pdf","58","59","Numerical groundtruth data for the Korteweg-de Vries (KdV (Boussinesq, 1877, p","not_found","uncertain"
"pre.zip/brandstetter22a.pdf","60","61","This is just a set of coupled ODEs","not_found","uncertain"
"pre.zip/brandstetter22a.pdf","61","62","Numerical groundtruth data for the Burgers’ equation (Burgers, 1948)","not_found","uncertain"
"pre.zip/brandstetter22a.pdf","63","64","This is possible due to the Cole-Hopf transformation (Cole, 1951; Hopf, 1950)","not_found","uncertain"
"pre.zip/brandstetter22a.pdf","68","69","a baseline 1D ResNet-like model (He et al., 2016) and the state-of-the-art Fourier Neural Operator (FNO) network (Li et al., 2020)","not_found","uncertain"
"pre.zip/brandstetter22a.pdf","76","77","with 32 Fourier modes","not_found","uncertain"
"pre.zip/brandstetter22a.pdf","78","79","The way we interpret the Fourier Neural Operator (FNO) is via its different treatment of the spatial and temporal informations","not_found","uncertain"
"pre.zip/brandstetter22a.pdf","79","80","We optimize models using the AdamW optimizer (Loshchilov & Hutter, 2017) with learning rate 1e-4, weight decay 1e-8 for 20 epochs and minimize the","not_found","uncertain"
"pre.zip/brandstetter22a.pdf","81","82","The overall used FNO architectures consist of roughly 1 million parameters and training for the different experiments takes between 12 and 24 hours on average on a GeForceRTX 2080 Ti GPU","not_found","uncertain"
"pre.zip/brandstetter22a.pdf","83","84","Averaged normalized MSE (NMSE) errors on the test set are reported, LNMSE 1","not_found","uncertain"
"pre.zip/brandstetter22a.pdf","84","85","(FNO) solver are compared","not_found","uncertain"
"pre.zip/brandstetter22a.pdf","90","91","(FNO) solver are tested on different combination of Lie point symmetries","not_found","uncertain"
"pre.zip/brandstetter22a.pdf","93","94","Long rollouts of T = 200 s with Ntout = 400 timesteps on the Korteweg-de Vries (KdV) equation to check how LPSDA can improve performance in a practical use case","not_found","uncertain"
"pre.zip/brandstetter22a.pdf","95","96","Long rollouts of T = 100 s with Ntout = 400 timesteps on the Kuramoto-Shivashinsky (KS) equation to check how LPSDA can improve performance in a practical use case","not_found","uncertain"
"pre.zip/brandstetter22a.pdf","55","56","Interaction of ”solitons” in a collisionless plasma and the recurrence of initial states","mismatch","real"
"pre.zip/brandstetter22a.pdf","0","1","Learning data-driven discretizations for partial differential equations","verified",""
"pre.zip/brandstetter22a.pdf","1","2","Mathlie a program of doing symmetry analysis","verified",""
"pre.zip/brandstetter22a.pdf","2","3","Prediction of aerodynamic flow fields using convolutional neural networks","verified",""
"pre.zip/brandstetter22a.pdf","3","4","Model reduction and neural networks for parametric pdes","verified",""
"pre.zip/brandstetter22a.pdf","4","5","Message passing neural pde solvers","verified",""
"pre.zip/brandstetter22a.pdf","5","6","Geometric deep learning: Grids, groups, graphs, geodesics, and gauges","verified",""
"pre.zip/brandstetter22a.pdf","6","7","A mathematical model illustrating the theory of turbulence","verified",""
"pre.zip/brandstetter22a.pdf","7","8","Fast and accurate deep network learning by exponential linear units (elus)","verified",""
"pre.zip/brandstetter22a.pdf","8","9","On a quasi-linear parabolic equation occurring in aerodynamics","verified",""
"pre.zip/brandstetter22a.pdf","9","10","On the partial difference equations of mathematical physics","verified",""
"pre.zip/brandstetter22a.pdf","10","11","Lagrangian neural networks","verified",""
"pre.zip/brandstetter22a.pdf","11","12","On the state space geometry of the kuramoto-sivashinsky flow in a periodic domain","verified",""
"pre.zip/brandstetter22a.pdf","12","13","Finite difference models entirely inheriting continuous symmetry of original differential equations","verified",""
"pre.zip/brandstetter22a.pdf","13","14","Hybrid Monte Carlo","verified",""
"pre.zip/brandstetter22a.pdf","14","15","Generalizing convolutional neural networks for equivariance to lie groups on arbitrary continuous data","verified",""
"pre.zip/brandstetter22a.pdf","15","16","Simplifying hamiltonian and lagrangian neural networks via explicit constraints","verified",""
"pre.zip/brandstetter22a.pdf","16","17","Learning to optimize multigrid PDE solvers","verified",""
"pre.zip/brandstetter22a.pdf","19","20","Convolutional neural networks for steady flow approximation","verified",""
"pre.zip/brandstetter22a.pdf","20","21","Solving Ordinary Differential Equations I (2nd Revised","verified",""
"pre.zip/brandstetter22a.pdf","21","22","Deep residual learning for image recognition","verified",""
"pre.zip/brandstetter22a.pdf","22","23","Gaussian error linear units (gelus)","verified",""
"pre.zip/brandstetter22a.pdf","23","24","Lie group computation of finite difference schemes","verified",""
"pre.zip/brandstetter22a.pdf","24","25","Lie group study of finite difference schemes","verified",""
"pre.zip/brandstetter22a.pdf","25","26","The partial differential equation ut +uux = µuxx","verified",""
"pre.zip/brandstetter22a.pdf","26","27","Learning neural PDE solvers with convergence guarantees","verified",""
"pre.zip/brandstetter22a.pdf","28","29","Scaling laws for neural language models","verified",""
"pre.zip/brandstetter22a.pdf","29","30","Solving parametric pde problems with artificial neural networks","verified",""
"pre.zip/brandstetter22a.pdf","30","31","Machine learning–accelerated computational fluid dynamics","verified",""
"pre.zip/brandstetter22a.pdf","32","33","On the change of form of long waves advancing in a rectangular canal, and on a new type of long stationary waves","verified",""
"pre.zip/brandstetter22a.pdf","33","34","Diffusion-Induced Chaos in Reaction Systems","verified",""
"pre.zip/brandstetter22a.pdf","34","35","Partial differential equations and stochastic methods in molecular dynamics","verified",""
"pre.zip/brandstetter22a.pdf","35","36","Fourier neural operator for parametric partial differential equations","verified",""
"pre.zip/brandstetter22a.pdf","36","37","Deep eikonal solvers","verified",""
"pre.zip/brandstetter22a.pdf","37","38","Decoupled weight decay regularization","verified",""
"pre.zip/brandstetter22a.pdf","38","39","Probabilistic inference using markov chain monte carlo methods","verified",""
"pre.zip/brandstetter22a.pdf","39","40","Lie Symmetries of Differential Equations: Classical Results and Recent Contributions","verified",""
"pre.zip/brandstetter22a.pdf","41","42","A physics-informed operator regression framework for extracting data-driven continuum models","verified",""
"pre.zip/brandstetter22a.pdf","42","43","Numerical models for differential problems","verified",""
"pre.zip/brandstetter22a.pdf","43","44","Deep hidden physics models: Deep learning of nonlinear partial differential equations","verified",""
"pre.zip/brandstetter22a.pdf","44","45","Hamiltonian graph networks with ODE integrators","verified",""
"pre.zip/brandstetter22a.pdf","46","47","Learning to simulate complex physics with graph networks","verified",""
"pre.zip/brandstetter22a.pdf","47","48","Introduction to Model Order Reduction","verified",""
"pre.zip/brandstetter22a.pdf","48","49","Nonlinear analysis of hydrodynamic instability in laminar flames—i","verified",""
"pre.zip/brandstetter22a.pdf","49","50","Best practices for convolutional neural networks applied to visual document analysis","verified",""
"pre.zip/brandstetter22a.pdf","50","51","Dgm: A deep learning algorithm for solving partial differential equations","verified",""
"pre.zip/brandstetter22a.pdf","51","52","Physics-based Deep Learning","verified",""
"pre.zip/brandstetter22a.pdf","52","53","Solver-in-the-loop: Learning from differentiable physics to interact with iterative pde-solvers","verified",""
"pre.zip/brandstetter22a.pdf","53","54","Discretization of partial differential equations preserving their physical symmetries","verified",""
"pre.zip/brandstetter22a.pdf","54","55","Incorporating symmetry into deep dynamics models for improved generalization","verified",""
"pre.zip/brandstetter22a.pdf","56","57","Bayesian deep convolutional encoder–decoder networks for surrogate modeling and uncertainty quantification","verified",""
"pre.zip/chatalic22a.pdf","25","26","Sums and Gaussian Vectors. 1st ed. Lecture Notes in Mathematics 1617","not_found","uncertain"
"pre.zip/chatalic22a.pdf","7","8","A Kernel Two-Sample Test","mismatch","real"
"pre.zip/chatalic22a.pdf","0","1","Fast Randomized Kernel Ridge Regression with Statistical Guarantees","verified",""
"pre.zip/chatalic22a.pdf","1","2","On the Equivalence between Kernel Quadrature Rules and Random Feature Expansions","verified",""
"pre.zip/chatalic22a.pdf","2","3","Enriching Word Vectors with Subword Information","verified",""
"pre.zip/chatalic22a.pdf","3","4","Integrating structured biological data by Kernel Maximum Mean Discrepancy","verified",""
"pre.zip/chatalic22a.pdf","4","5","Fast Greedy MAP Inference for Determinantal Point Process to Improve Recommendation Diversity","verified",""
"pre.zip/chatalic22a.pdf","5","6","Friendship and Mobility: User Movement in Location-Based Social Networks","verified",""
"pre.zip/chatalic22a.pdf","8","9","Imitation Learning via Kernel Mean Embedding","verified",""
"pre.zip/chatalic22a.pdf","9","10","Matrix Analysis for Scientists and Engineers","verified",""
"pre.zip/chatalic22a.pdf","10","11","MONK Outlier-Robust Mean Embedding Estimation by Median-of-Means","verified",""
"pre.zip/chatalic22a.pdf","11","12","MMD GAN: Towards Deeper Understanding of Moment Matching Network","verified",""
"pre.zip/chatalic22a.pdf","12","13","Towards a Learning Theory of Cause-Effect Inference","verified",""
"pre.zip/chatalic22a.pdf","13","14","Integral probability metrics and their generating classes of functions","verified",""
"pre.zip/chatalic22a.pdf","14","15","Recursive Sampling for the Nystrom Method","verified",""
"pre.zip/chatalic22a.pdf","15","16","Optimum Bounds for the Distributions of Martingales in Banach Spaces","verified",""
"pre.zip/chatalic22a.pdf","16","17","Random Features for Large-Scale Kernel Machines","verified",""
"pre.zip/chatalic22a.pdf","17","18","Less Is More: Nyström Computational Regularization","verified",""
"pre.zip/chatalic22a.pdf","18","19","On sampling random features from empirical leverage scores: Implementation and theoretical guarantees","verified",""
"pre.zip/chatalic22a.pdf","19","20","Kernel Embeddings of Conditional Distributions: A Unified Kernel Framework for Nonparametric Inference in Graphical Models","verified",""
"pre.zip/chatalic22a.pdf","20","21","Generative Models and Model Criticism via Optimized Maximum Mean Discrepancy: . In: 5th International Conference on Learning Representations, ICLR 2017, Toulon, France, April","verified",""
"pre.zip/chatalic22a.pdf","21","22","Minimax Estimation of Kernel Mean Embeddings","verified",""
"pre.zip/chatalic22a.pdf","24","25","Asymptotic Behavior of the Eigenvalues of Certain Integral Equations","verified",""
"pre.zip/chatalic22a.pdf","26","27","Domain Adaptation under Target and Conditional Shift","verified",""
"pre.zip/chatalic22a.pdf","27","28","Nonparametric Detection of Anomalous Data via Kernel Mean Embedding","verified",""
"pre.zip/conti22a.pdf","19","20","Ongoing face recognition vendor test (frvt) part 3: Demographic effects","not_found","real"
"pre.zip/conti22a.pdf","23","24","","not_found","real"
"pre.zip/conti22a.pdf","80","81","Range of values of the LFvMF loss logits for d = 512","not_found","uncertain"
"pre.zip/conti22a.pdf","83","84","LFvMF training loss for the pre-trained model ArcFace ResNet50","not_found","uncertain"
"pre.zip/conti22a.pdf","85","86","Trends in Figure 5","not_found","uncertain"
"pre.zip/conti22a.pdf","130","131","Heuristic explanation of the FARa(t) evolution at fixed κ0 and when κ1 increases","not_found","uncertain"
"pre.zip/conti22a.pdf","131","132","Robustness of the selected hyperparameters","not_found","uncertain"
"pre.zip/conti22a.pdf","139","140","Heuristic explanation of the FARa(t) evolution at fixed κ0 and when κ1 increases","not_found","uncertain"
"pre.zip/conti22a.pdf","140","141","Comparison of the spread of embeddings between genders","not_found","uncertain"
"pre.zip/conti22a.pdf","149","150","Influence of κ1 on FARa(t) and FRRa(t)","not_found","uncertain"
"pre.zip/conti22a.pdf","154","155","Influence of κ1 on FARa(t)","not_found","uncertain"
"pre.zip/conti22a.pdf","156","157","Influence of κ1 on FRRa(t)","not_found","uncertain"
"pre.zip/conti22a.pdf","161","162","Fairness evaluation on IJB-C and LFW","not_found","uncertain"
"pre.zip/conti22a.pdf","162","163","Verification evaluation on IJB-B","not_found","uncertain"
"pre.zip/conti22a.pdf","0","1","Review on the effects of age, gender, and race demographics on automatic face recognition","verified",""
"pre.zip/conti22a.pdf","1","2","Measuring the gender and ethnicity bias in deep models for face recognition","verified",""
"pre.zip/conti22a.pdf","2","3","Toward fairness in face matching algorithms","verified",""
"pre.zip/conti22a.pdf","3","4","How does gender balance in training data affect face recognition accuracy","verified",""
"pre.zip/conti22a.pdf","4","5","On the opportunities and risks of foundation models","verified",""
"pre.zip/conti22a.pdf","6","7","Gender shades: Intersectional accuracy disparities in commercial gender classification","verified",""
"pre.zip/conti22a.pdf","7","8","The zoo of fairness metrics in machine learning","verified",""
"pre.zip/conti22a.pdf","8","9","Fairness in machine learning: A survey","verified",""
"pre.zip/conti22a.pdf","9","10","Mobilefacenets: Efficient cnns for accurate real-time face verification on mobile devices","verified",""
"pre.zip/conti22a.pdf","10","11","Arcface: Additive angular margin loss for deep face recognition","verified",""
"pre.zip/conti22a.pdf","11","12","Lightweight face recognition challenge","verified",""
"pre.zip/conti22a.pdf","12","13","Retinaface: Single-stage dense face localisation in the wild","verified",""
"pre.zip/conti22a.pdf","13","14","Bert: Pre-training of deep bidirectional transformers for language understanding","verified",""
"pre.zip/conti22a.pdf","14","15","PASS: Protected attribute suppression system for mitigating bias in face recognition","verified",""
"pre.zip/conti22a.pdf","15","16","Fairness in deep learning: A computational perspective","verified",""
"pre.zip/conti22a.pdf","16","17","Fairness metrics: A comparative analysis","verified",""
"pre.zip/conti22a.pdf","17","18","Jointly de-biasing face recognition and demographic attribute estimation","verified",""
"pre.zip/conti22a.pdf","18","19","Mitigating face recognition bias via group adaptive classifier","verified",""
"pre.zip/conti22a.pdf","20","21","Ms-celeb-1m: A dataset and benchmark for large-scale face recognition","verified",""
"pre.zip/conti22a.pdf","21","22","Rethinking common assumptions to mitigate racial bias in face recognition datasets","verified",""
"pre.zip/conti22a.pdf","22","23","Deep pyramidal residual networks","verified",""
"pre.zip/conti22a.pdf","24","25","Deep imbalanced learning for face recognition and attribute prediction","verified",""
"pre.zip/conti22a.pdf","25","26","Labeled faces in the wild: A database forstudying face recognition in unconstrained environments","verified",""
"pre.zip/conti22a.pdf","26","27","Curricularface: adaptive curriculum learning loss for deep face recognition","verified",""
"pre.zip/conti22a.pdf","28","29","On pytorch implementation of density estimators for von mises-fisher and its mixture","verified",""
"pre.zip/conti22a.pdf","29","30","Adam: A method for stochastic optimization","verified",""
"pre.zip/conti22a.pdf","30","31","Issues related to face recognition accuracy varying based on race and skin tone","verified",""
"pre.zip/conti22a.pdf","32","33","Imagenet classification with deep convolutional neural networks","verified",""
"pre.zip/conti22a.pdf","33","34","Fair loss: margin-aware reinforcement learning for deep face recognition","verified",""
"pre.zip/conti22a.pdf","34","35","Sphereface: Deep hypersphere embedding for face recognition","verified",""
"pre.zip/conti22a.pdf","35","36","Deep face recognition: A survey","verified",""
"pre.zip/conti22a.pdf","36","37","Iarpa janus benchmark-c: Face dataset and protocol","verified",""
"pre.zip/conti22a.pdf","37","38","A survey on bias and fairness in machine learning","verified",""
"pre.zip/conti22a.pdf","38","39","Face recognition vendor test 2002","verified",""
"pre.zip/conti22a.pdf","39","40","Face recognition: Too bias, or not too bias?","verified",""
"pre.zip/conti22a.pdf","40","41","Bias mitigation of face recognition models through calibration","verified",""
"pre.zip/conti22a.pdf","41","42","Facenet: A unified embedding for face recognition and clustering","verified",""
"pre.zip/conti22a.pdf","42","43","Deep learning face representation from predicting 10,000 classes","verified",""
"pre.zip/conti22a.pdf","43","44","Deepface: Closing the gap to human-level performance in face verification","verified",""
"pre.zip/conti22a.pdf","44","45","Post-comparison mitigation of demographic bias in face recognition using fair score normalization","verified",""
"pre.zip/conti22a.pdf","45","46","Normface: L2 hypersphere embedding for face verification","verified",""
"pre.zip/conti22a.pdf","46","47","Cosface: Large margin cosine loss for deep face recognition","verified",""
"pre.zip/conti22a.pdf","47","48","Deep face recognition: A survey","verified",""
"pre.zip/conti22a.pdf","48","49","Mitigating bias in face recognition using skewness-aware reinforcement learning","verified",""
"pre.zip/conti22a.pdf","49","50","Racial faces in the wild: Reducing racial bias by information maximization adaptation network","verified",""
"pre.zip/conti22a.pdf","50","51","Balanced datasets are not enough: Estimating and mitigating gender bias in deep image representations","verified",""
"pre.zip/conti22a.pdf","51","52","Iarpa janus benchmark-b face dataset","verified",""
"pre.zip/conti22a.pdf","52","53","Feature transfer learning for face recognition with underrepresented data","verified",""
"pre.zip/conti22a.pdf","53","54","Adaptive parameters softmax loss for deep face recognition","verified",""
"pre.zip/conti22a.pdf","55","56","Adacos: Adaptively scaling cosine logits for effectively learning deep face representations","verified",""
"pre.zip/conti22a.pdf","56","57","Directional statistics-based deep metric learning for image classification and retrieval","verified",""
"pre.zip/dittadi22a.pdf","96","97","Overview of the models","not_found","uncertain"
"pre.zip/dittadi22a.pdf","97","98","For each slot, a variational autoencoder (the component VAE) encodes the full image and the current attention mask, and then decodes the latent representation to an image reconstruction and mask","not_found","uncertain"
"pre.zip/dittadi22a.pdf","98","99","Similarly to MONet, GENESIS (Engelcke et al., 2020b) models each image as a spatial GMM","not_found","uncertain"
"pre.zip/dittadi22a.pdf","99","100","As our focus is on the object discovery task, we use the autoencoder model proposed in the Slot Attention paper (Locatello et al., 2020)","not_found","uncertain"
"pre.zip/dittadi22a.pdf","100","101","We train variational autoencoders (VAEs) (Kingma & Welling, 2014; Rezende et al., 2014) as baselines that learn distributed representations","not_found","uncertain"
"pre.zip/dittadi22a.pdf","102","103","All models are either re-implemented or adapted from available code, and quantitative results from the literature are reproduced, when available","not_found","uncertain"
"pre.zip/dittadi22a.pdf","108","109","In order to make this model work satisfactorily on Shapestacks and Tetrominoes—the two datasets where MONet was not originally tested—we ran a grid search over hyperparameters on both datasets, as follows","not_found","uncertain"
"pre.zip/dittadi22a.pdf","114","115","We re-implement the Slot Attention autoencoder based on the official TensorFlow implementation and the corresponding publication (Locatello et al., 2020)","not_found","uncertain"
"pre.zip/dittadi22a.pdf","120","121","x Conv 5 × 5 Stride 2","not_found","uncertain"
"pre.zip/dittadi22a.pdf","126","127","Structure of the decoder for the vanilla VAE","not_found","uncertain"
"pre.zip/dittadi22a.pdf","138","139","Shapes-tacks was proposed by Groth et al. (2018) under the GPL 3.0 license","not_found","uncertain"
"pre.zip/dittadi22a.pdf","139","140","Objects can be occluded by others","not_found","uncertain"
"pre.zip/dittadi22a.pdf","147","148","Following previous work (Greff et al., 2019; Locatello et al., 2020), we use the Multi-dSprites variant with colored sprites on a grayscale background","not_found","uncertain"
"pre.zip/dittadi22a.pdf","161","162","and consists of 64 × 64 images of 3D scenes with up to three objects","not_found","uncertain"
"pre.zip/dittadi22a.pdf","173","174","Reconstruction and segmentation metrics","not_found","uncertain"
"pre.zip/dittadi22a.pdf","176","177","The Adjusted Rand Index (ARI) (Hubert & Arabi, 1985) measures the similarity between two partitions of a set (or clusterings)","not_found","uncertain"
"pre.zip/dittadi22a.pdf","177","178","It is inspired by traditional classification metrics that compare the number of correctly and incorrectly classified elements","not_found","uncertain"
"pre.zip/dittadi22a.pdf","184","185","However, the result is strongly dependent on the number of clusters and on the number of elements in each cluster","not_found","uncertain"
"pre.zip/dittadi22a.pdf","185","186","Given the same conditions as above, let ni,j = |Ai ∩Bj|","not_found","uncertain"
"pre.zip/dittadi22a.pdf","187","188","The ARI is then defined as","not_found","uncertain"
"pre.zip/dittadi22a.pdf","190","191","Segmentation Covering (SC) (Arbelaez et al., 2010) uses the intersection over union (IOU) between pairs of segmentation masks from the sets A and B","not_found","uncertain"
"pre.zip/dittadi22a.pdf","200","201","We then train the downstream model to predict ˆy from z = r(x) using the Adam optimizer with an initial learning rate of 1e-3 and a batch size of 64, for a maximum of 6000 steps","not_found","uncertain"
"pre.zip/dittadi22a.pdf","203","204","Distribution shifts applied to the different datasets to test generalization","not_found","uncertain"
"pre.zip/dittadi22a.pdf","204","205","Distribution shifts for OOD evaluation","not_found","uncertain"
"pre.zip/dittadi22a.pdf","206","207","and on the PyTorch tutorial by Jacq & Herring (2021)","not_found","uncertain"
"pre.zip/dittadi22a.pdf","209","210","Performance in the training distribution","not_found","uncertain"
"pre.zip/dittadi22a.pdf","216","217","Overview of segmentation metrics (ARI ↑, mSC ↑, SC ↑) and reconstruction MSE (↓) in distribution (test set of 2000 images)","not_found","uncertain"
"pre.zip/dittadi22a.pdf","234","235","Overview of downstream performance in the training distribution (test set of 2000 images) for object-centric models and VAEs, with respective baselines","not_found","uncertain"
"pre.zip/dittadi22a.pdf","243","244","Comparing property prediction performance of different downstream models (linear, MLP with 1 to 3 hidden layers), using loss matching (see Section 3). Results on a test set of 2000 images in the training distribution of the upstream unsupervised models","not_found","uncertain"
"pre.zip/dittadi22a.pdf","262","263","Performance under distribution shifts","not_found","uncertain"
"pre.zip/dittadi22a.pdf","269","270","Overview of segmentation metrics (ARI ↑, mSC ↑, SC ↑) and reconstruction MSE (↓) on OOD dataset variants where one object undergoes distribution shift (test set of 2000 images)","not_found","uncertain"
"pre.zip/dittadi22a.pdf","275","276","Overview of segmentation metrics (ARI ↑, mSC ↑, SC ↑) and reconstruction MSE (↓) on OOD dataset variants where global properties of the scene are altered (test set of 2000 images)","not_found","uncertain"
"pre.zip/dittadi22a.pdf","409","410","Here we use a set of 8 colors and assign each object (or slot) to a color","not_found","uncertain"
"pre.zip/dittadi22a.pdf","410","411","This was suggested by Papa et al. (2022), where the models are trained on objects with style transfer","not_found","uncertain"
"pre.zip/dittadi22a.pdf","411","412","This is consistent with the results reported by Locatello et al. (2020), and increasing the number of Slot Attention iterations at test time seems to be a promising approach (Locatello et al., 2020, Fig. 2)","not_found","uncertain"
"pre.zip/dittadi22a.pdf","37","38","Comparing partitions","mismatch","real"
"pre.zip/dittadi22a.pdf","0","1","Contour detection and hierarchical image segmentation","verified",""
"pre.zip/dittadi22a.pdf","1","2","Object permanence in five-month-old infants","verified",""
"pre.zip/dittadi22a.pdf","2","3","Interaction networks for learning about objects, relations and physics","verified",""
"pre.zip/dittadi22a.pdf","3","4","Representation learning: A review and new perspectives","verified",""
"pre.zip/dittadi22a.pdf","4","5","Dota 2 with Large Scale Deep Reinforcement Learning","verified",""
"pre.zip/dittadi22a.pdf","5","6","Neural networks learn highly selective representations in order to overcome the superposition catastrophe","verified",""
"pre.zip/dittadi22a.pdf","6","7","Monet: Unsupervised scene decomposition and representation","verified",""
"pre.zip/dittadi22a.pdf","7","8","Learning to infer 3d object models from images","verified",""
"pre.zip/dittadi22a.pdf","8","9","Unsupervised object segmentation by redrawing","verified",""
"pre.zip/dittadi22a.pdf","9","10","Isolating sources of disentanglement in variational autoencoders","verified",""
"pre.zip/dittadi22a.pdf","10","11","Spatially invariant unsupervised object detection with convolutional neural networks","verified",""
"pre.zip/dittadi22a.pdf","11","12","Exploiting spatial invariance for scalable unsupervised object tracking","verified",""
"pre.zip/dittadi22a.pdf","12","13","How We Learn: Why Brains Learn Better than Any Machine ... for Now","verified",""
"pre.zip/dittadi22a.pdf","13","14","Generative scene graph networks","verified",""
"pre.zip/dittadi22a.pdf","14","15","LAVAE: Disentangling Location and Appearance","verified",""
"pre.zip/dittadi22a.pdf","15","16","On the Transfer of Disentangled Representations in Realistic Settings","verified",""
"pre.zip/dittadi22a.pdf","16","17","A framework for the quantitative evaluation of disentangled representations","verified",""
"pre.zip/dittadi22a.pdf","17","18","Reconstruction bottlenecks in object-centric generative models","verified",""
"pre.zip/dittadi22a.pdf","18","19","GENESIS: Generative Scene Inference and Sampling with Object-Centric Latent Representations","verified",""
"pre.zip/dittadi22a.pdf","19","20","GENESIS-V2: Inferring Unordered Object Representations without Iterative Refinement","verified",""
"pre.zip/dittadi22a.pdf","20","21","Attend, infer, repeat: Fast scene understanding with generative models","verified",""
"pre.zip/dittadi22a.pdf","22","23","Neural scene representation and rendering","verified",""
"pre.zip/dittadi22a.pdf","23","24","Structured disentangled representations","verified",""
"pre.zip/dittadi22a.pdf","24","25","A method for comparing two hierarchical clusterings","verified",""
"pre.zip/dittadi22a.pdf","25","26","A Neural Algorithm of Artistic Style","verified",""
"pre.zip/dittadi22a.pdf","26","27","On the transfer of inductive bias from simulation to the real world: a new disentanglement dataset","verified",""
"pre.zip/dittadi22a.pdf","27","28","Recurrent independent mechanisms","verified",""
"pre.zip/dittadi22a.pdf","28","29","A theory of perceptual objects","verified",""
"pre.zip/dittadi22a.pdf","29","30","Tagger: Deep Unsupervised Perceptual Grouping","verified",""
"pre.zip/dittadi22a.pdf","30","31","Neural expectation maximization","verified",""
"pre.zip/dittadi22a.pdf","31","32","Multi-object representation learning with iterative variational inference","verified",""
"pre.zip/dittadi22a.pdf","32","33","On the binding problem in artificial neural networks","verified",""
"pre.zip/dittadi22a.pdf","33","34","Draw: A recurrent neural network for image generation","verified",""
"pre.zip/dittadi22a.pdf","34","35","Shapestacks: Learning vision-based physical intuition for gener-alised object stacking","verified",""
"pre.zip/dittadi22a.pdf","35","36","beta-VAE: Learning basic visual concepts with a constrained variational framework","verified",""
"pre.zip/dittadi22a.pdf","36","37","Better set representations for relational reasoning","verified",""
"pre.zip/dittadi22a.pdf","39","40","Scalor: Generative world models with scalable object representations","verified",""
"pre.zip/dittadi22a.pdf","40","41","Clevr: A diagnostic dataset for compositional language and elementary visual reasoning","verified",""
"pre.zip/dittadi22a.pdf","42","43","Disentangling by factorising","verified",""
"pre.zip/dittadi22a.pdf","43","44","Auto-encoding variational Bayes","verified",""
"pre.zip/dittadi22a.pdf","44","45","Contrastive learning of structured world models","verified",""
"pre.zip/dittadi22a.pdf","46","47","Conditional object-centric learning from video","verified",""
"pre.zip/dittadi22a.pdf","47","48","Sequential attend, infer, repeat: Generative modelling of moving objects","verified",""
"pre.zip/dittadi22a.pdf","48","49","Structured object-aware physics prediction for video modeling and planning","verified",""
"pre.zip/dittadi22a.pdf","49","50","The Hungarian method for the assignment problem","verified",""
"pre.zip/dittadi22a.pdf","50","51","Variational inference of disentangled latent concepts from unlabeled observations","verified",""
"pre.zip/dittadi22a.pdf","51","52","Building machines that learn and think like people","verified",""
"pre.zip/dittadi22a.pdf","52","53","Learning a generative model of images by factoring appearance and shape","verified",""
"pre.zip/dittadi22a.pdf","53","54","Improving generative imagination in object-centric world models","verified",""
"pre.zip/dittadi22a.pdf","54","55","SPACE: Unsupervised Object-Oriented Scene Representation via Spatial Attention and Decomposition","verified",""
"pre.zip/dittadi22a.pdf","55","56","Challenging common assumptions in the unsupervised learning of disentangled representations","verified",""
"pre.zip/dittadi22a.pdf","56","57","Object-centric learning with slot attention","verified",""
"pre.zip/dittadi22a.pdf","57","58","Learning object-centric video models by contrasting sets","verified",""
"pre.zip/dittadi22a.pdf","59","60","Recurrent models of visual attention","verified",""
"pre.zip/dittadi22a.pdf","60","61","The role of disentanglement in generalisation","verified",""
"pre.zip/dittadi22a.pdf","61","62","The multi-entity variational autoencoder","verified",""
"pre.zip/dittadi22a.pdf","62","63","Inductive biases for object-centric representations of complex textures","verified",""
"pre.zip/dittadi22a.pdf","63","64","Pytorch: An imperative style, high-performance deep learning library","verified",""
"pre.zip/dittadi22a.pdf","65","66","Elements of causal inference: foundations and learning algorithms","verified",""
"pre.zip/dittadi22a.pdf","66","67","Slot contrastive networks: A contrastive approach for representing objects","verified",""
"pre.zip/dittadi22a.pdf","67","68","Objective criteria for the evaluation of clustering methods","verified",""
"pre.zip/dittadi22a.pdf","68","69","Taming vaes","verified",""
"pre.zip/dittadi22a.pdf","69","70","Stochastic backpropagation and approximate inference in deep generative models","verified",""
"pre.zip/dittadi22a.pdf","70","71","Learning deep disentangled embeddings with the f-statistic loss","verified",""
"pre.zip/dittadi22a.pdf","71","72","Representation learning from videos in-the-wild: An object-centric approach","verified",""
"pre.zip/dittadi22a.pdf","73","74","Learning to Simulate Complex Physics with Graph Networks","verified",""
"pre.zip/dittadi22a.pdf","74","75","Causality for machine learning","verified",""
"pre.zip/dittadi22a.pdf","75","76","Toward causal representation learning","verified",""
"pre.zip/dittadi22a.pdf","76","77","On the origin of objects","verified",""
"pre.zip/dittadi22a.pdf","77","78","Principles of object perception","verified",""
"pre.zip/dittadi22a.pdf","78","79","Core knowledge","verified",""
"pre.zip/dittadi22a.pdf","79","80","Faster Attend-Infer-Repeat with Tractable Probabilistic Models","verified",""
"pre.zip/dittadi22a.pdf","80","81","Pure Reasoning in 12-Month-Old Infants as Probabilistic Inference","verified",""
"pre.zip/dittadi22a.pdf","81","82","The role of pretrained representations for the OOD generalization of RL agents","verified",""
"pre.zip/dittadi22a.pdf","82","83","On disentangled representations learned from correlated data","verified",""
"pre.zip/dittadi22a.pdf","83","84","Relational neural expectation maximization: Unsupervised discovery of objects and their interactions","verified",""
"pre.zip/dittadi22a.pdf","84","85","Are disentangled representations helpful for abstract visual reasoning","verified",""
"pre.zip/dittadi22a.pdf","86","87","Grandmaster level in StarCraft II using multi-agent reinforcement learning","verified",""
"pre.zip/dittadi22a.pdf","87","88","Am i thinking assemblies?","verified",""
"pre.zip/dittadi22a.pdf","88","89","Towards causal generative scene models via competition of experts","verified",""
"pre.zip/dittadi22a.pdf","89","90","The Oxford handbook of perceptual organization","verified",""
"pre.zip/dittadi22a.pdf","90","91","Comparing clusterings: an overview","verified",""
"pre.zip/dittadi22a.pdf","91","92","Spatial broadcast decoder: A simple architecture for learning disentangled representations in vaes","verified",""
"pre.zip/dittadi22a.pdf","92","93","Unmasking the inductive biases of unsupervised object representations for video sequences","verified",""
"pre.zip/dittadi22a.pdf","93","94","Learning to manipulate individual objects in an image","verified",""
"pre.zip/dittadi22a.pdf","94","95","Generative modeling of infinite occluded objects for compositional scene representation","verified",""
"pre.zip/dong22a.pdf","8","9","Á","not_found","real"
"pre.zip/dong22a.pdf","31","32","Intell","not_found","real"
"pre.zip/dong22a.pdf","57","58","Kannala, J., Rahtu, E., Blaschko, M., and Vedaldi, A. Fine-grained visual classification of aircraft","not_found","real"
"pre.zip/dong22a.pdf","83","84","Branson, S., Mita, T., Wah, C., Schroff, F., Belongie, S., and Perona, P. Caltech-UCSD Birds 200","not_found","real"
"pre.zip/dong22a.pdf","0","1","Post training 4-bit quantization of convolutional networks for rapid-deployment","verified",""
"pre.zip/dong22a.pdf","1","2","Computer and redundancy solution for the full self-driving computer","verified",""
"pre.zip/dong22a.pdf","2","3","UNIQ: uniform noise injection for non-uniform quantization of neural networks","verified",""
"pre.zip/dong22a.pdf","3","4","Estimating or propagating gradients through stochastic neurons for conditional computation","verified",""
"pre.zip/dong22a.pdf","4","5","Multivariable functional interpolation and adaptive networks","verified",""
"pre.zip/dong22a.pdf","5","6","Model compression","verified",""
"pre.zip/dong22a.pdf","6","7","Proxylessnas: Direct neural architecture search on target task and hardware","verified",""
"pre.zip/dong22a.pdf","7","8","Deep learning with low precision by half-wave gaussian quantization","verified",""
"pre.zip/dong22a.pdf","9","10","TVM: an automated end-to-end optimizing compiler for deep learning","verified",""
"pre.zip/dong22a.pdf","10","11","PACT: parameterized clipping activation for quantized neural networks","verified",""
"pre.zip/dong22a.pdf","11","12","Binarynet: Training deep neural networks with weights and activations constrained to +1 or -1","verified",""
"pre.zip/dong22a.pdf","12","13","Binaryconnect: Training deep neural networks with binary weights during propagations","verified",""
"pre.zip/dong22a.pdf","13","14","Maximum likelihood from incomplete data via the em algorithm","verified",""
"pre.zip/dong22a.pdf","14","15","Imagenet: A large-scale hierarchical image database","verified",""
"pre.zip/dong22a.pdf","15","16","Predicting parameters in deep learning","verified",""
"pre.zip/dong22a.pdf","16","17","BERT: pre-training of deep bidirectional transformers for language understanding","verified",""
"pre.zip/dong22a.pdf","17","18","Releq : A reinforcement learning approach for automatic deep quantization of neural networks","verified",""
"pre.zip/dong22a.pdf","18","19","The pascal visual object classes (VOC) challenge","verified",""
"pre.zip/dong22a.pdf","19","20","The pascal visual object classes challenge: A retrospective","verified",""
"pre.zip/dong22a.pdf","20","21","Weight discretization paradigm for optical neural networks","verified",""
"pre.zip/dong22a.pdf","21","22","The lottery ticket hypothesis: Finding sparse, trainable neural networks","verified",""
"pre.zip/dong22a.pdf","22","23","Linear mode connectivity and the lottery ticket hypothesis","verified",""
"pre.zip/dong22a.pdf","23","24","Practical variational inference for neural networks","verified",""
"pre.zip/dong22a.pdf","24","25","The minimum description length principle","verified",""
"pre.zip/dong22a.pdf","25","26","Deep learning with limited numerical precision","verified",""
"pre.zip/dong22a.pdf","26","27","Removal of hidden units and weights for back propagation networks","verified",""
"pre.zip/dong22a.pdf","27","28","Ghostnet: More features from cheap operations","verified",""
"pre.zip/dong22a.pdf","28","29","Learning both weights and connections for efficient neural networks","verified",""
"pre.zip/dong22a.pdf","29","30","Deep compression: Compressing deep neural network with pruning, trained quantization and huffman coding","verified",""
"pre.zip/dong22a.pdf","30","31","Deep residual learning for image recognition","verified",""
"pre.zip/dong22a.pdf","32","33","Deep neural networks for acoustic modeling in speech recognition: The shared views of four research groups","verified",""
"pre.zip/dong22a.pdf","33","34","Keeping the neural networks simple by minimizing the description length of the weights","verified",""
"pre.zip/dong22a.pdf","34","35","Distilling the knowledge in a neural network","verified",""
"pre.zip/dong22a.pdf","35","36","Searching for mobilenetv3","verified",""
"pre.zip/dong22a.pdf","36","37","Mobilenets: Efficient convolutional neural networks for mobile vision applications","verified",""
"pre.zip/dong22a.pdf","38","39","Quantized neural networks: Training neural networks with low precision weights and activations","verified",""
"pre.zip/dong22a.pdf","39","40","Trained quantization thresholds for accurate and efficient fixed-point inference of deep neural networks","verified",""
"pre.zip/dong22a.pdf","40","41","Categorical reparameterization with gumbel-softmax","verified",""
"pre.zip/dong22a.pdf","41","42","A 12nm programmable convolution-efficient neural-processing-unit chip achieving 825tops","verified",""
"pre.zip/dong22a.pdf","42","43","Human detection and activity classification based on micro-doppler signatures using deep convolutional neural networks","verified",""
"pre.zip/dong22a.pdf","43","44","3d object representations for fine-grained categorization","verified",""
"pre.zip/dong22a.pdf","44","45","Learning multiple layers of features from tiny images","verified",""
"pre.zip/dong22a.pdf","45","46","Optimal brain damage","verified",""
"pre.zip/dong22a.pdf","46","47","Brecq: Pushing the limit of post-training quantization by block reconstruction","verified",""
"pre.zip/dong22a.pdf","47","48","Davinci: A scalable architecture for neural network computing","verified",""
"pre.zip/dong22a.pdf","48","49","A 3.4-to-13.3tops/w 3.6tops dual-core deep-learning accelerator for versatile ai applications in 7nm 5g smartphone soc","verified",""
"pre.zip/dong22a.pdf","49","50","Fixed point quantization of deep convolutional networks","verified",""
"pre.zip/dong22a.pdf","50","51","Towards accurate binary convolutional neural network","verified",""
"pre.zip/dong22a.pdf","51","52","Learning depth from single monocular images using deep convolutional neural fields","verified",""
"pre.zip/dong22a.pdf","52","53","Autoq: Automated kernel-wise neural network quantization","verified",""
"pre.zip/dong22a.pdf","53","54","Bayesian compression for deep learning","verified",""
"pre.zip/dong22a.pdf","54","55","Relaxed quantization for discretized neural networks","verified",""
"pre.zip/dong22a.pdf","55","56","Shufflenet V2: practical guidelines for efficient CNN architecture design","verified",""
"pre.zip/dong22a.pdf","56","57","The concrete distribution: A continuous relaxation of discrete random variables","verified",""
"pre.zip/dong22a.pdf","58","59","Piggyback: Adapting a single network to multiple tasks by learning to mask weights","verified",""
"pre.zip/dong22a.pdf","59","60","Fast neural networks without multipliers","verified",""
"pre.zip/dong22a.pdf","60","61","Apprentice: Using knowledge distillation techniques to improve low-precision network accuracy","verified",""
"pre.zip/dong22a.pdf","61","62","Bayesian training of backpropagation networks by the hybrid monte carlo method","verified",""
"pre.zip/dong22a.pdf","62","63","Simplifying neural networks by soft weight-sharing","verified",""
"pre.zip/dong22a.pdf","63","64","Pytorch: An imperative style, high-performance deep learning library","verified",""
"pre.zip/dong22a.pdf","64","65","Model compression via distillation and quantization","verified",""
"pre.zip/dong22a.pdf","65","66","Adaptive loss-aware quantization for multi-bit networks","verified",""
"pre.zip/dong22a.pdf","67","68","Modeling by shortest data description","verified",""
"pre.zip/dong22a.pdf","68","69","Stochastic complexity and modeling","verified",""
"pre.zip/dong22a.pdf","69","70","Bayesian neural networks with weight sharing using dirichlet processes","verified",""
"pre.zip/dong22a.pdf","70","71","Mobilenetv2: Inverted residuals and linear bottlenecks","verified",""
"pre.zip/dong22a.pdf","71","72","A mathematical theory of communication","verified",""
"pre.zip/dong22a.pdf","72","73","Learning discrete weights using the local reparameterization trick","verified",""
"pre.zip/dong22a.pdf","73","74","Very deep convolutional networks for large-scale image recognition","verified",""
"pre.zip/dong22a.pdf","74","75","Super-convergence: Very fast training of neural networks using large learning rates","verified",""
"pre.zip/dong22a.pdf","75","76","Expectation backpropagation: Parameter-free training of multilayer neural networks with continuous or discrete weights","verified",""
"pre.zip/dong22a.pdf","76","77","Efficientnet: Rethinking model scaling for convolutional neural networks","verified",""
"pre.zip/dong22a.pdf","77","78","Mnasnet: Platform-aware neural architecture search for mobile","verified",""
"pre.zip/dong22a.pdf","78","79","Multi-glimpse network: A robust and efficient classification architecture based on recurrent downsampled attention","verified",""
"pre.zip/dong22a.pdf","79","80","Multilayer feedforward neural networks with single powers-of-two weights","verified",""
"pre.zip/dong22a.pdf","80","81","Deep neural network compression by in-parallel pruning-quantization","verified",""
"pre.zip/dong22a.pdf","81","82","Soft weight-sharing for neural network compression","verified",""
"pre.zip/dong22a.pdf","82","83","Hardware-centric automl for mixed-precision quantization","verified",""
"pre.zip/dong22a.pdf","84","85","Quantized convolutional neural networks for mobile devices","verified",""
"pre.zip/dong22a.pdf","85","86","Training and inference with integers in deep neural networks","verified",""
"pre.zip/dong22a.pdf","86","87","SNAS: stochastic neural architecture search","verified",""
"pre.zip/dong22a.pdf","87","88","Alternating multi-bit quantization for recurrent neural networks","verified",""
"pre.zip/dong22a.pdf","88","89","Bert-of-theseus: Compressing BERT by progressive module replacing","verified",""
"pre.zip/dong22a.pdf","89","90","Automatic neural network compression by sparsity-quantization joint learning: A constrained optimization-based approach","verified",""
"pre.zip/dong22a.pdf","90","91","Hawq-v3: Dyadic neural network quantization","verified",""
"pre.zip/dong22a.pdf","91","92","Self-distillation: Towards efficient and compact neural networks","verified",""
"pre.zip/dong22a.pdf","92","93","Distribution-aware adaptive multi-bit quantization","verified",""
"pre.zip/dong22a.pdf","93","94","Incremental network quantization: Towards lossless cnns with low-precision weights","verified",""
"pre.zip/dong22a.pdf","94","95","Trained ternary quantization","verified",""
"pre.zip/dong22a.pdf","95","96","Learning transferable architectures for scalable image recognition","verified",""
"pre.zip/du22a.pdf","0","1","Posterior sampling for reinforcement learning: worst-case regret bounds","verified",""
"pre.zip/du22a.pdf","1","2","The nonstochastic multiarmed bandit problem","verified",""
"pre.zip/du22a.pdf","2","3","Minimax regret bounds for reinforcement learning","verified",""
"pre.zip/du22a.pdf","3","4","Optimal adaptive policies for markov decision processes","verified",""
"pre.zip/du22a.pdf","4","5","Sample complexity of episodic fixed-horizon reinforcement learning","verified",""
"pre.zip/du22a.pdf","5","6","Unifying PAC and regret: uniform PAC bounds for episodic reinforcement learning","verified",""
"pre.zip/du22a.pdf","6","7","Episodic reinforcement learning in finite MDPs: Min-imax lower bounds revisited","verified",""
"pre.zip/du22a.pdf","7","8","Deep reinforcement learning framework for category-based item recommendation","verified",""
"pre.zip/du22a.pdf","8","9","Near-optimal regret bounds for reinforcement learning","verified",""
"pre.zip/du22a.pdf","9","10","Is Q-learning provably efficient?","verified",""
"pre.zip/du22a.pdf","10","11","Reward-free exploration for reinforcement learning","verified",""
"pre.zip/du22a.pdf","11","12","Provably efficient reinforcement learning with linear function approximation","verified",""
"pre.zip/du22a.pdf","12","13","Tree-based real-time advertisement recommendation system in online broadcasting","verified",""
"pre.zip/du22a.pdf","13","14","Adaptive reward-free exploration","verified",""
"pre.zip/du22a.pdf","14","15","The sample complexity of exploration in the multi-armed bandit problem","verified",""
"pre.zip/du22a.pdf","15","16","Fast active learning for pure exploration in reinforcement learning","verified",""
"pre.zip/du22a.pdf","16","17","On lower bounds for regret in reinforcement learning","verified",""
"pre.zip/du22a.pdf","17","18","Reinforcement learning: An introduction","verified",""
"pre.zip/du22a.pdf","18","19","Tighter problem-dependent regret bounds in reinforcement learning without domain knowledge using value function bounds","verified",""
"pre.zip/du22a.pdf","19","20","Almost optimal model-free reinforcement learning via reference-advantage decomposition","verified",""
"pre.zip/du22a.pdf","20","21","Nearly minimax optimal reward-free reinforcement learning","verified",""
"pre.zip/du22a.pdf","21","22","Provably efficient reinforcement learning for discounted MDPs with feature mapping","verified",""
"pre.zip/foster22a.pdf","16","17","Therapeutically applicable research to generate effective treatments (target) project: Half of pediatric cancers have their own” driver” genes","not_found","real"
"pre.zip/foster22a.pdf","51","52","Science forum: the human cell atlas","not_found","real"
"pre.zip/foster22a.pdf","79","80","The simplest alteration to dealing with the VAE prior is the β-VAE (Higgins et al., 2017), which scales the KL term of the ELBO by a hyperparameter β","not_found","uncertain"
"pre.zip/foster22a.pdf","80","81","The apparent simplicity of this approach obscures the multiple issues that arise from double-dipping the data (Robert & Rousseau, 2017; Aitkin, 1991)","not_found","uncertain"
"pre.zip/foster22a.pdf","81","82","This Variational Mixture of Posteriors (VaMP) prior is given by","not_found","uncertain"
"pre.zip/foster22a.pdf","82","83","Characterising the constraint z ⊥⊥c","not_found","uncertain"
"pre.zip/foster22a.pdf","85","86","The following are equivalent","not_found","uncertain"
"pre.zip/foster22a.pdf","92","93","For c ∈C, by the definition of q(z|¬ c) we have","not_found","uncertain"
"pre.zip/foster22a.pdf","98","99","We have by definition of the mutual information under distribution q","not_found","uncertain"
"pre.zip/foster22a.pdf","103","104","By Gibbs’ Inequality, we have","not_found","uncertain"
"pre.zip/foster22a.pdf","106","107","Consider the prediction rule","not_found","uncertain"
"pre.zip/foster22a.pdf","115","116","The bound becomes tight as B →∞","not_found","uncertain"
"pre.zip/foster22a.pdf","116","117","better prediction: in condition 5. as achieving a higher expected log-likelihood","not_found","uncertain"
"pre.zip/foster22a.pdf","118","119","First, by linearity of the expectation we have","not_found","uncertain"
"pre.zip/foster22a.pdf","158","159","Combining with the β-VAE","not_found","uncertain"
"pre.zip/foster22a.pdf","164","165","Specifically, we compare CoMP using a Gaussian posterior family with MMD using a Radial Basis Kernel (Vert et al., 2004)","not_found","uncertain"
"pre.zip/foster22a.pdf","177","178","One important feature of the MMD gradients is that, if ∥zi −zj∥2 is large for all j ̸= i, for instance when the point zi is part of an isolated cluster, then the gradient to update the representation zi will be small","not_found","uncertain"
"pre.zip/foster22a.pdf","215","216","(This is accurate in biological applications in which data under non-control conditions may be produced by actively intervening on samples with a drug, gene knock-out, etc","not_found","uncertain"
"pre.zip/foster22a.pdf","223","224","The relevance of the rotational symmetry of the N(0, I) distribution to VAE models has previously been discussed by Mathieu et al","not_found","uncertain"
"pre.zip/foster22a.pdf","224","225","Counterfactual identifiability for CoMP and other CVAE methods","not_found","uncertain"
"pre.zip/foster22a.pdf","225","226","The assumption of non-Gaussianity permits us to make the connection to the theory of independent component analysis (ICA) (Hyvarinen et al., 2001), in which the non-Gaussianity assumption is of critical importance","not_found","uncertain"
"pre.zip/foster22a.pdf","229","230","Assume x = Ds where si are mutually independent and non-Gaussian with variance 1","not_found","uncertain"
"pre.zip/foster22a.pdf","238","239","We have the model z ∼r(z) and x = Acz","not_found","uncertain"
"pre.zip/foster22a.pdf","246","247","It is possible to adapt the proof by considering the existing theory for Noisy ICA (Hyvarinen, 1999) and nonlinear ICA (Hyvarinen et al., 2001)","not_found","uncertain"
"pre.zip/foster22a.pdf","247","248","Consistency of CoMP under prior misspecification","not_found","uncertain"
"pre.zip/foster22a.pdf","248","249","We begin by writing out the CoMP training objective with a data batch of size n","not_found","uncertain"
"pre.zip/foster22a.pdf","277","278","However, the consistency theorem is much more general, since it applies to a much wider range of models, and does not assume a linear decoder","not_found","uncertain"
"pre.zip/foster22a.pdf","281","282","Dataset details and data processing","not_found","uncertain"
"pre.zip/foster22a.pdf","283","284","Warren et al. (2021)), we pre-process the data by filtering out low-variance genes","not_found","uncertain"
"pre.zip/foster22a.pdf","284","285","This dataset has been used in Lotfollahi et al. (2019b) and Lotfollahi et al. (2019a) previously","not_found","uncertain"
"pre.zip/foster22a.pdf","285","286","The normalised counts were then log(x + 1) transformed using the scanpy function, sc.pp.log1p(data)","not_found","uncertain"
"pre.zip/foster22a.pdf","286","287","This dataset has been used in Korsunsky et al. (2019) previously","not_found","uncertain"
"pre.zip/foster22a.pdf","291","292","Then, we applied Seurat’s SelectIntegrationFeatures function to select the top 2000 genes that were repeatedly variable across library preparation protocols","not_found","uncertain"
"pre.zip/foster22a.pdf","292","293","Using Harmony version 0.1.0 (Korsunsky et al., 2019) we integrated the data from the two library protocols using the RunHarmony function and extracted the resulting embeddings","not_found","uncertain"
"pre.zip/foster22a.pdf","293","294","Data was downloaded from the UCI Machine Learning Repository (Dua & Graff, 2017)","not_found","uncertain"
"pre.zip/foster22a.pdf","295","296","If we let kBETd k,α be the metric calculated on the filtered sub-population with index set Jd, then we define a mean kBET metric as","not_found","uncertain"
"pre.zip/foster22a.pdf","311","312","Tumour / Cell Line representations for individual cancer types","not_found","uncertain"
"pre.zip/foster22a.pdf","312","313","Condition mixing metrics for stimulated / untreated single-cell PBMCs","not_found","uncertain"
"pre.zip/foster22a.pdf","323","324","The difference in gene expression values for 1950 non-differentially expressed genes (red) and the top 50 differentially expressed genes (up-regulated: blue, down-regulated: green) between IFN-β stimulated cells and counterfactually stimulated control cells for each cell type","not_found","uncertain"
"pre.zip/foster22a.pdf","338","339","Batch mixing metrics for scRNA-seq data integration","not_found","uncertain"
"pre.zip/foster22a.pdf","340","341","Implementation details and hyperparameters","not_found","uncertain"
"pre.zip/foster22a.pdf","341","342","For the Adult Income experiments this differs from Louizos et al. (2015), where the representations are sampled from the posterior before classification","not_found","uncertain"
"pre.zip/foster22a.pdf","343","344","An estimated cumulative 1900 hours of computation were performed on hardware of type Tesla V100","not_found","uncertain"
"pre.zip/foster22a.pdf","25","26","Independent component analysis and blind source separation","mismatch","real"
"pre.zip/foster22a.pdf","50","51","Power comparisons of Shapiro-Wilk, Kolmogorov-Smirnov, Lilliefors and Anderson-Darling tests","mismatch","real"
"pre.zip/foster22a.pdf","54","55","How Principled and Practical Are Penalised Complexity Priors?","mismatch","real"
"pre.zip/foster22a.pdf","0","1","Posterior Bayes Factors","verified",""
"pre.zip/foster22a.pdf","1","2","Out-of-sample extrapolation with neuron editing","verified",""
"pre.zip/foster22a.pdf","2","3","Causal inference and the data-fusion problem","verified",""
"pre.zip/foster22a.pdf","3","4","On Pearl’s hierarchy and the foundations of causal inference","verified",""
"pre.zip/foster22a.pdf","5","6","A test metric for assessing single-cell rna-seq batch correction","verified",""
"pre.zip/foster22a.pdf","6","7","A simple framework for contrastive learning of visual representations","verified",""
"pre.zip/foster22a.pdf","7","8","Path-specific counterfactual fairness","verified",""
"pre.zip/foster22a.pdf","8","9","Independent component analysis, a new concept?","verified",""
"pre.zip/foster22a.pdf","9","10","Canonical correlation analysis for data fusion and group inferences","verified",""
"pre.zip/foster22a.pdf","10","11","UCI machine learning repository","verified",""
"pre.zip/foster22a.pdf","11","12","Single-cell rna-seq analysis software providers scramble to offer solutions","verified",""
"pre.zip/foster22a.pdf","12","13","Constructing summary statistics for approximate Bayesian computation: semiautomatic approximate Bayesian computation","verified",""
"pre.zip/foster22a.pdf","15","16","A unified stochastic gradient approach to designing bayesian-optimal experiments","verified",""
"pre.zip/foster22a.pdf","17","18","Next-generation characterization of the Cancer Cell Line Encyclopedia","verified",""
"pre.zip/foster22a.pdf","18","19","Adjusting for confounding in unsupervised latent representations of images","verified",""
"pre.zip/foster22a.pdf","19","20","Visualizing and interpreting cancer genomics data via the xena platform","verified",""
"pre.zip/foster22a.pdf","20","21","A kernel two-sample test","verified",""
"pre.zip/foster22a.pdf","21","22","scvae: Variational auto-encoders for single-cell gene expression data","verified",""
"pre.zip/foster22a.pdf","22","23","Batch effects in single-cell rna-sequencing data are corrected by matching mutual nearest neighbors","verified",""
"pre.zip/foster22a.pdf","23","24","beta-vae: Learning basic visual concepts with a constrained variational framework","verified",""
"pre.zip/foster22a.pdf","24","25","Fast ica for noisy data using gaussian moments","verified",""
"pre.zip/foster22a.pdf","26","27","Learning representations for counterfactual inference","verified",""
"pre.zip/foster22a.pdf","27","28","Adjusting batch effects in microarray expression data using empirical Bayes methods","verified",""
"pre.zip/foster22a.pdf","28","29","Multiplexed droplet single-cell rna-sequencing using natural genetic variation","verified",""
"pre.zip/foster22a.pdf","29","30","Variational autoencoders and nonlinear ica: A unifying framework","verified",""
"pre.zip/foster22a.pdf","30","31","Avoiding discrimination through causal reasoning","verified",""
"pre.zip/foster22a.pdf","31","32","Adam: A method for stochastic optimization","verified",""
"pre.zip/foster22a.pdf","32","33","Auto-encoding variational bayes","verified",""
"pre.zip/foster22a.pdf","33","34","Fast, sensitive and accurate integration of single-cell data with harmony","verified",""
"pre.zip/foster22a.pdf","35","36","Counterfactual fairness","verified",""
"pre.zip/foster22a.pdf","36","37","Quantifying the carbon emissions of machine learning","verified",""
"pre.zip/foster22a.pdf","37","38","Eleven grand challenges in single-cell data science","verified",""
"pre.zip/foster22a.pdf","38","39","Capturing heterogeneity in gene expression studies by surrogate variable analysis","verified",""
"pre.zip/foster22a.pdf","39","40","Implicit maximum likelihood estimation","verified",""
"pre.zip/foster22a.pdf","40","41","Deep generative modeling for single-cell transcrip-tomics","verified",""
"pre.zip/foster22a.pdf","41","42","Conditional out-of-sample generation for unpaired data using trVAE","verified",""
"pre.zip/foster22a.pdf","42","43","The variational fair autoencoder","verified",""
"pre.zip/foster22a.pdf","43","44","Benchmarking atlas-level data integration in single-cell genomics","verified",""
"pre.zip/foster22a.pdf","44","45","Domain adaptation: Learning bounds and algorithms","verified",""
"pre.zip/foster22a.pdf","45","46","Disentangling disentanglement in variational autoencoders","verified",""
"pre.zip/foster22a.pdf","46","47","Benchmarking single-cell rna-sequencing protocols for cell atlas projects","verified",""
"pre.zip/foster22a.pdf","47","48","Causal inference by independent component analysis: Theory and applications","verified",""
"pre.zip/foster22a.pdf","48","49","Causality: Models, reasoning and inference","verified",""
"pre.zip/foster22a.pdf","52","53","Stochastic backpropagation and approximate inference in deep generative models","verified",""
"pre.zip/foster22a.pdf","53","54","A stochastic approximation method","verified",""
"pre.zip/foster22a.pdf","55","56","Variational autoencoders pursue pca directions (by accident)","verified",""
"pre.zip/foster22a.pdf","56","57","Silhouettes: a graphical aid to the interpretation and validation of cluster analysis","verified",""
"pre.zip/foster22a.pdf","57","58","A linear non-gaussian acyclic model for causal discovery","verified",""
"pre.zip/foster22a.pdf","58","59","Learning structured output representation using deep conditional generative models","verified",""
"pre.zip/foster22a.pdf","59","60","Using probabilistic estimation of expression residuals (peer) to obtain increased power and interpretability of gene expression analyses","verified",""
"pre.zip/foster22a.pdf","61","62","Comprehensive integration of single-cell data","verified",""
"pre.zip/foster22a.pdf","62","63","Exponential scaling of single-cell rna-seq in the past decade","verified",""
"pre.zip/foster22a.pdf","63","64","Vae with a vampprior","verified",""
"pre.zip/foster22a.pdf","64","65","Representation learning with contrastive predictive coding","verified",""
"pre.zip/foster22a.pdf","65","66","A primer on kernel methods","verified",""
"pre.zip/foster22a.pdf","66","67","Vasc: dimension reduction and visualization of single-cell rna-seq data by deep variational autoencoder","verified",""
"pre.zip/foster22a.pdf","67","68","Global computational alignment of tumor and cell line transcriptional profiles","verified",""
"pre.zip/foster22a.pdf","68","69","Extracting a biologically relevant latent space from cancer transcriptomes with variational autoencoders","verified",""
"pre.zip/foster22a.pdf","69","70","The Cancer Genome Atlas Pan-Cancer analysis project","verified",""
"pre.zip/foster22a.pdf","70","71","Scanpy: large-scale single-cell gene expression data analysis","verified",""
"pre.zip/foster22a.pdf","71","72","Learning fair representations","verified",""
"pre.zip/foster22a.pdf","72","73","Equality of opportunity in classification: A causal approach","verified",""
"pre.zip/foster22a.pdf","74","75","A causal framework for discovering and removing direct and indirect discrimination","verified",""
"pre.zip/foster22a.pdf","75","76","Deep-joint-learning analysis model of single cell transcriptome and open chromatin accessibility data","verified",""
"pre.zip/gat22a.pdf","15","16","Cifar-10 (canadian institute for advanced research)","not_found","real"
"pre.zip/gat22a.pdf","0","1","Sanity checks for saliency maps","verified",""
"pre.zip/gat22a.pdf","1","2","Analysis and geometry of Markov diffusion operators","verified",""
"pre.zip/gat22a.pdf","2","3","End to end learning for self-driving cars","verified",""
"pre.zip/gat22a.pdf","3","4","Learning to explain: An information-theoretic perspective on model interpretation","verified",""
"pre.zip/gat22a.pdf","4","5","Machine learning improves hearing aids","verified",""
"pre.zip/gat22a.pdf","5","6","Very deep convolutional neural networks for raw waveforms","verified",""
"pre.zip/gat22a.pdf","6","7","Machine learning in medicine","verified",""
"pre.zip/gat22a.pdf","7","8","Bert: Pre-training of deep bidirectional transformers for language understanding","verified",""
"pre.zip/gat22a.pdf","8","9","Tinylstms: Efficient neural speech enhancement for hearing aids","verified",""
"pre.zip/gat22a.pdf","9","10","Removing bias in multi-modal classifiers: Regularization by maximizing functional entropies","verified",""
"pre.zip/gat22a.pdf","10","11","Latent space explanation by intervention","verified",""
"pre.zip/gat22a.pdf","11","12","Recent advances in convolutional neural networks","verified",""
"pre.zip/gat22a.pdf","12","13","Visualization of supervised and self-supervised neural networks via attribution guided factorization","verified",""
"pre.zip/gat22a.pdf","13","14","Deep residual learning for image recognition","verified",""
"pre.zip/gat22a.pdf","16","17","Fast algorithms for convolutional neural networks","verified",""
"pre.zip/gat22a.pdf","17","18","A unified approach to interpreting model predictions","verified",""
"pre.zip/gat22a.pdf","18","19","Generating contrastive explanations with monotonic attribute functions","verified",""
"pre.zip/gat22a.pdf","19","20","Learning word vectors for sentiment analysis","verified",""
"pre.zip/gat22a.pdf","20","21","Rectified linear units improve restricted boltzmann machines","verified",""
"pre.zip/gat22a.pdf","21","22","A theoretical explanation for perplexing behaviors of backpropagation-based visualizations","verified",""
"pre.zip/gat22a.pdf","22","23","Deep neural networks detect suicide risk from textual facebook posts","verified",""
"pre.zip/gat22a.pdf","23","24","Why should I trust you?: Explaining the predictions of any classifier","verified",""
"pre.zip/gat22a.pdf","24","25","Are VQA systems rad? measuring robustness to augmented data with focused interventions","verified",""
"pre.zip/gat22a.pdf","25","26","Distilbert, a distilled version of bert: smaller, faster, cheaper and lighter","verified",""
"pre.zip/gat22a.pdf","26","27","A value for n-person games","verified",""
"pre.zip/gat22a.pdf","27","28","Not just a black box: Learning important features through propagating activation differences","verified",""
"pre.zip/gat22a.pdf","28","29","Learning important features through propagating activation differences","verified",""
"pre.zip/gat22a.pdf","29","30","Opening the black box of deep neural networks via information","verified",""
"pre.zip/gat22a.pdf","30","31","Deep inside convolutional networks: Visualising image classification models and saliency maps","verified",""
"pre.zip/gat22a.pdf","31","32","Smoothgrad: removing noise by adding noise","verified",""
"pre.zip/gat22a.pdf","32","33","Striving for simplicity: The all convolutional net","verified",""
"pre.zip/gat22a.pdf","33","34","Axiomatic attribution for deep networks","verified",""
"pre.zip/gat22a.pdf","34","35","Learning a metric embedding for face recognition using the multibatch method","verified",""
"pre.zip/gat22a.pdf","35","36","Deep learning and the information bottleneck principle","verified",""
"pre.zip/gat22a.pdf","36","37","Speech commands: A dataset for limited-vocabulary speech recognition","verified",""
"pre.zip/gat22a.pdf","37","38","A sensitivity analysis of (and practitioners’ guide to) convolutional neural networks for sentence classification","verified",""
"pre.zip/ghazi22a.pdf","2","3","Learning with privacy at scale","not_found","real"
"pre.zip/ghazi22a.pdf","16","17","differential privacy: is about collecting your data – but not your data. Wired, June","not_found","real"
"pre.zip/ghazi22a.pdf","28","29","How Google tricks itself to protect Chrome user privacy","not_found","real"
"pre.zip/ghazi22a.pdf","31","32","Proofs of Coupling Approximation Properties","not_found","uncertain"
"pre.zip/ghazi22a.pdf","52","53",", Y ⊕2 t−1, �Y ⊕2 t−1, Yt","not_found","uncertain"
"pre.zip/ghazi22a.pdf","53","54","Since dTV(Y, Y0) = Pr[|Y | > L1] =: δ0, we have from Lemma 2.6(3) that","not_found","uncertain"
"pre.zip/ghazi22a.pdf","58","59","We have from Proposition 2.7 that E[Yi] = E[�Yi] and that |Yi −�Yi −µi| ≤0 hi+1","not_found","uncertain"
"pre.zip/ghazi22a.pdf","60","61","Thus, applying Lemma 2.6(4), we have (for η to be chosen later) that","not_found","uncertain"
"pre.zip/ghazi22a.pdf","85","86","From (15), we have","not_found","uncertain"
"pre.zip/ghazi22a.pdf","91","92","Finally, (16) immediately implies the inductive step (17)","not_found","uncertain"
"pre.zip/ghazi22a.pdf","0","1","Deep learning with differential privacy","verified",""
"pre.zip/ghazi22a.pdf","1","2","The US Census Bureau adopts differential privacy","verified",""
"pre.zip/ghazi22a.pdf","3","4","Deep learning with Gaussian differential privacy","verified",""
"pre.zip/ghazi22a.pdf","4","5","Fast and memory efficient differentially private-SGD via JL projections","verified",""
"pre.zip/ghazi22a.pdf","5","6","Concentrated differential privacy: Simplifications, extensions, and lower bounds","verified",""
"pre.zip/ghazi22a.pdf","6","7","Composable and versatile privacy via truncated CDP","verified",""
"pre.zip/ghazi22a.pdf","7","8","Collecting telemetry data privately","verified",""
"pre.zip/ghazi22a.pdf","8","9","Gaussian differential privacy","verified",""
"pre.zip/ghazi22a.pdf","9","10","Connect the dots: Tighter discrete approximations of privacy loss distributions","verified",""
"pre.zip/ghazi22a.pdf","10","11","Concentrated differential privacy","verified",""
"pre.zip/ghazi22a.pdf","11","12","Our data, ourselves: Privacy via distributed noise generation","verified",""
"pre.zip/ghazi22a.pdf","12","13","Boosting and differential privacy","verified",""
"pre.zip/ghazi22a.pdf","13","14","RAPPOR: Randomized aggregatable privacy-preserving ordinal response","verified",""
"pre.zip/ghazi22a.pdf","15","16","Numerical composition of differential privacy","verified",""
"pre.zip/ghazi22a.pdf","17","18","The composition theorem for differential privacy","verified",""
"pre.zip/ghazi22a.pdf","18","19","Pripearl: A framework for privacy-preserving analytics and reporting at LinkedIn","verified",""
"pre.zip/ghazi22a.pdf","19","20","Computing differential privacy guarantees for heterogeneous compositions using FFT","verified",""
"pre.zip/ghazi22a.pdf","20","21","Computing tight differential privacy guarantees using FFT","verified",""
"pre.zip/ghazi22a.pdf","21","22","Tight differential privacy for discrete-valued mechanisms and for the subsampled Gaussian mechanism using FFT","verified",""
"pre.zip/ghazi22a.pdf","23","24","Tight on budget? Tight bounds for r-fold approximate differential privacy","verified",""
"pre.zip/ghazi22a.pdf","26","27","The complexity of computing the optimal composition of differential privacy","verified",""
"pre.zip/ghazi22a.pdf","27","28","LinkedIn’s audience engagements API: A privacy preserving data analytics system at scale","verified",""
"pre.zip/ghazi22a.pdf","29","30","Privacy loss classes: The central limit theorem in differential privacy","verified",""
"pre.zip/ghazi22a.pdf","30","31","Optimal accounting of differential privacy via characteristic function","verified",""
"pre.zip/giannone22a.pdf","55","56","Our goal is to model a distribution p(X) = �S s=1 p(xs) where X{xs}S s=1 is in general a small set ranging from 1 to 20 samples","not_found","uncertain"
"pre.zip/giannone22a.pdf","66","67","Both z and c are a hierarchy","not_found","uncertain"
"pre.zip/giannone22a.pdf","93","94","This approach is inspired by (Lee et al., 2019) and resembles self-attention with a fundamental difference: instead to map from S samples to S samples, we map from S samples to a per-task learnable aggregation","not_found","uncertain"
"pre.zip/giannone22a.pdf","100","101","X single pass cL ∼q(cL|X) z, c<L ∼p(z, c<L|cL) x ∼p(x|z, c) return x","not_found","uncertain"
"pre.zip/giannone22a.pdf","129","130","The way we condition the prior and generative model greatly enhances the adaptation capacities of the model","not_found","uncertain"
"pre.zip/giannone22a.pdf","0","1","Few-shot generative modelling with generative matching networks","verified",""
"pre.zip/giannone22a.pdf","1","2","Probabilistic symmetry and invariant neural networks","verified",""
"pre.zip/giannone22a.pdf","2","3","Probabilistic symmetries and invariant neural networks","verified",""
"pre.zip/giannone22a.pdf","3","4","Language models are few-shot learners","verified",""
"pre.zip/giannone22a.pdf","4","5","Very deep vaes generalize autoregressive models and can outperform them on images","verified",""
"pre.zip/giannone22a.pdf","5","6","9. on the condition of partial exchangeability","verified",""
"pre.zip/giannone22a.pdf","6","7","Towards a neural statistician","verified",""
"pre.zip/giannone22a.pdf","7","8","Neural scene representation and rendering","verified",""
"pre.zip/giannone22a.pdf","8","9","Model-agnostic meta-learning for fast adaptation of deep networks","verified",""
"pre.zip/giannone22a.pdf","9","10","Conditional neural processes","verified",""
"pre.zip/giannone22a.pdf","10","11","Neural processes","verified",""
"pre.zip/giannone22a.pdf","11","12","Recasting gradient-based meta-learning as hierarchical bayes","verified",""
"pre.zip/giannone22a.pdf","12","13","Associative compression networks for representation learning","verified",""
"pre.zip/giannone22a.pdf","13","14","Draw: A recurrent neural network for image generation","verified",""
"pre.zip/giannone22a.pdf","14","15","The variational homoencoder: Learning to learn high capacity generative models from few examples","verified",""
"pre.zip/giannone22a.pdf","15","16","Stochastic variational inference","verified",""
"pre.zip/giannone22a.pdf","16","17","Meta-learning in neural networks: A survey","verified",""
"pre.zip/giannone22a.pdf","17","18","An introduction to variational methods for graphical models","verified",""
"pre.zip/giannone22a.pdf","18","19","Attentive neural processes","verified",""
"pre.zip/giannone22a.pdf","19","20","Setvae: Learning hierarchical composition for generative modeling of set-structured data","verified",""
"pre.zip/giannone22a.pdf","20","21","Auto-encoding variational bayes","verified",""
"pre.zip/giannone22a.pdf","21","22","One shot learning of simple visual concepts","verified",""
"pre.zip/giannone22a.pdf","22","23","Human-level concept learning through probabilistic program induction","verified",""
"pre.zip/giannone22a.pdf","23","24","Building machines that learn and think like people","verified",""
"pre.zip/giannone22a.pdf","24","25","The mnist database of handwritten digits","verified",""
"pre.zip/giannone22a.pdf","25","26","Set transformer: A framework for attention-based permutation-invariant neural networks","verified",""
"pre.zip/giannone22a.pdf","26","27","Deep learning face attributes in the wild","verified",""
"pre.zip/giannone22a.pdf","27","28","Biva: A very deep hierarchy of latent variables for generative modeling","verified",""
"pre.zip/giannone22a.pdf","28","29","Pixel recurrent neural networks","verified",""
"pre.zip/giannone22a.pdf","29","30","Tadam: Task dependent adaptive metric for improved few-shot learning","verified",""
"pre.zip/giannone22a.pdf","30","31","Film: Visual reasoning with a general conditioning layer","verified",""
"pre.zip/giannone22a.pdf","31","32","Pointnet: Deep learning on point sets for 3d classification and segmentation","verified",""
"pre.zip/giannone22a.pdf","32","33","Amortized bayesian meta-learning","verified",""
"pre.zip/giannone22a.pdf","33","34","Optimization as a model for few-shot learning","verified",""
"pre.zip/giannone22a.pdf","34","35","Few-shot autoregressive density estimation: Towards learning to learn distributions","verified",""
"pre.zip/giannone22a.pdf","35","36","Stochastic backpropagation and approximate inference in deep generative models","verified",""
"pre.zip/giannone22a.pdf","36","37","One-shot generalization in deep generative models","verified",""
"pre.zip/giannone22a.pdf","37","38","Meta-learning with latent embedding optimization","verified",""
"pre.zip/giannone22a.pdf","38","39","Pix-elcnn++: Improving the pixelcnn with discretized logistic mixture likelihood and other modifications","verified",""
"pre.zip/giannone22a.pdf","40","41","Prototypical networks for few-shot learning","verified",""
"pre.zip/giannone22a.pdf","43","44","Learning to compare: Relation network for few-shot learning","verified",""
"pre.zip/giannone22a.pdf","44","45","A Bayesian framework for concept learning","verified",""
"pre.zip/giannone22a.pdf","45","46","Bayesian models of conceptual development: Learning as building models of the world","verified",""
"pre.zip/giannone22a.pdf","46","47","NVAE: A deep hierarchical variational autoencoder","verified",""
"pre.zip/giannone22a.pdf","47","48","Attention is all you need","verified",""
"pre.zip/giannone22a.pdf","48","49","Graph attention networks","verified",""
"pre.zip/giannone22a.pdf","49","50","Matching networks for one shot learning","verified",""
"pre.zip/giannone22a.pdf","50","51","Meta-amortized variational inference and learning","verified",""
"pre.zip/giannone22a.pdf","51","52","Meta-fun: Meta-learning with iterative functional updates","verified",""
"pre.zip/han22g.pdf","44","45","Nyström method vs random fourier features: A theoretical and empirical comparison","not_found","uncertain"
"pre.zip/han22g.pdf","48","49","Applications to Learning Tasks","not_found","uncertain"
"pre.zip/han22g.pdf","50","51","We consider a fixed design setting which has been particularly popular in analysis of KRR (Bach, 2013; Alaoui & Mahoney, 2015; Li et al., 2016; Paul & Drineas, 2016; Musco & Musco, 2017; Avron et al., 2017b; Zandieh et al., 2020)","not_found","uncertain"
"pre.zip/han22g.pdf","51","52","Then, the empirical risk of an estimator f is defined as","not_found","uncertain"
"pre.zip/han22g.pdf","63","64","Class of GZKs Contains All Dot-product Kernels","not_found","uncertain"
"pre.zip/han22g.pdf","104","105","Now by Eq. (29), the function hi,ℓ(t) defined above satisfies","not_found","uncertain"
"pre.zip/han22g.pdf","107","108","Gaussian and Neural Tangent Kernels are GZK","not_found","uncertain"
"pre.zip/han22g.pdf","127","128","It was shown in (Zandieh et al., 2021, Definition 1) that the depth-L NTK with ReLU activation has the following normalized dot-product form","not_found","uncertain"
"pre.zip/han22g.pdf","144","145","Mercer Decomposition of GZK","not_found","uncertain"
"pre.zip/han22g.pdf","156","157","This completes the proof of Lemma 2","not_found","uncertain"
"pre.zip/han22g.pdf","157","158","Proof of Lemma 5","not_found","uncertain"
"pre.zip/han22g.pdf","170","171","This completes the proof of Lemma 5","not_found","uncertain"
"pre.zip/han22g.pdf","171","172","Leverage Scores of the GZK Feature Operator Φ","not_found","uncertain"
"pre.zip/han22g.pdf","201","202","For this function we have","not_found","uncertain"
"pre.zip/han22g.pdf","224","225","Therefore, if we sum the above over all","not_found","uncertain"
"pre.zip/han22g.pdf","236","237","Spectral Approximation to GZK Kernel Matrix","not_found","uncertain"
"pre.zip/han22g.pdf","237","238","Let B be a fixed n × n matrix","not_found","uncertain"
"pre.zip/han22g.pdf","240","241","Form the matrix sampling estimator","not_found","uncertain"
"pre.zip/han22g.pdf","252","253","= Σ−1V · K · V ⊤Σ−1, and Rj := Σ−1V · ΦwjΦ⊤ wj · V ⊤Σ−1","not_found","uncertain"
"pre.zip/han22g.pdf","256","257","This implies the following for any j","not_found","uncertain"
"pre.zip/han22g.pdf","275","276","Projection Cost Preserving Samples for GZK","not_found","uncertain"
"pre.zip/han22g.pdf","276","277","This property ensures that it is possible to extract a near optimal low-rank approximation from the random features","not_found","uncertain"
"pre.zip/han22g.pdf","280","281","The proof is nearly identical to the proof of Theorem 6 in (Cohen et al., 2017) which proves that unbiased leverage score sampling results in projection-cost preserving samples in discrete matrices","not_found","uncertain"
"pre.zip/han22g.pdf","302","303","We do not provide more details on why the above inequality holds but it follows fairly straightforwardly from scalar Chernoff bound","not_found","uncertain"
"pre.zip/han22g.pdf","303","304","We first claim that","not_found","uncertain"
"pre.zip/han22g.pdf","318","319","Using Eq. (20) we can write","not_found","uncertain"
"pre.zip/han22g.pdf","327","328","Returning to Eq. (44) gives","not_found","uncertain"
"pre.zip/han22g.pdf","334","335","Spectral Approximation of Dot-product Kernels","not_found","uncertain"
"pre.zip/han22g.pdf","341","342","By Lemma 4 and triangle inequality we have","not_found","uncertain"
"pre.zip/han22g.pdf","349","350","We bound the terms in Eq. (47) and Eq. (48) separately","not_found","uncertain"
"pre.zip/han22g.pdf","367","368","Now we can further upper bound the above as follows ������","not_found","uncertain"
"pre.zip/han22g.pdf","397","398","Spectral Approximation to Gaussian Kernel","not_found","uncertain"
"pre.zip/han22g.pdf","401","402","There exists an algorithm that","not_found","uncertain"
"pre.zip/han22g.pdf","406","407","By Lemma 15 and triangle inequality we have the following","not_found","uncertain"
"pre.zip/han22g.pdf","461","462","Details on Kernel Ridge Regression","not_found","uncertain"
"pre.zip/han22g.pdf","464","465","Results of kernel ridge regression with NTK","not_found","uncertain"
"pre.zip/han22g.pdf","466","467","Details on Kernel k-means Clustering","not_found","uncertain"
"pre.zip/han22g.pdf","467","468","We normalize the inputs by this l2 norms so that they are on the unit sphere","not_found","uncertain"
"pre.zip/han22g.pdf","0","1","Oblivious sketching of high-degree polynomial kernels","verified",""
"pre.zip/han22g.pdf","1","2","Fast randomized kernel methods with statistical guarantees","verified",""
"pre.zip/han22g.pdf","2","3","k-means++: The advantages of careful seeding","verified",""
"pre.zip/han22g.pdf","3","4","Spherical harmonics and approximations on the unit sphere: an introduction","verified",""
"pre.zip/han22g.pdf","4","5","Subspace embeddings for the polynomial kernel","verified",""
"pre.zip/han22g.pdf","6","7","A universal sampling method for reconstructing signals with simple fourier transforms","verified",""
"pre.zip/han22g.pdf","7","8","Sharp analysis of low-rank kernel matrix approximations","verified",""
"pre.zip/han22g.pdf","8","9","The generation of plate tectonics from mantle convection","verified",""
"pre.zip/han22g.pdf","9","10","Kernel methods for deep learning","verified",""
"pre.zip/han22g.pdf","10","11","Large-margin classification in infinite neural networks","verified",""
"pre.zip/han22g.pdf","11","12","Input sparsity time low-rank approximation via ridge leverage score sampling","verified",""
"pre.zip/han22g.pdf","12","13","Kernel k-means: spectral clustering and normalized cuts","verified",""
"pre.zip/han22g.pdf","13","14","Chebyshev polynomials in numerical analysis","verified",""
"pre.zip/han22g.pdf","14","15","Orthogonal polynomials: computation and approximation","verified",""
"pre.zip/han22g.pdf","15","16","Neural tangent kernel: Convergence and generalization in neural networks","verified",""
"pre.zip/han22g.pdf","16","17","Random feature maps for dot product kernels","verified",""
"pre.zip/han22g.pdf","17","18","Fastfood-approximating kernel expansions in loglinear time","verified",""
"pre.zip/han22g.pdf","18","19","Wide neural networks of any depth evolve as linear models under gradient descent","verified",""
"pre.zip/han22g.pdf","19","20","Fast dpp sampling for nys-trom with application to kernel methods","verified",""
"pre.zip/han22g.pdf","23","24","Mercer’s theorem, feature maps, and smoothing","verified",""
"pre.zip/han22g.pdf","24","25","Analytic functionals on the sphere","verified",""
"pre.zip/han22g.pdf","25","26","Recursive Sampling for the Nyström Method","verified",""
"pre.zip/han22g.pdf","26","27","An operator pseudo-inversion lemma","verified",""
"pre.zip/han22g.pdf","27","28","Feature selection for ridge regression with provable guarantees","verified",""
"pre.zip/han22g.pdf","28","29","Spherical random features for polynomial kernels","verified",""
"pre.zip/han22g.pdf","29","30","Fast and scalable polynomial kernels via explicit feature maps","verified",""
"pre.zip/han22g.pdf","30","31","Random Features for Large-Scale Kernel Machines","verified",""
"pre.zip/han22g.pdf","31","32","Gaussian processes in machine learning","verified",""
"pre.zip/han22g.pdf","32","33","Climate feedbacks determined using radiative kernels in a multi-thousand member ensemble of AOGCMs","verified",""
"pre.zip/han22g.pdf","33","34","Ridge regression learning algorithm in dual variables","verified",""
"pre.zip/han22g.pdf","34","35","A Spectral Analysis of Dot-product Kernels","verified",""
"pre.zip/han22g.pdf","35","36","Positive definite functions on spheres","verified",""
"pre.zip/han22g.pdf","36","37","Regularization with dot-product kernels","verified",""
"pre.zip/han22g.pdf","37","38","Fast sketching of polynomial kernels of polynomial degree","verified",""
"pre.zip/han22g.pdf","38","39","Prediction of ozone hourly concentrations by support vector machine and kernel extreme learning machine using wavelet transformation and partial least squares methods","verified",""
"pre.zip/han22g.pdf","39","40","An introduction to matrix concentration inequalities","verified",""
"pre.zip/han22g.pdf","40","41","Graph kernels","verified",""
"pre.zip/han22g.pdf","41","42","Using the Nyström method to speed up kernel machines","verified",""
"pre.zip/han22g.pdf","42","43","Near Input Sparsity Time Kernel Embeddings via Adaptive Sampling","verified",""
"pre.zip/han22g.pdf","45","46","Scaling up kernel ridge regression via locality sensitive hashing","verified",""
"pre.zip/han22g.pdf","46","47","Scaling Neural Tangent Kernels via Sketching and Random Features","verified",""
"pre.zip/han22g.pdf","145","146","Proof of Lemma 2","verified",""
"pre.zip/jin22b.pdf","1","2","Cambridge University Press, New York, NY, USA","not_found","real"
"pre.zip/jin22b.pdf","12","13","Explicit superlinear convergence of broyden’s method in nonlinear equations","mismatch","real"
"pre.zip/jin22b.pdf","0","1","Newton’s method in general analysis","verified",""
"pre.zip/jin22b.pdf","2","3","A class of methods for solving nonlinear simultaneous equations","verified",""
"pre.zip/jin22b.pdf","3","4","The convergence of single-rank quasi-Newton methods","verified",""
"pre.zip/jin22b.pdf","4","5","On the local and superlinear convergence of quasi-Newton methods","verified",""
"pre.zip/jin22b.pdf","5","6","Convergence of quasi-Newton matrices generated by the symmetric rank one update","verified",""
"pre.zip/jin22b.pdf","7","8","Variable metric method for minimization","verified",""
"pre.zip/jin22b.pdf","8","9","A new approach to variable metric algorithms","verified",""
"pre.zip/jin22b.pdf","9","10","A rapidly convergent descent method for minimization","verified",""
"pre.zip/jin22b.pdf","10","11","A family of variable-metric methods derived by variational means","verified",""
"pre.zip/jin22b.pdf","11","12","Non-asymptotic superlinear convergence of standard quasi-newton methods","verified",""
"pre.zip/jin22b.pdf","13","14","On the limited memory BFGS method for large scale optimization","verified",""
"pre.zip/jin22b.pdf","14","15","Self-concordant functions and polynomial-time methods in convex programming","verified",""
"pre.zip/jin22b.pdf","15","16","Interior-point polynomial algorithms in convex programming","verified",""
"pre.zip/jin22b.pdf","16","17","Cubic regularization of Newton method and its global performance","verified",""
"pre.zip/jin22b.pdf","17","18","Updating quasi-Newton matrices with limited storage","verified",""
"pre.zip/jin22b.pdf","19","20","Iterative solution of nonlinear equations in several variables","verified",""
"pre.zip/jin22b.pdf","20","21","New results on superlinear convergence of classical quasi-newton methods","verified",""
"pre.zip/jin22b.pdf","21","22","Conditioning of quasi-Newton methods for function minimization","verified",""
"pre.zip/jin22b.pdf","22","23","Explicit superlinear convergence rates of the sr1 algorithm","verified",""
"pre.zip/kumar22a.pdf","17","18","Hedge meets Active Learning","not_found","uncertain"
"pre.zip/kumar22a.pdf","27","28","The Annals of Statistics","not_found","real"
"pre.zip/kumar22a.pdf","30","31","Probability and computing: Randomization and probabilistic techniques in algorithms and data analysis","not_found","real"
"pre.zip/kumar22a.pdf","39","40","Hedge meets Active Learning","not_found","uncertain"
"pre.zip/kumar22a.pdf","42","43","If a set of experts H1 is a subset of another set of experts H2, then POCX(H1) ⊆POCX(H2)","not_found","uncertain"
"pre.zip/kumar22a.pdf","48","49","If V τ ⊆Bτ−1, then |Sτ| ≤ M 2τ−1","not_found","uncertain"
"pre.zip/kumar22a.pdf","49","50","Hence |Sτ| ≤ M 2τ−1","not_found","uncertain"
"pre.zip/kumar22a.pdf","50","51","Hedge meets Active Learning","not_found","uncertain"
"pre.zip/kumar22a.pdf","58","59","If b ∈V τ and V τ ⊆Bτ−1 then with probability at least 1 − ρ N log 10ϵζ , b ∈V τ+1","not_found","uncertain"
"pre.zip/kumar22a.pdf","59","60","The probability that b is not present in V τ+1 is","not_found","uncertain"
"pre.zip/kumar22a.pdf","68","69","Hedge meets Active Learning","not_found","uncertain"
"pre.zip/kumar22a.pdf","69","70","Union bound over Lemma A.4 and A.6","not_found","uncertain"
"pre.zip/kumar22a.pdf","71","72","For any fixed j ∈B0, E � Z0 j � ≥k( 1","not_found","uncertain"
"pre.zip/kumar22a.pdf","72","73","Probability that j ∈V 1 is","not_found","uncertain"
"pre.zip/kumar22a.pdf","79","80","Probability that b /∈V 1","not_found","uncertain"
"pre.zip/kumar22a.pdf","87","88","Hedge meets Active Learning","not_found","uncertain"
"pre.zip/kumar22a.pdf","89","90","First, let’s show the regret bound","not_found","uncertain"
"pre.zip/kumar22a.pdf","91","92","Setting η = log � 1 + �","not_found","uncertain"
"pre.zip/kumar22a.pdf","103","104","This is also the size of the burn-in period","not_found","uncertain"
"pre.zip/kumar22a.pdf","106","107","Hedge meets Active Learning","not_found","uncertain"
"pre.zip/kumar22a.pdf","107","108","Halving trick for unknown ϵ","not_found","uncertain"
"pre.zip/kumar22a.pdf","118","119","Since |V | ≤N, ζ ≤N","not_found","uncertain"
"pre.zip/kumar22a.pdf","125","126","Hedge meets Active Learning","not_found","uncertain"
"pre.zip/kumar22a.pdf","128","129","Proof of Corollary 3","not_found","uncertain"
"pre.zip/kumar22a.pdf","0","1","The power of localization for efficiently learning linear separators with noise","verified",""
"pre.zip/kumar22a.pdf","1","2","Efficient learning of linear separators under bounded noise","verified",""
"pre.zip/kumar22a.pdf","2","3","Active and passive learning of linear separators under log-concave distributions","verified",""
"pre.zip/kumar22a.pdf","3","4","Agnostic active learning","verified",""
"pre.zip/kumar22a.pdf","4","5","Margin based active learning","verified",""
"pre.zip/kumar22a.pdf","5","6","Importance weighted active learning","verified",""
"pre.zip/kumar22a.pdf","6","7","Agnostic active learning without constraints","verified",""
"pre.zip/kumar22a.pdf","7","8","Prediction, learning, and games","verified",""
"pre.zip/kumar22a.pdf","8","9","Minimizing regret with label efficient prediction","verified",""
"pre.zip/kumar22a.pdf","9","10","Worst-case analysis of selective sampling for linear classification","verified",""
"pre.zip/kumar22a.pdf","10","11","Robust bounds for classification via selective sampling","verified",""
"pre.zip/kumar22a.pdf","11","12","Improving generalization with active learning","verified",""
"pre.zip/kumar22a.pdf","12","13","Region-based active learning","verified",""
"pre.zip/kumar22a.pdf","13","14","Analysis of perceptron-based active learning","verified",""
"pre.zip/kumar22a.pdf","14","15","A general agnostic active learning algorithm","verified",""
"pre.zip/kumar22a.pdf","15","16","Selective sampling and active learning from single and multiple teachers","verified",""
"pre.zip/kumar22a.pdf","16","17","A desicion-theoretic generalization of online learning and an application to boosting","verified",""
"pre.zip/kumar22a.pdf","18","19","Selective sampling using the query by committee algorithm","verified",""
"pre.zip/kumar22a.pdf","19","20","A bound on the label complexity of agnostic active learning","verified",""
"pre.zip/kumar22a.pdf","20","21","Adaptive rates of convergence in active learning","verified",""
"pre.zip/kumar22a.pdf","21","22","Rates of convergence in active learning","verified",""
"pre.zip/kumar22a.pdf","22","23","Theory of disagreement-based active learning","verified",""
"pre.zip/kumar22a.pdf","23","24","Surrogate losses in passive and active learning","verified",""
"pre.zip/kumar22a.pdf","24","25","Minimax analysis of active learning","verified",""
"pre.zip/kumar22a.pdf","25","26","Online active learning with expert advice","verified",""
"pre.zip/kumar22a.pdf","26","27","Active learning with gaussian processes for object categorization","verified",""
"pre.zip/kumar22a.pdf","28","29","Active learning using arbitrary binary valued queries","verified",""
"pre.zip/kumar22a.pdf","29","30","Adaptive active learning for image classification","verified",""
"pre.zip/kumar22a.pdf","31","32","Active learning using pre-clustering","verified",""
"pre.zip/kumar22a.pdf","32","33","Online active learning methods for fast label-efficient spam filtering","verified",""
"pre.zip/kumar22a.pdf","33","34","From theories to queries: Active learning in practice","verified",""
"pre.zip/kumar22a.pdf","34","35","Active learning","verified",""
"pre.zip/kumar22a.pdf","35","36","Active learning in multimedia annotation and retrieval: A survey","verified",""
"pre.zip/kumar22a.pdf","36","37","Active learning with a drifting distribution","verified",""
"pre.zip/kumar22a.pdf","37","38","Efficient active learning of sparse halfspaces","verified",""
"pre.zip/kumar22a.pdf","38","39","Active learning with expert advice","verified",""
"pre.zip/kumar22a.pdf","40","41","Proof of Theorem 3","verified",""
"pre.zip/kumar22a.pdf","111","112","Proof of theorem 2","verified",""
"pre.zip/kumar22a.pdf","119","120","Proof of Theorem 4","verified",""
"pre.zip/lee22a.pdf","19","20","Which neural net architectures give rise to exploding and vanishing gradients? Neural Information Processing Systems","not_found","real"
"pre.zip/lee22a.pdf","77","78","Let n ≥2 be a positive integer a","not_found","uncertain"
"pre.zip/lee22a.pdf","86","87","Proof of Theorems of NTK for MLP","not_found","uncertain"
"pre.zip/lee22a.pdf","124","125","Also, our initialization implies","not_found","uncertain"
"pre.zip/lee22a.pdf","129","130","Thus, the scaled NTK is given by˜ΘL 0 (x, x′) = LC2 L","not_found","uncertain"
"pre.zip/lee22a.pdf","132","133","Gaussian process, where gj ∼GP(0, ρ2","not_found","uncertain"
"pre.zip/lee22a.pdf","151","152","For 1 ≤j ≤8","not_found","uncertain"
"pre.zip/lee22a.pdf","171","172","This implies the upper bound of Γ∞(t) converges to Γ∞(0)","not_found","uncertain"
"pre.zip/lee22a.pdf","177","178","For 1 ≤j ≤8 and any T > 0","not_found","uncertain"
"pre.zip/lee22a.pdf","181","182","For t ≥0 and x ∈Rdin + , if f l θ(l)(t)(x) is element-wise nonzero for 1 ≤l ≤L −1, then","not_found","uncertain"
"pre.zip/lee22a.pdf","205","206","For 1 ≤l ≤L, 2 ≤k ≤L and any T > 0","not_found","uncertain"
"pre.zip/lee22a.pdf","208","209","For t ≥0 and x ∈Rdin + , if f l θ(l)(t)(x) is element-wise nonzero for 1 ≤l ≤L −1, then","not_found","uncertain"
"pre.zip/lee22a.pdf","217","218","For any x, as L →∞, we have","not_found","uncertain"
"pre.zip/lee22a.pdf","224","225","Let T > 0","not_found","uncertain"
"pre.zip/lee22a.pdf","257","258","Let L(f) = 1","not_found","uncertain"
"pre.zip/lee22a.pdf","260","261","F →F such that D(g)(x′) = Ex∼pin � ˜Θ∞(x′, x)g(x) � . Then, we have","not_found","uncertain"
"pre.zip/lee22a.pdf","265","266","Then following lemma holds","not_found","uncertain"
"pre.zip/lee22a.pdf","287","288","This concludes the proof","not_found","uncertain"
"pre.zip/lee22a.pdf","288","289","Zero-crossing does not happen during training MLP","not_found","uncertain"
"pre.zip/lee22a.pdf","290","291","For any T > 0, let","not_found","uncertain"
"pre.zip/lee22a.pdf","293","294","For ϵ′ > 0, let M = 1 + ϵ′","not_found","uncertain"
"pre.zip/lee22a.pdf","298","299","We define a complement of such event by","not_found","uncertain"
"pre.zip/lee22a.pdf","304","305","Thus, there exists L1 such that","not_found","uncertain"
"pre.zip/lee22a.pdf","318","319","Consider a random element of intermediate pre-activation values","not_found","uncertain"
"pre.zip/lee22a.pdf","335","336","Then, since E0 is given","not_found","uncertain"
"pre.zip/lee22a.pdf","357","358","On the other hand, if E5 is given","not_found","uncertain"
"pre.zip/lee22a.pdf","362","363","This implies TL = T, which concludes the proof of Claim 1","not_found","uncertain"
"pre.zip/lee22a.pdf","381","382","Corollary 13 can be replaced by","not_found","uncertain"
"pre.zip/lee22a.pdf","384","385","This already implies TL = T","not_found","uncertain"
"pre.zip/lee22a.pdf","413","414","Stochastically bounded assumption of Theorem 2","not_found","uncertain"
"pre.zip/lee22a.pdf","414","415","Since ΘL(x, x′) is semidefinite by definition","not_found","uncertain"
"pre.zip/lee22a.pdf","419","420","Equalites and inequalities of sub layers for MLP","not_found","uncertain"
"pre.zip/lee22a.pdf","442","443","For t ≥0 and 1 ≤l ≤L","not_found","uncertain"
"pre.zip/lee22a.pdf","444","445","For any t ≥0 and 1 ≤l ≤L","not_found","uncertain"
"pre.zip/lee22a.pdf","460","461","For 1 ≤l ≤L and t ≥0","not_found","uncertain"
"pre.zip/lee22a.pdf","463","464","From previous gradient flow","not_found","uncertain"
"pre.zip/lee22a.pdf","478","479","By the chain rule","not_found","uncertain"
"pre.zip/lee22a.pdf","510","511","The proof is similar to that of Lemma 22","not_found","uncertain"
"pre.zip/lee22a.pdf","523","524","Proof of Lemma 10 for Proposition 1","not_found","uncertain"
"pre.zip/lee22a.pdf","672","673","Proof of Lemma 11 for Proposition 2","not_found","uncertain"
"pre.zip/lee22a.pdf","673","674","For t ≥0 and x ∈Rdin + , if f l θ(l)(t)(x) is element-wise nonzero for 1 ≤l ≤L −1, then","not_found","uncertain"
"pre.zip/lee22a.pdf","787","788","Proof of Lemma 12 for Proposition 3","not_found","uncertain"
"pre.zip/lee22a.pdf","788","789","For t ≥0 and x ∈Rdin + , if f l θ(l)(t)(x) is element-wise nonzero for 1 ≤l ≤L −1, then","not_found","uncertain"
"pre.zip/lee22a.pdf","794","795","Consider the derivative of˜Ψk L first","not_found","uncertain"
"pre.zip/lee22a.pdf","816","817","Proof of Theorems of NTK for CNN","not_found","uncertain"
"pre.zip/lee22a.pdf","820","821","For notational simpicity, we let","not_found","uncertain"
"pre.zip/lee22a.pdf","836","837","Then if we let","not_found","uncertain"
"pre.zip/lee22a.pdf","851","852","Note that 1d×d ∈Rd×d is a matrix whose entries are all 1","not_found","uncertain"
"pre.zip/lee22a.pdf","861","862","Thus, the scaled NTK is given by˜ΘL 0 = LC2 L","not_found","uncertain"
"pre.zip/lee22a.pdf","885","886","At initialization (t = 0), we have","not_found","uncertain"
"pre.zip/lee22a.pdf","891","892","For 1 ≤j ≤8 and any T > 0","not_found","uncertain"
"pre.zip/lee22a.pdf","949","950","Lemma 27 implies˜Ψk L(x, t) ≤˜Ψk L(x, 0) + �t","not_found","uncertain"
"pre.zip/lee22a.pdf","958","959","Let T > 0","not_found","uncertain"
"pre.zip/lee22a.pdf","999","1000","Let L(f) = 1","not_found","uncertain"
"pre.zip/lee22a.pdf","1001","1002","Zero-crossing does not happen during training CNN","not_found","uncertain"
"pre.zip/lee22a.pdf","1003","1004","For any T > 0, let","not_found","uncertain"
"pre.zip/lee22a.pdf","1006","1007","For ϵ′ > 0, let M = 1 + ϵ′","not_found","uncertain"
"pre.zip/lee22a.pdf","1010","1011","We define a complement of such event by","not_found","uncertain"
"pre.zip/lee22a.pdf","1014","1015","Since L2/CL →0 as L →∞, we have","not_found","uncertain"
"pre.zip/lee22a.pdf","1020","1021","Thus, there exists L1 such that","not_found","uncertain"
"pre.zip/lee22a.pdf","1036","1037","Consider a random element of intermediate pre-activation values","not_found","uncertain"
"pre.zip/lee22a.pdf","1056","1057","Then, since E0 is given","not_found","uncertain"
"pre.zip/lee22a.pdf","1080","1081","On the other hand, if E5 is given","not_found","uncertain"
"pre.zip/lee22a.pdf","1085","1086","This implies TL = T, which concludes the proof of Claim 2","not_found","uncertain"
"pre.zip/lee22a.pdf","1104","1105","Corollary 28 can be replaced by","not_found","uncertain"
"pre.zip/lee22a.pdf","1140","1141","Equalities and inequalities of sub layers for CNN","not_found","uncertain"
"pre.zip/lee22a.pdf","1142","1143","For 1 ≤l ≤L","not_found","uncertain"
"pre.zip/lee22a.pdf","1150","1151","For 1 ≤l ≤L","not_found","uncertain"
"pre.zip/lee22a.pdf","1157","1158","For t ≤0 and 1 ≤l ≤L","not_found","uncertain"
"pre.zip/lee22a.pdf","1173","1174","By the chain rule, we have ���∂t � ∂f l−1 c,i,jf l c′,s,u(x) ���� pin","not_found","uncertain"
"pre.zip/lee22a.pdf","1180","1181","For 1 ≤l ≤L and t ≤0","not_found","uncertain"
"pre.zip/lee22a.pdf","1188","1189","By the chain rule","not_found","uncertain"
"pre.zip/lee22a.pdf","1192","1193","Then, by previous Lemma 33","not_found","uncertain"
"pre.zip/lee22a.pdf","1214","1215","The proof is similar to that of Lemma 35","not_found","uncertain"
"pre.zip/lee22a.pdf","1230","1231","Proof of Lemma 25 for Proposition 4","not_found","uncertain"
"pre.zip/lee22a.pdf","1383","1384","Proof of Lemma 26 for Proposition 5","not_found","uncertain"
"pre.zip/lee22a.pdf","1497","1498","Proof of Lemma 27 for Proposition 6","not_found","uncertain"
"pre.zip/lee22a.pdf","1502","1503","Consider the derivative of˜Ψk L first","not_found","uncertain"
"pre.zip/lee22a.pdf","0","1","Exploring the uncertainty properties of neural networks’ implicit priors in the infinite-width limit","verified",""
"pre.zip/lee22a.pdf","1","2","A convergence theory for deep learning via over-parameterization","verified",""
"pre.zip/lee22a.pdf","2","3","A convergence analysis of gradient descent for deep linear neural networks","verified",""
"pre.zip/lee22a.pdf","3","4","Universal approximation bounds for superpositions of a sigmoidal function","verified",""
"pre.zip/lee22a.pdf","4","5","On the inductive bias of neural tangent kernels","verified",""
"pre.zip/lee22a.pdf","5","6","Neural ordinary differential equations","verified",""
"pre.zip/lee22a.pdf","6","7","A generalized neural tangent kernel analysis for two-layer neural networks","verified",""
"pre.zip/lee22a.pdf","7","8","On the global convergence of gradient descent for over-parameterized models using optimal transport","verified",""
"pre.zip/lee22a.pdf","8","9","On lazy training in differentiable programming","verified",""
"pre.zip/lee22a.pdf","9","10","Kernel methods for deep learning","verified",""
"pre.zip/lee22a.pdf","11","12","Approximation by superpositions of a sig-moidal function","verified",""
"pre.zip/lee22a.pdf","12","13","On the global convergence of gradient descent for multi-layer ResNets in the mean-field regime","verified",""
"pre.zip/lee22a.pdf","13","14","Overparame-terization of deep resnet: Zero loss and mean-field analysis","verified",""
"pre.zip/lee22a.pdf","14","15","Some Gronwall Type Inequalities and Applications","verified",""
"pre.zip/lee22a.pdf","15","16","Gradient descent finds global minima of deep neural networks","verified",""
"pre.zip/lee22a.pdf","16","17","Gradient descent provably optimizes over-parameterized neural networks","verified",""
"pre.zip/lee22a.pdf","17","18","On the approximate realization of continuous mappings by neural networks","verified",""
"pre.zip/lee22a.pdf","18","19","Disentangling feature and lazy training in deep neural networks","verified",""
"pre.zip/lee22a.pdf","20","21","Universal function approximation by deep neural nets with bounded width and ReLU activations","verified",""
"pre.zip/lee22a.pdf","21","22","Finite depth and width corrections to the neural tangent kernel","verified",""
"pre.zip/lee22a.pdf","22","23","Approximating continuous functions by ReLU nets of minimal width","verified",""
"pre.zip/lee22a.pdf","23","24","Convolutional neural networks at constrained time cost","verified",""
"pre.zip/lee22a.pdf","24","25","Delving deep into rectifiers: Surpassing human-level performance on ImageNet classification","verified",""
"pre.zip/lee22a.pdf","25","26","Approximation capabilities of multilayer feed-forward networks","verified",""
"pre.zip/lee22a.pdf","26","27","Why do deep residual networks generalize better than deep feedforward networks? — A neural tangent kernel perspective","verified",""
"pre.zip/lee22a.pdf","27","28","Neural tangent kernel: Convergence and generalization in neural networks","verified",""
"pre.zip/lee22a.pdf","28","29","Neural tangent kernels, transportation mappings, and universal approximation","verified",""
"pre.zip/lee22a.pdf","29","30","Deep, skinny neural networks are not universal approximators","verified",""
"pre.zip/lee22a.pdf","30","31","A simple lemma on greedy approximation in hilbert space and convergence rates for projection pursuit regression and neural network training","verified",""
"pre.zip/lee22a.pdf","31","32","Universal approximation with deep narrow networks","verified",""
"pre.zip/lee22a.pdf","32","33","Deep neural networks as gaussian processes","verified",""
"pre.zip/lee22a.pdf","33","34","Wide neural networks of any depth evolve as linear models under gradient descent","verified",""
"pre.zip/lee22a.pdf","34","35","Finite versus infinite neural networks: An empirical study","verified",""
"pre.zip/lee22a.pdf","35","36","Multilayer feedforward networks with a nonpolynomial activation function can approximate any function","verified",""
"pre.zip/lee22a.pdf","36","37","Learning overparameterized neural networks via stochastic gradient descent on structured data","verified",""
"pre.zip/lee22a.pdf","37","38","ResNet with one-neuron hidden layers is a universal approximator","verified",""
"pre.zip/lee22a.pdf","39","40","Deep network approximation for smooth functions","verified",""
"pre.zip/lee22a.pdf","40","41","A mean field analysis of deep resnet and beyond: Towards provably optimization via overparameterization from depth","verified",""
"pre.zip/lee22a.pdf","41","42","The expressive power of neural networks: A view from the width","verified",""
"pre.zip/lee22a.pdf","42","43","Gaussian process behaviour in wide deep neural networks","verified",""
"pre.zip/lee22a.pdf","43","44","A mean field view of the landscape of two-layer neural networks","verified",""
"pre.zip/lee22a.pdf","44","45","Priors for infinite networks","verified",""
"pre.zip/lee22a.pdf","45","46","Bayesian Learning for Neural Networks","verified",""
"pre.zip/lee22a.pdf","46","47","A rigorous framework for the mean field limit of multilayer neural networks","verified",""
"pre.zip/lee22a.pdf","47","48","Dataset distillation with infinitely wide convolutional networks","verified",""
"pre.zip/lee22a.pdf","48","49","Bayesian deep convolutional networks with many channels are gaussian processes","verified",""
"pre.zip/lee22a.pdf","49","50","Neural tangents: Fast and easy infinite neural networks in python","verified",""
"pre.zip/lee22a.pdf","50","51","Minimum width for universal approximation","verified",""
"pre.zip/lee22a.pdf","51","52","Infinitely deep neural networks as diffusion processes","verified",""
"pre.zip/lee22a.pdf","52","53","Doubly infinite residual neural networks: a diffusion process approach","verified",""
"pre.zip/lee22a.pdf","53","54","Resurrecting the sigmoid in deep learning through dynamical isometry: Theory and practice","verified",""
"pre.zip/lee22a.pdf","54","55","Global convergence of three-layer neural networks in the nean field regime","verified",""
"pre.zip/lee22a.pdf","55","56","Approximation theory of the MLP model in neural networks","verified",""
"pre.zip/lee22a.pdf","56","57","Random features for large-scale kernel machines","verified",""
"pre.zip/lee22a.pdf","57","58","Uniform approximation of functions with random bases","verified",""
"pre.zip/lee22a.pdf","58","59","Gaussian Processes in Machine Learning","verified",""
"pre.zip/lee22a.pdf","59","60","Gaussian Processes for Machine Learning","verified",""
"pre.zip/lee22a.pdf","60","61","Parameters as interacting particles: Long time convergence and asymptotic error scaling of neural networks","verified",""
"pre.zip/lee22a.pdf","61","62","Neuron birth-death dynamics accelerates gradient descent and converges asymptotically","verified",""
"pre.zip/lee22a.pdf","62","63","Exponential convergence time of gradient descent for one-dimensional deep linear neural networks","verified",""
"pre.zip/lee22a.pdf","63","64","On the infinite width limit of neural networks with a standard parameterization","verified",""
"pre.zip/lee22a.pdf","65","66","Theoretical insights into the optimization landscape of over-parameterized shallow neural networks","verified",""
"pre.zip/lee22a.pdf","66","67","Highway networks","verified",""
"pre.zip/lee22a.pdf","67","68","Universal approximation power of deep residual neural networks via nonlinear control theory","verified",""
"pre.zip/lee22a.pdf","68","69","Benefits of depth in neural networks","verified",""
"pre.zip/lee22a.pdf","69","70","Computing with infinite networks","verified",""
"pre.zip/lee22a.pdf","70","71","Kernel and rich regimes in overparametrized models","verified",""
"pre.zip/lee22a.pdf","71","72","Dynamical isometry and a mean field theory of CNNs: How to train 10,000-layer vanilla convolutional neural networks","verified",""
"pre.zip/lee22a.pdf","72","73","Scaling limits of wide neural networks with weight sharing: Gaussian process behavior, gradient independence, and neural tangent kernel derivation","verified",""
"pre.zip/lee22a.pdf","73","74","Understanding deep learning requires rethinking generalization","verified",""
"pre.zip/lee22a.pdf","74","75","Gradient descent optimizes over-parameterized deep ReLU networks","verified",""
"pre.zip/lee22a.pdf","87","88","Proof of Theorem 1","verified",""
"pre.zip/lee22a.pdf","139","140","Proof of Theorem 2","verified",""
"pre.zip/lee22a.pdf","256","257","Proof of Theorem 3","verified",""
"pre.zip/lee22a.pdf","818","819","Proof of Theorem 4","verified",""
"pre.zip/lee22a.pdf","876","877","Proof of Theorem 5","verified",""
"pre.zip/lee22a.pdf","998","999","Proof of Theorem 6","verified",""
"pre.zip/lee22h.pdf","10","11","Wordnet: An electronic lexical database","not_found","real"
"pre.zip/lee22h.pdf","29","30","Gaussian processes for global optimization","not_found","real"
"pre.zip/lee22h.pdf","51","52","24: Update the importance score αk ←�","not_found","uncertain"
"pre.zip/lee22h.pdf","52","53","25: end for 26: Return The best sequence sbest in �","not_found","uncertain"
"pre.zip/lee22h.pdf","53","54","GP Surrogate Model Fitting","not_found","uncertain"
"pre.zip/lee22h.pdf","61","62","For each GP parameter fitting step, we run Adam with a learning rate of 0.1 for 3 iterations starting from the GP parameter derived at the previous fitting step (warm start)","not_found","uncertain"
"pre.zip/lee22h.pdf","64","65","BLOCK DECOMPOSITION AND HISTORY SUBSAMPLING","not_found","uncertain"
"pre.zip/lee22h.pdf","72","73","Npost of BBA used in Table 1 (AG’s News, MR)","not_found","uncertain"
"pre.zip/lee22h.pdf","77","78","Npost of BBA used in Table 2 (IMDB, Yelp)","not_found","uncertain"
"pre.zip/lee22h.pdf","82","83","Npost of BBA used in Table 16 (XLNet-large, BERT-large)","not_found","uncertain"
"pre.zip/lee22h.pdf","87","88","Npost of BBA used in Table 17 (MNLI, QNLI)","not_found","uncertain"
"pre.zip/lee22h.pdf","92","93","Npost of BBA used in Table 18 (BAE)","not_found","uncertain"
"pre.zip/lee22h.pdf","103","104","• Movie Review (Pang & Lee, 2005): a sentence-level sentiment classification dataset which consists of positive and negative movie reviews from Rotten Tomatoes","not_found","uncertain"
"pre.zip/lee22h.pdf","106","107","The task is to judge the relationship between a pair of sentences, premise, and hypothesis","not_found","uncertain"
"pre.zip/lee22h.pdf","108","109","The description of the 28 symbols used in EC50 dataset","not_found","uncertain"
"pre.zip/lee22h.pdf","111","112","and 3 auxiliary tokens","not_found","uncertain"
"pre.zip/lee22h.pdf","112","113","For the textual entailment datasets, we focus on fine-tuned BERT-base as the victim model","not_found","uncertain"
"pre.zip/lee22h.pdf","113","114","Then, we consider these AWD-LSTM models as victim models","not_found","uncertain"
"pre.zip/lee22h.pdf","121","122","Details about Comparison in NLP","not_found","uncertain"
"pre.zip/lee22h.pdf","131","132","COMPARISON WITH PWWS AND PSO","not_found","uncertain"
"pre.zip/lee22h.pdf","132","133","Attack results against XLNet-large and BERT-large on IMDB, Yelp, and MR","not_found","uncertain"
"pre.zip/lee22h.pdf","150","151","Additional Baselines and Target Models","not_found","uncertain"
"pre.zip/lee22h.pdf","151","152","(BAE) in various datasets against BERT-base","not_found","uncertain"
"pre.zip/lee22h.pdf","0","1","Generating natural language adversarial examples","verified",""
"pre.zip/lee22h.pdf","2","3","Square attack: a query-efficient black-box adversarial attack via random search","verified",""
"pre.zip/lee22h.pdf","3","4","Batch bayesian optimization via simulation matching","verified",""
"pre.zip/lee22h.pdf","4","5","The SWISS-PROT Protein Sequence Data Bank and Its New Supplement TREMBL","verified",""
"pre.zip/lee22h.pdf","5","6","Bayesian optimization of combinatorial structures","verified",""
"pre.zip/lee22h.pdf","6","7","A framework for evaluating approximation methods for gaussian process regression","verified",""
"pre.zip/lee22h.pdf","7","8","BERT: Pre-training of deep bidirectional transformers for language understanding","verified",""
"pre.zip/lee22h.pdf","8","9","HowNet and its computation of meaning","verified",""
"pre.zip/lee22h.pdf","9","10","High-dimensional bayesian optimization with sparse axis-aligned subspaces","verified",""
"pre.zip/lee22h.pdf","11","12","A tutorial on bayesian optimization","verified",""
"pre.zip/lee22h.pdf","12","13","BAE: BERT-based adversarial examples for text classification","verified",""
"pre.zip/lee22h.pdf","13","14","Clustering to minimize the maximum in-tercluster distance","verified",""
"pre.zip/lee22h.pdf","16","17","Black-box adversarial attacks with limited queries and information","verified",""
"pre.zip/lee22h.pdf","17","18","Is bert really robust? a strong baseline for natural language attack on text classification and entailment","verified",""
"pre.zip/lee22h.pdf","18","19","High dimensional bayesian optimisation and bandits via additive models","verified",""
"pre.zip/lee22h.pdf","19","20","Adam: A method for stochastic optimization","verified",""
"pre.zip/lee22h.pdf","20","21","Determinantal point processes for machine learning","verified",""
"pre.zip/lee22h.pdf","21","22","BERT-ATTACK: Adversarial attack against BERT using BERT","verified",""
"pre.zip/lee22h.pdf","22","23","Learning word vectors for sentiment analysis","verified",""
"pre.zip/lee22h.pdf","24","25","A strong baseline for query efficient attacks in a black box setting","verified",""
"pre.zip/lee22h.pdf","25","26","Regularizing and optimizing LSTM language models","verified",""
"pre.zip/lee22h.pdf","26","27","TextAttack: A framework for adversarial attacks, data augmentation, and adversarial training in NLP","verified",""
"pre.zip/lee22h.pdf","27","28","Counter-fitting word vectors to linguistic constraints","verified",""
"pre.zip/lee22h.pdf","28","29","Combi-natorial bayesian optimization using the graph cartesian product","verified",""
"pre.zip/lee22h.pdf","30","31","Seeing stars: Exploiting class relationships for sentiment categorization with respect to rating scales","verified",""
"pre.zip/lee22h.pdf","31","32","Crafting adversarial input sequences for recurrent neural networks","verified",""
"pre.zip/lee22h.pdf","32","33","SQuAD: 100,000+ questions for machine comprehension of text","verified",""
"pre.zip/lee22h.pdf","33","34","Generating natural language adversarial examples through probability weighted word saliency","verified",""
"pre.zip/lee22h.pdf","34","35","Bayesopt adversarial attack","verified",""
"pre.zip/lee22h.pdf","35","36","Fast forward selection to speed up sparse gaussian process regression","verified",""
"pre.zip/lee22h.pdf","36","37","Taking the human out of the loop: A review of bayesian optimization","verified",""
"pre.zip/lee22h.pdf","37","38","Black-box adversarial attacks with bayesian optimization","verified",""
"pre.zip/lee22h.pdf","38","39","Practical bayesian optimization of machine learning algorithms","verified",""
"pre.zip/lee22h.pdf","39","40","UDSMProt: universal deep sequence models for protein classification","verified",""
"pre.zip/lee22h.pdf","40","41","Adversarial attacks on graph classifiers via bayesian optimisation","verified",""
"pre.zip/lee22h.pdf","41","42","Batched high-dimensional bayesian optimization via structural kernel learning","verified",""
"pre.zip/lee22h.pdf","42","43","A broad-coverage challenge corpus for sentence understanding through inference","verified",""
"pre.zip/lee22h.pdf","43","44","Transformers: State-of-the-art natural language processing","verified",""
"pre.zip/lee22h.pdf","44","45","The exchangeability of amino acids in proteins","verified",""
"pre.zip/lee22h.pdf","45","46","Xlnet: Generalized autoregres-sive pretraining for language understanding","verified",""
"pre.zip/lee22h.pdf","46","47","Searching for a search method: Benchmarking search algorithms for generating nlp adversarial examples","verified",""
"pre.zip/lee22h.pdf","47","48","Word-level textual adversarial attacking as combinatorial optimization","verified",""
"pre.zip/lee22h.pdf","48","49","Character-level convolutional networks for text classification","verified",""
"pre.zip/liu22c.pdf","17","18","Analysis tools with applications","not_found","real"
"pre.zip/liu22c.pdf","7","8","Nonpara-metric regression on low-dimensional manifolds using deep ReLU networks","mismatch","real"
"pre.zip/liu22c.pdf","46","47","Singular Integrals and Differentiability Properties of Functions","mismatch","real"
"pre.zip/liu22c.pdf","0","1","Multi-scale geometric methods for data sets II: Geometric multiresolution analysis","verified",""
"pre.zip/liu22c.pdf","1","2","Universal approximation bounds for superpositions of a sigmoidal function","verified",""
"pre.zip/liu22c.pdf","2","3","The Mathematical Theory of Finite Element Methods","verified",""
"pre.zip/liu22c.pdf","4","5","Language models are few-shot learners","verified",""
"pre.zip/liu22c.pdf","5","6","A universal law of robustness via isoperimetry","verified",""
"pre.zip/liu22c.pdf","6","7","Approximation of a function and its derivative with a neural network","verified",""
"pre.zip/liu22c.pdf","8","9","Doubly robust off-policy learning on low-dimensional manifolds by deep neural networks","verified",""
"pre.zip/liu22c.pdf","9","10","Approximation by ridge functions and neural networks with one hidden layer","verified",""
"pre.zip/liu22c.pdf","10","11","Deep nets for local manifold learning","verified",""
"pre.zip/liu22c.pdf","11","12","ReLU nets adapt to intrinsic dimensionality beyond the target domain","verified",""
"pre.zip/liu22c.pdf","12","13","Geometric diffusions as a tool for harmonic analysis and structure definition of data: Diffusion maps","verified",""
"pre.zip/liu22c.pdf","13","14","Springer Science & Business Media","verified",""
"pre.zip/liu22c.pdf","14","15","Approximation by superpositions of a sig-moidal function","verified",""
"pre.zip/liu22c.pdf","15","16","Bert: Pre-training of deep bidirectional transformers for language understanding","verified",""
"pre.zip/liu22c.pdf","16","17","An image is worth 16x16 words: Transformers for image recognition at scale","verified",""
"pre.zip/liu22c.pdf","18","19","Curvature measures","verified",""
"pre.zip/liu22c.pdf","19","20","On the approximate realization of continuous mappings by neural networks","verified",""
"pre.zip/liu22c.pdf","20","21","Explaining and harnessing adversarial examples","verified",""
"pre.zip/liu22c.pdf","21","22","Towards deep neural network architectures robust to adversarial examples","verified",""
"pre.zip/liu22c.pdf","22","23","Error bounds for approximations with deep ReLU neural networks in W s,p norms","verified",""
"pre.zip/liu22c.pdf","23","24","Formal guarantees on the robustness of a classifier against adversarial manipulation","verified",""
"pre.zip/liu22c.pdf","24","25","Simultaneous neural network approximations in Sobolev spaces","verified",""
"pre.zip/liu22c.pdf","25","26","Approximation capabilities of multilayer feed-forward networks","verified",""
"pre.zip/liu22c.pdf","26","27","Capabilities of three-layered per-ceptrons","verified",""
"pre.zip/liu22c.pdf","27","28","Riemannian Manifolds: An Introduction to Curvature","verified",""
"pre.zip/liu22c.pdf","28","29","Multilayer feedforward networks with a nonpolynomial activation function can approximate any function","verified",""
"pre.zip/liu22c.pdf","29","30","Besov function approximation and binary classification on low-dimensional manifolds using convolutional residual networks","verified",""
"pre.zip/liu22c.pdf","30","31","Deep nonparametric estimation of operators between infinite dimensional spaces","verified",""
"pre.zip/liu22c.pdf","31","32","Towards deep learning models resistant to adversarial attacks","verified",""
"pre.zip/liu22c.pdf","32","33","Neural networks for optimal approximation of smooth and analytic functions","verified",""
"pre.zip/liu22c.pdf","33","34","Virtual adversarial training: a regularization method for supervised and semi-supervised learning","verified",""
"pre.zip/liu22c.pdf","34","35","Error bounds for deep ReLU networks using the Kolmogorov–Arnold superposition theorem","verified",""
"pre.zip/liu22c.pdf","35","36","Adaptive approximation and estimation of deep neural network to intrinsic dimensionality","verified",""
"pre.zip/liu22c.pdf","36","37","Finding the homology of submanifolds with high confidence from random samples","verified",""
"pre.zip/liu22c.pdf","37","38","Approximation and non-parametric estimation of ResNet-type convolutional neural networks","verified",""
"pre.zip/liu22c.pdf","38","39","Equivalence of approximation by convolutional neural networks and fully-connected networks","verified",""
"pre.zip/liu22c.pdf","39","40","The intrinsic dimension of images and its impact on learning","verified",""
"pre.zip/liu22c.pdf","40","41","Nonlinear dimensionality reduction by locally linear embedding","verified",""
"pre.zip/liu22c.pdf","41","42","Deep ReLU network approximation of functions on a manifold","verified",""
"pre.zip/liu22c.pdf","42","43","Provable approximation properties for deep neural networks","verified",""
"pre.zip/liu22c.pdf","43","44","Deep network approximation characterized by number of neurons","verified",""
"pre.zip/liu22c.pdf","44","45","Generalized Sobolev spaces and their applications to boundary value problems of partial differential equations","verified",""
"pre.zip/liu22c.pdf","45","46","A comprehensive introduction to differential geometry","verified",""
"pre.zip/liu22c.pdf","47","48","Adaptivity of deep ReLU network for learning in Besov and mixed smooth Besov spaces: optimal rate and curse of dimensionality","verified",""
"pre.zip/liu22c.pdf","48","49","Deep learning is adaptive to intrinsic dimensionality of model smoothness in anisotropic Besov space","verified",""
"pre.zip/liu22c.pdf","49","50","A global geometric framework for nonlinear dimensionality reduction","verified",""
"pre.zip/liu22c.pdf","50","51","An Introduction to Manifolds","verified",""
"pre.zip/liu22c.pdf","51","52","Evaluating the robustness of neural networks: An extreme value theory approach","verified",""
"pre.zip/liu22c.pdf","52","53","Do wider neural networks really help adversarial robustness","verified",""
"pre.zip/liu22c.pdf","53","54","Error bounds for approximations with deep ReLU networks","verified",""
"pre.zip/liu22c.pdf","54","55","Wide residual networks","verified",""
"pre.zip/liu22c.pdf","55","56","Theoretically principled trade-off between robustness and accuracy","verified",""
"pre.zip/liu22c.pdf","56","57","Adversarially regularized policy learning guided by trajectory optimization","verified",""
"pre.zip/mori22a.pdf","3","4","Metasta-bility in reversible diffusion processes I","not_found","real"
"pre.zip/mori22a.pdf","36","37","Part II: Continuous time analysis","not_found","real"
"pre.zip/mori22a.pdf","44","45","List of approximations and their justifications","not_found","uncertain"
"pre.zip/mori22a.pdf","46","47","This approximation is justified if we are only interested in the outliers of the Hessian eigenvalues","not_found","uncertain"
"pre.zip/mori22a.pdf","57","58",", Jn(z))T is explicitly given by","not_found","uncertain"
"pre.zip/mori22a.pdf","59","60","It is known that the MPEP aligns with one of the eigenvectors of the Hessian (Xie et al., 2021)","not_found","uncertain"
"pre.zip/mori22a.pdf","63","64","The steady current J ∈Rn is aligned to the escape direction, and hence Je ̸= 0 and J⊥= 0 along the MPEP","not_found","uncertain"
"pre.zip/mori22a.pdf","79","80","Schematic illustration of the escape from a potential barrier","not_found","uncertain"
"pre.zip/mori22a.pdf","94","95","The total current Jτ in Eq. (34) is then expressed as","not_found","uncertain"
"pre.zip/mori22a.pdf","121","122","Hessian eigenvalues for a neural network in Section 5","not_found","uncertain"
"pre.zip/mori22a.pdf","0","1","Unveiling the predictive power of static structure in glassy systems","verified",""
"pre.zip/mori22a.pdf","1","2","Kramers’ Law: Validity , Derivations and Generalisations","verified",""
"pre.zip/mori22a.pdf","2","3","Metastable states, quasi-stationary distributions and soft measures","verified",""
"pre.zip/mori22a.pdf","4","5","A unified architecture for natural language processing: Deep neural networks with multitask learning","verified",""
"pre.zip/mori22a.pdf","5","6","The Activated Complex in Chemical Reactions","verified",""
"pre.zip/mori22a.pdf","6","7","Random Perturbations of Dynamical Systems","verified",""
"pre.zip/mori22a.pdf","7","8","Gradient Descent Happens in a Tiny Subspace","verified",""
"pre.zip/mori22a.pdf","8","9","The Heavy-Tail Phenomenon in SGD","verified",""
"pre.zip/mori22a.pdf","9","10","Deep neural networks for acoustic modeling in speech recognition: The shared views of four research groups","verified",""
"pre.zip/mori22a.pdf","10","11","Train longer, generalize better: closing the generalization gap in large batch training of neural networks","verified",""
"pre.zip/mori22a.pdf","11","12","Discovering Physical Concepts with Neural Networks","verified",""
"pre.zip/mori22a.pdf","12","13","Three Factors Influencing Minima in SGD","verified",""
"pre.zip/mori22a.pdf","13","14","On large-batch training for deep learning: Generalization gap and sharp minima","verified",""
"pre.zip/mori22a.pdf","14","15","Brownian motion in a field of force and the diffusion model of chemical reactions","verified",""
"pre.zip/mori22a.pdf","15","16","Imagenet classification with deep convolutional neural networks","verified",""
"pre.zip/mori22a.pdf","16","17","Statistical theory of the decay of metastable states","verified",""
"pre.zip/mori22a.pdf","17","18","Deep learning","verified",""
"pre.zip/mori22a.pdf","18","19","Measuring the Intrinsic Dimension of Objective Landscapes","verified",""
"pre.zip/mori22a.pdf","19","20","Stochastic modified equations and adaptive stochastic gradient algorithms","verified",""
"pre.zip/mori22a.pdf","20","21","Noise and Fluctuation of Finite Learning Rate Stochastic Gradient Descent","verified",""
"pre.zip/mori22a.pdf","21","22","Bayesian model comparison and backprop nets","verified",""
"pre.zip/mori22a.pdf","22","23","Escape problem for irreversible systems","verified",""
"pre.zip/mori22a.pdf","23","24","Dynamic of Stochastic Gradient Descent with State-Dependent Noise","verified",""
"pre.zip/mori22a.pdf","24","25","Stochastic differential equations: an introduction with applications","verified",""
"pre.zip/mori22a.pdf","25","26","The Full Spectrum of Deepnet Hessians at Scale: Dynamics with SGD Training and Sample Size","verified",""
"pre.zip/mori22a.pdf","26","27","Measurements of three-level hierarchical structure in the outliers in the spectrum of deepnet hessians","verified",""
"pre.zip/mori22a.pdf","27","28","Implicit Bias of SGD for Diagonal Linear Networks: a Provable Benefit of Stochasticity","verified",""
"pre.zip/mori22a.pdf","29","30","Deep Networks on Toroids: Removing Symmetries Reveals the Structure of Flat Regions in the Landscape Geometry","verified",""
"pre.zip/mori22a.pdf","30","31","Empirical analysis of the hessian of over-parametrized neural networks","verified",""
"pre.zip/mori22a.pdf","31","32","Approximation analysis of stochastic gradient langevin dynamics by using fokker-planck equation and ito process","verified",""
"pre.zip/mori22a.pdf","32","33","Machine learning the thermodynamic arrow of time","verified",""
"pre.zip/mori22a.pdf","33","34","Opening the Black Box of Deep Neural Networks via Information","verified",""
"pre.zip/mori22a.pdf","34","35","A tail-index analysis of stochastic gradient noise in deep neural networks","verified",""
"pre.zip/mori22a.pdf","35","36","A Bayesian perspective on generalization and stochastic gradient descent","verified",""
"pre.zip/mori22a.pdf","37","38","On the Noisy Gradient Descent that Generalizes as SGD","verified",""
"pre.zip/mori22a.pdf","38","39","How SGD selects the global minima in over-parameterized learning: A dynamical stability perspective","verified",""
"pre.zip/mori22a.pdf","39","40","A Diffusion Theory For Deep Learning Dynamics: Stochastic Gradient Descent Exponentially Favors Flat Minima","verified",""
"pre.zip/mori22a.pdf","40","41","Understanding Deep Learning Requires Rethinking of Generalization","verified",""
"pre.zip/mori22a.pdf","41","42","The anisotropic noise in stochastic gradient descent: Its behavior of escaping from sharp minima and regularization effects","verified",""
"pre.zip/mori22a.pdf","42","43","On Minibatch Noise: Discrete-Time SGD, Overparametrization, and Bayes","verified",""
"pre.zip/mori22a.pdf","47","48","Proof of Theorem 4","verified",""
"pre.zip/orecchia22a.pdf","16","17","Kyng, R., Liu, Y. P., Peng, R., Gutenberg, M. P., and Sachdeva, S. Maximum Flow and Minimum-Cost Flow in Almost-Linear Time","not_found","real"
"pre.zip/orecchia22a.pdf","34","35","Algorithmica","not_found","real"
"pre.zip/orecchia22a.pdf","76","77","The demands routed by these paths are defined to be the graph H returned by HybridImprove","not_found","uncertain"
"pre.zip/orecchia22a.pdf","87","88","Cut Improvement Analysis: Proof of Theorem 3","not_found","uncertain"
"pre.zip/orecchia22a.pdf","88","89","Valid s-t cuts and corresponding overlapping partitions","not_found","uncertain"
"pre.zip/orecchia22a.pdf","90","91","An s-t mincut (S′, T ′) in Gα is valid","not_found","uncertain"
"pre.zip/orecchia22a.pdf","94","95","Splits of overlapping partitions","not_found","uncertain"
"pre.zip/orecchia22a.pdf","97","98","Flow and cuts in Gα∗and their relation with the demand graph H","not_found","uncertain"
"pre.zip/orecchia22a.pdf","98","99","For any overlapping partition [A, B] of G","not_found","uncertain"
"pre.zip/orecchia22a.pdf","114","115","Together with the first part of the lemma, this yields","not_found","uncertain"
"pre.zip/orecchia22a.pdf","122","123","The proof for OverlapImprove is entirely analogous","not_found","uncertain"
"pre.zip/orecchia22a.pdf","123","124","Hence, performing binary search requires O(log |V | + log WG) s-t maxflow computations on graphs Gα in which capacities can be rescaled to be integral and at most |E|W 2 G","not_found","uncertain"
"pre.zip/orecchia22a.pdf","129","130","It departs in a small number of places from the theoretical description of the HybridImprove algorithm","not_found","uncertain"
"pre.zip/orecchia22a.pdf","135","136","BIGCLAM node coverage statistics in cExtractedDblp graph with n = 83114 vertices","not_found","uncertain"
"pre.zip/orecchia22a.pdf","136","137","The latter was disqualified because it required a quadratic number of iterations, which is computationally infeasible for larger graphs","not_found","uncertain"
"pre.zip/orecchia22a.pdf","148","149","Social networks overlook and range of running times on 5 executions","not_found","uncertain"
"pre.zip/orecchia22a.pdf","151","152","Large Social and Information Networks","not_found","uncertain"
"pre.zip/orecchia22a.pdf","152","153","Table 3 displays our selection of graphs, together with their diverse sizes, and the running time required by cm+improve","not_found","uncertain"
"pre.zip/orecchia22a.pdf","160","161","When our algorithm is run without a balance constraint the successive cuts identify the “whiskers” around the core of the graph (Leskovec et al., 2009)","not_found","uncertain"
"pre.zip/orecchia22a.pdf","1","2","Community detection in general stochastic block models: Fundamental limits and efficient algorithms for recovery","verified",""
"pre.zip/orecchia22a.pdf","2","3","On the separability of structural classes of communities","verified",""
"pre.zip/orecchia22a.pdf","3","4","Link communities reveal multiscale complexity in networks","verified",""
"pre.zip/orecchia22a.pdf","4","5","Network Flows: Theory, Algorithms, and Applications","verified",""
"pre.zip/orecchia22a.pdf","5","6","Mixed membership stochastic blockmodels","verified",""
"pre.zip/orecchia22a.pdf","7","8","An algorithm for improving graph partitions","verified",""
"pre.zip/orecchia22a.pdf","8","9","Overlapping clusters for distributed computation","verified",""
"pre.zip/orecchia22a.pdf","9","10","Expander flows, geometric embeddings and graph partitioning","verified",""
"pre.zip/orecchia22a.pdf","10","11","Expander flows, geometric embeddings and graph partitioning","verified",""
"pre.zip/orecchia22a.pdf","13","14","Finding overlapping communities in social networks: toward a rigorous approach","verified",""
"pre.zip/orecchia22a.pdf","14","15","I like her more than you: Self-determined communities","verified",""
"pre.zip/orecchia22a.pdf","17","18","On implementing the push—relabel method for the maximum flow problem","verified",""
"pre.zip/orecchia22a.pdf","18","19","Shortest paths algorithms: theory and experimental evaluation","verified",""
"pre.zip/orecchia22a.pdf","20","21","Weighted graph cuts without eigenvectors a multilevel approach","verified",""
"pre.zip/orecchia22a.pdf","21","22","Improved approximation algorithms for minimum-weight vertex separators","verified",""
"pre.zip/orecchia22a.pdf","22","23","A linear-time heuristic for improving network partitions","verified",""
"pre.zip/orecchia22a.pdf","24","25","Beyond the flow decomposition barrier","verified",""
"pre.zip/orecchia22a.pdf","26","27","Efficient discovery of overlapping communities in massive networks","verified",""
"pre.zip/orecchia22a.pdf","27","28","New spectral methods for ratio cut partitioning and clustering","verified",""
"pre.zip/orecchia22a.pdf","28","29","A multi-level algorithm for partitioning graphs","verified",""
"pre.zip/orecchia22a.pdf","29","30","On clusterings: Good, bad and spectral","verified",""
"pre.zip/orecchia22a.pdf","31","32","Parallel multilevel graph partitioning","verified",""
"pre.zip/orecchia22a.pdf","32","33","A fast and high quality multilevel scheme for partitioning irregular graphs","verified",""
"pre.zip/orecchia22a.pdf","33","34","Graph partitioning using single commodity flows","verified",""
"pre.zip/orecchia22a.pdf","35","36","A flow-based method for improving the expansion or conductance of graph cuts","verified",""
"pre.zip/orecchia22a.pdf","36","37","Overlapping stochastic block models with application to the French political blogosphere","verified",""
"pre.zip/orecchia22a.pdf","37","38","Multicommodity max-flow min-cut theorems and their use in designing approximation algorithms","verified",""
"pre.zip/orecchia22a.pdf","38","39","SNAP Datasets: Stanford large network dataset collection","verified",""
"pre.zip/orecchia22a.pdf","39","40","Statistical properties of community structure in large social and information networks","verified",""
"pre.zip/orecchia22a.pdf","40","41","Community structure in large networks: Natural cluster sizes and the absence of large well-defined clusters","verified",""
"pre.zip/orecchia22a.pdf","41","42","Motif clustering and overlapping clustering for social network analysis","verified",""
"pre.zip/orecchia22a.pdf","42","43","Clustering social networks","verified",""
"pre.zip/orecchia22a.pdf","43","44","Detecting overlapping protein complexes in protein-protein interaction networks","verified",""
"pre.zip/orecchia22a.pdf","44","45","Fast Approximation Algorithms for Graph Partitioning using Spectral and Semidefinite-Programming Techniques","verified",""
"pre.zip/orecchia22a.pdf","45","46","On partitioning graphs via single commodity flows","verified",""
"pre.zip/orecchia22a.pdf","46","47","An infinite latent attribute model for network data","verified",""
"pre.zip/orecchia22a.pdf","47","48","Optimal hierarchical decompositions for congestion minimization in networks","verified",""
"pre.zip/orecchia22a.pdf","49","50","Think Locally, Act Globally: Highly Balanced Graph Partitioning","verified",""
"pre.zip/orecchia22a.pdf","50","51","Normalized cuts and image segmentation","verified",""
"pre.zip/orecchia22a.pdf","51","52","Provably fast inference of latent features from networks: with applications to learning social circles and multilabel classification","verified",""
"pre.zip/orecchia22a.pdf","52","53","Matrix ex-ponentiated gradient updates for online learning and bregman projection","verified",""
"pre.zip/orecchia22a.pdf","53","54","A tutorial on spectral clustering","verified",""
"pre.zip/orecchia22a.pdf","54","55","Overlapping community detection using neighborhood-inflated seed expansion","verified",""
"pre.zip/orecchia22a.pdf","55","56","Community-affiliation graph model for overlapping network community detection","verified",""
"pre.zip/orecchia22a.pdf","56","57","Overlapping community detection at scale: a nonnegative matrix factorization approach","verified",""
"pre.zip/orecchia22a.pdf","57","58","Overlapping communities explain core–periphery organization of networks","verified",""
"pre.zip/orecchia22a.pdf","58","59","Defining and evaluating network communities based on ground-truth","verified",""
"pre.zip/orecchia22a.pdf","59","60","An information flow model for conflict and fission in small groups","verified",""
"pre.zip/orecchia22a.pdf","60","61","Graph-theoretical methods for detecting and describing gestalt clusters","verified",""
"pre.zip/orecchia22a.pdf","116","117","Proof of Theorem 3","verified",""
"pre.zip/price22a.pdf","56","57","","not_found","real"
"pre.zip/price22a.pdf","63","64","Bicriteria Hardness of Robust Regression","not_found","uncertain"
"pre.zip/price22a.pdf","64","65","We begin with some necessary setup","not_found","uncertain"
"pre.zip/price22a.pdf","69","70","Given an instance I of Bounded −MaxΓ3 −Lin, OPTR(I) ≥1","not_found","uncertain"
"pre.zip/price22a.pdf","75","76","Let κ and ε be constants so that 1−κ","not_found","uncertain"
"pre.zip/price22a.pdf","77","78","Sparse Regression Upper Bound for Binary Signals","not_found","uncertain"
"pre.zip/price22a.pdf","85","86","Sparse PCA with Limited Alphabet","not_found","uncertain"
"pre.zip/price22a.pdf","87","88","Algorithm 5 returns a u satisfying ∥u∥0 ≤k such that","not_found","uncertain"
"pre.zip/price22a.pdf","94","95","From the guarantees of Diameter, it follows that","not_found","uncertain"
"pre.zip/price22a.pdf","107","108","Problem E.1 is reducible to Problem E.2","not_found","uncertain"
"pre.zip/price22a.pdf","108","109","Simple Counter Examples to Natural Algorithms for Robust Regression","not_found","uncertain"
"pre.zip/price22a.pdf","110","111","First consider a greedy algorithm which fits a best fit linear regression on all data points and removes the k data points with the largest residuals, such as in Algorithm 1","not_found","uncertain"
"pre.zip/price22a.pdf","113","114","Greedy algorithm for robust regression","not_found","uncertain"
"pre.zip/price22a.pdf","117","118","Alternating minimization algorithm for robust regression","not_found","uncertain"
"pre.zip/price22a.pdf","118","119","Alternating algorithms have also been considered for robust regression in the distributional setting (Bhatia et al., 2015; 2017; Suggala et al., 2019)","not_found","uncertain"
"pre.zip/price22a.pdf","120","121","Polynomial-time Algorithm for Planted Instance of Robust Regression","not_found","uncertain"
"pre.zip/price22a.pdf","7","8","An automatic finite-sample robustness metric: Can dropping a little data change conclusions","mismatch","real"
"pre.zip/price22a.pdf","0","1","High-dimensional analysis of semidefinite relaxations for sparse principal components","verified",""
"pre.zip/price22a.pdf","1","2","Optimal data-dependent hashing for approximate near neighbors","verified",""
"pre.zip/price22a.pdf","2","3","Sparse PCA via bipartite matchings","verified",""
"pre.zip/price22a.pdf","4","5","Robust linear regression: optimal rates in polynomial time","verified",""
"pre.zip/price22a.pdf","5","6","Robust regression via hard thresholding","verified",""
"pre.zip/price22a.pdf","6","7","Consistent robust regression","verified",""
"pre.zip/price22a.pdf","8","9","Loading and correlations in the interpretation of principle compenents","verified",""
"pre.zip/price22a.pdf","9","10","The dantzig selector: Statistical estimation when p is much larger than n","verified",""
"pre.zip/price22a.pdf","10","11","Error correction via linear programming","verified",""
"pre.zip/price22a.pdf","11","12","On the approximability of sparse PCA","verified",""
"pre.zip/price22a.pdf","12","13","Applications of chebyshev polynomials to low-dimensional computational geometry","verified",""
"pre.zip/price22a.pdf","13","14","Atomic decomposition by basis pursuit","verified",""
"pre.zip/price22a.pdf","14","15","Approximation hardness for A class of sparse optimization problems","verified",""
"pre.zip/price22a.pdf","15","16","Optimal robust linear regression in nearly linear time","verified",""
"pre.zip/price22a.pdf","16","17","Approximation algorithms for sparse principal component analysis","verified",""
"pre.zip/price22a.pdf","17","18","A fast, provably accurate approximation algorithm for sparse principal component analysis reveals human genetic variation across the world","verified",""
"pre.zip/price22a.pdf","18","19","The null space problem i. complexity","verified",""
"pre.zip/price22a.pdf","19","20","A direct formulation for sparse PCA using semidefinite programming","verified",""
"pre.zip/price22a.pdf","20","21","Optimal solutions for sparse principal component analysis","verified",""
"pre.zip/price22a.pdf","22","23","Scaling law for recovering the sparsest element in a subspace","verified",""
"pre.zip/price22a.pdf","24","25","Efficient algorithms and lower bounds for robust linear regression","verified",""
"pre.zip/price22a.pdf","25","26","Sparse PCA: algorithms, adversarial perturbations and certificates","verified",""
"pre.zip/price22a.pdf","26","27","Sparse signal modeling in a scalable celp coder. 21st European Signal Processing Conference (EUSIPCO 2013)","verified",""
"pre.zip/price22a.pdf","27","28","Optimized sinus wave generation with compressed sensing for radar applications, 2013","verified",""
"pre.zip/price22a.pdf","28","29","Variable selection via nonconcave penalized likelihood and its oracle properties","verified",""
"pre.zip/price22a.pdf","29","30","Non-convex lasso-kind approach to compressed sensing for finite-valued signals","verified",""
"pre.zip/price22a.pdf","30","31","Variable selection is hard","verified",""
"pre.zip/price22a.pdf","31","32","A statistical view of some chemometrics regression tools","verified",""
"pre.zip/price22a.pdf","33","34","Approximate nearest neighbor: Towards removing the curse of dimensionality","verified",""
"pre.zip/price22a.pdf","34","35","Approximate sparse linear regression","verified",""
"pre.zip/price22a.pdf","35","36","Ridge regression: Biased estimation for nonorthogonal problems","verified",""
"pre.zip/price22a.pdf","36","37","Approximate nearest neighbors: towards removing the curse of dimensionality","verified",""
"pre.zip/price22a.pdf","37","38","Robust regression revisited: Acceleration and improved estimation rates","verified",""
"pre.zip/price22a.pdf","38","39","Rotation of principal components: choice of normalization constraints","verified",""
"pre.zip/price22a.pdf","39","40","A modified principal component technique based on the lasso","verified",""
"pre.zip/price22a.pdf","40","41","A* orthogonal matching pursuit: Best-first search for compressed sensing signal recovery","verified",""
"pre.zip/price22a.pdf","41","42","List-decodable linear regression","verified",""
"pre.zip/price22a.pdf","42","43","Compressed sensing for finite-valued signals","verified",""
"pre.zip/price22a.pdf","43","44","Efficient algorithms for outlier-robust regression","verified",""
"pre.zip/price22a.pdf","44","45","Matrix factorization techniques for recommender systems","verified",""
"pre.zip/price22a.pdf","45","46","Regularized m-estimators with nonconvexity: Statistical and algorithmic theory for local optima","verified",""
"pre.zip/price22a.pdf","46","47","Np-hardness and inapproximability of sparse PCA","verified",""
"pre.zip/price22a.pdf","47","48","Approximate nearest line search in high dimensions","verified",""
"pre.zip/price22a.pdf","48","49","Collaborative spectrum sensing from sparse observations using matrix completion for cognitive radio networks","verified",""
"pre.zip/price22a.pdf","49","50","Generalized spectral bounds for sparse LDA","verified",""
"pre.zip/price22a.pdf","51","52","Bcs: Compressive sensing for binary sparse signals","verified",""
"pre.zip/price22a.pdf","52","53","Sparse approximate solutions to linear systems","verified",""
"pre.zip/price22a.pdf","53","54","Hardness of max-2lin and max-3lin over integers, reals, and large cyclic groups","verified",""
"pre.zip/price22a.pdf","54","55","Spatial compressive sensing for mimo radar","verified",""
"pre.zip/price22a.pdf","55","56","Sparse principal component analysis via regularized low rank matrix approximation","verified",""
"pre.zip/price22a.pdf","57","58","Adaptive hard thresholding for near-optimal consistent robust regression","verified",""
"pre.zip/price22a.pdf","58","59","Regression shrinkage and selection via the lasso","verified",""
"pre.zip/price22a.pdf","59","60","Robust estimation via generalized quasi-gradients","verified",""
"pre.zip/price22a.pdf","60","61","Regularization and variable selection via the elastic net","verified",""
"pre.zip/price22a.pdf","61","62","Sparse principal component analysis","verified",""
"pre.zip/price22a.pdf","96","97","Proof of Theorem 5","verified",""
"pre.zip/qin22a.pdf","52","53","Derivation of ELBO for Stationary Environments","not_found","uncertain"
"pre.zip/qin22a.pdf","75","76","Derivation of ELBO for Non-stationary Environments","not_found","uncertain"
"pre.zip/qin22a.pdf","93","94","Probabilistic Generative Model of LSSAE","not_found","uncertain"
"pre.zip/qin22a.pdf","94","95","Additional Details on the Experimental Setup","not_found","uncertain"
"pre.zip/qin22a.pdf","97","98","Brief description of employed benchmarks in this work","not_found","uncertain"
"pre.zip/qin22a.pdf","99","100","The label is assigned using a circle curve as the decision boundary following (x −x0)2 + (y −y0)2 ≤r2, where (x0, y0) are the location of the center and r is the radius of this circle","not_found","uncertain"
"pre.zip/qin22a.pdf","100","101","The label is assigned using a sine curve as the decision boundary following y ≤sin(x)","not_found","uncertain"
"pre.zip/qin22a.pdf","101","102","We generate 19 domains via applying the rotations with degree of R = {0◦, 15◦, 30◦, ..., 180◦} on each domain","not_found","uncertain"
"pre.zip/qin22a.pdf","102","103","The portraits are taken over 108 years (1905-2013) across 26 states","not_found","uncertain"
"pre.zip/qin22a.pdf","103","104","Frames were updated at 3 minute intervals each with a resolution 320 × 320","not_found","uncertain"
"pre.zip/qin22a.pdf","104","105","We form 30 domains according to days","not_found","uncertain"
"pre.zip/qin22a.pdf","105","106","Model Architecture & Hyperparameters","not_found","uncertain"
"pre.zip/qin22a.pdf","108","109","Model architectures for different datasets","not_found","uncertain"
"pre.zip/qin22a.pdf","111","112","Implementation of Non-linear Encoder","not_found","uncertain"
"pre.zip/qin22a.pdf","112","113","Implementation of Non-linear Decoder","not_found","uncertain"
"pre.zip/qin22a.pdf","115","116","Implementation of MNIST ConvNet","not_found","uncertain"
"pre.zip/qin22a.pdf","116","117","Implementation of MNIST ConvTranNet","not_found","uncertain"
"pre.zip/qin22a.pdf","120","121","Besides, a dropout layer before the final linear layer is inserted","not_found","uncertain"
"pre.zip/qin22a.pdf","122","123","All models are optimized by Adam (Kingma & Ba, 2015)","not_found","uncertain"
"pre.zip/qin22a.pdf","123","124","Hyperparametes and their default values","not_found","uncertain"
"pre.zip/qin22a.pdf","0","1","Generalizing to unseen domains via distribution matching","verified",""
"pre.zip/qin22a.pdf","1","2","Metareg: Towards domain generalization using meta-regularization","verified",""
"pre.zip/qin22a.pdf","2","3","Generalizing from several related classification tasks to a new unlabeled sample","verified",""
"pre.zip/qin22a.pdf","3","4","Domain generalization by marginal transfer learning","verified",""
"pre.zip/qin22a.pdf","4","5","Gradual domain adaptation without indexed intermediate domains","verified",""
"pre.zip/qin22a.pdf","5","6","The ucr time series archive","verified",""
"pre.zip/qin22a.pdf","6","7","Domain generalization via model-agnostic learning of semantic features","verified",""
"pre.zip/qin22a.pdf","7","8","An information-theoretic approach to distribution shifts","verified",""
"pre.zip/qin22a.pdf","8","9","Domain generalization for object recognition with multi-task autoencoders","verified",""
"pre.zip/qin22a.pdf","9","10","A century of portraits: A visual historical record of american high school yearbooks","verified",""
"pre.zip/qin22a.pdf","10","11","Dlow: Domain flow for adaptation and generalization","verified",""
"pre.zip/qin22a.pdf","11","12","In search of lost domain generalization","verified",""
"pre.zip/qin22a.pdf","12","13","Disentangled recurrent wasserstein autoencoder","verified",""
"pre.zip/qin22a.pdf","13","14","Long short-term memory","verified",""
"pre.zip/qin22a.pdf","14","15","Continuous manifold based adaptation for evolving visual domains","verified",""
"pre.zip/qin22a.pdf","17","18","Diva: Domain invariant variational autoencoders","verified",""
"pre.zip/qin22a.pdf","18","19","Categorical reparameterization with gumbel-softmax","verified",""
"pre.zip/qin22a.pdf","19","20","Adam: A method for stochastic optimization","verified",""
"pre.zip/qin22a.pdf","20","21","Auto-encoding variational bayes","verified",""
"pre.zip/qin22a.pdf","21","22","Understanding self-training for gradual domain adaptation","verified",""
"pre.zip/qin22a.pdf","22","23","Continuous domain adaptation with variational domain-agnostic feature replay","verified",""
"pre.zip/qin22a.pdf","23","24","Learning to generalize: Meta-learning for domain generalization","verified",""
"pre.zip/qin22a.pdf","24","25","Domain generalization with adversarial feature learning","verified",""
"pre.zip/qin22a.pdf","25","26","Domain generalization and adaptation using low rank exemplar svms","verified",""
"pre.zip/qin22a.pdf","26","27","Learning to adapt to evolving domains","verified",""
"pre.zip/qin22a.pdf","27","28","The concrete distribution: A continuous relaxation of discrete random variables","verified",""
"pre.zip/qin22a.pdf","28","29","Adagraph: Unifying predictive and continuous domain adaptation through graphs","verified",""
"pre.zip/qin22a.pdf","29","30","Domain generalization via invariant feature representation","verified",""
"pre.zip/qin22a.pdf","30","31","Domain invariant representation learning with domain density transformations","verified",""
"pre.zip/qin22a.pdf","31","32","Learning explanations that are hard to vary","verified",""
"pre.zip/qin22a.pdf","32","33","Generative adversarial networks for markovian temporal dynamics: Stochastic continuous data generation","verified",""
"pre.zip/qin22a.pdf","33","34","Fast hoeffding drift detection method for evolving data streams","verified",""
"pre.zip/qin22a.pdf","34","35","The risks of invariant risk minimization","verified",""
"pre.zip/qin22a.pdf","35","36","Generalizing across domains via cross-gradient training","verified",""
"pre.zip/qin22a.pdf","36","37","Gradient matching for domain generalization","verified",""
"pre.zip/qin22a.pdf","37","38","Learning under nonstationarity: covariate shift and class-balance change","verified",""
"pre.zip/qin22a.pdf","38","39","Deep coral: Correlation alignment for deep domain adaptation","verified",""
"pre.zip/qin22a.pdf","39","40","Driftsurf: Stable-state/reactive-state learning under concept drift","verified",""
"pre.zip/qin22a.pdf","40","41","Unbiased look at dataset bias","verified",""
"pre.zip/qin22a.pdf","43","44","Chemical gas sensor drift compensation using classifier ensembles","verified",""
"pre.zip/qin22a.pdf","44","45","Generalizing to unseen domains via adversarial data augmentation","verified",""
"pre.zip/qin22a.pdf","45","46","Continuously indexed domain adaptation","verified",""
"pre.zip/qin22a.pdf","46","47","Variational disentanglement for domain generalization","verified",""
"pre.zip/qin22a.pdf","47","48","Incremental adversarial domain adaptation for continually changing environments","verified",""
"pre.zip/qin22a.pdf","48","49","Improve unsupervised domain adaptation with mixup training","verified",""
"pre.zip/qin22a.pdf","49","50","Disentangled sequential autoencoder","verified",""
"pre.zip/qin22a.pdf","50","51","Domain generalization with mixstyle","verified",""
"pre.zip/shen22b.pdf","55","56","Summary of Useful Notations and Reserved Parameters","not_found","uncertain"
"pre.zip/shen22b.pdf","71","72","Notations used in phase k of Algorithm 2","not_found","uncertain"
"pre.zip/shen22b.pdf","76","77","Consider any phase k of Algorithm 2","not_found","uncertain"
"pre.zip/shen22b.pdf","78","79","Therefore, when nk ≥˜Ω �1","not_found","uncertain"
"pre.zip/shen22b.pdf","83","84","Uniform convergence of metric-fairness loss","not_found","uncertain"
"pre.zip/shen22b.pdf","86","87","Therefore, for any α′ > 0","not_found","uncertain"
"pre.zip/shen22b.pdf","91","92","We consider the following hypothesis class","not_found","uncertain"
"pre.zip/shen22b.pdf","92","93","= � (x, x′) �→ ��w · x −w · x′��−ζ(x, x′) : w ∈Wk �","not_found","uncertain"
"pre.zip/shen22b.pdf","94","95","By Claim 2.17 of Yona & Rothblum (2018), we have","not_found","uncertain"
"pre.zip/shen22b.pdf","109","110","For example, below is implied by Proposition 36 of Shen & Zhang (2021)","not_found","uncertain"
"pre.zip/shen22b.pdf","110","111","With probability 1 −δ′, the following holds","not_found","uncertain"
"pre.zip/shen22b.pdf","115","116","Consider any phase k of Algorithm 2","not_found","uncertain"
"pre.zip/shen22b.pdf","117","118","This was originally discovered by Awasthi et al. (2017)","not_found","uncertain"
"pre.zip/shen22b.pdf","123","124","Due to our hyper-parameter setting, we have ρk = Θ( √","not_found","uncertain"
"pre.zip/shen22b.pdf","130","131","Denote by v∗ k the global optimum of the hinge loss minimization problem of Algorithm 2","not_found","uncertain"
"pre.zip/shen22b.pdf","138","139","The only minor difference in our analysis is that we need to incorporate the fairness constraint","not_found","uncertain"
"pre.zip/shen22b.pdf","140","141","For k = 1, note that w∗∈W1 and we draw samples from DX","not_found","uncertain"
"pre.zip/shen22b.pdf","156","157","This completes the proof","not_found","uncertain"
"pre.zip/shen22b.pdf","158","159","Let ˆvk = vk/ ∥vk∥2","not_found","uncertain"
"pre.zip/shen22b.pdf","161","162","By the sparsity of wk and w∗, and our choice ρk+1 = √","not_found","uncertain"
"pre.zip/shen22b.pdf","172","173","For any phase k, to ensure fairness, we required |Tk| ≥K· 1","not_found","uncertain"
"pre.zip/shen22b.pdf","177","178","Consequently, the total number of instances needed by Algorithm 2 is","not_found","uncertain"
"pre.zip/shen22b.pdf","183","184","There exist constants c1, c2 > 0 such that the following holds","not_found","uncertain"
"pre.zip/shen22b.pdf","185","186","There are absolute constants c3, c4 > 0 such that the following holds for all isotropic log-concave distributions DX","not_found","uncertain"
"pre.zip/shen22b.pdf","188","189","Consider a loss function L : Y × A →[0, 1] and a dominating cost function φ : Y × A →[0, 1]","not_found","uncertain"
"pre.zip/shen22b.pdf","5","6","Rademacher and gaussian complexities: Risk bounds and structural results","mismatch","real"
"pre.zip/shen22b.pdf","0","1","Learning and 1-bit compressed sensing under asymmetric noise","verified",""
"pre.zip/shen22b.pdf","1","2","The power of localization for efficiently learning linear separators with noise","verified",""
"pre.zip/shen22b.pdf","2","3","Active and passive learning of linear separators under log-concave distributions","verified",""
"pre.zip/shen22b.pdf","3","4","Agnostic active learning","verified",""
"pre.zip/shen22b.pdf","4","5","Margin based active learning","verified",""
"pre.zip/shen22b.pdf","6","7","Learning boolean functions in an infinite atribute space","verified",""
"pre.zip/shen22b.pdf","7","8","Learning in the presence of finitely or infinitely many irrelevant attributes","verified",""
"pre.zip/shen22b.pdf","8","9","Decoding by linear programming","verified",""
"pre.zip/shen22b.pdf","9","10","Atomic decomposition by basis pursuit","verified",""
"pre.zip/shen22b.pdf","10","11","A snapshot of the frontiers of fairness in machine learning","verified",""
"pre.zip/shen22b.pdf","11","12","Improving generalization with active learning","verified",""
"pre.zip/shen22b.pdf","13","14","Coarse sample complexity bounds for active learning","verified",""
"pre.zip/shen22b.pdf","14","15","The two faces of active learning","verified",""
"pre.zip/shen22b.pdf","15","16","Analysis of perceptron-based active learning","verified",""
"pre.zip/shen22b.pdf","16","17","A polynomial time algorithm for learning halfspaces with Tsybakov noise","verified",""
"pre.zip/shen22b.pdf","17","18","Learning halfspaces with Massart noise under structured distributions","verified",""
"pre.zip/shen22b.pdf","18","19","Retiring adult: New datasets for fair machine learning","verified",""
"pre.zip/shen22b.pdf","19","20","Compressed sensing","verified",""
"pre.zip/shen22b.pdf","20","21","Fairness under composition","verified",""
"pre.zip/shen22b.pdf","21","22","Fairness through awareness","verified",""
"pre.zip/shen22b.pdf","22","23","Individual fairness in pipelines","verified",""
"pre.zip/shen22b.pdf","23","24","Abstracting fairness: Oracles, metrics, and interpretability","verified",""
"pre.zip/shen22b.pdf","24","25","Certifying and removing disparate impact","verified",""
"pre.zip/shen22b.pdf","25","26","Online learning with an unknown fairness metric","verified",""
"pre.zip/shen22b.pdf","26","27","Equality of opportunity in supervised learning","verified",""
"pre.zip/shen22b.pdf","27","28","Decision theoretic generalizations of the PAC model for neural net and other learning applications","verified",""
"pre.zip/shen22b.pdf","28","29","On the complexity of linear prediction: Risk bounds, margin bounds, and regularization","verified",""
"pre.zip/shen22b.pdf","29","30","Toward efficient agnostic learning","verified",""
"pre.zip/shen22b.pdf","30","31","Preventing fairness gerrymandering: Auditing and learning for subgroup fairness","verified",""
"pre.zip/shen22b.pdf","31","32","Fairness through computationally-bounded awareness","verified",""
"pre.zip/shen22b.pdf","32","33","Inherent trade-offs in the fair determination of risk scores","verified",""
"pre.zip/shen22b.pdf","33","34","Learning quickly when irrelevant attributes abound: A new linear-threshold algorithm (extended abstract)","verified",""
"pre.zip/shen22b.pdf","34","35","Delayed impact of fair machine learning","verified",""
"pre.zip/shen22b.pdf","35","36","The implicit fairness criterion of unconstrained learning","verified",""
"pre.zip/shen22b.pdf","37","38","A survey on bias and fairness in machine learning","verified",""
"pre.zip/shen22b.pdf","38","39","The Perceptron: A probabilistic model for information storage and organization in the brain","verified",""
"pre.zip/shen22b.pdf","39","40","On the power of localized Perceptron for label-optimal learning of halfspaces with adversarial noise","verified",""
"pre.zip/shen22b.pdf","40","41","Sample-optimal PAC learning of halfspaces with malicious noise","verified",""
"pre.zip/shen22b.pdf","41","42","A tight bound of hard thresholding","verified",""
"pre.zip/shen22b.pdf","42","43","Attribute-efficient learning of half-spaces with malicious noise: Near-optimal label complexity and noise tolerance","verified",""
"pre.zip/shen22b.pdf","43","44","Regression shrinkage and selection via the Lasso","verified",""
"pre.zip/shen22b.pdf","44","45","Computational methods for sparse solution of linear inverse problems","verified",""
"pre.zip/shen22b.pdf","45","46","A theory of the learnable","verified",""
"pre.zip/shen22b.pdf","46","47","Learning disjunction of conjunctions","verified",""
"pre.zip/shen22b.pdf","47","48","A random-sampling-based algorithm for learning intersections of halfspaces","verified",""
"pre.zip/shen22b.pdf","48","49","Revisiting perceptron: Efficient and label-optimal learning of halfspaces","verified",""
"pre.zip/shen22b.pdf","49","50","Probably approximately metric-fair learning","verified",""
"pre.zip/shen22b.pdf","50","51","Learning fair representations","verified",""
"pre.zip/shen22b.pdf","51","52","Efficient active learning of sparse halfspaces","verified",""
"pre.zip/shen22b.pdf","52","53","Improved algorithms for efficient active learning halfspaces with Massart and Tsybakov noise","verified",""
"pre.zip/shen22b.pdf","53","54","Efficient active learning of sparse halfspaces with arbitrary bounded noise","verified",""
"pre.zip/shen22b.pdf","77","78","Proof of Theorem 12","verified",""
"pre.zip/song22a.pdf","47","48","Graph neural networks with het-erophily","not_found","real"
"pre.zip/song22a.pdf","50","51","The False Negative Rates in Section 3","not_found","uncertain"
"pre.zip/song22a.pdf","51","52","The Results of Three Benchmark Datasets (Homophilous Graphs)","not_found","uncertain"
"pre.zip/song22a.pdf","52","53","We observe consistent results with the main paper in that our method improves various imbalance handling algorithms by combining ours with these baselines","not_found","uncertain"
"pre.zip/song22a.pdf","53","54","The Results of Two Benchmark Datasets (Heterophilous Graphs)","not_found","uncertain"
"pre.zip/song22a.pdf","54","55","Chameleon and Squirrel (Rozemberczki et al., 2021) with the different imbalance ratio (ρ = 10)","not_found","uncertain"
"pre.zip/song22a.pdf","61","62","Label Distribution in Training Datasets","not_found","uncertain"
"pre.zip/song22a.pdf","63","64","Label distribution in training datasets [%]","not_found","uncertain"
"pre.zip/song22a.pdf","65","66","GCN (Welling & Kipf, 2016), GAT (Veličković et al., 2018) and GraphSAGE (Hamilton et al., 2017)","not_found","uncertain"
"pre.zip/song22a.pdf","67","68","For GraphSMOTE (Zhao et al., 2021), we select the model whose predicted edges have discrete values among multiple versions in that this setting shows superior performance in many datasets","not_found","uncertain"
"pre.zip/song22a.pdf","0","1","Mixhop: Higher-order graph convolutional architectures via sparsified neighborhood mixing","verified",""
"pre.zip/song22a.pdf","1","2","Ace: Ally complementary experts for solving long-tailed recognition in one-shot","verified",""
"pre.zip/song22a.pdf","2","3","Topology-Aware Margin Loss for Class-Imbalanced Node Classification","verified",""
"pre.zip/song22a.pdf","4","5","SMOTE: synthetic minority over-sampling technique","verified",""
"pre.zip/song22a.pdf","5","6","Topology-imbalance learning for semi-supervised node classification","verified",""
"pre.zip/song22a.pdf","6","7","Fastgcn: Fast learning with graph convolutional networks via importance sampling","verified",""
"pre.zip/song22a.pdf","7","8","Class-balanced loss based on effective number of samples","verified",""
"pre.zip/song22a.pdf","8","9","Inductive representation learning on large graphs","verified",""
"pre.zip/song22a.pdf","9","10","Disentangling label distribution for long-tailed visual recognition","verified",""
"pre.zip/song22a.pdf","10","11","The class imbalance problem: A systematic study","verified",""
"pre.zip/song22a.pdf","11","12","Universal graph convolutional networks","verified",""
"pre.zip/song22a.pdf","12","13","Decoupling representation and classifier for long-tailed recognition","verified",""
"pre.zip/song22a.pdf","13","14","Adam: A method for stochastic optimization","verified",""
"pre.zip/song22a.pdf","14","15","Large scale learning on non-homophilous graphs: New benchmarks and strong simple methods","verified",""
"pre.zip/song22a.pdf","15","16","Focal loss for dense object detection","verified",""
"pre.zip/song22a.pdf","16","17","Pick and choose: a gnn-based imbalanced learning approach for fraud detection","verified",""
"pre.zip/song22a.pdf","17","18","Long-tail learning via logit adjustment","verified",""
"pre.zip/song22a.pdf","18","19","Identifying fake accounts on social networks based on graph analysis and classification algorithms","verified",""
"pre.zip/song22a.pdf","19","20","Graphens: Neighbor-aware ego network synthesis for class-imbalanced node classification","verified",""
"pre.zip/song22a.pdf","20","21","Geomgcn: Geometric graph convolutional networks","verified",""
"pre.zip/song22a.pdf","21","22","Imgagn: Imbalanced network embedding via generative adversarial graph networks","verified",""
"pre.zip/song22a.pdf","22","23","Balanced meta-softmax for long-tailed visual recognition","verified",""
"pre.zip/song22a.pdf","23","24","Multi-scale attributed node embedding","verified",""
"pre.zip/song22a.pdf","24","25","Collective classification in network data","verified",""
"pre.zip/song22a.pdf","25","26","Multiclass imbalanced graph convolutional network learning","verified",""
"pre.zip/song22a.pdf","26","27","Dropout: a simple way to prevent neural networks from overfitting","verified",""
"pre.zip/song22a.pdf","27","28","Topology-Aware Margin Loss for Class-Imbalanced Node Classification","verified",""
"pre.zip/song22a.pdf","28","29","Equalization loss for long-tailed object recognition","verified",""
"pre.zip/song22a.pdf","29","30","Long-tailed classification by keeping the good and removing the bad momentum causal effect","verified",""
"pre.zip/song22a.pdf","30","31","Posterior re-calibration for imbalanced datasets","verified",""
"pre.zip/song22a.pdf","31","32","Graph attention networks","verified",""
"pre.zip/song22a.pdf","32","33","Rsg: A simple but effective module for learning imbalanced datasets","verified",""
"pre.zip/song22a.pdf","33","34","Seesaw loss for long-tailed instance segmentation","verified",""
"pre.zip/song22a.pdf","34","35","Adaptive class suppression loss for long-tail object detection","verified",""
"pre.zip/song22a.pdf","35","36","Long-tailed recognition by routing diverse distribution-aware experts","verified",""
"pre.zip/song22a.pdf","36","37","Network embedding with completely-imbalanced labels","verified",""
"pre.zip/song22a.pdf","37","38","Semi-supervised classification with graph convolutional networks","verified",""
"pre.zip/song22a.pdf","38","39","Learning from multiple experts: Self-paced knowledge distillation for long-tailed classification","verified",""
"pre.zip/song22a.pdf","39","40","Class-weighted classification: Trade-offs and robust approaches","verified",""
"pre.zip/song22a.pdf","40","41","Diverse message passing for attribute with heterophily","verified",""
"pre.zip/song22a.pdf","41","42","Revisiting semi-supervised learning with graph embeddings","verified",""
"pre.zip/song22a.pdf","42","43","Graph convolutional neural networks for web-scale recommender systems","verified",""
"pre.zip/song22a.pdf","43","44","Bag of tricks for long-tailed visual recognition with deep convolutional neural networks","verified",""
"pre.zip/song22a.pdf","44","45","Graphsmote: Imbalanced node classification on graphs with graph neural networks","verified",""
"pre.zip/song22a.pdf","45","46","Bbn: Bilateral-branch network with cumulative learning for long-tailed visual recognition","verified",""
"pre.zip/song22a.pdf","46","47","Beyond homophily in graph neural networks: Current limitations and effective designs","verified",""
"pre.zip/song22a.pdf","48","49","Topology-Aware Margin Loss for Class-Imbalanced Node Classification","verified",""
"pre.zip/song22a.pdf","55","56","Topology-Aware Margin Loss for Class-Imbalanced Node Classification","verified",""
"pre.zip/song22a.pdf","57","58","Topology-Aware Margin Loss for Class-Imbalanced Node Classification","verified",""
"pre.zip/song22a.pdf","59","60","Topology-Aware Margin Loss for Class-Imbalanced Node Classification","verified",""
"pre.zip/thaker22a.pdf","9","10","3–14, New York, NY, USA, 2017a","not_found","uncertain"
"pre.zip/thaker22a.pdf","97","98","It holds that cos (γ1,2(±D)) = R(Ko ℓ1,2(±D))","not_found","uncertain"
"pre.zip/thaker22a.pdf","99","100","Our proof is based on that of the relevant result for the sparse recovery given in (Robinson et al., 2019)","not_found","uncertain"
"pre.zip/thaker22a.pdf","109","110","We have that ∥w∗∥2 = 1 and ¯v satisfies the constraints appearing the","not_found","uncertain"
"pre.zip/thaker22a.pdf","122","123","We will prove the theorem by showing that the condition","not_found","uncertain"
"pre.zip/thaker22a.pdf","145","146","Let us define the following constrained optimization problem","not_found","uncertain"
"pre.zip/thaker22a.pdf","150","151","Derivation of the Active Set Homotopy Algorithm and Algorithm Details","not_found","uncertain"
"pre.zip/thaker22a.pdf","156","157","Namely, the value of the regularization parameters depends on the residual x′ −Dsc∗ s −Dac∗ a, which we denote as o∗or the oracle point","not_found","uncertain"
"pre.zip/thaker22a.pdf","160","161","Network Architecture for the MNIST dataset","not_found","uncertain"
"pre.zip/thaker22a.pdf","162","163","Qualitative experiments on the reconstruction of a digit from the MNIST dataset","not_found","uncertain"
"pre.zip/thaker22a.pdf","163","164","Extended Experiments on MNIST Dataset","not_found","uncertain"
"pre.zip/thaker22a.pdf","0","1","A rewriting system for convex optimization problems","verified",""
"pre.zip/thaker22a.pdf","1","2","On the robustness of the cvpr 2018 white-box adversarial example defenses","verified",""
"pre.zip/thaker22a.pdf","2","3","Mad max: Affine spline insights into deep learning","verified",""
"pre.zip/thaker22a.pdf","3","4","Lambertian reflection and linear subspaces","verified",""
"pre.zip/thaker22a.pdf","4","5","What is the set of images of an object under all possible illumination conditions?","verified",""
"pre.zip/thaker22a.pdf","5","6","Evasion attacks against machine learning at test time","verified",""
"pre.zip/thaker22a.pdf","6","7","Anomalous example detection in deep learning: A survey","verified",""
"pre.zip/thaker22a.pdf","7","8","Stable signal recovery from incomplete and inaccurate measurements","verified",""
"pre.zip/thaker22a.pdf","8","9","Adversarial examples are not easily detected: Bypassing ten detection methods","verified",""
"pre.zip/thaker22a.pdf","10","11","Towards Evaluating the Robustness of Neural Networks","verified",""
"pre.zip/thaker22a.pdf","11","12","Towards evaluating the robustness of neural networks","verified",""
"pre.zip/thaker22a.pdf","12","13","Sparse modeling of human actions from motion imagery","verified",""
"pre.zip/thaker22a.pdf","13","14","Certified adversarial robustness via randomized smoothing","verified",""
"pre.zip/thaker22a.pdf","14","15","Provable robustness against all adversarial lp-perturbations for p ≥1","verified",""
"pre.zip/thaker22a.pdf","15","16","CVXPY: A Python-embedded modeling language for convex optimization","verified",""
"pre.zip/thaker22a.pdf","16","17","Boosting adversarial attacks with momentum","verified",""
"pre.zip/thaker22a.pdf","17","18","Sparse manifold clustering and embedding","verified",""
"pre.zip/thaker22a.pdf","18","19","Block-sparse recovery via convex optimization","verified",""
"pre.zip/thaker22a.pdf","19","20","Sparse subspace clustering: Algorithm, theory, and applications","verified",""
"pre.zip/thaker22a.pdf","20","21","Exemplar-based sparse representations for noise robust automatic speech recognition","verified",""
"pre.zip/thaker22a.pdf","21","22","Explaining and harnessing adversarial examples","verified",""
"pre.zip/thaker22a.pdf","22","23","On the (statistical) detection of adversarial examples","verified",""
"pre.zip/thaker22a.pdf","24","25","Clustering appearances of objects under varying illumination conditions","verified",""
"pre.zip/thaker22a.pdf","25","26","Sparse modeling for image and vision processing","verified",""
"pre.zip/thaker22a.pdf","26","27","Adversarial machine learning at scale","verified",""
"pre.zip/thaker22a.pdf","27","28","Towards robust, locally linear deep networks","verified",""
"pre.zip/thaker22a.pdf","28","29","Acquiring linear subspaces for face recognition under variable lighting","verified",""
"pre.zip/thaker22a.pdf","29","30","Towards deep learning models resistant to adversarial attacks","verified",""
"pre.zip/thaker22a.pdf","30","31","Towards deep learning models resistant to adversarial attacks","verified",""
"pre.zip/thaker22a.pdf","31","32","Towards deep learning models resistant to adversarial attacks","verified",""
"pre.zip/thaker22a.pdf","32","33","Adversarial robustness against the union of multiple perturbation models","verified",""
"pre.zip/thaker22a.pdf","33","34","Discriminative learned dictionaries for local image analysis","verified",""
"pre.zip/thaker22a.pdf","34","35","Homo-topy continuation for sparse signal representation","verified",""
"pre.zip/thaker22a.pdf","35","36","On detecting adversarial perturbations","verified",""
"pre.zip/thaker22a.pdf","36","37","Virtual adversarial training: A regularization method for supervised and semi-supervised learning","verified",""
"pre.zip/thaker22a.pdf","37","38","Divide, denoise, and defend against adversarial attacks","verified",""
"pre.zip/thaker22a.pdf","38","39","On the limitations of denoising strategies as adversarial defenses","verified",""
"pre.zip/thaker22a.pdf","39","40","Distillation as a defense to adversarial perturbations against deep neural networks","verified",""
"pre.zip/thaker22a.pdf","40","41","Basis pursuit and orthogonal matching pursuit for subspace-preserving recovery: Theoretical analysis","verified",""
"pre.zip/thaker22a.pdf","41","42","Decoupling direction and norm for efficient gradient-based l2 adversarial attacks and defenses","verified",""
"pre.zip/thaker22a.pdf","42","43","Nonlinear dimensionality reduction by locally linear embedding","verified",""
"pre.zip/thaker22a.pdf","43","44","Exemplar-based sparse representation features: From timit to lvcsr","verified",""
"pre.zip/thaker22a.pdf","44","45","Defense-GAN: Protecting classifiers against adversarial attacks using generative models","verified",""
"pre.zip/thaker22a.pdf","45","46","Locally linear attributes of relu neural networks","verified",""
"pre.zip/thaker22a.pdf","48","49","Adversarial training and robustness for multiple perturbations","verified",""
"pre.zip/thaker22a.pdf","49","50","Adversarial risk and the dangers of evaluating against weak attacks","verified",""
"pre.zip/thaker22a.pdf","50","51","Atomic representation-based classification: theory, algorithm, and applications","verified",""
"pre.zip/thaker22a.pdf","51","52","Dense error correction via ℓ1-minimization","verified",""
"pre.zip/thaker22a.pdf","52","53","Robust face recognition via sparse representation","verified",""
"pre.zip/thaker22a.pdf","53","54","Sparse representation for computer vision and pattern recognitiong","verified",""
"pre.zip/thaker22a.pdf","54","55","Distributed recognition of human actions using wearable motion sensor networks","verified",""
"pre.zip/thaker22a.pdf","55","56","Linear spatial pyramid matching using sparse coding for image classification","verified",""
"pre.zip/thaker22a.pdf","56","57","Lars-type algorithm for group lasso","verified",""
"pre.zip/thaker22a.pdf","57","58","Geometric conditions for subspace-sparse recovery","verified",""
"pre.zip/thaker22a.pdf","59","60","Theoretically principled trade-off between robustness and accuracy","verified",""
"pre.zip/thaker22a.pdf","60","61","Improving the robustness of deep neural networks via stability training","verified",""
"pre.zip/thaker22a.pdf","64","65","Proof of Proposition 5.1","verified",""
"pre.zip/thaker22a.pdf","116","117","Proof of Theorem 5","verified",""
"pre.zip/thaker22a.pdf","142","143","Proof of Theorem 5","verified",""
"pre.zip/vakili22a.pdf","19","20","G., Hensman, J., Turner, R., and Ghahra-mani, Z","not_found","real"
"pre.zip/vakili22a.pdf","21","22","The application of Bayesian methods for seeking the extremum","not_found","real"
"pre.zip/vakili22a.pdf","44","45","Summary of Main Notation","not_found","uncertain"
"pre.zip/vakili22a.pdf","52","53","Proof of Theorem 3.2 (Decomposition of the Approximate Posterior Variance)","not_found","uncertain"
"pre.zip/vakili22a.pdf","67","68","For any positive definite kernel k on X and Zm ∈X m, we have","not_found","uncertain"
"pre.zip/vakili22a.pdf","84","85","Proof of Theorem 3.5 (Confidence Interval)","not_found","uncertain"
"pre.zip/vakili22a.pdf","89","90","The first term is bounded as follows","not_found","uncertain"
"pre.zip/vakili22a.pdf","91","92","The second term is bounded as follows","not_found","uncertain"
"pre.zip/vakili22a.pdf","93","94","To bound the third term, we use the following known result","not_found","uncertain"
"pre.zip/vakili22a.pdf","97","98","Using Lemma D.1, we can write","not_found","uncertain"
"pre.zip/vakili22a.pdf","107","108","This is formalized in the following lemma","not_found","uncertain"
"pre.zip/vakili22a.pdf","111","112","Relaxing the Sub-Gaussian Noise Assumption","not_found","uncertain"
"pre.zip/vakili22a.pdf","124","125","Proof of Corollary 3.7 (Uniform Confidence Intervals on Continuous Domains)","not_found","uncertain"
"pre.zip/vakili22a.pdf","130","131","By Lemma F.1, we have Pr[E] ≥1−δ","not_found","uncertain"
"pre.zip/vakili22a.pdf","132","133","That is, for any g ∈Hk with ∥g∥Hk ≤C ¯µn k ( δ","not_found","uncertain"
"pre.zip/vakili22a.pdf","39","40","Connections and equivalences between the Nyström method and sparse variational Gaussian processes","mismatch","real"
"pre.zip/vakili22a.pdf","0","1","TensorFlow: Large-scale machine learning on heterogeneous systems","verified",""
"pre.zip/vakili22a.pdf","1","2","Fast randomized kernel methods with statistical guarantees","verified",""
"pre.zip/vakili22a.pdf","2","3","Convergence of series of dependent φ-subgaussian random variables","verified",""
"pre.zip/vakili22a.pdf","3","4","Rates of convergence for sparse variational Gaussian process regression","verified",""
"pre.zip/vakili22a.pdf","4","5","Convergence of sparse variational inference in Gaussian processes regression","verified",""
"pre.zip/vakili22a.pdf","5","6","Gaussian process optimization with adaptive sketching: Scalable and no regret","verified",""
"pre.zip/vakili22a.pdf","6","7","Scaling Gaussian process optimization by evaluating a few unique candidates multiple times","verified",""
"pre.zip/vakili22a.pdf","7","8","High-dimensional experimental design and kernel bandits","verified",""
"pre.zip/vakili22a.pdf","8","9","Locally sub-Gaussian random variable and the strong law of large numbers","verified",""
"pre.zip/vakili22a.pdf","9","10","Fast statistical leverage score approximation in kernel ridge regression","verified",""
"pre.zip/vakili22a.pdf","10","11","On kernelized multi-armed bandits","verified",""
"pre.zip/vakili22a.pdf","11","12","Elements of information theory","verified",""
"pre.zip/vakili22a.pdf","12","13","Gaussian processes for big data","verified",""
"pre.zip/vakili22a.pdf","13","14","Bandit optimisation of functions in the matern kernel RKHS","verified",""
"pre.zip/vakili22a.pdf","14","15","Gaussian processes and kernel methods: A review on connections and equivalences","verified",""
"pre.zip/vakili22a.pdf","15","16","Gaussian process bandit optimization with few batches","verified",""
"pre.zip/vakili22a.pdf","16","17","Optimal rates of sketched-regularized algorithms for least-squares regression over Hilbert spaces","verified",""
"pre.zip/vakili22a.pdf","17","18","When Gaussian process meets big data: A review of scalable GPs","verified",""
"pre.zip/vakili22a.pdf","20","21","GPflow: A Gaussian process library using TensorFlow","verified",""
"pre.zip/vakili22a.pdf","22","23","Recursive sampling for the Nyström method","verified",""
"pre.zip/vakili22a.pdf","23","24","Contraction rates for sparse variational approximations in Gaussian process regression","verified",""
"pre.zip/vakili22a.pdf","24","25","Gaussian Processes for Machine Learning","verified",""
"pre.zip/vakili22a.pdf","25","26","Sparse Gaussian processes revisited: Bayesian approaches to inducing-variable approximations","verified",""
"pre.zip/vakili22a.pdf","26","27","Less is more: Nyström computational regularization","verified",""
"pre.zip/vakili22a.pdf","27","28","A domain-shrinking based Bayesian optimization algorithm with order-optimal regret performance","verified",""
"pre.zip/vakili22a.pdf","28","29","Lower bounds on regret for noisy Gaussian process bandit optimization","verified",""
"pre.zip/vakili22a.pdf","29","30","Learning with kernels: support vector machines, regularization, optimization, and beyond","verified",""
"pre.zip/vakili22a.pdf","30","31","Fast forward selection to speed up sparse Gaussian process regression","verified",""
"pre.zip/vakili22a.pdf","31","32","Taking the human out of the loop: A review of Bayesian optimization","verified",""
"pre.zip/vakili22a.pdf","32","33","Gaussian process optimization in the bandit setting: No regret and experimental design","verified",""
"pre.zip/vakili22a.pdf","33","34","Variational learning of inducing variables in sparse Gaussian processes","verified",""
"pre.zip/vakili22a.pdf","34","35","Optimal order simple regret for Gaussian process bandits","verified",""
"pre.zip/vakili22a.pdf","35","36","Uniform generalization bounds for overparameterized neural networks","verified",""
"pre.zip/vakili22a.pdf","36","37","On information gain and regret bounds in Gaussian process bandits","verified",""
"pre.zip/vakili22a.pdf","37","38","Scalable Thompson sampling using sparse Gaussian process models","verified",""
"pre.zip/vakili22a.pdf","38","39","Finite-time analysis of kernelised contextual bandits","verified",""
"pre.zip/vakili22a.pdf","40","41","Using the Nyström method to speed up kernel machines","verified",""
"pre.zip/vakili22a.pdf","41","42","Efficient kernelized UCB for contextual bandits","verified",""
"pre.zip/vakili22a.pdf","42","43","Learning bounds for kernel regression using effective data dimensionality","verified",""
"pre.zip/wang22aa.pdf","56","57","Shift-invariant pattern recognition neural network and its optical architecture","not_found","real"
"pre.zip/wang22aa.pdf","34","35","Approximately Equivariant Networks for Imperfectly Symmetric Dynamics Maron, H., Ben-Hamu, H., Shamir, N., and Lipman, Y. Invariant and equivariant graph networks","mismatch","uncertain"
"pre.zip/wang22aa.pdf","40","41","Learning equivariances and partial equivariances from data","mismatch","real"
"pre.zip/wang22aa.pdf","0","1","Forecasting sequential data using consistent koopman autoencoders","verified",""
"pre.zip/wang22aa.pdf","1","2","Equivariant neural networks and equivarification","verified",""
"pre.zip/wang22aa.pdf","2","3","Relational inductive biases, deep learning, and graph networks","verified",""
"pre.zip/wang22aa.pdf","3","4","Measurements of turbulent convection speeds in multistream jets using time-resolved piv","verified",""
"pre.zip/wang22aa.pdf","4","5","Geometric deep learning: Grids, groups, graphs, geodesics, and gauges","verified",""
"pre.zip/wang22aa.pdf","5","6","Spectral networks and locally connected networks on graphs","verified",""
"pre.zip/wang22aa.pdf","6","7","Neural ordinary differential equations","verified",""
"pre.zip/wang22aa.pdf","7","8","Rotation equivariance and invariance in convolutional neural networks","verified",""
"pre.zip/wang22aa.pdf","8","9","Group equivariant convolutional networks","verified",""
"pre.zip/wang22aa.pdf","9","10","A general theory of equivariant cnns on homogeneous spaces","verified",""
"pre.zip/wang22aa.pdf","10","11","Steerable CNNs","verified",""
"pre.zip/wang22aa.pdf","11","12","Steerable cnns","verified",""
"pre.zip/wang22aa.pdf","12","13","Gauge equivariant convolutional networks and the icosa-hedral CNN","verified",""
"pre.zip/wang22aa.pdf","13","14","Lagrangian neural networks","verified",""
"pre.zip/wang22aa.pdf","14","15","Exploiting cyclic symmetry in convolutional neural networks","verified",""
"pre.zip/wang22aa.pdf","15","16","Revisiting spatial invariance with low-rank local connectivity","verified",""
"pre.zip/wang22aa.pdf","16","17","Generalizing convolutional neural networks for equivariance to lie groups on arbitrary continuous data","verified",""
"pre.zip/wang22aa.pdf","17","18","Residual pathway priors for soft equivariance constraints","verified",""
"pre.zip/wang22aa.pdf","18","19","Neocognitron: A self-organizing neural network model for a mechanism of visual pattern recognition","verified",""
"pre.zip/wang22aa.pdf","19","20","Scale steerable filters for locally scale-invariant convolutional neural networks","verified",""
"pre.zip/wang22aa.pdf","21","22","Augmenting physical models with deep networks for complex dynamics forecasting","verified",""
"pre.zip/wang22aa.pdf","22","23","Transforming auto-encoders","verified",""
"pre.zip/wang22aa.pdf","23","24","Long short-term memory","verified",""
"pre.zip/wang22aa.pdf","24","25","Equivariant learning of stochastic fields: Gaussian processes and steerable conditional neural processes","verified",""
"pre.zip/wang22aa.pdf","25","26","phiflow: A differentiable pde solving framework for deep learning via physical simulations","verified",""
"pre.zip/wang22aa.pdf","26","27","Turbulence, coherent structures, dynamical systems and symmetry","verified",""
"pre.zip/wang22aa.pdf","27","28","Learning stable deep dynamics models","verified",""
"pre.zip/wang22aa.pdf","28","29","On the generalization of equivariance and convolution in neural networks to the action of compact groups","verified",""
"pre.zip/wang22aa.pdf","29","30","Imagenet classification with deep convolutional neural networks","verified",""
"pre.zip/wang22aa.pdf","30","31","Backpropagation applied to handwritten zip code recognition","verified",""
"pre.zip/wang22aa.pdf","31","32","Understanding image representations by measuring their equivariance and equivalence","verified",""
"pre.zip/wang22aa.pdf","32","33","Fourier neural operator for parametric partial differential equations","verified",""
"pre.zip/wang22aa.pdf","33","34","Deep lagrangian networks: Using physics as model prior for deep learning","verified",""
"pre.zip/wang22aa.pdf","35","36","Invariant and equivariant graph networks","verified",""
"pre.zip/wang22aa.pdf","36","37","On learning sets of symmetric elements","verified",""
"pre.zip/wang22aa.pdf","37","38","Learning mesh-based simulation with graph networks","verified",""
"pre.zip/wang22aa.pdf","38","39","Physics informed deep learning (part i): Data-driven solutions of nonlinear partial differential equations","verified",""
"pre.zip/wang22aa.pdf","39","40","Equivariance through parameter-sharing","verified",""
"pre.zip/wang22aa.pdf","41","42","Learning representations by back-propagating errors","verified",""
"pre.zip/wang22aa.pdf","42","43","Dynamic routing between capsules","verified",""
"pre.zip/wang22aa.pdf","43","44","E(n) equivariant graph neural networks","verified",""
"pre.zip/wang22aa.pdf","44","45","Deep learning for precipitation nowcasting: A benchmark and a new model","verified",""
"pre.zip/wang22aa.pdf","45","46","Tensor field networks: Rotation-and translation-equivariant neural networks for 3d point clouds","verified",""
"pre.zip/wang22aa.pdf","46","47","Accelerating Eulerian fluid simulation with convolutional networks","verified",""
"pre.zip/wang22aa.pdf","47","48","Locally connected neural networks for image recognition","verified",""
"pre.zip/wang22aa.pdf","48","49","Trajectory prediction using equivariant continuous convolution","verified",""
"pre.zip/wang22aa.pdf","49","50","Equivari-ant q learning in spatial action spaces","verified",""
"pre.zip/wang22aa.pdf","50","51","Towards physics-informed deep learning for turbulent flow prediction","verified",""
"pre.zip/wang22aa.pdf","51","52","Incorporating symmetry into deep dynamics models for improved generalization","verified",""
"pre.zip/wang22aa.pdf","52","53","General E(2)-Equivariant Steerable CNNs","verified",""
"pre.zip/wang22aa.pdf","53","54","Learning steerable filters for rotation equivariant CNNs","verified",""
"pre.zip/wang22aa.pdf","54","55","tem-poGAN: A temporally coherent, volumetric GAN for super-resolution fluid flow","verified",""
"pre.zip/wang22aa.pdf","55","56","Deep sets","verified",""
"pre.zip/wang22aa.pdf","57","58","Parallel distributed processing model with local space-invariant interconnections and its optical architecture","verified",""
"pre.zip/wang22ap.pdf","23","24","Adversarial examples are not bugs, Removing Batch Normalization Boosts Adversarial Training they are features","not_found","uncertain"
"pre.zip/wang22ap.pdf","35","36","Adversarial training for free! In Advances in Neural Information Processing Systems","not_found","real"
"pre.zip/wang22ap.pdf","0","1","Square attack: a query-efficient black-box adversarial attack via random search","verified",""
"pre.zip/wang22ap.pdf","1","2","Towards an adversarially robust normalization approach","verified",""
"pre.zip/wang22ap.pdf","2","3","ReZero is all you need: Fast convergence at large depth","verified",""
"pre.zip/wang22ap.pdf","3","4","Revisiting batch normalization for improving corruption robustness","verified",""
"pre.zip/wang22ap.pdf","4","5","Batch normalization increases adversarial vulnerability and decreases adversarial transferability: A non-robust feature perspective","verified",""
"pre.zip/wang22ap.pdf","5","6","Characterizing signal propagation to close the performance gap in unnormalized ResNets","verified",""
"pre.zip/wang22ap.pdf","6","7","High-performance large-scale image recognition without normalization","verified",""
"pre.zip/wang22ap.pdf","7","8","Towards evaluating the robustness of neural networks","verified",""
"pre.zip/wang22ap.pdf","8","9","RayS: A ray searching method for hard-label adversarial attack","verified",""
"pre.zip/wang22ap.pdf","9","10","Reliable evaluation of adversarial robustness with an ensemble of diverse parameter-free attacks","verified",""
"pre.zip/wang22ap.pdf","10","11","AutoAugment: Learning augmentation policies from data","verified",""
"pre.zip/wang22ap.pdf","11","12","Batch normalization biases residual blocks towards the identity function in deep networks","verified",""
"pre.zip/wang22ap.pdf","12","13","ImageNet: A large-scale hierarchical image database","verified",""
"pre.zip/wang22ap.pdf","13","14","Boosting adversarial attacks with momentum","verified",""
"pre.zip/wang22ap.pdf","14","15","Batch normalization is a cause of adversarial vulnerability","verified",""
"pre.zip/wang22ap.pdf","15","16","Imagenet-trained CNNs are biased towards texture; increasing shape bias improves accuracy and robustness","verified",""
"pre.zip/wang22ap.pdf","16","17","MaxUp: A simple way to improve generalization of neural network training","verified",""
"pre.zip/wang22ap.pdf","17","18","Explaining and harnessing adversarial examples","verified",""
"pre.zip/wang22ap.pdf","18","19","Deep residual learning for image recognition","verified",""
"pre.zip/wang22ap.pdf","19","20","Benchmarking neural network robustness to common corruptions and perturbations","verified",""
"pre.zip/wang22ap.pdf","20","21","Natural adversarial examples","verified",""
"pre.zip/wang22ap.pdf","21","22","The many faces of robustness: A critical analysis of out-of-distribution generalization","verified",""
"pre.zip/wang22ap.pdf","22","23","The origins and prevalence of texture bias in convolutional neural networks","verified",""
"pre.zip/wang22ap.pdf","24","25","Batch Normalization: Accelerating deep network training by reducing internal covariate shift","verified",""
"pre.zip/wang22ap.pdf","25","26","Bridged adversarial training","verified",""
"pre.zip/wang22ap.pdf","26","27","Adversarial examples in the physical world","verified",""
"pre.zip/wang22ap.pdf","27","28","Shape-texture debiased neural network training","verified",""
"pre.zip/wang22ap.pdf","28","29","Towards deep learning models resistant to adversarial attacks","verified",""
"pre.zip/wang22ap.pdf","29","30","Does data augmentation benefit from split batchnorms","verified",""
"pre.zip/wang22ap.pdf","30","31","Practical machine learning safety: A survey and primer","verified",""
"pre.zip/wang22ap.pdf","31","32","Robustness via curvature regularization, and vice versa","verified",""
"pre.zip/wang22ap.pdf","32","33","Covariate shift adaptation for adversarially robust classifier","verified",""
"pre.zip/wang22ap.pdf","33","34","How benign is benign overfitting","verified",""
"pre.zip/wang22ap.pdf","34","35","Improving robustness against common corruptions by covariate shift adaptation","verified",""
"pre.zip/wang22ap.pdf","36","37","Encoding robustness to image style via adversarial feature perturbations","verified",""
"pre.zip/wang22ap.pdf","37","38","Intriguing properties of neural networks","verified",""
"pre.zip/wang22ap.pdf","38","39","EfficientNet: Rethinking model scaling for convolutional neural networks","verified",""
"pre.zip/wang22ap.pdf","39","40","Robustness may be at odds with accuracy","verified",""
"pre.zip/wang22ap.pdf","40","41","Instance normalization: The missing ingredient for fast stylization","verified",""
"pre.zip/wang22ap.pdf","41","42","Tent: Fully test-time adaptation by entropy minimization","verified",""
"pre.zip/wang22ap.pdf","42","43","Learning robust global representations by penalizing local predictive power","verified",""
"pre.zip/wang22ap.pdf","43","44","Augmax: Adversarial composition of random augmentations for robust training","verified",""
"pre.zip/wang22ap.pdf","44","45","Partial and asymmetric contrastive learning for out-of-distribution detection in long-tailed recognition","verified",""
"pre.zip/wang22ap.pdf","45","46","Improving adversarial robustness requires revisiting misclassified examples","verified",""
"pre.zip/wang22ap.pdf","46","47","Fast is better than free: Revisiting adversarial training","verified",""
"pre.zip/wang22ap.pdf","47","48","Intriguing properties of adversarial training","verified",""
"pre.zip/wang22ap.pdf","48","49","Adversarial examples improve image recognition","verified",""
"pre.zip/wang22ap.pdf","49","50","Boundary thickness and robustness in learning models","verified",""
"pre.zip/wang22ap.pdf","50","51","CutMix: Regularization strategy to train strong classifiers with localizable features","verified",""
"pre.zip/wang22ap.pdf","51","52","Fixup initialization: Residual learning without normalization","verified",""
"pre.zip/wang22ap.pdf","52","53","Theoretically principled trade-off between robustness and accuracy","verified",""
"pre.zip/wang22ap.pdf","53","54","Attacks which do not kill training make adversarial learning stronger","verified",""
"pre.zip/wang22ap.pdf","54","55","Random erasing data augmentation","verified",""
"pre.zip/wen22d.pdf","8","9","Robotics: Science & Systems (RSS), art","not_found","real"
"pre.zip/wen22d.pdf","11","12","Avoiding DNN Shortcuts through Priming","not_found","uncertain"
"pre.zip/wen22d.pdf","35","36","Avoiding DNN Shortcuts through Priming","not_found","uncertain"
"pre.zip/wen22d.pdf","43","44","Dart: Optimizing noise injection in imitation learning","not_found","real"
"pre.zip/wen22d.pdf","56","57","Avoiding DNN Shortcuts through Priming","not_found","uncertain"
"pre.zip/wen22d.pdf","79","80","Avoiding DNN Shortcuts through Priming","not_found","uncertain"
"pre.zip/wen22d.pdf","80","81","The learned function in the toy experiment","not_found","uncertain"
"pre.zip/wen22d.pdf","82","83","Visualization results of NICO","not_found","uncertain"
"pre.zip/wen22d.pdf","83","84","The detailed imitation results on CARLA Nocrash","not_found","uncertain"
"pre.zip/wen22d.pdf","85","86","Avoiding DNN Shortcuts through Priming","not_found","uncertain"
"pre.zip/wen22d.pdf","88","89","The activation maps of NICO classification model","not_found","uncertain"
"pre.zip/wen22d.pdf","91","92","Avoiding DNN Shortcuts through Priming","not_found","uncertain"
"pre.zip/wen22d.pdf","94","95","CARLA ablation study results","not_found","uncertain"
"pre.zip/wen22d.pdf","101","102","To study the effect of the priming variable in our model, we set the value of ζ manually while keeping all other factors the same","not_found","uncertain"
"pre.zip/wen22d.pdf","102","103","Avoiding DNN Shortcuts through Priming","not_found","uncertain"
"pre.zip/wen22d.pdf","104","105","An example of intervention on the input image sequence x","not_found","uncertain"
"pre.zip/wen22d.pdf","106","107","Vanilla BC and key-input-only baselines are naive behavioral cloning methods from observation history and the current observation respectively, which corresponds to the BC-OH and BC-SO in Wen et al. (2020; 2021)","not_found","uncertain"
"pre.zip/wen22d.pdf","107","108","proposed to remove the unique information about the previous actions at−1:t−H from the feature extracted from the observation history to prevent the agent to copy the at−1:t−H, based on adversarial learning","not_found","uncertain"
"pre.zip/wen22d.pdf","108","109","analyzed the copycat problem in terms of the imbalance data distribution and proposed a re-weighting method to up-weight the demonstration keyframes corresponding to expert action changepoints","not_found","uncertain"
"pre.zip/wen22d.pdf","109","110","introduced a dropout on the observation history to randomly erase the channels of historical frames","not_found","uncertain"
"pre.zip/wen22d.pdf","110","111","DAGGER (Ross et al., 2011) is a widely used technique to address the distributional shift issue in behavioral cloning and is thought of as the oracle of imitation learning through online query","not_found","uncertain"
"pre.zip/wen22d.pdf","111","112","Additional Details on NICO Experiments","not_found","uncertain"
"pre.zip/wen22d.pdf","112","113","Avoiding DNN Shortcuts through Priming","not_found","uncertain"
"pre.zip/wen22d.pdf","113","114","We use Cross-Entropy loss and SGD optimizer to jointly train our model for 200 epochs","not_found","uncertain"
"pre.zip/wen22d.pdf","114","115","Additional Details on CARLA Experiments","not_found","uncertain"
"pre.zip/wen22d.pdf","115","116","The CARLA100 dataset (Codevilla et al., 2019) is collected by a PID controller","not_found","uncertain"
"pre.zip/wen22d.pdf","117","118","We use the backbone in conditional imitation learning framework CILRS (Codevilla et al., 2019) as our backbone","not_found","uncertain"
"pre.zip/wen22d.pdf","118","119","Avoiding DNN Shortcuts through Priming","not_found","uncertain"
"pre.zip/wen22d.pdf","119","120","The architectures of the early fusion model and middle fusion we study in Section 4.4","not_found","uncertain"
"pre.zip/wen22d.pdf","120","121","We set the minibatch size to 160 and train all the models until convergence (the learning rate equal to 1 × 10−7)","not_found","uncertain"
"pre.zip/wen22d.pdf","121","122","Additional Details on Mujoco Experiments","not_found","uncertain"
"pre.zip/wen22d.pdf","122","123","We first train an RL expert with PPO (Schulman et al., 2017) and use it to generate expert demonstration by rolling out in the environment","not_found","uncertain"
"pre.zip/wen22d.pdf","123","124","Avoiding DNN Shortcuts through Priming","not_found","uncertain"
"pre.zip/wen22d.pdf","124","125","The architecture of our method for MuJoCo experiments, where sg means stop-gradient","not_found","uncertain"
"pre.zip/wen22d.pdf","125","126","Theorem Version for Proposition 3","not_found","uncertain"
"pre.zip/wen22d.pdf","132","133","We consider a neural tangent kernel using the following feature","not_found","uncertain"
"pre.zip/wen22d.pdf","134","135","Avoiding DNN Shortcuts through Priming","not_found","uncertain"
"pre.zip/wen22d.pdf","135","136","This type of symmetric initializationfollowing (Chizat et al., 2019; Zhang et al., 2020; Hu et al., 2020a; Bai & Lee, 2020; Hu et al., 2020b) guarantees that f(x; W , v) = 0 at initialization","not_found","uncertain"
"pre.zip/wen22d.pdf","148","149","Avoiding DNN Shortcuts through Priming","not_found","uncertain"
"pre.zip/wen22d.pdf","160","161","Similar to the proof in Lemma J.2, the predictions are","not_found","uncertain"
"pre.zip/wen22d.pdf","174","175","Avoiding DNN Shortcuts through Priming","not_found","uncertain"
"pre.zip/wen22d.pdf","193","194","Avoiding DNN Shortcuts through Priming","not_found","uncertain"
"pre.zip/wen22d.pdf","0","1","Invariant risk minimization games","verified",""
"pre.zip/wen22d.pdf","3","4","Concrete problems in ai safety","verified",""
"pre.zip/wen22d.pdf","4","5","Invariant risk minimization","verified",""
"pre.zip/wen22d.pdf","5","6","Fine-grained analysis of optimization and generalization for overparameterized two-layer neural networks","verified",""
"pre.zip/wen22d.pdf","6","7","Learning de-biased representations with biased representations","verified",""
"pre.zip/wen22d.pdf","7","8","Beyond linearization: On quadratic and higher-order approximation of wide neural networks","verified",""
"pre.zip/wen22d.pdf","9","10","The mind in the middle: A practical guide to priming and automaticity research","verified",""
"pre.zip/wen22d.pdf","10","11","Automaticity of social behavior: Direct effects of trait construct and stereotype activation on action","verified",""
"pre.zip/wen22d.pdf","12","13","Recognition in terra incognita","verified",""
"pre.zip/wen22d.pdf","13","14","Discriminative learning under covariate shift","verified",""
"pre.zip/wen22d.pdf","14","15","End to end learning for self-driving cars","verified",""
"pre.zip/wen22d.pdf","15","16","Language models are few-shot learners","verified",""
"pre.zip/wen22d.pdf","16","17","Gender shades: Intersectional accuracy disparities in commercial gender classification","verified",""
"pre.zip/wen22d.pdf","17","18","Rubi: Reducing unimodal biases for visual question answering","verified",""
"pre.zip/wen22d.pdf","18","19","Distance metric learning under covariate shift","verified",""
"pre.zip/wen22d.pdf","19","20","Learning by cheating","verified",""
"pre.zip/wen22d.pdf","20","21","On lazy training in differentiable programming","verified",""
"pre.zip/wen22d.pdf","21","22","Don’t take the easy way out: Ensemble based methods for avoiding known dataset biases","verified",""
"pre.zip/wen22d.pdf","22","23","End-to-end driving via conditional imitation learning","verified",""
"pre.zip/wen22d.pdf","23","24","Exploring the limitations of behavior cloning for autonomous driving","verified",""
"pre.zip/wen22d.pdf","24","25","Causal confusion in imitation learning","verified",""
"pre.zip/wen22d.pdf","25","26","Distributionally robust optimization under moment uncertainty with application to data-driven problems","verified",""
"pre.zip/wen22d.pdf","26","27","Imagenet: A large-scale hierarchical image database","verified",""
"pre.zip/wen22d.pdf","27","28","Improved regularization of convolutional neural networks with cutout","verified",""
"pre.zip/wen22d.pdf","28","29","CARLA: An open urban driving simulator","verified",""
"pre.zip/wen22d.pdf","29","30","Learning models with uniform performance via distributionally robust optimization","verified",""
"pre.zip/wen22d.pdf","30","31","Generalisation in humans and deep neural networks","verified",""
"pre.zip/wen22d.pdf","31","32","Imagenet-trained cnns are biased towards texture; increasing shape bias improves accuracy and robustness","verified",""
"pre.zip/wen22d.pdf","32","33","Shortcut learning in deep neural networks","verified",""
"pre.zip/wen22d.pdf","33","34","A machine learning approach to visual perception of forest trails for mobile robots","verified",""
"pre.zip/wen22d.pdf","34","35","Unlearn dataset bias in natural language inference by fitting the residual","verified",""
"pre.zip/wen22d.pdf","36","37","Deep residual learning for image recognition","verified",""
"pre.zip/wen22d.pdf","37","38","Towards non-iid image classification: A dataset and baselines","verified",""
"pre.zip/wen22d.pdf","38","39","The many faces of robustness: A critical analysis of out-of-distribution generalization","verified",""
"pre.zip/wen22d.pdf","39","40","Simple and effective regularization methods for training on noisily labeled data with generalization guarantee","verified",""
"pre.zip/wen22d.pdf","40","41","The surprising simplicity of the early-time learning dynamics of neural networks","verified",""
"pre.zip/wen22d.pdf","41","42","Neural tangent kernel: Convergence and generalization in neural networks","verified",""
"pre.zip/wen22d.pdf","42","43","Out-of-distribution generalization via risk extrapolation (rex)","verified",""
"pre.zip/wen22d.pdf","44","45","Right for the wrong reasons: Diagnosing syntactic heuristics in natural language inference","verified",""
"pre.zip/wen22d.pdf","45","46","Eigencam: Class activation map using principal components","verified",""
"pre.zip/wen22d.pdf","46","47","Off-road obstacle avoidance through end-to-end learning","verified",""
"pre.zip/wen22d.pdf","47","48","Probing neural network comprehension of natural language arguments","verified",""
"pre.zip/wen22d.pdf","48","49","The role of context in object recognition","verified",""
"pre.zip/wen22d.pdf","49","50","Shaking the foundations: delusions in sequence models for interaction and control","verified",""
"pre.zip/wen22d.pdf","50","51","Causal diagrams for empirical research","verified",""
"pre.zip/wen22d.pdf","51","52","Multi-modal fusion transformer for end-to-end autonomous driving","verified",""
"pre.zip/wen22d.pdf","52","53","Basnet: Boundary-aware salient object detection","verified",""
"pre.zip/wen22d.pdf","53","54","The elephant in the room","verified",""
"pre.zip/wen22d.pdf","54","55","A reduction of imitation learning and structured prediction to no-regret online learning","verified",""
"pre.zip/wen22d.pdf","55","56","Estimating causal effects of treatments in randomized and nonrandomized studies","verified",""
"pre.zip/wen22d.pdf","57","58","Bayesian inference for causal effects: The role of randomization","verified",""
"pre.zip/wen22d.pdf","58","59","Distributionally robust neural networks for group shifts: On the importance of regularization for worst-case generalization","verified",""
"pre.zip/wen22d.pdf","59","60","On causal and anticausal learning","verified",""
"pre.zip/wen22d.pdf","60","61","Mastering atari, go, chess and shogi by planning with a learned model","verified",""
"pre.zip/wen22d.pdf","61","62","Proximal policy optimization algorithms","verified",""
"pre.zip/wen22d.pdf","62","63","The pitfalls of simplicity bias in neural networks","verified",""
"pre.zip/wen22d.pdf","63","64","Towards out-of-distribution generalization: A survey","verified",""
"pre.zip/wen22d.pdf","64","65","Feedback in imitation learning: The three regimes of covariate shift","verified",""
"pre.zip/wen22d.pdf","65","66","Dropout: a simple way to prevent neural networks from overfitting","verified",""
"pre.zip/wen22d.pdf","66","67","Mujoco: A physics engine for model-based control","verified",""
"pre.zip/wen22d.pdf","67","68","High-Dimensional Probability: An Introduction with Applications in Data Science","verified",""
"pre.zip/wen22d.pdf","68","69","Causal attention for unbiased visual recognition","verified",""
"pre.zip/wen22d.pdf","70","71","From primed concepts to action: A meta-analysis of the behavioral effects of incidentally presented words","verified",""
"pre.zip/wen22d.pdf","71","72","Fighting copycat agents in behavioral cloning from observation histories","verified",""
"pre.zip/wen22d.pdf","72","73","Keyframe-focused visual imitation learning","verified",""
"pre.zip/wen22d.pdf","73","74","A fourier-based framework for domain generalization","verified",""
"pre.zip/wen22d.pdf","74","75","Frequency principle: Fourier analysis sheds light on deep neural networks","verified",""
"pre.zip/wen22d.pdf","75","76","Learning invariant representations for reinforcement learning without reconstruction","verified",""
"pre.zip/wen22d.pdf","76","77","mixup: Beyond empirical risk minimization","verified",""
"pre.zip/wen22d.pdf","77","78","Deep stable learning for out-of-distribution generalization","verified",""
"pre.zip/wen22d.pdf","78","79","A type of generalization error induced by initialization in deep neural networks","verified",""
"pre.zip/wiltzer22a.pdf","11","12","Problems of evolution in metric spaces and maximal decreasing curve","not_found","real"
"pre.zip/wiltzer22a.pdf","38","39","Proofs of Results in §3","not_found","uncertain"
"pre.zip/wiltzer22a.pdf","46","47","Let (Jt)t≥0 = (Xt, Gt)t≥0 be the truncated return process defined in Theorem 2","not_found","uncertain"
"pre.zip/wiltzer22a.pdf","49","50","By definition, we have","not_found","uncertain"
"pre.zip/wiltzer22a.pdf","51","52","The truncated return process (Jt)t≥0 as defined in Theorem 2 is a Feller-Dynkin process","not_found","uncertain"
"pre.zip/wiltzer22a.pdf","55","56","Therefore Pδψ can be expressed as","not_found","uncertain"
"pre.zip/wiltzer22a.pdf","57","58","For the same reason, it follows that PtPs = Pt+s","not_found","uncertain"
"pre.zip/wiltzer22a.pdf","79","80","Consequently, we have c ≡0","not_found","uncertain"
"pre.zip/wiltzer22a.pdf","84","85","Let z ∈R be a desired return, and suppose that �←− J (z)t �","not_found","uncertain"
"pre.zip/wiltzer22a.pdf","86","87","Then at each x ∈O and z′ ∈R, ηπ satisfies","not_found","uncertain"
"pre.zip/wiltzer22a.pdf","95","96","Moreover, suppose Assumptions 1 and 2 hold","not_found","uncertain"
"pre.zip/wiltzer22a.pdf","101","102","The generator exists since the conditional backward return","not_found","uncertain"
"pre.zip/wiltzer22a.pdf","147","148","We are left with","not_found","uncertain"
"pre.zip/wiltzer22a.pdf","154","155","Since necessarily x ̸∈X \ B, the term Eε vanishes","not_found","uncertain"
"pre.zip/wiltzer22a.pdf","169","170","Solution of the Kolmogorov Backward Equation","not_found","uncertain"
"pre.zip/wiltzer22a.pdf","172","173","Lemma 5 ((Le Gall, 2016), Theorem 6.14)","not_found","uncertain"
"pre.zip/wiltzer22a.pdf","191","192","Quantile functions learned for the toy problem","not_found","uncertain"
"pre.zip/wiltzer22a.pdf","192","193","Tools from the Theory of Stochastic Processes","not_found","uncertain"
"pre.zip/wiltzer22a.pdf","193","194","Some Special Classes of Stochastic Processes","not_found","uncertain"
"pre.zip/wiltzer22a.pdf","194","195","ADAPTED, AND PROGRESSIVE PROCESSES","not_found","uncertain"
"pre.zip/wiltzer22a.pdf","195","196","The most common examples will be summarized here","not_found","uncertain"
"pre.zip/wiltzer22a.pdf","196","197","A martingale (relative to a given filtration (Ft)t≥0) is a stochastic process (Mt)t≥0 where Mt ∈L1 and Ms = E [Mt | Fs] 0 ≤s ≤t (20)","not_found","uncertain"
"pre.zip/wiltzer22a.pdf","197","198","If the equality in (20) is instead ≥(resp","not_found","uncertain"
"pre.zip/wiltzer22a.pdf","200","201","Definition 16 (Finite Variation Process, (Le Gall, 2016))","not_found","uncertain"
"pre.zip/wiltzer22a.pdf","201","202","Definition 17 (Quadratic Variation)","not_found","uncertain"
"pre.zip/wiltzer22a.pdf","203","204","It can be thought of as a stochastic analog to Taylor’s theorem","not_found","uncertain"
"pre.zip/wiltzer22a.pdf","207","208","Definition 19 (Filtration, (Le Gall, 2016))","not_found","uncertain"
"pre.zip/wiltzer22a.pdf","208","209","Let (Xt)t≥0 be a stochastic process on a probability space (Ω, F, Pr)","not_found","uncertain"
"pre.zip/wiltzer22a.pdf","209","210","Let (Xt)t≥0 be a stochastic process in the filtered probability space (Ω, F, (Ft)t≥0, Pr)","not_found","uncertain"
"pre.zip/wiltzer22a.pdf","216","217","A transition semigroup (Pt)t≥0 is said to be a Feller semigroup if","not_found","uncertain"
"pre.zip/wiltzer22a.pdf","217","218","C0(X) →C0(X) for each t ∈R+","not_found","uncertain"
"pre.zip/wiltzer22a.pdf","228","229","Let (Ω, F, (Ft)) be a measurable space with filtration (Ft)","not_found","uncertain"
"pre.zip/wiltzer22a.pdf","232","233","Suppose we are modeling the trajectory of the random process (Xt)t≥0, where X is “continuously perturbed” by Gaussian noise with mean 0","not_found","uncertain"
"pre.zip/wiltzer22a.pdf","236","237","Discretized Brownian motion trajectories for various timesteps τ","not_found","uncertain"
"pre.zip/wiltzer22a.pdf","238","239","Brownian motion does exist, and Le Gall (2016) can be consulted for its construction","not_found","uncertain"
"pre.zip/wiltzer22a.pdf","248","249","We should therefore anticipate that the return distribution function will also be characterized by some differential equation","not_found","uncertain"
"pre.zip/wiltzer22a.pdf","250","251","However, (24) has some glaring problems: the space of probability measures is not a vector space, so neither of the terms in (24) are meaningful","not_found","uncertain"
"pre.zip/wiltzer22a.pdf","253","254","When the metric space is Euclidean, (EVIλ) and (24) are equivalent (Santambrogio, 2016)","not_found","uncertain"
"pre.zip/wiltzer22a.pdf","254","255","Let (V, d) be a metric space and suppose G : V →R+ is λ-convex","not_found","uncertain"
"pre.zip/wiltzer22a.pdf","257","258","establishes an equivalence between such a Wasserstein gradient flow (WGF) and the Fokker-Planck equation, ∂ ∂tϱt(x) = −∇· (ϱt(x)f(x)) + β∆ϱt(x) (FP)","not_found","uncertain"
"pre.zip/wiltzer22a.pdf","259","260","introduces a time-discretized scheme known as the JKO scheme for solving PDEs and optimization problems in 2-Wasserstein space","not_found","uncertain"
"pre.zip/wiltzer22a.pdf","263","264","uses the JKO scheme to guarantee convergence to a global optimum when training neural networks without convexity assumptions","not_found","uncertain"
"pre.zip/wiltzer22a.pdf","265","266","For more details, refer to Lax & Sons (2002)","not_found","uncertain"
"pre.zip/wiltzer22a.pdf","269","270","Consider the following PDE","not_found","uncertain"
"pre.zip/wiltzer22a.pdf","0","1","Gradient flows: in metric spaces and in the space of probability measures","verified",""
"pre.zip/wiltzer22a.pdf","2","3","Increasing the action gap: New operators for reinforcement learning","verified",""
"pre.zip/wiltzer22a.pdf","3","4","A distributional perspective on reinforcement learning","verified",""
"pre.zip/wiltzer22a.pdf","4","5","Distributional Reinforcement Learning","verified",""
"pre.zip/wiltzer22a.pdf","5","6","A markovian decision process","verified",""
"pre.zip/wiltzer22a.pdf","6","7","On the global convergence of gradient descent for over-parameterized models using optimal transport","verified",""
"pre.zip/wiltzer22a.pdf","7","8","Algorithms for CVaR optimization in MDPs","verified",""
"pre.zip/wiltzer22a.pdf","8","9","Sinkhorn distances: Lightspeed computation of optimal transportation distances","verified",""
"pre.zip/wiltzer22a.pdf","9","10","Implicit quantile networks for distributional reinforcement learning","verified",""
"pre.zip/wiltzer22a.pdf","10","11","New problems on minimizing movements","verified",""
"pre.zip/wiltzer22a.pdf","12","13","Controlled Markov processes and viscosity solutions","verified",""
"pre.zip/wiltzer22a.pdf","13","14","Distributional offline continuous-time reinforcement learning with neural physics-informed pdes (sciphy rl for doctr-l)","verified",""
"pre.zip/wiltzer22a.pdf","14","15","Rainbow: Combining improvements in deep reinforcement learning","verified",""
"pre.zip/wiltzer22a.pdf","15","16","The variational formulation of the fokker-planck equation","verified",""
"pre.zip/wiltzer22a.pdf","16","17","Über die analytischen methoden in der wahrscheinlichkeitsrechnung","verified",""
"pre.zip/wiltzer22a.pdf","18","19",". Functional Analysis","verified",""
"pre.zip/wiltzer22a.pdf","19","20","Brownian motion, martingales, and stochastic calculus","verified",""
"pre.zip/wiltzer22a.pdf","20","21","Stochastically dominant distributional reinforcement learning","verified",""
"pre.zip/wiltzer22a.pdf","21","22","Distributional reinforcement learning for efficient exploration","verified",""
"pre.zip/wiltzer22a.pdf","22","23","A convergent reinforcement learning algorithm in the continuous case based on a finite difference method","verified",""
"pre.zip/wiltzer22a.pdf","23","24","A study of reinforcement learning in the continuous case by the means of viscosity solutions","verified",""
"pre.zip/wiltzer22a.pdf","24","25","Reinforcement learning for continuous stochastic control problems","verified",""
"pre.zip/wiltzer22a.pdf","25","26","Gradient flows and evolution variational inequalities in metric spaces","verified",""
"pre.zip/wiltzer22a.pdf","26","27","Computational optimal transport: With applications to data science","verified",""
"pre.zip/wiltzer22a.pdf","27","28","Risk-sensitive reinforcement learning","verified",""
"pre.zip/wiltzer22a.pdf","28","29","Actor-critic algorithms for risk-sensitive MDPs","verified",""
"pre.zip/wiltzer22a.pdf","29","30","Markov decision processes: discrete stochastic dynamic programming","verified",""
"pre.zip/wiltzer22a.pdf","30","31","Diffusions, markov processes and martingales","verified",""
"pre.zip/wiltzer22a.pdf","31","32","Statistics and samples in distributional reinforcement learning","verified",""
"pre.zip/wiltzer22a.pdf","32","33","Euclidean, metric, and Wasserstein gradient flows: an overview","verified",""
"pre.zip/wiltzer22a.pdf","33","34","Making deep q-learning methods robust to time discretization","verified",""
"pre.zip/wiltzer22a.pdf","34","35","Optimizing the CVaR via sampling","verified",""
"pre.zip/wiltzer22a.pdf","35","36","Gaussian processes for machine learning","verified",""
"pre.zip/wiltzer22a.pdf","36","37","Fully parameterized quantile function for distributional reinforcement learning","verified",""
"pre.zip/wiltzer22a.pdf","37","38","Policy optimization as wasserstein gradient flows","verified",""
"pre.zip/xu22i.pdf","30","31","Our proof is inspired by the proof of (Kalan et al., 2020), which gives a lower bound construction for the two-tasks transfer learning problem","not_found","uncertain"
"pre.zip/xu22i.pdf","35","36","Similarly to (5.2) in (Kalan et al., 2020), using Fano’s inequality, we can conclude that","not_found","uncertain"
"pre.zip/xu22i.pdf","36","37","RN T (Θ(Q)) ≥δ2 �","not_found","uncertain"
"pre.zip/xu22i.pdf","38","39","The mutual information between J and any sample Et can be upper bounded by I(J; Et) ≤ M 2 �","not_found","uncertain"
"pre.zip/xu22i.pdf","40","41","Under the constructions introduced above, the mutual information","not_found","uncertain"
"pre.zip/xu22i.pdf","43","44","By definition, we have","not_found","uncertain"
"pre.zip/xu22i.pdf","48","49","Using Lemma A on Equation (13), we have","not_found","uncertain"
"pre.zip/xu22i.pdf","51","52","RN T (Θ(Q)) ≳Q2 t∗+ dσ2 t∗ N","not_found","uncertain"
"pre.zip/xu22i.pdf","55","56",", SnM M , SnT T ) ̸= j}","not_found","uncertain"
"pre.zip/xu22i.pdf","56","57",", SnT T )) + log(2)) log(T −1)","not_found","uncertain"
"pre.zip/xu22i.pdf","59","60",", SnT T ))","not_found","uncertain"
"pre.zip/xu22i.pdf","60","61",", SnT T )","not_found","uncertain"
"pre.zip/xu22i.pdf","61","62",", SnT −1 T −1 and SnT T )","not_found","uncertain"
"pre.zip/xu22i.pdf","62","63",", SnT −1 T −1 ) + I(J; SnT T )","not_found","uncertain"
"pre.zip/xu22i.pdf","63","64","We follow the analysis from (Kalan et al., 2020), which construct˜θ by the 2δ-packing of the set {θ : θ ∈Rd, ∥θ∥2 ≤4δ}","not_found","uncertain"
"pre.zip/xu22i.pdf","66","67","RN T ≳σ2 T log(T −1)","not_found","uncertain"
"pre.zip/xu22i.pdf","77","78","Let nT = N/2","not_found","uncertain"
"pre.zip/xu22i.pdf","79","80","With a probability at least 1 −δ, we have","not_found","uncertain"
"pre.zip/xu22i.pdf","82","83","We make the following decomposition","not_found","uncertain"
"pre.zip/xu22i.pdf","101","102","We start with the proof of Lemma 1, which provides a valid confidence set for the unknown parameters B∗β∗ t","not_found","uncertain"
"pre.zip/xu22i.pdf","104","105","Recall that κ = C0/C1","not_found","uncertain"
"pre.zip/xu22i.pdf","105","106","With a probability at least 1 −δ/5, we have","not_found","uncertain"
"pre.zip/xu22i.pdf","124","125","Proof of the full theorem","not_found","uncertain"
"pre.zip/xu22i.pdf","133","134","Then we bound the difference term","not_found","uncertain"
"pre.zip/xu22i.pdf","137","138","Assume at any step n, we have for all ∥ν∥2 = 1","not_found","uncertain"
"pre.zip/xu22i.pdf","195","196",", N, we have","not_found","uncertain"
"pre.zip/xu22i.pdf","211","212","Additional details for simulations","not_found","uncertain"
"pre.zip/xu22i.pdf","213","214","3: for i = 1, . . . , n do","not_found","uncertain"
"pre.zip/xu22i.pdf","0","1","Rademacher and gaussian complexities: Risk bounds and structural results","mismatch","real"
"pre.zip/xu22i.pdf","1","2","Curriculum learning","verified",""
"pre.zip/xu22i.pdf","2","3","Multi-source iterative adaptation for cross-domain classification","verified",""
"pre.zip/xu22i.pdf","3","4","How to distribute data across tasks for meta-learning","verified",""
"pre.zip/xu22i.pdf","4","5","Impossibility theorems for domain adaptation","verified",""
"pre.zip/xu22i.pdf","5","6","Few-shot learning via learning the representation, provably","verified",""
"pre.zip/xu22i.pdf","6","7","Multi-modal curriculum learning for semi-supervised image classification","verified",""
"pre.zip/xu22i.pdf","7","8","Automated curriculum learning for neural networks","verified",""
"pre.zip/xu22i.pdf","8","9","On nonconvex optimization for machine learning: Gradients, stochasticity, and saddle points","verified",""
"pre.zip/xu22i.pdf","11","12","Adaptive task sampling for meta-learning","verified",""
"pre.zip/xu22i.pdf","12","13","The benefit of multitask representation learning","verified",""
"pre.zip/xu22i.pdf","13","14","Curriculum learning for reinforcement learning domains: A framework and survey","verified",""
"pre.zip/xu22i.pdf","14","15","Active learning for domain adaptation in the supervised classification of remote sensing images","verified",""
"pre.zip/xu22i.pdf","15","16","Easy questions first? a case study on curriculum learning for question answering","verified",""
"pre.zip/xu22i.pdf","16","17","Active learning literature survey","verified",""
"pre.zip/xu22i.pdf","17","18","From theories to queries: Active learning in practice","verified",""
"pre.zip/xu22i.pdf","18","19","A survey of multi-source domain adaptation","verified",""
"pre.zip/xu22i.pdf","19","20","Attention-guided curriculum learning for weakly supervised classification and localization of thoracic diseases on chest radiographs","verified",""
"pre.zip/xu22i.pdf","20","21","Few-shot domain adaptation by causal mechanism transfer","verified",""
"pre.zip/xu22i.pdf","21","22","On the theory of transfer learning: The importance of task diversity","verified",""
"pre.zip/xu22i.pdf","23","24","Deep visual domain adaptation: A survey","verified",""
"pre.zip/xu22i.pdf","24","25","Theory of curriculum learning, with convex loss functions","verified",""
"pre.zip/xu22i.pdf","25","26","Representation learning beyond linear prediction functions","verified",""
"pre.zip/xu22i.pdf","26","27","Decision making problems with funnel structure: A multi-task learning approach with application to email marketing campaigns","verified",""
"pre.zip/xu22i.pdf","27","28","Direct policy transfer via hidden parameter markov decision processes","verified",""
"pre.zip/xu22i.pdf","29","30","Proof of Theorem 1","verified",""
"pre.zip/xu22i.pdf","52","53","Proof of Theorem 2","verified",""
"pre.zip/xu22i.pdf","67","68","Proof of Theorem 3","verified",""
"pre.zip/xu22i.pdf","92","93","Proof of Proposition 1","verified",""
"pre.zip/xu22i.pdf","99","100","Proof of Theorem 4","verified",""
"pre.zip/xu22i.pdf","100","101","Proof of Lemma 1","verified",""
"pre.zip/xu22i.pdf","158","159","Proof of Theorem 5","verified",""
"pre.zip/xu22i.pdf","174","175","Proof of Theorem 6","verified",""
"pre.zip/yang22d.pdf","46","47","Chemical science","not_found","real"
"pre.zip/yang22d.pdf","0","1","Sub2vec: Feature learning for subgraphs","verified",""
"pre.zip/yang22d.pdf","1","2","Graph barlow twins: A self-supervised representation learning framework for graphs","verified",""
"pre.zip/yang22d.pdf","2","3","Models of core/periphery structures","verified",""
"pre.zip/yang22d.pdf","3","4","Topology-imbalance learning for semi-supervised node classification","verified",""
"pre.zip/yang22d.pdf","4","5","A simple framework for contrastive learning of visual representations","verified",""
"pre.zip/yang22d.pdf","5","6","Maximum likelihood from incomplete data via the em algorithm","verified",""
"pre.zip/yang22d.pdf","6","7","Learning graph representations with embedding propagation","verified",""
"pre.zip/yang22d.pdf","7","8","Neural message passing for quantum chemistry","verified",""
"pre.zip/yang22d.pdf","8","9","node2vec: Scalable feature learning for networks","verified",""
"pre.zip/yang22d.pdf","9","10","Inductive representation learning on large graphs","verified",""
"pre.zip/yang22d.pdf","10","11","Contrastive multi-view representation learning on graphs","verified",""
"pre.zip/yang22d.pdf","11","12","Momentum contrast for unsupervised visual representation learning","verified",""
"pre.zip/yang22d.pdf","12","13","Learning deep representations by mutual information estimation and maximization","verified",""
"pre.zip/yang22d.pdf","13","14","Strategies for pre-training graph neural networks","verified",""
"pre.zip/yang22d.pdf","14","15","Open graph benchmark: Datasets for machine learning on graphs","verified",""
"pre.zip/yang22d.pdf","15","16","Sub-graph contrast for scalable self-supervised graph representation learning","verified",""
"pre.zip/yang22d.pdf","16","17","Self-supervised learning on graphs: Deep insights and new direction","verified",""
"pre.zip/yang22d.pdf","17","18","Adam: A method for stochastic optimization","verified",""
"pre.zip/yang22d.pdf","18","19","Semi-supervised classification with graph convolutional networks","verified",""
"pre.zip/yang22d.pdf","19","20","Variational graph auto-encoders","verified",""
"pre.zip/yang22d.pdf","20","21","Graphs over time: densification laws, shrinking diameters and possible explanations","verified",""
"pre.zip/yang22d.pdf","21","22","Disentangled contrastive learning on graphs","verified",""
"pre.zip/yang22d.pdf","22","23","Learning to pre-train graph neural networks","verified",""
"pre.zip/yang22d.pdf","23","24","Image-based recommendations on styles and substitutes","verified",""
"pre.zip/yang22d.pdf","24","25","Wikics: A wikipedia-based benchmark for graph neural networks","verified",""
"pre.zip/yang22d.pdf","25","26","Distributed representations of words and phrases and their compositionality","verified",""
"pre.zip/yang22d.pdf","26","27","Superfamilies of evolved and designed networks","verified",""
"pre.zip/yang22d.pdf","27","28","Tudataset: A collection of benchmark datasets for learning with graphs","verified",""
"pre.zip/yang22d.pdf","28","29","graph2vec: Learning distributed representations of graphs","verified",""
"pre.zip/yang22d.pdf","29","30","Modularity and community structure in networks","verified",""
"pre.zip/yang22d.pdf","30","31","Representation learning with contrastive predictive coding","verified",""
"pre.zip/yang22d.pdf","31","32","Graph representation learning via graphical mutual information maximization","verified",""
"pre.zip/yang22d.pdf","32","33","Deepwalk: Online learning of social representations","verified",""
"pre.zip/yang22d.pdf","33","34","Gcc: Graph contrastive coding for graph neural network pre-training","verified",""
"pre.zip/yang22d.pdf","34","35","Self-supervised graph transformer on large-scale molecular data","verified",""
"pre.zip/yang22d.pdf","35","36","Collective classification in network data","verified",""
"pre.zip/yang22d.pdf","36","37","An overview of microsoft academic service (mas) and applications","verified",""
"pre.zip/yang22d.pdf","37","38","Zinc 15–ligand discovery for everyone","verified",""
"pre.zip/yang22d.pdf","38","39","Adversarial graph augmentation to improve graph contrastive learning","verified",""
"pre.zip/yang22d.pdf","39","40","Line: Large-scale information network embedding","verified",""
"pre.zip/yang22d.pdf","40","41","Bootstrapped representation learning on graphs","verified",""
"pre.zip/yang22d.pdf","41","42","Graph attention networks","verified",""
"pre.zip/yang22d.pdf","42","43","Deep graph infomax","verified",""
"pre.zip/yang22d.pdf","43","44","Unifying graph convolutional neural networks and label propagation","verified",""
"pre.zip/yang22d.pdf","44","45","Collective dynamics of ‘small-world’networks","verified",""
"pre.zip/yang22d.pdf","45","46","Self-supervised learning on graphs: Contrastive, generative, or predictive","verified",""
"pre.zip/yang22d.pdf","47","48","How powerful are graph neural networks","verified",""
"pre.zip/yang22d.pdf","48","49","Self-supervised graph-level representation learning with local and global structure","verified",""
"pre.zip/yang22d.pdf","49","50","Dpgn: Distribution propagation graph network for few-shot learning","verified",""
"pre.zip/yang22d.pdf","50","51","Unsupervised time-series representation learning with iterative bilinear temporal-spectral fusion","verified",""
"pre.zip/yang22d.pdf","51","52","Hierarchical graph representation learning with differentiable pooling","verified",""
"pre.zip/yang22d.pdf","52","53","When does self-supervision help graph convolutional networks?","verified",""
"pre.zip/yang22d.pdf","53","54","Graph contrastive learning automated","verified",""
"pre.zip/yang22d.pdf","54","55","An end-to-end deep learning architecture for graph classification","verified",""
"pre.zip/yang22d.pdf","55","56","Motif-driven contrastive learning of graph representations","verified",""
"pre.zip/yang22d.pdf","56","57","Cross reconstruction transformer for self-supervised time series representation learning","verified",""
"pre.zip/yang22d.pdf","57","58","Spatial autoregressive coding for graph neural recommendation","verified",""
"pre.zip/yang22d.pdf","58","59","Graph contrastive learning with adaptive augmentation","verified",""
"pre.zip/yu22h.pdf","11","12","Bootstrapping dialog systems with word embeddings","not_found","real"
"pre.zip/yu22h.pdf","76","77","Extended Derivations and Further Discussion","not_found","uncertain"
"pre.zip/yu22h.pdf","77","78","Derivation of Conditional EBMs","not_found","uncertain"
"pre.zip/yu22h.pdf","78","79","   ","not_found","uncertain"
"pre.zip/yu22h.pdf","84","85","For t = 0, 1, ..., T −2, we have","not_found","uncertain"
"pre.zip/yu22h.pdf","88","89","Derivation of the ELBO","not_found","uncertain"
"pre.zip/yu22h.pdf","100","101","Detailed Discussion of Symbol Coupling","not_found","uncertain"
"pre.zip/yu22h.pdf","108","109","Derivation of the Information Bottleneck","not_found","uncertain"
"pre.zip/yu22h.pdf","112","113","For the marginal distribution of z0","not_found","uncertain"
"pre.zip/yu22h.pdf","123","124","Rearranging Eq. (A14), we can obtain","not_found","uncertain"
"pre.zip/yu22h.pdf","126","127","Derivation of the Learning Gradient","not_found","uncertain"
"pre.zip/yu22h.pdf","130","131","For the prior model, we thus have","not_found","uncertain"
"pre.zip/yu22h.pdf","137","138","Network architecture for the LDEBM prior","not_found","uncertain"
"pre.zip/yu22h.pdf","139","140","t Index of diffusion step Sin","not_found","uncertain"
"pre.zip/yu22h.pdf","142","143","z, t ∗zctx 1, dlat optional zctx","not_found","uncertain"
"pre.zip/yu22h.pdf","147","148","Extra Experiment Details and Discussion","not_found","uncertain"
"pre.zip/yu22h.pdf","148","149","Network Architecture and Hyperparameters","not_found","uncertain"
"pre.zip/yu22h.pdf","149","150","A1; we adopt the same architecture throughout the experiments","not_found","uncertain"
"pre.zip/yu22h.pdf","150","151","On all the datasets but 2D synthetic datasets and AGNews dataset, we use a batch size of 128 and a constant learning rate of 1e−3 for encoder and decoder without weight decay","not_found","uncertain"
"pre.zip/yu22h.pdf","151","152","Experiment Settings and Baselines","not_found","uncertain"
"pre.zip/yu22h.pdf","152","153","To compute rPPL, we set the generated sample size as 40, 000, which is the same size as PTB training set","not_found","uncertain"
"pre.zip/yu22h.pdf","153","154","We use a context window size of 5 during training and evaluation","not_found","uncertain"
"pre.zip/yu22h.pdf","155","156","We compare with the close competitors (11) SVEBM, the symbol-vector coupling prior model and (12) SVEBM-IB, SVEBM with regularization based on information-bottleneck","not_found","uncertain"
"pre.zip/yu22h.pdf","156","157","On AGNews dataset, we further compare our model to VAMPIRE (Gururangan et al., 2019), a VAE-based semi-supervised text learning model","not_found","uncertain"
"pre.zip/yu22h.pdf","157","158","Extra Details for Experiments","not_found","uncertain"
"pre.zip/yu22h.pdf","0","1","Modeling worlds in text","verified",""
"pre.zip/yu22h.pdf","1","2","Structured denoising diffusion models in discrete state-spaces","verified",""
"pre.zip/yu22h.pdf","2","3","Generalized denoising auto-encoders as generative models","verified",""
"pre.zip/yu22h.pdf","3","4","Generating sentences from a continuous space","verified",""
"pre.zip/yu22h.pdf","4","5","The mathematics of statistical machine translation: Parameter estimation","verified",""
"pre.zip/yu22h.pdf","5","6","Importance weighted autoencoders","verified",""
"pre.zip/yu22h.pdf","6","7","Neural models for documents with metadata","verified",""
"pre.zip/yu22h.pdf","7","8","Learning phrase representations using rnn encoder-decoder for statistical machine translation","verified",""
"pre.zip/yu22h.pdf","8","9","Improved contrastive divergence training of energy based models","verified",""
"pre.zip/yu22h.pdf","9","10","Key-value retrieval networks for task-oriented dialogue","verified",""
"pre.zip/yu22h.pdf","10","11","Implicit deep latent variable models for text generation","verified",""
"pre.zip/yu22h.pdf","12","13","Cyclical annealing schedule: A simple approach to mitigating kl vanishing","verified",""
"pre.zip/yu22h.pdf","13","14","Learning energy-based models by diffusion recovery likelihood","verified",""
"pre.zip/yu22h.pdf","14","15","Your classifier is secretly an energy based model and you should treat it like one","verified",""
"pre.zip/yu22h.pdf","15","16","A deep generative framework for paraphrase generation","verified",""
"pre.zip/yu22h.pdf","16","17","Variational pretraining for semi-supervised text classification","verified",""
"pre.zip/yu22h.pdf","17","18","Divergence triangle for joint training of generator model, energy-based model, and inferential model","verified",""
"pre.zip/yu22h.pdf","18","19","Joint training of variational auto-encoder and latent energy-based model","verified",""
"pre.zip/yu22h.pdf","19","20","Lagging inference networks and posterior collapse in variational autoencoders","verified",""
"pre.zip/yu22h.pdf","20","21","beta-vae: Learning basic visual concepts with a constrained variational framework","verified",""
"pre.zip/yu22h.pdf","21","22","Denoising diffusion probabilistic models","verified",""
"pre.zip/yu22h.pdf","23","24","Discrete latent variable representations for low-resource text classification","verified",""
"pre.zip/yu22h.pdf","24","25","Learning and inferring movement with deep generative model","verified",""
"pre.zip/yu22h.pdf","25","26","Task transfer by preference-based cost learning","verified",""
"pre.zip/yu22h.pdf","26","27","Billion-scale similarity search with gpus","verified",""
"pre.zip/yu22h.pdf","27","28","Adam: A method for stochastic optimization","verified",""
"pre.zip/yu22h.pdf","28","29","Auto-encoding variational bayes","verified",""
"pre.zip/yu22h.pdf","29","30","Semi-supervised learning with deep generative models","verified",""
"pre.zip/yu22h.pdf","30","31","A surprisingly effective fix for deep latent variable modeling of text","verified",""
"pre.zip/yu22h.pdf","31","32","Delete, retrieve, generate: a simple approach to sentiment and style transfer","verified",""
"pre.zip/yu22h.pdf","32","33","Deep recurrent generative decoder for abstractive text summarization","verified",""
"pre.zip/yu22h.pdf","33","34","Building a large annotated corpus of english: the penn treebank","verified",""
"pre.zip/yu22h.pdf","34","35","Regularizing and optimizing lstm language models","verified",""
"pre.zip/yu22h.pdf","35","36","Neural variational inference for text processing","verified",""
"pre.zip/yu22h.pdf","36","37","Recurrent neural network based language model","verified",""
"pre.zip/yu22h.pdf","37","38","Vector-based models of semantic composition","verified",""
"pre.zip/yu22h.pdf","38","39","Spectral normalization for generative adversarial networks","verified",""
"pre.zip/yu22h.pdf","39","40","Controllable and compositional generation with latent-space energy-based models","verified",""
"pre.zip/yu22h.pdf","40","41","Learning non-convergent non-persistent short-run mcmc toward energy-based model","verified",""
"pre.zip/yu22h.pdf","41","42","On the anatomy of mcmc-based maximum likelihood learning of energy-based models","verified",""
"pre.zip/yu22h.pdf","42","43","Latent space energy-based model of symbol-vector coupling for text generation and classification","verified",""
"pre.zip/yu22h.pdf","43","44","Learning latent space energy-based prior model for molecule generation","verified",""
"pre.zip/yu22h.pdf","44","45","Trajectory prediction with latent belief energy-based model","verified",""
"pre.zip/yu22h.pdf","45","46","Bleu: a method for automatic evaluation of machine translation","verified",""
"pre.zip/yu22h.pdf","46","47","Glove: Global vectors for word representation","verified",""
"pre.zip/yu22h.pdf","48","49","Stochastic backpropagation and approximate inference in deep generative models","verified",""
"pre.zip/yu22h.pdf","49","50","An optimal assessment of natural language student input using word-to-word similarity metrics","verified",""
"pre.zip/yu22h.pdf","50","51","Building end-to-end dialogue systems using generative hierarchical neural network models","verified",""
"pre.zip/yu22h.pdf","51","52","A hierarchical latent variable encoder-decoder model for generating dialogues","verified",""
"pre.zip/yu22h.pdf","52","53","Dispersed exponential family mixture vaes for interpretable text generation","verified",""
"pre.zip/yu22h.pdf","53","54","D2c: Diffusion-denoising models for few-shot conditional generation","verified",""
"pre.zip/yu22h.pdf","54","55","Deep unsupervised learning using nonequi-librium thermodynamics","verified",""
"pre.zip/yu22h.pdf","55","56","Generative modeling by estimating gradients of the data distribution","verified",""
"pre.zip/yu22h.pdf","56","57","Improved techniques for training score-based generative models","verified",""
"pre.zip/yu22h.pdf","57","58","Score-based generative modeling through stochastic differential equations","verified",""
"pre.zip/yu22h.pdf","58","59","Towards text generation with adversarially learned neural outlines","verified",""
"pre.zip/yu22h.pdf","59","60","The information bottleneck method","verified",""
"pre.zip/yu22h.pdf","60","61","NVAE: A deep hierarchical variational autoencoder","verified",""
"pre.zip/yu22h.pdf","61","62","Score-based generative modeling in latent space","verified",""
"pre.zip/yu22h.pdf","62","63","A connection between score matching and denoising autoencoders","verified",""
"pre.zip/yu22h.pdf","63","64","Stacked denoising autoencoders: Learning useful representations in a deep network with a local denoising criterion","verified",""
"pre.zip/yu22h.pdf","64","65","Topic-guided variational autoencoder for text generation","verified",""
"pre.zip/yu22h.pdf","65","66","Bayesian learning via stochastic gradient langevin dynamics","verified",""
"pre.zip/yu22h.pdf","66","67","Latent intention dialogue models","verified",""
"pre.zip/yu22h.pdf","67","68","A theory of generative convnet","verified",""
"pre.zip/yu22h.pdf","68","69","Pomdp-based statistical spoken dialog systems: A review","verified",""
"pre.zip/yu22h.pdf","69","70","Unsupervised foreground extraction via deep region competition","verified",""
"pre.zip/yu22h.pdf","70","71","Vari-ational neural machine translation","verified",""
"pre.zip/yu22h.pdf","71","72","Character-level convolutional networks for text classification","verified",""
"pre.zip/yu22h.pdf","72","73","Adversarially regularized autoencoders","verified",""
"pre.zip/yu22h.pdf","74","75","Learning discourse-level diversity for neural dialog models using conditional variational autoencoders","verified",""
"pre.zip/zhu22c.pdf","18","19","WordNet: An electronic lexical database","not_found","real"
"pre.zip/zhu22c.pdf","46","47","There is a total number of 14 query types, as showed in Fig","not_found","uncertain"
"pre.zip/zhu22c.pdf","48","49","Types of complex FOL queries used in training and inference","not_found","uncertain"
"pre.zip/zhu22c.pdf","49","50","Statistics of different query types used in the benchmark datasets","not_found","uncertain"
"pre.zip/zhu22c.pdf","61","62","Since the GNN in relation projection takes (O(|V|d2 + |E|d) time (see App","not_found","uncertain"
"pre.zip/zhu22c.pdf","67","68","operand projection operand projection operand conjunction projection conjunction","not_found","uncertain"
"pre.zip/zhu22c.pdf","69","70","Illustration of batched expression execution (Alg. 2) over a batch of two queries","not_found","uncertain"
"pre.zip/zhu22c.pdf","73","74","Test H@1 results (%) on answering FOL queries","not_found","uncertain"
"pre.zip/zhu22c.pdf","83","84","Visualization of random samples from FB15k-237 test set","not_found","uncertain"
"pre.zip/zhu22c.pdf","147","148","Kennedy Thomas Jefferson John F","not_found","uncertain"
"pre.zip/zhu22c.pdf","151","152","Naval Academy ✗ Spyglass Media Group ✗","not_found","uncertain"
"pre.zip/zhu22c.pdf","223","224","Willis ✗ Edward Carfagno ✗","not_found","uncertain"
"pre.zip/zhu22c.pdf","225","226","McKelvy ✓ Edward G","not_found","uncertain"
"pre.zip/zhu22c.pdf","227","228","McKelvy Ray Moyer Henry Bumstead","not_found","uncertain"
"pre.zip/zhu22c.pdf","230","231","McKelvy ✓ - -","not_found","uncertain"
"pre.zip/zhu22c.pdf","237","238","FC Union Berlin ✗","not_found","uncertain"
"pre.zip/zhu22c.pdf","349","350","Berman ✗ Gary Dourdan ✗ Martie Maguire ✗","not_found","uncertain"
"pre.zip/zhu22c.pdf","353","354","Le Guin (hard) 24","not_found","uncertain"
"pre.zip/zhu22c.pdf","355","356","Michener ✗ Michael Chabon ✗","not_found","uncertain"
"pre.zip/zhu22c.pdf","357","358","Le Guin (hard) 40","not_found","uncertain"
"pre.zip/zhu22c.pdf","358","359","Records or is a lead vocalist?","not_found","uncertain"
"pre.zip/zhu22c.pdf","359","360","Records, c) ∨Role(c, lead vocalist)","not_found","uncertain"
"pre.zip/zhu22c.pdf","400","401","Bell ✓ Stephen Demorest ✓ Andy Heyward ✗","not_found","uncertain"
"pre.zip/zhu22c.pdf","491","492","✗ FC Torpedo Moscow ✗","not_found","uncertain"
"pre.zip/zhu22c.pdf","498","499","✗ Odense Boldklub ✗ FC Vorskla Poltava ✗","not_found","uncertain"
"pre.zip/zhu22c.pdf","567","568","Louis County Monroe County Genesee County","not_found","uncertain"
"pre.zip/zhu22c.pdf","623","624","Abrams ✗ Ted Kennedy ✗ Milton Friedman ✗","not_found","uncertain"
"pre.zip/zhu22c.pdf","670","671","Os Belenenses Williams Grand Prix Engineering FC Torpedo Moscow","not_found","uncertain"
"pre.zip/zhu22c.pdf","671","672","✗ Club de Fútbol Monterrey ✗ U.C","not_found","uncertain"
"pre.zip/zhu22c.pdf","0","1","Lowfer: Low-rank bilinear pooling for link prediction","verified",""
"pre.zip/zhu22c.pdf","1","2","Complex query answering with neural link predictors","verified",""
"pre.zip/zhu22c.pdf","2","3","Translating embeddings for modeling multi-relational data","verified",""
"pre.zip/zhu22c.pdf","3","4","Fuzzy logic based logical query answering on knowledge graph","verified",""
"pre.zip/zhu22c.pdf","4","5","Self-supervised hyperboloid representations from logical queries over knowledge graphs","verified",""
"pre.zip/zhu22c.pdf","5","6","Principal neighbourhood aggregation for graph nets","verified",""
"pre.zip/zhu22c.pdf","6","7","Efficient query evaluation on probabilistic databases","verified",""
"pre.zip/zhu22c.pdf","10","11","Traversing knowledge graphs in vector space","verified",""
"pre.zip/zhu22c.pdf","11","12","Embedding logical queries on knowledge graphs","verified",""
"pre.zip/zhu22c.pdf","12","13","Reasoning on knowledge graphs with debate dynamics","verified",""
"pre.zip/zhu22c.pdf","13","14","Systematic integration of biomedical knowledge prioritizes drugs for repurposing","verified",""
"pre.zip/zhu22c.pdf","14","15","Adam: A method for stochastic optimization","verified",""
"pre.zip/zhu22c.pdf","15","16","Fuzzy sets and fuzzy logic","verified",""
"pre.zip/zhu22c.pdf","16","17","Foundations of logic programming","verified",""
"pre.zip/zhu22c.pdf","17","18","Aristotle’s syllogistic from the standpoint of modern formal logic","verified",""
"pre.zip/zhu22c.pdf","19","20","A review of relational machine learning for knowledge graphs","verified",""
"pre.zip/zhu22c.pdf","20","21","Probabilistic reasoning in intelligent systems: networks of plausible inference","verified",""
"pre.zip/zhu22c.pdf","21","22","Rnnlogic: Learning logic rules for reasoning on knowledge graphs","verified",""
"pre.zip/zhu22c.pdf","22","23","Beta embeddings for multi-hop logical reasoning in knowledge graphs","verified",""
"pre.zip/zhu22c.pdf","23","24","Query2box: Reasoning over knowledge graphs in vector space using box embeddings","verified",""
"pre.zip/zhu22c.pdf","24","25","Drum: End-to-end differentiable rule mining on knowledge graphs","verified",""
"pre.zip/zhu22c.pdf","25","26","Modeling relational data with graph convolutional networks","verified",""
"pre.zip/zhu22c.pdf","26","27","Foundations of sparql query optimization","verified",""
"pre.zip/zhu22c.pdf","27","28","Artificial intelligence-a modern approach","verified",""
"pre.zip/zhu22c.pdf","28","29","Faithful embeddings for knowledge base queries","verified",""
"pre.zip/zhu22c.pdf","29","30","Rotate: Knowledge graph embedding by relational rotation in complex space","verified",""
"pre.zip/zhu22c.pdf","30","31","String v11: protein–protein association networks with increased coverage, supporting functional discovery in genome-wide experimental datasets","verified",""
"pre.zip/zhu22c.pdf","31","32","Inductive relation prediction by subgraph reasoning","verified",""
"pre.zip/zhu22c.pdf","32","33","Observed versus latent features for knowledge base and text inference","verified",""
"pre.zip/zhu22c.pdf","33","34","Complex embeddings for simple link prediction","verified",""
"pre.zip/zhu22c.pdf","34","35","Composition-based multi-relational graph convolutional networks","verified",""
"pre.zip/zhu22c.pdf","36","37","Wikidata: a free collaborative knowledgebase","verified",""
"pre.zip/zhu22c.pdf","37","38","Deeppath: A reinforcement learning method for knowledge graph reasoning","verified",""
"pre.zip/zhu22c.pdf","38","39","Embedding entities and relations for learning and inference in knowledge bases","verified",""
"pre.zip/zhu22c.pdf","39","40","Differentiable learning of logical rules for knowledge base reasoning","verified",""
"pre.zip/zhu22c.pdf","40","41","Identity-aware graph neural networks","verified",""
"pre.zip/zhu22c.pdf","41","42","Learning to walk with dual agents for knowledge graph reasoning","verified",""
"pre.zip/zhu22c.pdf","42","43","Neural bellman-ford networks: A general graph neural network framework for link prediction","verified",""
"pre.zip/zhu22c.pdf","43","44","gstore: answering sparql queries via subgraph matching","verified",""
"pre.zip/zhu22d.pdf","94","95","and Bottou & Bousquet (2008), we give a formulation of excess error decomposition and demonstrate how to understand generalization through error decomposition","not_found","uncertain"
"pre.zip/zhu22d.pdf","101","102","For example, the Lipschitz constant G can be very large for some learning problems (Fazlyab et al., 2019; Lei & Ying, 2020)","not_found","uncertain"
"pre.zip/zhu22d.pdf","110","111","A stochastic algorithm A is ℓ2 on-average model ϵ-stable for all training data sets S, S(i) ∈Zn that differ by at most one example, we have","not_found","uncertain"
"pre.zip/zhu22d.pdf","122","123","A traditional distributed learning system usually follows a centralized setup (Abadi et al., 2016)","not_found","uncertain"
"pre.zip/zhu22d.pdf","123","124","Generalization via algorithmic stability","not_found","uncertain"
"pre.zip/zhu22d.pdf","124","125","and Devroye & Wagner (1979)","not_found","uncertain"
"pre.zip/zhu22d.pdf","127","128","Loss differences in training ResNet-18 using D-SGD with different topologies","not_found","uncertain"
"pre.zip/zhu22d.pdf","131","132","Let M stand for the matrix with all the elements be 1/m and P is defined in Definition A","not_found","uncertain"
"pre.zip/zhu22d.pdf","132","133","For any a, b ∈R and p ∈R+, the following inequality holds","not_found","uncertain"
"pre.zip/zhu22d.pdf","134","135","Assume that for all z ∈Z, the map w �→f(w; z) is nonnegative with its gradient ∇f(w; z) being (α, L)-Hölder continuous (Assumption A.3), then w �→f(w; z) can be bounded as","not_found","uncertain"
"pre.zip/zhu22d.pdf","137","138","The self-binding property implies that H”older continuous gradients can be controlled by function values","not_found","uncertain"
"pre.zip/zhu22d.pdf","139","140","Lemma D.4 establishes the co-coercivity of the gradients for nonnegative convex functions with Hölder continuous gradients","not_found","uncertain"
"pre.zip/zhu22d.pdf","144","145","For more details, see Appendix D of Lei & Ying (2020)","not_found","uncertain"
"pre.zip/zhu22d.pdf","146","147","Algorithmic stability of D-SGD","not_found","uncertain"
"pre.zip/zhu22d.pdf","181","182","∼N(0, 1), l = 1, . . . , m","not_found","uncertain"
"pre.zip/zhu22d.pdf","394","395","Therefore, the averged empirical risk at τ-th iterate can be bounded as","not_found","uncertain"
"pre.zip/zhu22d.pdf","2","3","A unified and refined convergence analysis for non-convex decentralized learning","mismatch","real"
"pre.zip/zhu22d.pdf","33","34","The early phase of neural network training","mismatch","real"
"pre.zip/zhu22d.pdf","0","1","Tensorflow: A system for large-scale machine learning","verified",""
"pre.zip/zhu22d.pdf","1","2","Critical learning periods in deep networks","verified",""
"pre.zip/zhu22d.pdf","3","4","On exact computation with an infinitely wide neural net","verified",""
"pre.zip/zhu22d.pdf","4","5","Stochastic gradient push for distributed deep learning","verified",""
"pre.zip/zhu22d.pdf","5","6","Stochastic gradient push for distributed deep learning","verified",""
"pre.zip/zhu22d.pdf","6","7","Yes, topology matters in decentralized optimization: Refined convergence and topology learning under heterogeneous data","verified",""
"pre.zip/zhu22d.pdf","7","8","Stability of stochastic gradient descent on nonsmooth convex losses","verified",""
"pre.zip/zhu22d.pdf","8","9","Convergence of a multi-agent projected stochastic gradient algorithm for non-convex optimization","verified",""
"pre.zip/zhu22d.pdf","9","10","The tradeoffs of large scale learning","verified",""
"pre.zip/zhu22d.pdf","10","11","Stability and generalization","verified",""
"pre.zip/zhu22d.pdf","11","12","Stability and convergence trade-off of iterative optimization algorithms","verified",""
"pre.zip/zhu22d.pdf","12","13","Non-iid data and continual learning processes in federated learning: A long road ahead","verified",""
"pre.zip/zhu22d.pdf","13","14","Dispfl: Towards communication-efficient personalized federated learning via decentralized sparse training","verified",""
"pre.zip/zhu22d.pdf","14","15","Large scale distributed deep networks","verified",""
"pre.zip/zhu22d.pdf","15","16","Toward better generalization bounds with locally elastic stability","verified",""
"pre.zip/zhu22d.pdf","16","17","Distribution-free performance bounds with the resubstitution error estimate","verified",""
"pre.zip/zhu22d.pdf","17","18","Efficient and accurate estimation of lipschitz constants for deep neural networks","verified",""
"pre.zip/zhu22d.pdf","18","19","Hypothesis set stability and generalization","verified",""
"pre.zip/zhu22d.pdf","19","20","The early phase of neural network training","verified",""
"pre.zip/zhu22d.pdf","20","21","Inverting gradients - how easy is it to break privacy in federated learning?","verified",""
"pre.zip/zhu22d.pdf","21","22","Accurate, large minibatch sgd: Training imagenet in 1 hour","verified",""
"pre.zip/zhu22d.pdf","22","23","Communication-efficient distributed stochastic auc maximization with deep neural networks","verified",""
"pre.zip/zhu22d.pdf","23","24","The influence of top management team heterogeneity on firms’ competitive moves","verified",""
"pre.zip/zhu22d.pdf","25","26","Train faster, generalize better: Stability of stochastic gradient descent","verified",""
"pre.zip/zhu22d.pdf","26","27","Recent advances in deep learning theory","verified",""
"pre.zip/zhu22d.pdf","27","28","Deep residual learning for image recognition","verified",""
"pre.zip/zhu22d.pdf","28","29","Identity mappings in deep residual networks","verified",""
"pre.zip/zhu22d.pdf","29","30","Achieving personalized federated learning with sparse local models","verified",""
"pre.zip/zhu22d.pdf","30","31","Batch normalization: Accelerating deep network training by reducing internal covariate shift","verified",""
"pre.zip/zhu22d.pdf","31","32","Gradient descent aligns the layers of deep linear networks","verified",""
"pre.zip/zhu22d.pdf","32","33","Advances and Open Problems in Federated Learning","verified",""
"pre.zip/zhu22d.pdf","34","35","A unified theory of decentralized SGD with changing topology and local updates","verified",""
"pre.zip/zhu22d.pdf","35","36","Consensus control for decentralized deep learning","verified",""
"pre.zip/zhu22d.pdf","36","37","Learning multiple layers of features from tiny images (tech","verified",""
"pre.zip/zhu22d.pdf","37","38","Data-dependent stability of stochastic gradient descent","verified",""
"pre.zip/zhu22d.pdf","38","39","Tiny imagenet visual recognition challenge","verified",""
"pre.zip/zhu22d.pdf","39","40","Gradient-based learning applied to document recognition","verified",""
"pre.zip/zhu22d.pdf","40","41","Fine-grained analysis of stability and generalization for stochastic gradient descent","verified",""
"pre.zip/zhu22d.pdf","41","42","Communication efficient distributed machine learning with the parameter server","verified",""
"pre.zip/zhu22d.pdf","42","43","Can decentralized algorithms outperform centralized algorithms? a case study for decentralized parallel stochastic gradient descent","verified",""
"pre.zip/zhu22d.pdf","43","44","Asynchronous decentralized parallel stochastic gradient descent","verified",""
"pre.zip/zhu22d.pdf","44","45","Algorithmic stability and hypothesis complexity","verified",""
"pre.zip/zhu22d.pdf","45","46","Diffusion least-mean squares over adaptive networks: Formulation and performance analysis","verified",""
"pre.zip/zhu22d.pdf","46","47","Gossip algorithms for convex consensus optimization over networks","verified",""
"pre.zip/zhu22d.pdf","47","48","Decentralized stochastic non-convex optimization over weakly connected time-varying digraphs","verified",""
"pre.zip/zhu22d.pdf","48","49","Optimal complexity in decentralized training","verified",""
"pre.zip/zhu22d.pdf","49","50","Foundations of machine learning","verified",""
"pre.zip/zhu22d.pdf","51","52","Mathematical aspects of mixing times in markov chains","verified",""
"pre.zip/zhu22d.pdf","52","53","Asynchronous decentralized sgd with quantized and local updates","verified",""
"pre.zip/zhu22d.pdf","53","54","Distributed gradient methods for convex machine learning problems in networks: Distributed optimization","verified",""
"pre.zip/zhu22d.pdf","54","55","Network topology and communication-computation tradeoffs in decentralized optimization","verified",""
"pre.zip/zhu22d.pdf","55","56","Introductory lectures on convex optimization: A basic course","verified",""
"pre.zip/zhu22d.pdf","56","57","Universal gradient methods for convex optimization problems","verified",""
"pre.zip/zhu22d.pdf","57","58","Information-theoretic generalization bounds for stochastic gradient descent","verified",""
"pre.zip/zhu22d.pdf","58","59","Pytorch: An imperative style, high-performance deep learning library","verified",""
"pre.zip/zhu22d.pdf","59","60","On the momentum term in gradient descent learning algorithms","verified",""
"pre.zip/zhu22d.pdf","60","61","Graph-dependent implicit regularisation for distributed stochastic subgradient descent","verified",""
"pre.zip/zhu22d.pdf","61","62","Non-negative matrices and Markov chains","verified",""
"pre.zip/zhu22d.pdf","62","63","Learnability, stability and uniform convergence","verified",""
"pre.zip/zhu22d.pdf","63","64","Distributed stochastic optimization and learning","verified",""
"pre.zip/zhu22d.pdf","64","65","Extra: An exact first-order algorithm for decentralized consensus optimization","verified",""
"pre.zip/zhu22d.pdf","65","66","Very deep convolutional networks for large-scale image recognition","verified",""
"pre.zip/zhu22d.pdf","66","67","The implicit bias of gradient descent on separable data","verified",""
"pre.zip/zhu22d.pdf","67","68","Smoothness, low noise and fast rates","verified",""
"pre.zip/zhu22d.pdf","68","69","Dropout: A simple way to prevent neural networks from overfitting","verified",""
"pre.zip/zhu22d.pdf","69","70","Stability and generalization of decentralized stochastic gradient descent","verified",""
"pre.zip/zhu22d.pdf","70","71","Quantized decentralized stochastic learning over directed graphs","verified",""
"pre.zip/zhu22d.pdf","71","72","D2: Decentralized training over decentralized data","verified",""
"pre.zip/zhu22d.pdf","72","73","Solution of incorrectly formulated problems and the regularization method","verified",""
"pre.zip/zhu22d.pdf","73","74","Distributed asynchronous deterministic and stochastic gradient optimization algorithms","verified",""
"pre.zip/zhu22d.pdf","74","75","Problems in decentralized decision making and computation","verified",""
"pre.zip/zhu22d.pdf","75","76","Theory of pattern recognition","verified",""
"pre.zip/zhu22d.pdf","77","78","Relaysum for decentralized deep learning on heterogeneous data","verified",""
"pre.zip/zhu22d.pdf","78","79","Rat-resilient allreduce tree for distributed machine learning","verified",""
"pre.zip/zhu22d.pdf","79","80","The implicit bias for adaptive optimization algorithms on homogeneous neural networks","verified",""
"pre.zip/zhu22d.pdf","80","81","Matcha: Speeding up decentralized sgd via matching decomposition sampling","verified",""
"pre.zip/zhu22d.pdf","81","82","Swarm learning for decentralized and confidential clinical machine learning","verified",""
"pre.zip/zhu22d.pdf","82","83","Fast linear iterations for distributed averaging","verified",""
"pre.zip/zhu22d.pdf","83","84","A (dp)2 2sgd: Asynchronous decentralized parallel stochastic gradient descent with differential privacy","verified",""
"pre.zip/zhu22d.pdf","84","85","See through gradients: Image batch recovery via gradinversion","verified",""
"pre.zip/zhu22d.pdf","85","86","Bluefog: Make decentralized algorithms practical for optimization and deep learning","verified",""
"pre.zip/zhu22d.pdf","86","87","Unregularized online learning algorithms with general loss functions","verified",""
"pre.zip/zhu22d.pdf","87","88","On the influence of bias-correction on distributed stochastic optimization","verified",""
"pre.zip/zhu22d.pdf","88","89","A highly efficient distributed deep learning system for automatic speech recognition","verified",""
"pre.zip/zhu22d.pdf","89","90","Loss landscape dependent self-adjusting learning rates in decentralized stochastic gradient descent","verified",""
"pre.zip/zhu22d.pdf","90","91","Federated learning with non-iid data","verified",""
"pre.zip/zhu22d.pdf","91","92","Deep leakage from gradients","verified",""