Filename,RefIndex,RefNum,Title,PredictedStatus,ManualLabel
"pre.zip/PMC6329132.pdf","0","1","The ABC of Multimorbidity","not_found","real"
"pre.zip/PMC6329132.pdf","5","6","Multimorbidity and mortality in older adults: a systematic review and meta-analysis","mismatch","real"
"pre.zip/PMC6329132.pdf","6","7","Depression and multimorbidity: a cross-sectional study of 1,751,841 patients in primary care","mismatch","real"
"pre.zip/PMC6329132.pdf","12","13","International statistical classification of diseases and related health problems","mismatch","real"
"pre.zip/PMC6329132.pdf","14","15","Treatment dropout and missed appointments among adults with attention-deficit/hyperactivity disorder: associations with patient-and disorder-related factors","mismatch","real"
"pre.zip/PMC6329132.pdf","1","2","Time trends in prevalence of chronic diseases and multimorbidity not only due to aging: data from general practices and health surveys","verified",""
"pre.zip/PMC6329132.pdf","2","3","The increasing burden and complexity of multimorbidity","verified",""
"pre.zip/PMC6329132.pdf","3","4","Epidemiology of multimorbidity and implications for health care, research, and medical education: a cross-sectional study","verified",""
"pre.zip/PMC6329132.pdf","4","5","Health care utilization and costs of elderly persons with multiple chronic conditions","verified",""
"pre.zip/PMC6329132.pdf","7","8","Understanding patients’ experiences of treatment burden in chronic heart failure using normalization process theory","verified",""
"pre.zip/PMC6329132.pdf","8","9","Appointment adherence and disparities in outcomes among patients with diabetes","verified",""
"pre.zip/PMC6329132.pdf","9","10","Demographic and practice factors predicting repeated non-attendance in primary care: a national retrospective cohort analysis","verified",""
"pre.zip/PMC6329132.pdf","10","11","Understanding repeated non-attendance in health services: a pilot analysis of administrative data and full study protocol for a national retrospective cohort","verified",""
"pre.zip/PMC6329132.pdf","13","14","Mortality in children, adolescents, and adults with attention deficit hyperactivity disorder: a nationwide cohort study","verified",""
"pre.zip/PMC6329132.pdf","15","16","Mortality risk during and after opioid substitution treatment: systematic review and meta-analysis of cohort studies","verified",""
"pre.zip/PMC6329132.pdf","16","17","Cognitive and psychiatric predictors of medical treatment adherence among older adults in primary care clinics","verified",""
"pre.zip/PMC6329132.pdf","17","18","A comparative survey of missed initial and follow-up appointments to psychiatric specialties in the United Kingdom","verified",""
"pre.zip/PMC6329132.pdf","18","19","Alcohol accounts for a high proportion of premature mortality in central and eastern Europe","verified",""
"pre.zip/PMC6329132.pdf","19","20","Mortality from dementia in advanced age: a 5-year follow-up study of incident dementia cases","verified",""
"pre.zip/PMC6329132.pdf","20","21","Eliminating the wait for mental health services","verified",""
"pre.zip/PMC6330753.pdf","3","4","Weight Gain During Pregnancy: Reexamining the Guidelines","not_found","real"
"pre.zip/PMC6330753.pdf","9","10","The effect of gestational weight gain by body mass index on maternal and neonatal outcomes","not_found","real"
"pre.zip/PMC6330753.pdf","29","30","ACOG Committee Opinion No. 650: physical activity and exercise during pregnancy and the postpartum period","not_found","real"
"pre.zip/PMC6330753.pdf","38","39","17:5 Page 12 of 13 review of the content, delivery, and outcomes of randomized controlled trials","not_found","hallucinated"
"pre.zip/PMC6330753.pdf","1","2","Maternal obesity and pregnancy outcome: a study of 287,213 pregnancies in London","verified",""
"pre.zip/PMC6330753.pdf","2","3","Preconceptional and maternal obesity: epidemiology and health consequences","verified",""
"pre.zip/PMC6330753.pdf","4","5","Trends in gestational weight gain: the Pregnancy Risk Assessment Monitoring System","verified",""
"pre.zip/PMC6330753.pdf","5","6","Secular trends in pregnancy weight gain in German women and their influences on foetal outcome: a hospital-based study","verified",""
"pre.zip/PMC6330753.pdf","6","7","Gestational weight gain and risk of gestational diabetes mellitus","verified",""
"pre.zip/PMC6330753.pdf","7","8","Excessive gestational weight gain prior to glucose screening and the risk of gestational diabetes: a meta-analysis","verified",""
"pre.zip/PMC6330753.pdf","8","9","Gestational weight gain and long-term postpartum weight retention: a meta-analysis","verified",""
"pre.zip/PMC6330753.pdf","10","11","Association between gestational weight gain according to body mass index and postpartum weight in a large cohort of Danish women","verified",""
"pre.zip/PMC6330753.pdf","11","12","Association of gestational weight gain with maternal and infant outcomes: a systematic review and meta-analysis","verified",""
"pre.zip/PMC6330753.pdf","12","13","Maternal weight gain in pregnancy and risk of obesity among offspring: a systematic review","verified",""
"pre.zip/PMC6330753.pdf","13","14","Effects of suboptimal or excessive gestational weight gain on childhood overweight and abdominal adiposity: results from a retrospective cohort study","verified",""
"pre.zip/PMC6330753.pdf","14","15","Gestational weight gain and overweight in children: results from the cross-sectional German KiGGS study","verified",""
"pre.zip/PMC6330753.pdf","15","16","Birth weight and long-term overweight risk: systematic review and a meta-analysis including 643,902 persons from 66 studies and 26 countries globally","verified",""
"pre.zip/PMC6330753.pdf","16","17","Gestational weight gain in relation to offspring obesity over the life course: a systematic review and bias-adjusted meta-analysis","verified",""
"pre.zip/PMC6330753.pdf","17","18","Preventing excessive gestational weight gain: a systematic review of interventions","verified",""
"pre.zip/PMC6330753.pdf","18","19","Antenatal lifestyle advice for women who are overweight or obese: LIMIT randomised trial","verified",""
"pre.zip/PMC6330753.pdf","19","20","Maternal obesity and metabolic risk to the offspring: why lifestyle interventions may have not achieved the desired outcomes","verified",""
"pre.zip/PMC6330753.pdf","20","21","Effect of a behavioural intervention in obese pregnant women (the UPBEAT study): A multicentre, randomised controlled trial","verified",""
"pre.zip/PMC6330753.pdf","21","22","Effect of diet and physical activity based interventions in pregnancy on gestational weight gain and pregnancy outcomes: meta-analysis of individual participant data from randomised trials","verified",""
"pre.zip/PMC6330753.pdf","22","23","Systematic review of antenatal dietary and lifestyle interventions in women with a normal body mass index","verified",""
"pre.zip/PMC6330753.pdf","23","24","Feasibility of a controlled trial aiming to prevent excessive pregnancy-related weight gain in primary health care","verified",""
"pre.zip/PMC6330753.pdf","24","25","Optimizing healthy gestational weight gain in women at high risk of gestational diabetes: a randomized controlled trial","verified",""
"pre.zip/PMC6330753.pdf","25","26","Effectiveness of regular weighing, weight target setting and feedback by community midwives within routine antenatal care in preventing excessive gestational weight gain: randomised controlled trial","verified",""
"pre.zip/PMC6330753.pdf","26","27","Safety and efficacy of a lifestyle intervention for pregnant women to prevent excessive maternal weight gain: a cluster-randomized controlled trial","verified",""
"pre.zip/PMC6330753.pdf","27","28","Healthy living in pregnancy: A cluster-randomized controlled trial to prevent excessive gestational weight gain - rationale and design of the GeliS study","verified",""
"pre.zip/PMC6330753.pdf","30","31","The prevalence of gestational diabetes","verified",""
"pre.zip/PMC6330753.pdf","31","32","International association of diabetes and pregnancy study groups recommendations on the diagnosis and classification of hyperglycemia in pregnancy","verified",""
"pre.zip/PMC6330753.pdf","32","33","Gestationsdiabetes mellitus (GDM) –Diagnostik, Therapie und Nachsorge: Praxisleitlinie der Deutschen Diabetes Gesellschaft (DDG) und der Deutschen Gesellschaft für Gynäkologie und Geburtshilfe (DGGG)","verified",""
"pre.zip/PMC6330753.pdf","33","34","Parameters to aid in the design and analysis of community trials: intraclass correlations from the Minnesota Heart Health Program","verified",""
"pre.zip/PMC6330753.pdf","34","35","Design and Analysis of Cluster Randomization Trials in Health Research","verified",""
"pre.zip/PMC6330753.pdf","35","36","Multiple Imputation of Missing Data Using SAS","verified",""
"pre.zip/PMC6330753.pdf","36","37","Excess gestational weight gain in pregnancy and the role of lifestyle intervention","verified",""
"pre.zip/PMC6330753.pdf","37","38","Lifestyle intervention to prevent obesity during pregnancy: Implications and recommendations for research and implementation","verified",""
"pre.zip/PMC6330753.pdf","39","40","Within-population average ranges compared with Institute of Medicine recommendations for gestational weight gain","verified",""
"pre.zip/PMC6330753.pdf","40","41","Diet or exercise, or both, for preventing excessive weight gain in pregnancy","verified",""
"pre.zip/PMC6330753.pdf","41","42","Optimal gestational weight gain ranges for the avoidance of adverse birth weight outcomes: a novel approach","verified",""
"pre.zip/PMC6330753.pdf","42","43","Effects of interventions in pregnancy on maternal weight and obstetric outcomes: meta-analysis of randomised evidence","verified",""
"pre.zip/PMC6330753.pdf","43","44","Diet and exercise interventions for preventing gestational diabetes mellitus","verified",""
"pre.zip/PMC6330753.pdf","45","46","Pregnant women’s perceptions of gestational weight gain: a systematic review and meta-synthesis of qualitative research","verified",""
"pre.zip/PMC6330753.pdf","46","47","Prediction of excessive gestational weight gain from week-specific cutoff values: a cohort study","verified",""
"pre.zip/PMC6330753.pdf","47","48","Normalisation process theory: a framework for developing, evaluating and implementing complex interventions","verified",""
"pre.zip/PMC6330753.pdf","48","49","From best evidence to best practice: effective implementation of change in patients’ care","verified",""
"pre.zip/PMC6334434.pdf","6","7","Observational study of effect of patient centredness and consultations","not_found","uncertain"
"pre.zip/PMC6334434.pdf","34","35","What can we salvage from care.data? BMJ. 2016;354:i3907 https:// doi.org/10.1136/bmj.i3907","not_found","real"
"pre.zip/PMC6334434.pdf","3","4","Agreement of ocular symptom reporting between patient-reported outcomes and medical records","mismatch","real"
"pre.zip/PMC6334434.pdf","7","8","Late response to patient-reported outcome questionnaires after surgery was associated with worse outcome","mismatch","real"
"pre.zip/PMC6334434.pdf","30","31","Functional impairment and internet use among older adults: implications for meaningful use of patient portals","mismatch","real"
"pre.zip/PMC6334434.pdf","40","41","Defining patient centricity with patients for patients and caregivers: a collaborative endeavour","mismatch","real"
"pre.zip/PMC6334434.pdf","0","1","Using real-world data for coverage and payment decisions: the ISPOR Real-World Data Task Force report","verified",""
"pre.zip/PMC6334434.pdf","1","2","Patient-reported outcomes (PRO) in cancer trials submitted to the FDA from","verified",""
"pre.zip/PMC6334434.pdf","2","3","Agreement between patient-reported symptoms and their documentation in the medical record","verified",""
"pre.zip/PMC6334434.pdf","4","5","Overall survival results of a trial assessing patient-reported outcomes for symptom monitoring during routine cancer treatment","verified",""
"pre.zip/PMC6334434.pdf","5","6","Effective physician-patient communication and health outcomes: a review","verified",""
"pre.zip/PMC6334434.pdf","8","9","Emerging uses of patient generated health data in clinical research","verified",""
"pre.zip/PMC6334434.pdf","10","11","Patients’ and health professionals’ use of social media in health care: motives, barriers and expectations","verified",""
"pre.zip/PMC6334434.pdf","11","12","Online social networking by patients with diabetes: a qualitative evaluation of communication with Facebook","verified",""
"pre.zip/PMC6334434.pdf","12","13","Stroke survivors and their families receive information and support on an individual basis from an online forum: descriptive analysis of a population of 2348 patients and qualitative study of a sample of participants","verified",""
"pre.zip/PMC6334434.pdf","13","14","Pharmacovigilance through the development of text mining and natural language processing techniques","verified",""
"pre.zip/PMC6334434.pdf","14","15","An ensemble method for extracting adverse drug events from social media","verified",""
"pre.zip/PMC6334434.pdf","15","16","A research framework for pharmacovigilance in health social media: identification and evaluation of patient adverse drug event reports","verified",""
"pre.zip/PMC6334434.pdf","16","17","Under-reporting of adverse drug reactions: a systematic review","verified",""
"pre.zip/PMC6334434.pdf","17","18","Systematic review on the prevalence, frequency and comparative value of adverse events data in social media","verified",""
"pre.zip/PMC6334434.pdf","18","19","Postmarketing drug safety surveillance using publicly available health-consumer-contributed content in social media","verified",""
"pre.zip/PMC6334434.pdf","19","20","Clinicians’ reports in electronic health records versus patients’ concerns in social media: a pilot study of adverse drug reactions of aspirin and atorvastatin","verified",""
"pre.zip/PMC6334434.pdf","20","21","Patient versus clinician symptom reporting using the National Cancer Institute Common Terminology Criteria for Adverse Events: results of a questionnaire-based study","verified",""
"pre.zip/PMC6334434.pdf","22","23","Patterns of treatment switching in multiple sclerosis therapies in US patients active on social media: application of social media content analysis to health outcomes research","verified",""
"pre.zip/PMC6334434.pdf","23","24","Opinion mining and sentiment analysis","verified",""
"pre.zip/PMC6334434.pdf","24","25","Using Twitter to investigate opinions about multiple sclerosis treatments: a descriptive, exploratory study","verified",""
"pre.zip/PMC6334434.pdf","25","26","Assessing vaccination sentiments with online social media: implications for infectious disease dynamics and control","verified",""
"pre.zip/PMC6334434.pdf","26","27","Associations Between exposure to and expression of negative opinions about human papillomavirus vaccines on social media: an observational study","verified",""
"pre.zip/PMC6334434.pdf","27","28","SentiHealth-Cancer: a sentiment analysis tool to help detecting mood of patients in online social networks","verified",""
"pre.zip/PMC6334434.pdf","28","29","What patients say about their doctors online: a qualitative content analysis","verified",""
"pre.zip/PMC6334434.pdf","29","30","Linking social media and medical record data: a study of adults presenting to an academic, urban emergency department","verified",""
"pre.zip/PMC6334434.pdf","31","32","Demographics in social media data for public health research: does it matter? 2017","verified",""
"pre.zip/PMC6334434.pdf","32","33","Ethical research standards in a world of big data","verified",""
"pre.zip/PMC6334434.pdf","33","34","Ethical challenges of big data in public health","verified",""
"pre.zip/PMC6334434.pdf","35","36","National survey of British public’s views on use of identifiable medical data by the National Cancer Registry","verified",""
"pre.zip/PMC6334434.pdf","36","37","Dynamic consent: a patient interface for twenty-first century research networks","verified",""
"pre.zip/PMC6334434.pdf","37","38","The importance of purpose: moving beyond consent in the societal use of personal health information","verified",""
"pre.zip/PMC6334434.pdf","38","39","Facebook language predicts depression in medical records","verified",""
"pre.zip/PMC6334434.pdf","39","40","Forecasting the onset and course of mental illness with Twitter data","verified",""
"pre.zip/PMC6376798.pdf","8","9","Rev Panam Salud Publica. 2011;29(3):169–76","not_found","real"
"pre.zip/PMC6376798.pdf","38","39","Accessed 8 June 2018","not_found","real"
"pre.zip/PMC6376798.pdf","43","44","Impact of peer group education on HIV prevention among women in Botswana","not_found","real"
"pre.zip/PMC6376798.pdf","45","46","Findings from an HIV/AIDS programme for young women in two Nigerian cities: a short report","not_found","real"
"pre.zip/PMC6376798.pdf","51","52","Beyond silence and rumor: Storytelling as an educational tool to reduce the stigma around HIV/AIDS in South Africa","not_found","real"
"pre.zip/PMC6376798.pdf","88","89","A conceptual framework for implementation fidelity","not_found","real"
"pre.zip/PMC6376798.pdf","96","97","AIDS and prevention of mother-to-child transmission in Zambia","not_found","hallucinated"
"pre.zip/PMC6376798.pdf","1","2","Stigma as a fundamental cause of population health inequalities","verified",""
"pre.zip/PMC6376798.pdf","2","3","A systematic review of interventions to reduce HIV-related stigma and discrimination from 2002 to 2013: how far have we come? J Int AIDS Soc","verified",""
"pre.zip/PMC6376798.pdf","3","4","Evidence for effective interventions to reduce mental-health-related stigma and discrimination","verified",""
"pre.zip/PMC6376798.pdf","4","5","How to reduce stigma in leprosy–a systematic","verified",""
"pre.zip/PMC6376798.pdf","5","6","The effectiveness of interventions for reducing stigma related to substance use disorders: a systematic review","verified",""
"pre.zip/PMC6376798.pdf","6","7","Interventions to reduce epilepsy-associated stigma","verified",""
"pre.zip/PMC6376798.pdf","7","8","Evidence-based interventions to reduce tuberculosis stigma: a systematic review","verified",""
"pre.zip/PMC6376798.pdf","9","10","Development of an intervention to reduce self-stigma in outpatient mental health service users in Chile","verified",""
"pre.zip/PMC6376798.pdf","10","11","Interventions to reduce discrimination and stigma: the state of the art","verified",""
"pre.zip/PMC6376798.pdf","11","12","Meta-analysis and systematic review of studies on the effectiveness of HIV stigma reduction programs","verified",""
"pre.zip/PMC6376798.pdf","12","13","The problem with the phrase women and minorities: intersectionality—an important theoretical framework for public health","verified",""
"pre.zip/PMC6376798.pdf","13","14","Making sense of complexity in context and implementation: the Context and Implementation of Complex Interventions (CICI) framework","verified",""
"pre.zip/PMC6376798.pdf","14","15","Addressing stigma relating to mental illness in low-and middle-income countries","verified",""
"pre.zip/PMC6376798.pdf","15","16","Mental health and the global agenda","verified",""
"pre.zip/PMC6376798.pdf","16","17","Resources for mental health: scarcity, inequity, and inefficiency","verified",""
"pre.zip/PMC6376798.pdf","17","18","WPA guidance on steps, obstacles and mistakes to avoid in the implementation of community mental health care","verified",""
"pre.zip/PMC6376798.pdf","18","19","Pushback: the current wave of anti-homosexuality laws and impacts on health","verified",""
"pre.zip/PMC6376798.pdf","19","20","Honor and the stigma of mental healthcare","verified",""
"pre.zip/PMC6376798.pdf","20","21","Welcome to implementation science","verified",""
"pre.zip/PMC6376798.pdf","21","22","Implementation strategies: recommendations for specifying and reporting","verified",""
"pre.zip/PMC6376798.pdf","22","23","A refined compilation of implementation strategies: results from the Expert Recommendations for Implementing Change (ERIC) project","verified",""
"pre.zip/PMC6376798.pdf","23","24","Outcomes for implementation research: conceptual distinctions, measurement challenges, and research agenda","verified",""
"pre.zip/PMC6376798.pdf","24","25","Outcomes for implementation science: an enhanced systematic review of instruments using evidence-based rating criteria","verified",""
"pre.zip/PMC6376798.pdf","25","26","Advancing implementation science through measure development and evaluation: a study protocol","verified",""
"pre.zip/PMC6376798.pdf","26","27","Knowledge translation at the Canadian Institutes of Health Research: a primer","verified",""
"pre.zip/PMC6376798.pdf","27","28","Fostering implementation of health services research findings into practice: a consolidated framework for advancing implementation science","verified",""
"pre.zip/PMC6376798.pdf","28","29","Evaluating the public health impact of health promotion interventions: the RE-AIM framework","verified",""
"pre.zip/PMC6376798.pdf","29","30","Making sense of implementation theories, models and frameworks","verified",""
"pre.zip/PMC6376798.pdf","30","31","Effectiveness-implementation hybrid designs: combining elements of clinical effectiveness and implementation research to enhance public health impact","verified",""
"pre.zip/PMC6376798.pdf","31","32","Treatment research at the crossroads: the scientific interface of clinical trials and effectiveness research","verified",""
"pre.zip/PMC6376798.pdf","32","33","Improving patient care: the implementation of change in clinical practice","verified",""
"pre.zip/PMC6376798.pdf","33","34","An introduction to implementation science for the non-specialist","verified",""
"pre.zip/PMC6376798.pdf","34","35","Sustainability of evidence-based healthcare: research agenda, methodological advances, and infrastructure support","verified",""
"pre.zip/PMC6376798.pdf","35","36","Implementation research design: integrating participatory action research into randomized controlled trials","verified",""
"pre.zip/PMC6376798.pdf","36","37","Preferred reporting items for systematic reviews and meta-analyses: the PRISMA statement","verified",""
"pre.zip/PMC6376798.pdf","39","40","Framing mechanisms linking HIV-related stigma, adherence to treatment, and health outcomes","verified",""
"pre.zip/PMC6376798.pdf","40","41","Better reporting of interventions: template for intervention description and replication (TIDieR) checklist and guide","verified",""
"pre.zip/PMC6376798.pdf","41","42","Enhancing the reporting of implementation research","verified",""
"pre.zip/PMC6376798.pdf","42","43","Stigma reduction and improved knowledge and attitudes towards filariasis using a comic book for children","verified",""
"pre.zip/PMC6376798.pdf","44","45","Breaking the silence: using memory books as a counselling and succession-planning tool with AIDS-affected households in Uganda","verified",""
"pre.zip/PMC6376798.pdf","46","47","The effectiveness of a national communication campaign using religious leaders to reduce HIV-related stigma in Ghana","verified",""
"pre.zip/PMC6376798.pdf","47","48","Randomized study of different anti-stigma media","verified",""
"pre.zip/PMC6376798.pdf","48","49","Project Accept (HPTN 043): a community-based intervention to reduce HIV incidence in populations at risk for HIV in sub-Saharan Africa and Thailand","verified",""
"pre.zip/PMC6376798.pdf","49","50","Can a short film impact HIV-related risk and stigma perceptions? Results from an experiment in Abuja, Nigeria","verified",""
"pre.zip/PMC6376798.pdf","50","51","Entertainment-education radio serial drama and outcomes related to HIV Testing in Botswana","verified",""
"pre.zip/PMC6376798.pdf","52","53","An integrated structural intervention to reduce vulnerability to HIV and sexually transmitted infections among female sex workers in Karnataka state, south India","verified",""
"pre.zip/PMC6376798.pdf","53","54","Acceptability of a group intervention for initiates of antiretroviral therapy in Tanzania","verified",""
"pre.zip/PMC6376798.pdf","54","55","Do peer educators make a difference? An evaluation of a youth-led HIV prevention model in Zambian Schools","verified",""
"pre.zip/PMC6376798.pdf","55","56","Reducing STD/HIV stigmatizing attitudes through community popular opinion leaders in Chinese markets","verified",""
"pre.zip/PMC6376798.pdf","56","57","Process evaluation of school-based peer education for HIV prevention among Yemeni adolescents","verified",""
"pre.zip/PMC6376798.pdf","57","58","Development and assessment of traditional and innovative media to reduce individual HIV/AIDS-related stigma attitudes and beliefs in India","verified",""
"pre.zip/PMC6376798.pdf","58","59","Implementing a stigma reduction intervention in healthcare settings","verified",""
"pre.zip/PMC6376798.pdf","59","60","Reducing HIV-related stigma in health care settings: a randomized controlled trial in China","verified",""
"pre.zip/PMC6376798.pdf","60","61","Identification, modification, and implementation of an evidence-based psychotherapy for children in a low-income country: the use of TF-CBT in Zambia","verified",""
"pre.zip/PMC6376798.pdf","61","62","An evaluation of trauma focused cognitive behavioral therapy for children in Zambia","verified",""
"pre.zip/PMC6376798.pdf","62","63","Counselor and client perspectives of trauma-focused cognitive behavioral therapy for children in Zambia: a qualitative study","verified",""
"pre.zip/PMC6376798.pdf","63","64","Experiences of people living with HIV and people living close to them of a comprehensive HIV stigma reduction community intervention in an urban and a rural setting","verified",""
"pre.zip/PMC6376798.pdf","64","65","A comprehensive HIV stigma-reduction and wellness-enhancement community intervention: a case study","verified",""
"pre.zip/PMC6376798.pdf","65","66","Reducing HIV stigma among nursing students: a brief intervention","verified",""
"pre.zip/PMC6376798.pdf","66","67","Lay and peer counsellors to reduce leprosy-related stigma--lessons learnt in Cirebon","verified",""
"pre.zip/PMC6376798.pdf","67","68","The impact of a rights-based counselling intervention to reduce stigma in people affected by leprosy in Indonesia","verified",""
"pre.zip/PMC6376798.pdf","68","69","A cluster-randomized controlled intervention study to assess the effect of a contact intervention in reducing leprosy-related stigma in Indonesia","verified",""
"pre.zip/PMC6376798.pdf","69","70","People like me don't make things like that: participatory video as a method for reducing leprosy-related stigma. Global Public Health","verified",""
"pre.zip/PMC6376798.pdf","70","71","Wan Kanyakla: (We are together): community transformations in Kenya following a social network intervention for HIV care. Social Sci Med","verified",""
"pre.zip/PMC6376798.pdf","71","72","Effectiveness of community dialogue in changing gender and sexual norms for HIV prevention: evaluation of the Tchova Tchova Program in Mozambique","verified",""
"pre.zip/PMC6376798.pdf","72","73","Impact of an educational comic book on epilepsy-related knowledge, awareness, and attitudes among school children in Ethiopia","verified",""
"pre.zip/PMC6376798.pdf","73","74","Interpretations of education about gene-environment influences on health in rural Ethiopia: the context of a neglected tropical disease","verified",""
"pre.zip/PMC6376798.pdf","74","75","Tuberculosis patient and family education through videography in El Salvador","verified",""
"pre.zip/PMC6376798.pdf","75","76","Potential impact of integrated stigma mitigation interventions in improving HIV/AIDS service delivery and uptake for key populations in senegal","verified",""
"pre.zip/PMC6376798.pdf","76","77","Effect of a mental health training programme on Nigerian school pupils’ perceptions of mental illness","verified",""
"pre.zip/PMC6376798.pdf","77","78","Instrumentation issues in implementation science","verified",""
"pre.zip/PMC6376798.pdf","79","80","A systematic review of the use of the consolidated framework for implementation research","verified",""
"pre.zip/PMC6376798.pdf","80","81","Using the consolidated framework for implementation research (CFIR) to produce actionable findings: a rapid-cycle evaluation approach to improving implementation","verified",""
"pre.zip/PMC6376798.pdf","81","82","How the consolidated framework for implementation research can strengthen findings and improve translation of research into practice: a case study","verified",""
"pre.zip/PMC6376798.pdf","82","83","Testing the Consolidated Framework for Implementation Research on health care innovations from South Yorkshire","verified",""
"pre.zip/PMC6376798.pdf","83","84","Validity and reliability of measurement instruments used in research","verified",""
"pre.zip/PMC6376798.pdf","84","85","Psychometric assessment of three newly developed implementation outcome measures","verified",""
"pre.zip/PMC6376798.pdf","85","86","The Program Sustainability Assessment Tool: a new instrument for public health programs","verified",""
"pre.zip/PMC6376798.pdf","87","88","Implementation science for integration of HIV and noncommunicable disease services in sub-Saharan Africa: a systematic review","verified",""
"pre.zip/PMC6376798.pdf","89","90","The sustainability of new programs and innovations: a review of the empirical literature and recommendations for future research","verified",""
"pre.zip/PMC6376798.pdf","90","91","Toward the sustainability of health interventions implemented in sub-Saharan Africa: a systematic review and conceptual framework","verified",""
"pre.zip/PMC6376798.pdf","91","92","Evaluating the relevance, generalization, and applicability of research: issues in external validation and translation methodology","verified",""
"pre.zip/PMC6376798.pdf","92","93","Is reporting on interventions a weak link in understanding how and why they work? A preliminary exploration using community heart health exemplars","verified",""
"pre.zip/PMC6376798.pdf","93","94","Developing and evaluating complex interventions: the new Medical Research Council guidance","verified",""
"pre.zip/PMC6376798.pdf","94","95","Specifying and reporting complex behaviour change interventions: the need for a scientific method","verified",""
"pre.zip/PMC6376798.pdf","95","96","Grand challenges: integrating mental health services into priority health care platforms","verified",""
"pre.zip/PMC6376798.pdf","97","98","Acceptability and feasibility of integration of HIV care services into antenatal clinics in rural Kenya: a qualitative provider interview study","verified",""
"pre.zip/PMC6376798.pdf","98","99","Implementation science and its application to population health","verified",""
"pre.zip/PMC6394073.pdf","5","6","Falls","not_found","real"
"pre.zip/PMC6394073.pdf","13","14","Br J Sports Med","not_found","real"
"pre.zip/PMC6394073.pdf","34","35","Acceptability and usability of Exergames designed to improve function in older people","not_found","hallucinated"
"pre.zip/PMC6394073.pdf","37","38","Which behavior change techniques are most effective at increasing older adults’ self-efficacy and physical activity behavior? A systematic review","not_found","real"
"pre.zip/PMC6394073.pdf","38","39","What are the most effective physical activity self-efficacy and physical activity behaviour intervention techniques for changing-and are they the same? Health Educ Res. 2011;26:308–22","not_found","hallucinated"
"pre.zip/PMC6394073.pdf","41","42","J Aging Phys Activ. 2001;9(4):372–85","not_found","real"
"pre.zip/PMC6394073.pdf","49","50","Stata Statistical Software: release 14","not_found","real"
"pre.zip/PMC6394073.pdf","65","66","SUS: a: quick and dirty” usability scale”","not_found","real"
"pre.zip/PMC6394073.pdf","70","71","Estimation of a common effect parameter from sparse follow-up data","not_found","hallucinated"
"pre.zip/PMC6394073.pdf","73","74","","not_found","real"
"pre.zip/PMC6394073.pdf","78","79","Guide to the process of technology appraisal","not_found","hallucinated"
"pre.zip/PMC6394073.pdf","79","80","Determining what individual SUS scores mean: adding an adjective rating scale","not_found","real"
"pre.zip/PMC6394073.pdf","6","7","Falls and injuries in frail and vigorous community elderly persons","mismatch","real"
"pre.zip/PMC6394073.pdf","27","28","Exergames to reduce falls risk in older people in UK assisted living facilities: A multi-centre cluster RCT","mismatch","real"
"pre.zip/PMC6394073.pdf","2","3","Interventions for preventing falls in older people living in the community","verified",""
"pre.zip/PMC6394073.pdf","3","4","Exergaming for balance training of elderly: state of the art and future developments","verified",""
"pre.zip/PMC6394073.pdf","4","5","The effect of group exercise on physical functioning and falls in frail older people living in retirement villages: a randomized, controlled trial","verified",""
"pre.zip/PMC6394073.pdf","8","9","Effectiveness and economic evaluation of a nurse delivered home exercise programme to prevent falls","verified",""
"pre.zip/PMC6394073.pdf","9","10","Preventing injuries in older people by preventing falls: a meta-analysis of individual-level data","verified",""
"pre.zip/PMC6394073.pdf","10","11","Does a home-based strength and balance programme in people aged ≥80 years provide the best value for money to prevent falls? A systematic review of economic evaluations of falls prevention interventions","verified",""
"pre.zip/PMC6394073.pdf","11","12","Older people’s views of advice about falls prevention: a qualitative study","verified",""
"pre.zip/PMC6394073.pdf","12","13","Effective exercise for the prevention of falls: a systematic review and meta-analysis","verified",""
"pre.zip/PMC6394073.pdf","14","15","Older people's perspectives on participation in physical activity: a systematic review and thematic synthesis of qualitative literature","verified",""
"pre.zip/PMC6394073.pdf","15","16","Older people’s participation in and engagement with falls prevention interventions in community settings: an augment to the Cochrane systematic review","verified",""
"pre.zip/PMC6394073.pdf","16","17","Implementing falls prevention research into policy and practice in Australia: past, present and future","verified",""
"pre.zip/PMC6394073.pdf","18","19","A post-hospital home exercise program improved mobility but increased falls in older people: a randomised controlled trial","verified",""
"pre.zip/PMC6394073.pdf","19","20","Nutrition and physical activity in the prevention and treatment of sarcopenia: systematic review","verified",""
"pre.zip/PMC6394073.pdf","20","21","Effects of physical exercise interventions in frail older adults: a systematic review of randomized controlled trials","verified",""
"pre.zip/PMC6394073.pdf","21","22","Prevention of falls in older people living in the community","verified",""
"pre.zip/PMC6394073.pdf","22","23","Rehabilitation that incorporates virtual reality is more effective than standard rehabilitation for improving walking speed, balance and mobility after stroke: a systematic review","verified",""
"pre.zip/PMC6394073.pdf","23","24","Mobile health applications to promote active and healthy ageing","verified",""
"pre.zip/PMC6394073.pdf","24","25","Motivational determinants of Exergame participation for older people in assisted living facilities: mixed-methods study","verified",""
"pre.zip/PMC6394073.pdf","25","26","Game-based telerehabilitation","verified",""
"pre.zip/PMC6394073.pdf","26","27","Applying Game Thinking to Slips, Trips and Falls Prevention","verified",""
"pre.zip/PMC6394073.pdf","28","29","Identifying barriers to effective user interaction with rehabilitation tools in the home","verified",""
"pre.zip/PMC6394073.pdf","29","30","Gamification for health and wellbeing: a systematic review of the literature","verified",""
"pre.zip/PMC6394073.pdf","30","31","Do virtual reality games improve mobility skills and balance measurements in community-dwelling older adults? Systematic review and meta-analysis","verified",""
"pre.zip/PMC6394073.pdf","31","32","Adherence to technology-based exercise programs in older adults: a systematic review","verified",""
"pre.zip/PMC6394073.pdf","32","33","Exercise and rehabilitation delivered through exergames in older adults: an integrative review of technologies, safety and efficacy","verified",""
"pre.zip/PMC6394073.pdf","33","34","A systematic review of active video games on rehabilitative outcomes among older patients","verified",""
"pre.zip/PMC6394073.pdf","35","36","Developing and evaluating complex interventions: the new Medical Research Council guidance","verified",""
"pre.zip/PMC6394073.pdf","36","37","Telephone versus mail interventions for maintenance of physical activity in older adults","verified",""
"pre.zip/PMC6394073.pdf","40","41","How acceptable do older adults find the concept of being physically active? A systematic review and meta-synthesis","verified",""
"pre.zip/PMC6394073.pdf","42","43","A CDC compendium of effective fall interventions: what works for community-dwelling older adults","verified",""
"pre.zip/PMC6394073.pdf","43","44","Tailored group exercise (falls management exercise - FaME) reduces falls in community-dwelling older frequent fallers (an RCT)","verified",""
"pre.zip/PMC6394073.pdf","44","45","Randomised controlled trial of a general practice programme of home based exercise to prevent falls in elderly women","verified",""
"pre.zip/PMC6394073.pdf","52","53","Control group design, contamination and drop-out in exercise oncology trials: a systematic review","verified",""
"pre.zip/PMC6394073.pdf","54","55","Clinical and laboratory measures of postural balance in an elderly population","verified",""
"pre.zip/PMC6394073.pdf","55","56","Definitions and methods of measuring and reporting on injurious falls in randomized controlled fall prevention trials: a systematic review","verified",""
"pre.zip/PMC6394073.pdf","56","57","The timed “Up & Go”: a test of basic functional mobility for frail elderly persons","verified",""
"pre.zip/PMC6394073.pdf","57","58","Development and preliminary examination of the predictive validity of the falls risk assessment tool (FRAT) for use in primary care","verified",""
"pre.zip/PMC6394073.pdf","58","59","The physical activity scale for the elderly (PASE): evidence for validity","verified",""
"pre.zip/PMC6394073.pdf","59","60","validation of the Addenbrooke’s Cognitive Examination-III in frontotemporal dementia and Alzheimer’s disease","verified",""
"pre.zip/PMC6394073.pdf","60","61","The Short FES-I: a shortened version of the falls efficacy scale-international to assess fear of falling","verified",""
"pre.zip/PMC6394073.pdf","61","62","Development and testing of a five-item version of the geriatric depression scale","verified",""
"pre.zip/PMC6394073.pdf","62","63","Development and preliminary testing of the new five-level version of EQ-5D (EQ-5D-5L)","verified",""
"pre.zip/PMC6394073.pdf","63","64","Interim scoring for the EQ-5D-5L: mapping the EQ-5D-5L to EQ-5D-3L value sets","verified",""
"pre.zip/PMC6394073.pdf","64","65","[Internet]","verified",""
"pre.zip/PMC6394073.pdf","66","67","Overview of the technology acceptance model: origins, developments and future directions; Indiana University, USA","verified",""
"pre.zip/PMC6394073.pdf","67","68","Berg Balance Scale: intrarater test-retest reliability among older people dependent in activities of daily living and living in residential care facilities","verified",""
"pre.zip/PMC6394073.pdf","68","69","Multiple imputation for nonresponse in surveys","verified",""
"pre.zip/PMC6394073.pdf","69","70","Development of a common outcome data set for fall injury prevention trials: the Prevention of Falls Network Europe Consensus","verified",""
"pre.zip/PMC6394073.pdf","72","73","The Otago exercise program performed as group training versus home training in fall-prone older people: a randomized controlled trial","verified",""
"pre.zip/PMC6394073.pdf","74","75","An educational review of the statistical issues in analysing utility data for cost-utility analysis","verified",""
"pre.zip/PMC6394073.pdf","75","76","Multiple imputation using chained equations: issues and guidance for practice","verified",""
"pre.zip/PMC6394073.pdf","76","77","A guide to handling missing data in cost-effectiveness analysis conducted within randomised controlled trials","verified",""
"pre.zip/PMC6394073.pdf","77","78","Estimating mean QALYs in trial-based cost-effectiveness analysis: the importance of controlling for baseline utility","verified",""
"pre.zip/PMC6394073.pdf","80","81","How much change is true change? The minimum detectable change of the Berg Balance Scale in elderly people","verified",""
"pre.zip/PMC6394073.pdf","81","82","Responsiveness of the Berg Balance Scale in patients early after stroke","verified",""
"pre.zip/PMC6394073.pdf","82","83","DELTA2 guidance on choosing the target difference and undertaking and reporting the sample size calculation for a randomised controlled trial","verified",""
"pre.zip/PMC6394073.pdf","83","84","Comparison of reliability, validity, and responsiveness of the mini-BESTest and Berg Balance Scale in patients with balance disorders","verified",""
"pre.zip/PMC6394073.pdf","84","85","Adherence to exercise programs for older people is influenced by program characteristics and personal factors: a systematic review","verified",""
"pre.zip/PMC6394073.pdf","85","86","Review of how we should define (and measure) adherence in studies examining older adults’ participation in exercise classes","verified",""
"pre.zip/PMC6394073.pdf","86","87","Process evaluation of complex interventions: Medical Research Council guidance","verified",""
"pre.zip/PMC6394073.pdf","88","89","Randomised controlled trial of the effectiveness of community group and home-based falls prevention exercise programmes on bone health in older people: the ProAct65+ bone study","verified",""
"pre.zip/PMC6394073.pdf","89","90","Multi-centre cluster randomised trial comparing a community group exercise programme with home based exercise with usual care for people aged 65 and over in primary care: protocol of the ProAct 65+ trial","verified",""
"pre.zip/PMC6402102.pdf","1","2","Textbook of paediatric emergency medicine","not_found","hallucinated"
"pre.zip/PMC6402102.pdf","26","27","Sepsis: recognition, diagnosis and early management","not_found","real"
"pre.zip/PMC6402102.pdf","27","28","Observed costs and health care use of children in a prospective cohort study on community-acquired pneumonia in Geneva, Switzerland","not_found","real"
"pre.zip/PMC6402102.pdf","28","29","Why fever phobia is still common? Iran Red Crescent Med J. 2016;18(8):e23827","not_found","real"
"pre.zip/PMC6402102.pdf","29","30","Fever phobia revisited: have parental misconception about fever changed in 20 years? Pediatrics. 2001;107(6):1241–6","not_found","real"
"pre.zip/PMC6402102.pdf","0","1","The spectrum and frequency of illness presenting to a pediatric emergency department","verified",""
"pre.zip/PMC6402102.pdf","2","3","One-year epidemiology of fever at the emergency department","verified",""
"pre.zip/PMC6402102.pdf","3","4","Etiology of childhood bacteremia and timely antibiotics administration in the emergency department","verified",""
"pre.zip/PMC6402102.pdf","4","5","Prevalence of occult bacteremia in infants with very high fever without a source","verified",""
"pre.zip/PMC6402102.pdf","5","6","Predicting risk of serious bacterial infections in febrile children in the emergency department","verified",""
"pre.zip/PMC6402102.pdf","6","7","Stable incidence and continued improvement in short term mortality of Staphylococcus aureus bacteraemia between 1995 and 2008","verified",""
"pre.zip/PMC6402102.pdf","7","8","Continuing impact of infectious diseases on childhood deaths in England and Wales","verified",""
"pre.zip/PMC6402102.pdf","8","9","Counting the cost of meningococcal disease: scenarios of severe meningitis and septicemia","verified",""
"pre.zip/PMC6402102.pdf","9","10","Clinical prediction model to aid emergency doctors managing febrile children at risk of serious bacterial infections: diagnostic study","verified",""
"pre.zip/PMC6402102.pdf","10","11","Life-threatening infections in children in Europe (the EUCLIDS Project): a prospective cohort study","verified",""
"pre.zip/PMC6402102.pdf","11","12","Reducing blood culture contamination in a pediatric emergency department","verified",""
"pre.zip/PMC6402102.pdf","12","13","Oral versus initial intravenous therapy for urinary tract infections in young febrile children","verified",""
"pre.zip/PMC6402102.pdf","13","14","Clinical and cost-effectiveness of procalcitonin test for prodromal meningococcal disease-a meta-analysis","verified",""
"pre.zip/PMC6402102.pdf","14","15","Costs and infant outcomes after implementation of a care process model for febrile infants","verified",""
"pre.zip/PMC6402102.pdf","15","16","Implementation of clinical guidelines via a computer charting system: effect on the care of febrile children less than three years of age","verified",""
"pre.zip/PMC6402102.pdf","16","17","Validity of the Manchester Triage System in emergency care: a prospective observational study","verified",""
"pre.zip/PMC6402102.pdf","17","18","Diagnostic test accuracy of a 2-transcript host RNA signature for discriminating bacterial vs viral infection in febrile children","verified",""
"pre.zip/PMC6402102.pdf","18","19","Acute uncomplicated febrile illness in children aged 2–59 months in Zanzibar - aetiologies, antibiotic treatment and outcome","verified",""
"pre.zip/PMC6402102.pdf","21","22","Fever in under 5s: assessment and initial management","verified",""
"pre.zip/PMC6402102.pdf","22","23","Generalized linear models and extensions","verified",""
"pre.zip/PMC6402102.pdf","24","25","Probabilistic analysis of cost-effectiveness models: statistical representation of parameter uncertainty","verified",""
"pre.zip/PMC6402102.pdf","25","26","Decision modelling for health economic evaluation","verified",""
"pre.zip/PMC6402102.pdf","30","31","Fever phobia as a reason for pediatric emergency department visits: does the primary care physician make a difference? Rambam Maimonides Med J. 2017;8(1)","verified",""
"pre.zip/PMC6402102.pdf","31","32","The Yale Observation Scale score and the risk of serious bacterial infections in febrile infants","verified",""
"pre.zip/PMC6402102.pdf","32","33","Yale Observation Scale for prediction of bacteremia in febrile children","verified",""
"pre.zip/PMC6402102.pdf","33","34","Systematic review and validation of prediction rules for identifying children with serious infections in emergency departments and urgent-access primary care","verified",""
"pre.zip/PMC6402102.pdf","34","35","Use of antibiotics in children hospitalized with community-acquired, laboratory-confirmed influenza","verified",""
"pre.zip/PMC6402102.pdf","35","36","Respiratory infections for which general practitioners consider prescribing an antibiotic: a prospective study","verified",""
"pre.zip/PMC6402102.pdf","36","37","Global prevalence of antibiotic resistance in paediatric urinary tract infections caused by Escherichia coli and association with routine use of antibiotics in primary care: systematic review and meta-analysis","verified",""
"pre.zip/PMC6402102.pdf","37","38","Manchester triage system in paediatric emergency care: prospective observational study","verified",""
"pre.zip/PMC6402102.pdf","38","39","Manchester Triage System version II and resource utilisation in the emergency department","verified",""
"pre.zip/PMC6421699.pdf","3","4","J Med Internet Res. 2017; 19(11):e367","not_found","real"
"pre.zip/PMC6421699.pdf","12","13","J Med Syst. 2013;37(6): 9991","not_found","real"
"pre.zip/PMC6421699.pdf","0","1","Factors determining the success and failure of eHealth interventions: systematic review of the literature","verified",""
"pre.zip/PMC6421699.pdf","1","2","User involvement: a review of the benefits and challenges","verified",""
"pre.zip/PMC6421699.pdf","2","3","Health information systems: failure, success and improvisation","verified",""
"pre.zip/PMC6421699.pdf","4","5","What ‘patient-centered’ should mean: confessions of an extremist","verified",""
"pre.zip/PMC6421699.pdf","5","6","Why the nation needs a policy push on patient-centered health care","verified",""
"pre.zip/PMC6421699.pdf","6","7","The prevention of depression using the internet","verified",""
"pre.zip/PMC6421699.pdf","7","8","Efficacy of self-guided internet-based cognitive behavioral therapy in the treatment of depressive symptoms: a meta-analysis of individual participant data","verified",""
"pre.zip/PMC6421699.pdf","9","10","Shortage of general practitioners in the NHS","verified",""
"pre.zip/PMC6421699.pdf","10","11","Mobile telephone apps first need data security and efficacy","verified",""
"pre.zip/PMC6421699.pdf","11","12","Prescribable mHealth apps identified from an overview of systematic reviews","verified",""
"pre.zip/PMC6421699.pdf","13","14","Clinical review of user engagement with mental health smartphone apps: evidence, theory and improvements","verified",""
"pre.zip/PMC6421699.pdf","14","15","Burnout among health care professionals: a call to explore and address this underrecognized threat to safe, high-quality care","verified",""
"pre.zip/PMC6421699.pdf","15","16","What is quality in assisted living technology? The ARCHIE framework for effective telehealth and telecare services","verified",""
"pre.zip/PMC6421699.pdf","16","17","The science of human factors: separating fact from fiction","verified",""
"pre.zip/PMC6421699.pdf","17","18","Health app use among us mobile phone owners: a national survey","verified",""
"pre.zip/PMC6421699.pdf","18","19","A realist review of mobile phone-based health interventions for non-communicable disease management in sub-Saharan Africa","verified",""
"pre.zip/PMC6421699.pdf","19","20","Unintended consequences of machine learning in medicine","verified",""
"pre.zip/PMC6421699.pdf","20","21","Sensemaking following surprise in the cockpit—a re-framing problem","verified",""
"pre.zip/PMC6421699.pdf","21","22","Potential biases in machine learning algorithms using electronic health record data","verified",""
"pre.zip/PMC6421699.pdf","22","23","Harnessing smartphone-based digital phenotyping to enhance behavioral and mental health","verified",""
"pre.zip/PMC6423764.pdf","11","12","Comparative quantification of health risks: global and regional burden of disease attributable to selected major risk factors","not_found","real"
"pre.zip/PMC6423764.pdf","12","13","The range and magnitude of alcohol’s harm to others","not_found","real"
"pre.zip/PMC6423764.pdf","19","20","What is known about the outcome as adults for children with fetal alcohol syndrome (FAS)/fetal alcohol spectrum disorders (FASD)? Fortschr Neurol Psychiatr. 2012;80:320–6","not_found","real"
"pre.zip/PMC6423764.pdf","32","33","Substance abuse and violence","not_found","real"
"pre.zip/PMC6423764.pdf","39","40","Ergebnisse der Todesursachenstatistik für Deutschland","not_found","real"
"pre.zip/PMC6423764.pdf","42","43","Alcohol consumption during pregnancy and the risk of preterm delivery","not_found","real"
"pre.zip/PMC6423764.pdf","45","46","The diagnosis of fetal alcohol syndrome","not_found","real"
"pre.zip/PMC6423764.pdf","55","56","Belastung Dritter durch alkoholbedingte Schäden","not_found","real"
"pre.zip/PMC6423764.pdf","61","62","Health impact of interpersonal violence","not_found","real"
"pre.zip/PMC6423764.pdf","23","24","Global status report on road safety","mismatch","real"
"pre.zip/PMC6423764.pdf","36","37","Global status report on alcohol and health","mismatch","real"
"pre.zip/PMC6423764.pdf","56","57","Global status report on alcohol and health 2014","mismatch","real"
"pre.zip/PMC6423764.pdf","1","2","Drug harms in the UK: a multicriteria decision analysis","verified",""
"pre.zip/PMC6423764.pdf","2","3","A reliability and validity analysis of an alcohol-related harm scale for surveys","verified",""
"pre.zip/PMC6423764.pdf","3","4","Conceptual and methodological issues in studying alcohol’s harm to others","verified",""
"pre.zip/PMC6423764.pdf","4","5","The social victims of drinking","verified",""
"pre.zip/PMC6423764.pdf","5","6","Collateral damage from alcohol: implications of ‘second-hand effects of drinking’ for populations and health priorities","verified",""
"pre.zip/PMC6423764.pdf","6","7","Externalities from alcohol consumption in the 2005 US National Alcohol Survey: implications for policy","verified",""
"pre.zip/PMC6423764.pdf","7","8","Who pays for the drinking? Characteristics of the extent and distribution of social harms from others’ drinking","verified",""
"pre.zip/PMC6423764.pdf","8","9","Experienced harm from other people’s drinking: a comparison of northern European countries","verified",""
"pre.zip/PMC6423764.pdf","9","10","Surveying the range and magnitude of alcohol’s harm to others in Australia","verified",""
"pre.zip/PMC6423764.pdf","10","11","The estimation and interpretation of attributable risk in health research","verified",""
"pre.zip/PMC6423764.pdf","13","14","Steps towards constructing a global comparative risk analysis for alcohol consumption: determining indicators and empirical weights for patterns of drinking, deciding about theoretical minimum, and dealing with different consequences","verified",""
"pre.zip/PMC6423764.pdf","14","15","Alcohol consumption, alcohol dependence, and attributable burden of disease in Europe: potential gains from effective interventions for alcohol dependence","verified",""
"pre.zip/PMC6423764.pdf","16","17","Estimation of national, regional, and global prevalence of alcohol use during pregnancy and fetal alcohol syndrome: a systematic review and meta-analysis","verified",""
"pre.zip/PMC6423764.pdf","17","18","Global prevalence of fetal alcohol spectrum disorder among children and youth: a systematic review and meta-analysis","verified",""
"pre.zip/PMC6423764.pdf","20","21","Fetal alcohol spectrum disorder: a guideline for diagnosis across the lifespan","verified",""
"pre.zip/PMC6423764.pdf","21","22","Comorbidity of fetal alcohol spectrum disorder: a systematic review and meta-analysis","verified",""
"pre.zip/PMC6423764.pdf","22","23","Risk factors for adverse life outcomes in fetal alcohol syndrome and fetal alcohol effects","verified",""
"pre.zip/PMC6423764.pdf","24","25","The more you drink, the harder you fall: a systematic review and meta-analysis of how acute alcohol consumption and injury or collision risk increase together","verified",""
"pre.zip/PMC6423764.pdf","25","26","The effects of alcohol and other drugs on psychomotor performance and cognitive function","verified",""
"pre.zip/PMC6423764.pdf","26","27","Effect of low and moderate doses of alcohol on driving hazard perception latency and driving speed","verified",""
"pre.zip/PMC6423764.pdf","27","28","Acute alcohol-induced impairment of cognitive functions: past and present findings","verified",""
"pre.zip/PMC6423764.pdf","28","29","Effects of moderate alcohol consumption on the central nervous system","verified",""
"pre.zip/PMC6423764.pdf","30","31","Alcohol-related aggression - social and neurobiological factors","verified",""
"pre.zip/PMC6423764.pdf","33","34","The relation between different dimensions of alcohol consumption and burden of disease: an overview","verified",""
"pre.zip/PMC6423764.pdf","35","36","Data resource profile: German Health Update (GEDA) - the health interview survey for adults in Germany","verified",""
"pre.zip/PMC6423764.pdf","37","38","A meta-analysis of alcohol consumption and the risk of 15 diseases","verified",""
"pre.zip/PMC6423764.pdf","38","39","Attribution of alcohol to violence-related injury: self and other’s drinking in the event","verified",""
"pre.zip/PMC6423764.pdf","40","41","Moderate alcohol intake during pregnancy and the risk of stillbirth and death in the first year of life","verified",""
"pre.zip/PMC6423764.pdf","41","42","Alcohol consumption at the time of conception and spontaneous abortion","verified",""
"pre.zip/PMC6423764.pdf","43","44","Dose-response relationship between alcohol consumption before and during pregnancy and the risks of low birthweight, preterm birth and small for gestational age (SGA)-a systematic review and meta-analyses","verified",""
"pre.zip/PMC6423764.pdf","44","45","Maternal alcohol consumption during pregnancy and physical outcomes up to 5 years of age: a longitudinal study","verified",""
"pre.zip/PMC6423764.pdf","46","47","Epidemiology of FASD in a province in Italy: prevalence and characteristics of children in a random sample of schools","verified",""
"pre.zip/PMC6423764.pdf","47","48","Prevalence of children with severe fetal alcohol spectrum disorders in communities near Rome, Italy: new estimated rates are higher than previous estimates","verified",""
"pre.zip/PMC6423764.pdf","48","49","Prevalence of fetal alcohol spectrum disorders in 4 US communities","verified",""
"pre.zip/PMC6423764.pdf","49","50","Fetal alcohol spectrum disorders and their persisting sequelae in adult life","verified",""
"pre.zip/PMC6423764.pdf","50","51","Estimating the prevalence of fetal alcohol syndrome: a summary","verified",""
"pre.zip/PMC6423764.pdf","51","52","Incidence of fetal alcohol syndrome and prevalence of alcohol-related neurodevelopmental disorder","verified",""
"pre.zip/PMC6423764.pdf","52","53","Unreliable estimation of prevalence of fetal alcohol syndrome – authors’ reply","verified",""
"pre.zip/PMC6423764.pdf","53","54","Unreliable estimation of prevalence of fetal alcohol syndrome","verified",""
"pre.zip/PMC6423764.pdf","54","55","Unreliable estimation of prevalence of fetal alcohol syndrome","verified",""
"pre.zip/PMC6423764.pdf","57","58","Alcohol-related injury in the ER: a cross-national meta-analysis from the Emergency Room Collaborative Alcohol Analysis Project (ERCAAP)","verified",""
"pre.zip/PMC6423764.pdf","59","60","The share of violence attributable to drinking","verified",""
"pre.zip/PMC6423764.pdf","60","61","The global prevalence of intimate partner violence against women","verified",""
"pre.zip/PMC6423764.pdf","62","63","Global and regional estimates of violence against women: prevalence and health effects of intimate partner violence and non-partner sexual violence","verified",""
"pre.zip/PMC6423764.pdf","63","64","Violence against women: an EU-wide survey","verified",""
"pre.zip/PMC6423764.pdf","66","67","Effectiveness and cost-effectiveness of policies and programmes to reduce the harm caused by alcohol","verified",""
"pre.zip/PMC6423764.pdf","67","68","Are the “best buys” for alcohol control still valid? An update on the comparative cost-effectiveness of alcohol control strategies at the global level","verified",""
"pre.zip/PMC6423764.pdf","68","69","Effectiveness of brief alcohol interventions in primary care populations","verified",""
"pre.zip/PMC6423764.pdf","69","70","The impact of brief alcohol interventions in primary healthcare: a systematic review of reviews","verified",""
"pre.zip/PMC6423764.pdf","70","71","What are the implications for policy makers? A systematic review of the cost-effectiveness of screening and brief interventions for alcohol misuse in primary care","verified",""
"pre.zip/PMC6423764.pdf","71","72","The effect of the Safer Bars programme on physical aggression in bars: results of a randomized controlled trial","verified",""
"pre.zip/PMC6423764.pdf","72","73","Alcohol-related aggression in men and women: the influence of dispositional aggressivity","verified",""
"pre.zip/PMC6429790.pdf","2","3","J Pain Symptom Manag. 2006;31(1):58–69","not_found","real"
"pre.zip/PMC6429790.pdf","3","4","Pain management in the elderly","not_found","real"
"pre.zip/PMC6429790.pdf","10","11","End-of-life care and achieving preferences for place of death in England: results of a population-based survey using the VOICES-SF questionnaire","not_found","hallucinated"
"pre.zip/PMC6429790.pdf","21","22","Is there evidence that palliative care teams alter end-of-life experiences of patients and their caregivers? J Pain Symptom Manag. 2003;25(2):150–68","not_found","real"
"pre.zip/PMC6429790.pdf","5","6","Pain as a global public health priority","mismatch","real"
"pre.zip/PMC6429790.pdf","6","7","Quality of cancer pain management: an update of a systematic review of undertreatment of patients with cancer","mismatch","real"
"pre.zip/PMC6429790.pdf","9","10","A10-D better access to palliative care: the Australian hospice@HOME program with global implications","mismatch","real"
"pre.zip/PMC6429790.pdf","24","25","Evidence for improving palliative care at the end of life: a systematic review","mismatch","real"
"pre.zip/PMC6429790.pdf","33","34","Leeds eligibility criteria for specialist palliative care services","mismatch","real"
"pre.zip/PMC6429790.pdf","0","1","Update on prevalence of pain in patients with cancer: systematic review and meta-analysis","verified",""
"pre.zip/PMC6429790.pdf","1","2","Are there differences in the prevalence of palliative care-related problems in people living with advanced cancer and eight non-cancer conditions? A systematic review","verified",""
"pre.zip/PMC6429790.pdf","7","8","Opioid prescribing for cancer pain during the last 3 months of life: associated factors and 9-year trends in a nationwide United Kingdom cohort study","verified",""
"pre.zip/PMC6429790.pdf","8","9","Opioid prescribing for patients with cancer in the last year of life: a longitudinal population cohort study","verified",""
"pre.zip/PMC6429790.pdf","11","12","Heterogeneity and changes in preferences for dying at home: a systematic review","verified",""
"pre.zip/PMC6429790.pdf","18","19","Effectiveness and cost-effectiveness of home palliative care services for adults with advanced illness and their caregivers","verified",""
"pre.zip/PMC6429790.pdf","19","20","Association between palliative care and patient and caregiver outcomes: a systematic review and meta-analysis","verified",""
"pre.zip/PMC6429790.pdf","20","21","Do community specialist palliative care services that provide home nursing increase rates of home death for people with life-limiting illnesses? A systematic review and meta-analysis of comparative studies","verified",""
"pre.zip/PMC6429790.pdf","22","23","Effect of specialist palliative care services on quality of life in adults with advanced incurable illness in hospital, hospice, or community settings: systematic review and meta-analysis","verified",""
"pre.zip/PMC6429790.pdf","23","24","The impact of specialized palliative care on cancer patients’ health-related quality of life: a systematic review and meta-analysis","verified",""
"pre.zip/PMC6429790.pdf","26","27","What determines duration of palliative care before death for patients with advanced disease? A retrospective cohort study of community and hospital palliative care provision in a large UK city","verified",""
"pre.zip/PMC6429790.pdf","27","28","Duration and determinants of hospice-based specialist palliative care: a national retrospective cohort study","verified",""
"pre.zip/PMC6429790.pdf","28","29","Is palliative care support associated with better quality end-of-life care indicators for patients with advanced cancer? A retrospective cohort study","verified",""
"pre.zip/PMC6429790.pdf","30","31","Developing the methods and questionnaire (VOICES-SF) for a national retrospective mortality follow-back survey of palliative and end-of-life care in England","verified",""
"pre.zip/PMC6429790.pdf","31","32","Regression diagnostics: identifying influential data and sources of collinearity, vol","verified",""
"pre.zip/PMC6429790.pdf","32","33","After-death interviews with surrogates/ bereaved family members: some issues of validity","verified",""
"pre.zip/PMC6429790.pdf","34","35","Family perspectives on end-of-life care at the last place of care","verified",""
"pre.zip/PMC6436239.pdf","49","50","2016 Physician Inpatient/Outpatient Revenue Survey","not_found","real"
"pre.zip/PMC6436239.pdf","51","52","Pharmacy, pharma, and blockchain: healthcare financials, pharmaceutical supply chain, clinical trials, and social good","not_found","uncertain"
"pre.zip/PMC6436239.pdf","68","69","On blockchain and its integration with IoT","not_found","real"
"pre.zip/PMC6436239.pdf","77","78","IEEE Standards Association","not_found","real"
"pre.zip/PMC6436239.pdf","78","79","Prevalence of falsified and substandard medicines: still an incomplete picture","not_found","hallucinated"
"pre.zip/PMC6436239.pdf","66","67","Enforcing human subject regulations using blockchain and smart contracts","mismatch","real"
"pre.zip/PMC6436239.pdf","69","70","A review of existing and emerging digital technologies to combat the global trade in fake medicines","mismatch","real"
"pre.zip/PMC6436239.pdf","0","1","Where is current research on blockchain technology? – A systematic review","verified",""
"pre.zip/PMC6436239.pdf","1","2","Geospatial blockchain: promises, challenges, and scenarios in health and healthcare","verified",""
"pre.zip/PMC6436239.pdf","2","3","Blockchain-based medical records secure storage and medical service framework","verified",""
"pre.zip/PMC6436239.pdf","3","4","Blockchain distributed ledger technologies for biomedical and health care applications","verified",""
"pre.zip/PMC6436239.pdf","4","5","Converging blockchain and next-generation artificial intelligence technologies to decentralize and accelerate biomedical research and healthcare","verified",""
"pre.zip/PMC6436239.pdf","5","6","Healthcare blockchain system using smart contracts for secure automated remote patient monitoring","verified",""
"pre.zip/PMC6436239.pdf","6","7","Improving data transparency in clinical trials using blockchain smart contracts","verified",""
"pre.zip/PMC6436239.pdf","7","8","Smart contract-based review system for an IoT data marketplace","verified",""
"pre.zip/PMC6436239.pdf","8","9","Root exploit detection and features optimization: mobile device and blockchain based medical data management","verified",""
"pre.zip/PMC6436239.pdf","9","10","Authenticating health activity data using distributed ledger technologies","verified",""
"pre.zip/PMC6436239.pdf","10","11","Opportunities for use of blockchain technology in medicine","verified",""
"pre.zip/PMC6436239.pdf","11","12","Blockchain technology for detecting falsified and substandard drugs in distribution: pharmaceutical supply chain intervention","verified",""
"pre.zip/PMC6436239.pdf","12","13","Blockchain-based data preservation system for medical data","verified",""
"pre.zip/PMC6436239.pdf","13","14","Blockchain technology: a data framework to improve validity, trust, and accountability of information exchange in health professions education","verified",""
"pre.zip/PMC6436239.pdf","14","15","Blockchain technology for healthcare: facilitating the transition to patient-driven interoperability","verified",""
"pre.zip/PMC6436239.pdf","15","16","Blockchain technology for improving clinical research quality","verified",""
"pre.zip/PMC6436239.pdf","16","17","Blockchain-based platforms for genomic data sharing: a decentralized approach in response to the governance problems? J Am Med Inform Assoc. 2018;28:1145","verified",""
"pre.zip/PMC6436239.pdf","17","18","Blockchain for healthcare: the next generation of medical records? J Med Syst. 2018;42:172","verified",""
"pre.zip/PMC6436239.pdf","18","19","Blockchain technology: applications in health care","verified",""
"pre.zip/PMC6436239.pdf","19","20","How to use blockchain for diabetes health care data and access management: an operational concept","verified",""
"pre.zip/PMC6436239.pdf","20","21","Governance on the drug supply chain via gcoin blockchain","verified",""
"pre.zip/PMC6436239.pdf","21","22","Realizing the potential of blockchain technologies in genomics","verified",""
"pre.zip/PMC6436239.pdf","22","23","Could blockchain technology add value to surgical outcomes research? Color Dis. 2018;20:369–70","verified",""
"pre.zip/PMC6436239.pdf","23","24","From blockchain technology to global health equity: can cryptocurrencies finance universal health coverage? BMJ Global Health. 2017;2:e000570","verified",""
"pre.zip/PMC6436239.pdf","24","25","Blockchain technology in healthcare: The revolution starts here","verified",""
"pre.zip/PMC6436239.pdf","26","27","Comparison of blockchain platforms: a systematic review and healthcare examples","verified",""
"pre.zip/PMC6436239.pdf","28","29","Healthcare data gateways: found healthcare intelligence on blockchain with novel privacy risk control","verified",""
"pre.zip/PMC6436239.pdf","29","30","MeDShare: Trust-less medical data sharing among cloud service providers via blockchain","verified",""
"pre.zip/PMC6436239.pdf","32","33","A Case Study for Blockchain in Healthcare: “MedRec” Prototype for electronic Health Records and Medical Research Data","verified",""
"pre.zip/PMC6436239.pdf","33","34","MedRec: Using Blockchain for Medical Data Access and Permission Management","verified",""
"pre.zip/PMC6436239.pdf","34","35","ModelChain: decentralized privacy-preserving healthcare predictive modeling framework on private blockchain networks","verified",""
"pre.zip/PMC6436239.pdf","35","36","EXpectation Propagation LOgistic REgRession on Permissioned BlockCHAIN (ExplorerChain): decentralized privacy-preserving online healthcare/genomics predictive model learning","verified",""
"pre.zip/PMC6436239.pdf","36","37","Fair compute loads enabled by blockchain: sharing models by alternating client and server roles","verified",""
"pre.zip/PMC6436239.pdf","37","38","Simple demographics often identify people uniquely","verified",""
"pre.zip/PMC6436239.pdf","39","40","Expectation propagation logistic regression (explorer): distributed privacy-preserving online model learning","verified",""
"pre.zip/PMC6436239.pdf","40","41","Grid Binary LOgistic REgression (GLORE): building shared models without sharing data","verified",""
"pre.zip/PMC6436239.pdf","41","42","Privileging and credentialing for interventional cardiology procedures","verified",""
"pre.zip/PMC6436239.pdf","42","43","Credentialing and privileging of pharmacists: a resource paper from the Council on Credentialing in Pharmacy","verified",""
"pre.zip/PMC6436239.pdf","47","48","Credentialing in radiology: current practice and future challenges","verified",""
"pre.zip/PMC6436239.pdf","48","49","Physician credentialing in a consumer-centric world","verified",""
"pre.zip/PMC6436239.pdf","60","61","The Burden of Proof in the Design of Early Phase Clinical Trials","verified",""
"pre.zip/PMC6436239.pdf","62","63","Defining success in open science","verified",""
"pre.zip/PMC6436239.pdf","63","64","Data Provenance – The Foundation of Data Quality","verified",""
"pre.zip/PMC6436239.pdf","65","66","Department of Health & Human Services","verified",""
"pre.zip/PMC6436239.pdf","70","71","Leveraging blockchain technology to enhance supply chain management in healthcare: an exploration of challenges and opportunities in the health supply chain","verified",""
"pre.zip/PMC6436239.pdf","71","72","Improving global health governance to combat counterfeit medicines: a proposal for a UNODC-WHO-Interpol trilateral mechanism","verified",""
"pre.zip/PMC6436239.pdf","72","73","Application of on-dose identification and blockchain to prevent drug counterfeiting","verified",""
"pre.zip/PMC6436239.pdf","76","77","Technologies for Detecting Falsified and Substandard Drugs in Low and Middle-Income Countries","verified",""
"pre.zip/PMC6436239.pdf","79","80","Consumer genomics will change your life, whether you get tested or not","verified",""
"pre.zip/PMC6436239.pdf","80","81","The personal genome project","verified",""
"pre.zip/PMC6436239.pdf","81","82","Harvard Personal Genome Project: lessons from participatory public research","verified",""
"pre.zip/PMC6436239.pdf","82","83","All your data (effectively) belong to us: data practices among direct-to-consumer genetic testing firms","verified",""
"pre.zip/PMC6436239.pdf","83","84","Whole-genome sequencing in healthy people","verified",""
"pre.zip/PMC6436239.pdf","87","88","The impact of standards and regulation on innovation in uncertain markets","verified",""
"pre.zip/PMC6436239.pdf","90","91","Standards","verified",""
"pre.zip/PMC6436239.pdf","92","93","FHIRChain: applying blockchain to securely and scalably share clinical data","verified",""
"pre.zip/PMC6485171.pdf","7","8","The impacts of the new fiscal regime for the financing of the single health system and for the effectiveness of the right to health in Brazil [Portuguese]","not_found","real"
"pre.zip/PMC6485171.pdf","17","18","A fair adjustment: efficiency and equity of public spending in Brazil","not_found","real"
"pre.zip/PMC6485171.pdf","22","23","Instituto de Pesquisa Econômica Aplicada (IPEA); 2016","not_found","real"
"pre.zip/PMC6485171.pdf","41","42","Programa Saúde da Família: ampliando a cobertura para consolidar a mudança do modelo de Atenção Básica","not_found","real"
"pre.zip/PMC6485171.pdf","46","47","Economic crisis, health systems and health in Europe: country experience","not_found","real"
"pre.zip/PMC6485171.pdf","47","48","Economic crisis, health systems and health in Europe: impact and implications for policy","not_found","real"
"pre.zip/PMC6485171.pdf","0","1","Accelerating health equity: the key role of universal health coverage in the Sustainable Development Goals","verified",""
"pre.zip/PMC6485171.pdf","1","2","Sustainable Development Goals (SDGs)","verified",""
"pre.zip/PMC6485171.pdf","2","3","The NHS at 70 and Alma-Ata at 40","verified",""
"pre.zip/PMC6485171.pdf","3","4","No universal health coverage without primary health care","verified",""
"pre.zip/PMC6485171.pdf","4","5","Contribution of primary care to health systems and health","verified",""
"pre.zip/PMC6485171.pdf","5","6","The impact of primary healthcare on population health in low-and middle-income countries","verified",""
"pre.zip/PMC6485171.pdf","8","9","The Brazilian health system at crossroads: progress, crisis and resilience","verified",""
"pre.zip/PMC6485171.pdf","9","10","Brazil’s health catastrophe in the making","verified",""
"pre.zip/PMC6485171.pdf","10","11","Brazil’s family health strategy — delivering community-based primary care in a universal health system","verified",""
"pre.zip/PMC6485171.pdf","11","12","Implementation research: towards universal health coverage with more doctors in Brazil","verified",""
"pre.zip/PMC6485171.pdf","12","13","Brazil’s family health programme","verified",""
"pre.zip/PMC6485171.pdf","13","14","The impact of the Brazilian family health on selected primary care sensitive conditions: a systematic review","verified",""
"pre.zip/PMC6485171.pdf","14","15","Large reductions in amenable mortality associated with Brazil’s primary care expansion and strong health governance","verified",""
"pre.zip/PMC6485171.pdf","15","16","Impact of primary health care on mortality from heart and cerebrovascular diseases in Brazil: a nationwide analysis of longitudinal data","verified",""
"pre.zip/PMC6485171.pdf","16","17","Association between expansion of primary healthcare and racial inequalities in mortality amenable to primary care in Brazil: a national longitudinal analysis","verified",""
"pre.zip/PMC6485171.pdf","18","19","The right to health in Brazil: a constitutional guarantee threatened by fiscal austerity","verified",""
"pre.zip/PMC6485171.pdf","19","20","Impacts of the new fiscal regime on health and education","verified",""
"pre.zip/PMC6485171.pdf","20","21","The end of Brazil’s More Doctors programme? BMJ. 2018;363:k5247","verified",""
"pre.zip/PMC6485171.pdf","21","22","Ambulatory care sensitive hospitalizations: elaboration of Brazilian list as a tool for measuring health system performance (Project ICSAP--Brazil)","verified",""
"pre.zip/PMC6485171.pdf","23","24","Austerity threatens universal health coverage in Brazil","verified",""
"pre.zip/PMC6485171.pdf","26","27","The role of the Family Health Program in the organization of primary care in municipal health systems","verified",""
"pre.zip/PMC6485171.pdf","27","28","Decentralising the health sector: issues in Brazil","verified",""
"pre.zip/PMC6485171.pdf","28","29","The implementation of the Mais Médicos (More Doctors) Program and comprehensiveness of care in the Family Health Strategy","verified",""
"pre.zip/PMC6485171.pdf","29","30","Evaluation of user satisfaction and service responsiveness in municipalities enrolled in the Mais Médicos (More Doctors) Program","verified",""
"pre.zip/PMC6485171.pdf","30","31","[Federal Budget]","verified",""
"pre.zip/PMC6485171.pdf","31","32","The health system and population health implications of large-scale diabetes screening in India: a microsimulation model of alternative approaches","verified",""
"pre.zip/PMC6485171.pdf","32","33","Child morbidity and mortality associated with alternative policy responses to the economic crisis in Brazil: a nationwide microsimulation study","verified",""
"pre.zip/PMC6485171.pdf","33","34","Introductory Econometrics: A Modern Approach. 5 edition","verified",""
"pre.zip/PMC6485171.pdf","34","35","Modeling good research practices—overview: a report of the ISPOR-SMDM modeling good research practices task force–1","verified",""
"pre.zip/PMC6485171.pdf","43","44","The contribution of primary care to health and health systems in low-and middle-income countries: a critical review of major primary care initiatives","verified",""
"pre.zip/PMC6485171.pdf","44","45","Does progress towards universal health coverage improve population health? Lancet. 2012;380(9845):917–23","verified",""
"pre.zip/PMC6485171.pdf","45","46","Primary care, race, and mortality in US states","verified",""
"pre.zip/PMC6485171.pdf","48","49","Austerity and health: the impact in the UK and Europe","verified",""
"pre.zip/PMC6485171.pdf","49","50","The attack on universal health coverage in Europe: recession, austerity and unmet needs","verified",""
"pre.zip/PMC6485171.pdf","50","51","Effects of the financial crisis and Troika austerity measures on health and health care access in Portugal","verified",""
"pre.zip/PMC6485171.pdf","51","52","The great recession and increased cost sharing in European health systems","verified",""
"pre.zip/PMC6485171.pdf","52","53","Out-of-pocket spending and medication adherence among dialysis patients in twelve countries","verified",""
"pre.zip/PMC6485171.pdf","53","54","Is the level of patient co-payment for medicines associated with refill adherence in Sweden? Eur J Public Health. 2013;24(1):85–90","verified",""
"pre.zip/PMC6485171.pdf","54","55","Going to scale with community-based primary care: an analysis of the family health program and infant mortality in Brazil","verified",""
"pre.zip/PMC6485171.pdf","55","56","Evaluating the impact of community-based health interventions: evidence from Brazil’s Family Health Program","verified",""
"pre.zip/PMC6485171.pdf","56","57","Measuring the health of nations: updating an earlier analysis","verified",""
"pre.zip/PMC6498483.pdf","3","4","17:87 Page 13 of 14 Maternal Deaths","not_found","uncertain"
"pre.zip/PMC6498483.pdf","4","5","Maternal and perinatal mortality and complications associated with caesarean section in low and middle-income countries: a systematic review and meta-analysis of 12 million pregnancies","not_found","real"
"pre.zip/PMC6498483.pdf","8","9","Soc Sci Med. 2016;1982(168):53–62","not_found","real"
"pre.zip/PMC6498483.pdf","19","20","Global survey on maternal and perinatal Health Research Group","not_found","real"
"pre.zip/PMC6498483.pdf","18","19","Managing complications in pregnancy and childbirth: a guide for midwives and doctors","mismatch","real"
"pre.zip/PMC6498483.pdf","0","1","The increasing trend in caesarean section rates: global, regional and national estimates","verified",""
"pre.zip/PMC6498483.pdf","1","2","WHO statement on caesarean section rates","verified",""
"pre.zip/PMC6498483.pdf","2","3","Use of the Robson classification to assess caesarean section trends in 21 countries: a secondary analysis of two WHO multicountry surveys","verified",""
"pre.zip/PMC6498483.pdf","5","6","Global epidemiology of use of and disparities in caesarean sections","verified",""
"pre.zip/PMC6498483.pdf","6","7","Audit of cesarean delivery in Burkina Faso","verified",""
"pre.zip/PMC6498483.pdf","7","8","The national subsidy for deliveries and emergency obstetric care in Burkina Faso","verified",""
"pre.zip/PMC6498483.pdf","9","10","Caesarean section without medical indications is associated with an increased risk of adverse short-term maternal outcomes: the 2004-2008 WHO Global Survey on Maternal and Perinatal Health","verified",""
"pre.zip/PMC6498483.pdf","10","11","Prolonged labour as indication for emergency caesarean section: a quality assurance analysis by criterion-based audit at two Tanzanian rural hospitals","verified",""
"pre.zip/PMC6498483.pdf","11","12","Assessment of clinical decision-making among healthcare professionals performing caesarean deliveries in Burkina Faso","verified",""
"pre.zip/PMC6498483.pdf","12","13","Method of delivery and pregnancy outcomes in Asia: the WHO global survey on maternal and perinatal health","verified",""
"pre.zip/PMC6498483.pdf","13","14","Evidence-based strategies for reducing cesarean section rates: a meta-analysis","verified",""
"pre.zip/PMC6498483.pdf","14","15","Nonclinical interventions for reducing unnecessary caesarean section","verified",""
"pre.zip/PMC6498483.pdf","15","16","Mandatory second opinion to reduce rates of unnecessary caesarean sections in Latin America: a cluster randomised controlled trial","verified",""
"pre.zip/PMC6498483.pdf","16","17","Evidence on feasibility and effective use of mHealth strategies by frontline health workers in developing countries: systematic review","verified",""
"pre.zip/PMC6498483.pdf","17","18","Determinants of non-medically indicated cesarean deliveries in Burkina Faso","verified",""
"pre.zip/PMC6498483.pdf","20","21","Design and analysis of cluster randomization trials in health research","verified",""
"pre.zip/PMC6498483.pdf","21","22","Models for longitudinal data: a generalized estimating equation approach","verified",""
"pre.zip/PMC6498483.pdf","22","23","The evaluation of “Safe Motherhood” program on maternal care utilization in rural western China: a difference in difference approach","verified",""
"pre.zip/PMC6498483.pdf","24","25","Increasing caesarean section rates among low-risk groups: a panel study classifying deliveries according to Robson at a university hospital in Tanzania","verified",""
"pre.zip/PMC6498483.pdf","25","26","Dutch working Party for International Safe Motherhood & reproductive health","verified",""
"pre.zip/PMC6498483.pdf","26","27","Safety concerns for planned vaginal birth after caesarean section in sub-Saharan Africa","verified",""
"pre.zip/PMC6498483.pdf","27","28","Why are caesarean section rates so high in facilities in Mali and Benin? Sex Reprod Healthc. 2018;16:10–4","verified",""
"pre.zip/PMC6498483.pdf","28","29","DECIDE: a cluster randomized controlled trial to reduce non-medically indicated caesareans in Burkina Faso","verified",""
"pre.zip/PMC6505179.pdf","15","16","Vedolizumab trough levels and histological healing during maintenance therapy in ulcerative colitis","mismatch","real"
"pre.zip/PMC6505179.pdf","0","1","Considerations, challenges and future of anti-TNF therapy in treating inflammatory bowel disease","verified",""
"pre.zip/PMC6505179.pdf","1","2","Systematic review and network meta-analysis: first-and secondline biologic therapies for moderate-severe Crohn’s disease","verified",""
"pre.zip/PMC6505179.pdf","2","3","Systematic review with network meta-analysis: first-and secondline pharmacotherapy for moderate-severe ulcerative colitis","verified",""
"pre.zip/PMC6505179.pdf","3","4","Vedolizumab as induction and maintenance therapy for Crohn’s disease","verified",""
"pre.zip/PMC6505179.pdf","4","5","Vedolizumab as induction and maintenance therapy for ulcerative colitis","verified",""
"pre.zip/PMC6505179.pdf","5","6","An overview of the mechanism of action of the monoclonal antibody vedolizumab","verified",""
"pre.zip/PMC6505179.pdf","6","7","Review article: consensus statements on therapeutic drug monitoring of anti-tumour necrosis factor therapy in inflammatory bowel diseases","verified",""
"pre.zip/PMC6505179.pdf","7","8","American Gastroenterological Association Institute technical review on the role of therapeutic drug monitoring in the management of inflammatory bowel diseases","verified",""
"pre.zip/PMC6505179.pdf","8","9","Exposure– efficacy relationships for vedolizumab induction therapy in patients with ulcerative colitis or Crohn’s disease","verified",""
"pre.zip/PMC6505179.pdf","9","10","Vedolizumab exposure levels and clinical outcomes in ulcerative colitis: determining the potential for dose optimisation","verified",""
"pre.zip/PMC6505179.pdf","10","11","Association between low trough levels of vedolizumab during induction therapy for inflammatory bowel diseases and need for additional doses within 6 months","verified",""
"pre.zip/PMC6505179.pdf","11","12","Vedolizumab drug level correlation with clinical remission, biomarker normalization, and mucosal healing in inflammatory bowel disease","verified",""
"pre.zip/PMC6505179.pdf","12","13","Evidence to support monitoring of vedolizumab trough concentrations in patients with inflammatory bowel diseases","verified",""
"pre.zip/PMC6505179.pdf","13","14","Early vedolizumab trough levels predict mucosal healing in inflammatory bowel disease: a multicentre prospective observational study","verified",""
"pre.zip/PMC6505179.pdf","14","15","Higher trough vedolizumab concentrations during maintenance therapy are associated with corticosteroid-free remission in inflammatory bowel disease","verified",""
"pre.zip/PMC6505179.pdf","16","17","Vedolizumab concentrations are associated with long-term endoscopic remission in patients with inflammatory bowel diseases","verified",""
"pre.zip/PMC6505179.pdf","17","18","Population pharmacokinetics-pharmacodynamics of vedolizumab in patients with ulcerative colitis and Crohn’s disease","verified",""
"pre.zip/PMC6505179.pdf","18","19","A review of the clinical pharmacokinetics, pharmacodynamics, and immunogenicity of vedolizumab","verified",""
"pre.zip/PMC6505179.pdf","19","20","Clinical pharmacokinetics and pharmacodynamics of infliximab in the treatment of inflammatory bowel disease","verified",""
"pre.zip/PMC6505179.pdf","20","21","A prospective cohort study to assess the relevance of vedolizumab drug level monitoring in IBD patients","verified",""
"pre.zip/PMC6505179.pdf","21","22","Association of vedolizumab level, anti-drug antibodies, and α4β7 occupancy with response in patients with inflammatory bowel diseases","verified",""
"pre.zip/PMC6505179.pdf","22","23","Antibodies toward vedolizumab appear from the first infusion onward and disappear over time","verified",""
"pre.zip/PMC6505179.pdf","23","24","Immunogenicity is not the driving force of treatment failure in vedolizumab-treated inflammatory bowel disease patients","verified",""
"pre.zip/PMC6505179.pdf","24","25","Letter: addition of methotrexate neither restores clinical response nor improves the pharmacokinetic profile of vedolizumab-treated patients","verified",""
"pre.zip/PMC6505179.pdf","25","26","Individualised therapy is more cost-effective than dose intensification in patients with Crohn’s disease who lose response to anti-TNF treatment: a randomised, controlled trial","verified",""
"pre.zip/PMC6505179.pdf","26","27","Trough concentrations of infliximab guide dosing for patients with inflammatory bowel disease","verified",""
"pre.zip/PMC6505179.pdf","27","28","Clinical utility of measuring infliximab and human anti-chimeric antibody concentrations in patients with inflammatory bowel disease","verified",""
"pre.zip/PMC6505179.pdf","28","29","Cost-effectiveness of drug monitoring of anti-TNF therapy in inflammatory bowel disease and rheumatoid arthritis: a systematic review","verified",""
"pre.zip/PMC6505179.pdf","29","30","Vedolizumab is associated with changes in innate rather than adaptive immunity in patients with inflammatory bowel disease","verified",""
"pre.zip/PMC6505179.pdf","30","31","Loss of response to vedolizumab and ability of dose intensification to restore response in patients with Crohn’s disease or ulcerative colitis: a systematic review and meta-analysis","verified",""
"pre.zip/PMC6505179.pdf","31","32","Early changes in the pharmacokinetic profile of vedolizumab-treated patients with IBD may predict response after dose optimisation","verified",""
"pre.zip/PMC6505277.pdf","3","4","Lost in knowledge translation: time for a map? J Cont Educ Health Prof. 2006;26","not_found","real"
"pre.zip/PMC6505277.pdf","10","11","Implementatie: Effectieve verandering in de patiëntenzorg","not_found","hallucinated"
"pre.zip/PMC6505277.pdf","13","14","Beliefs and evidence in changing clinical practice","not_found","real"
"pre.zip/PMC6505277.pdf","21","22","Evidence-based medicine renaissance group","not_found","real"
"pre.zip/PMC6505277.pdf","24","25","Reducing waste with implementation laboratories","not_found","real"
"pre.zip/PMC6505277.pdf","0","1","From best evidence to best practice","verified",""
"pre.zip/PMC6505277.pdf","1","2","Knowledge translation of research findings","verified",""
"pre.zip/PMC6505277.pdf","2","3","Welcome to Implementation Science","verified",""
"pre.zip/PMC6505277.pdf","4","5","Harveian oration 2018: improving quality and safety in healthcare","verified",""
"pre.zip/PMC6505277.pdf","5","6","Implementation research: new imperatives and opportunities in global health","verified",""
"pre.zip/PMC6505277.pdf","6","7","Effects of pay for performance on the quality of primary care in England","verified",""
"pre.zip/PMC6505277.pdf","7","8","Twenty years of implementation research","verified",""
"pre.zip/PMC6505277.pdf","8","9","On the trail of quality and safety in healthcare","verified",""
"pre.zip/PMC6505277.pdf","9","10","Growing literature, stagnant science? Systematic review, meta-regression and cumulative meta-analysis of audit and feedback interventions in health care","verified",""
"pre.zip/PMC6505277.pdf","12","13","Tailoring quality improvement interventions to identified barriers: a multiple case analysis","verified",""
"pre.zip/PMC6505277.pdf","14","15","The intellectual structure and substance of the knowledge utilization field: alongitudinal author co-citation analysis, 1945 to 2004","verified",""
"pre.zip/PMC6505277.pdf","16","17","Scoping review identifies significant number of knowledge translation theories, models, and frameworks with limited use","verified",""
"pre.zip/PMC6505277.pdf","17","18","Making sense of implementation theories, models and frameworks","verified",""
"pre.zip/PMC6505277.pdf","18","19","The new production of knowledge: the dynamics of science and research in contemporary societies","verified",""
"pre.zip/PMC6505277.pdf","19","20","Integrated knowledge translation (IKT) in health care: a scoping review","verified",""
"pre.zip/PMC6505277.pdf","20","21","The tailored implementation in chronic diseases project: introduction and main findings","verified",""
"pre.zip/PMC6505277.pdf","22","23","Toward criteria for pragmatic measurement in implementation research and practice: a stakeholder-driven approach using concept mapping","verified",""
"pre.zip/PMC6505277.pdf","23","24","Does the world need a scientific society for research on how to improve healthcare? Implem Sci. 2012;7:10","verified",""
"pre.zip/PMC6505277.pdf","25","26","Teaching implementation science in a new master of science program in Germany: a survey of stakeholder expectations","verified",""
"pre.zip/PMC6505277.pdf","26","27","Research impact: a narrative review","verified",""
"pre.zip/PMC6530181.pdf","0","1","Global matrix 2.0: report card grades on the physical activity of children and youth comparing 38 countries","verified",""
"pre.zip/PMC6530181.pdf","2","3","The challenge of low physical activity during the school day: at recess, lunch and in physical education","verified",""
"pre.zip/PMC6530181.pdf","3","4","The theory of expanded, extended, and enhanced opportunities for youth physical activity promotion","verified",""
"pre.zip/PMC6530181.pdf","4","5","Systematic review of acute physically active learning and classroom movement breaks on children’s physical activity, cognition, academic performance and classroom behaviour: understanding critical design features","verified",""
"pre.zip/PMC6530181.pdf","5","6","Effect of classroom-based physical activity interventions on academic and physical activity outcomes: a systematic review and meta-analysis","verified",""
"pre.zip/PMC6530181.pdf","6","7","The daily mile makes primary school children more active, less sedentary and improves their fitness and body composition: a quasi-experimental pilot study","verified",""
"pre.zip/PMC6530181.pdf","7","8","Seasonal variation in physical activity among children and adolescents: a review","verified",""
"pre.zip/PMC6530181.pdf","8","9","Assessing the effects of weather conditions on physical activity participation using objective measures","verified",""
"pre.zip/PMC6530181.pdf","9","10","Intraindividual variation of objectively measured physical activity in children","verified",""
"pre.zip/PMC6530181.pdf","10","11","Seasonal variation in children’s physical activity and sedentary time","verified",""
"pre.zip/PMC6530181.pdf","11","12","Seasonal variations in physical activity and implications for human health","verified",""
"pre.zip/PMC6530181.pdf","12","13","Equity effects of children’s physical activity interventions: a systematic scoping review","verified",""
"pre.zip/PMC6530181.pdf","13","14","Strategies for retaining study participants in behavioral intervention trials: retention experiences of the NIH behavior change consortium","verified",""
"pre.zip/PMC6530181.pdf","14","15","Hierarchical linear models: applications and data analysis methods","verified",""
"pre.zip/PMC6530181.pdf","15","16","Calibration of two objective measures of physical activity for children","verified",""
"pre.zip/PMC6530181.pdf","16","17","Effects of varying epoch lengths, wear time algorithms, and activity cut-points on estimates of child sedentary behavior and physical activity from accelerometer data","verified",""
"pre.zip/PMC6530181.pdf","17","18","Accelerometer data collection and processing criteria to assess physical activity and other outcomes: a systematic review and practical considerations","verified",""
"pre.zip/PMC6530181.pdf","18","19","Compensation of physical activity and sedentary time in primary school children","verified",""
"pre.zip/PMC6530181.pdf","19","20","Standards of evidence: criteria for efficacy, effectiveness and dissemination","verified",""
"pre.zip/PMC6530181.pdf","20","21","A cluster randomised controlled trial evaluating the effectiveness and cost-effectiveness of the daily mile on childhood obesity and wellbeing; the Birmingham daily mile protocol","verified",""
"pre.zip/PMC6530181.pdf","21","22","Marathon kids UK: study design and protocol for a mixed methods evaluation of a school-based running programme","verified",""
"pre.zip/PMC6585141.pdf","16","17","17:118 Page 9 of 14","not_found","uncertain"
"pre.zip/PMC6598268.pdf","9","10","Last observation carried forward: a crystal ball? J Biopharm Stat. 2009;19(5):872–88","not_found","real"
"pre.zip/PMC6598268.pdf","10","11","last observation carried forward: introduce bias in dementia research? CMAJ","not_found","real"
"pre.zip/PMC6598268.pdf","0","1","A pragmatic lifestyle modification programme reduces the incidence of predictors of cardio-metabolic disease and dysglycaemia in a young healthy urban south Asian population: a randomised controlled trial","verified",""
"pre.zip/PMC6598268.pdf","1","2","Randomized trials with missing outcome data: how to analyze and what to report","verified",""
"pre.zip/PMC6598268.pdf","2","3","Interventions for preventing obesity in children","verified",""
"pre.zip/PMC6598268.pdf","3","4","Children are not just small adults: the urgent need for high-quality trial evidence in children","verified",""
"pre.zip/PMC6598268.pdf","4","5","High prevalence of cardio-metabolic risk factors in a young urban Sri-Lankan population","verified",""
"pre.zip/PMC6598268.pdf","5","6","Questioning assent: how are children's views included as families make decisions about clinical trials? Child Care Health Dev. 2016; 42(6):900–8","verified",""
"pre.zip/PMC6598268.pdf","6","7","Childhood obesity: causes and consequences","verified",""
"pre.zip/PMC6598268.pdf","7","8","DIABRISK-SL prevention of cardio-metabolic disease with life style modification in young urban Sri Lankan's – study protocol for a randomized controlled trial","verified",""
"pre.zip/PMC6598268.pdf","8","9","A framework for the design, conduct and interpretation of randomised controlled trials in the presence of treatment changes","verified",""
"pre.zip/PMC6598268.pdf","11","12","The prevention and treatment of missing data in clinical trials","verified",""
"pre.zip/PMC6598268.pdf","12","13","Comparison of results from different imputation techniques for missing data from an anti-obesity drug trial","verified",""
"pre.zip/PMC6598268.pdf","13","14","Analyzing incomplete longitudinal clinical trial data","verified",""
"pre.zip/PMC6598268.pdf","14","15","Multiple imputation: a primer","verified",""
"pre.zip/PMC6598268.pdf","15","16","Intention-to-treat meets missing data: implications of alternate strategies for analyzing clinical trials data","verified",""
"pre.zip/PMC6598268.pdf","16","17","The rise of multiple imputation: a review of the reporting and implementation of the method in medical research","verified",""
"pre.zip/PMC6598268.pdf","17","18","Multiple imputation for missing data in epidemiological and clinical research: potential and pitfalls","verified",""
"pre.zip/PMC6607519.pdf","3","4","N Engl J Med. 2013;368:351–64","not_found","real"
"pre.zip/PMC6607519.pdf","7","8","The health consequences of smoking—50 years of progress: a report of the surgeon general","not_found","real"
"pre.zip/PMC6607519.pdf","10","11","Australian Burden of Disease Study: impact and causes of illness and death in Australia 2011","not_found","real"
"pre.zip/PMC6607519.pdf","12","13","International Statistical Classification of Diseases and Related Health Problems, 10th Revision, Australian Modification (ICD-10-AM)","not_found","uncertain"
"pre.zip/PMC6607519.pdf","18","19","National Health Survey: final results 2014– 2015","not_found","real"
"pre.zip/PMC6607519.pdf","19","20","National Health Survey: summary of results","not_found","real"
"pre.zip/PMC6607519.pdf","34","35","N Engl J Med. 2013;368(4):341–50","not_found","real"
"pre.zip/PMC6607519.pdf","39","40","National Drug Strategy Household Survey 2016: detailed findings","not_found","uncertain"
"pre.zip/PMC6607519.pdf","2","3","Mortality in relation to smoking: 50 years’ observations on male British doctors","verified",""
"pre.zip/PMC6607519.pdf","4","5","The 21st century hazards of smoking and benefits of stopping: a prospective study of one million women in the UK","verified",""
"pre.zip/PMC6607519.pdf","5","6","Smoking and mortality—beyond established causes","verified",""
"pre.zip/PMC6607519.pdf","6","7","Heterogeneous associations between smoking and a wide range of initial presentations of cardiovascular disease in 1937360 people in England: lifetime risks and implications for risk prediction","verified",""
"pre.zip/PMC6607519.pdf","8","9","Cigarette smoking as a risk factor for coronary heart disease in women compared with men: a systematic review and meta-analysis of prospective cohort studies","verified",""
"pre.zip/PMC6607519.pdf","9","10","Stages of the cigarette epidemic on entering its second century","verified",""
"pre.zip/PMC6607519.pdf","11","12","Cohort profile: the 45 and up study","verified",""
"pre.zip/PMC6607519.pdf","14","15","Categorising major cardiovascular disease hospitalisations from routinely collected data","verified",""
"pre.zip/PMC6607519.pdf","16","17","Confidence intervals for directly standardized rates: a method based on the gamma distribution","verified",""
"pre.zip/PMC6607519.pdf","17","18","Measuring functioning and well-being: the medical outcomes study approach","verified",""
"pre.zip/PMC6607519.pdf","20","21","Comparison of prevalence-and smoking impact ratio-based methods of estimating smoking-attributable fractions of deaths","verified",""
"pre.zip/PMC6607519.pdf","21","22","Improving population attributable fraction methods: examining smoking-attributable mortality for 87 geographic regions in Canada","verified",""
"pre.zip/PMC6607519.pdf","24","25","Low cigarette consumption and risk of coronary heart disease and stroke: meta-analysis of 141 cohort studies in 55 study reports","verified",""
"pre.zip/PMC6607519.pdf","25","26","Validity of myocardial infarction diagnoses in administrative databases: a systematic review","verified",""
"pre.zip/PMC6607519.pdf","26","27","Accuracy of electronic health record data for identifying stroke cases in large-scale epidemiological studies: a systematic review from the UK Biobank Stroke Outcomes Group","verified",""
"pre.zip/PMC6607519.pdf","27","28","Algorithms for enhancing public health utility of national causes-of-death data","verified",""
"pre.zip/PMC6607519.pdf","28","29","Cigarette smoking and the risk of supraventricular and ventricular tachyarrhythmias in high-risk cardiac patients with implantable cardioverter defibrillators","verified",""
"pre.zip/PMC6607519.pdf","29","30","Association of smoking, sleep apnea, and plasma alkalosis with nocturnal ventricular arrhythmias in men with systolic heart failure","verified",""
"pre.zip/PMC6607519.pdf","30","31","Ventricular arrhythmias during 24-h ambulatory ECG recording: incidence, risk factors and prognosis in men with and without a history of cardiovascular disease","verified",""
"pre.zip/PMC6607519.pdf","31","32","Sudden death due to cardiac arrhythmias","verified",""
"pre.zip/PMC6607519.pdf","32","33","Predictors of mortality from idiopathic dilated cardiomyopathy in 356,222 men screened for the Multiple Risk Factor Intervention Trial","verified",""
"pre.zip/PMC6607519.pdf","33","34","Black-white differences in idiopathic dilated cardiomyopathy: the Washington DC dilated Cardiomyopathy Study","verified",""
"pre.zip/PMC6607519.pdf","35","36","Tobacco use and risk of myocardial infarction in 52 countries in the INTERHEART study: a case-control study","verified",""
"pre.zip/PMC6607519.pdf","36","37","Differences in risk factors for 3 types of stroke: UK prospective study and meta-analyses","verified",""
"pre.zip/PMC6607519.pdf","37","38","Investigation of relative risk estimates from studies of the same population with contrasting response rates and designs","verified",""
"pre.zip/PMC6607519.pdf","38","39","Why representativeness should be avoided","verified",""
"pre.zip/PMC6643304.pdf","8","9","Arthritis Rheum. 2008; 59(8):1090–6","not_found","real"
"pre.zip/PMC6643304.pdf","11","12","Nat Rev Endocrinol. 2014;10(6):364–76","not_found","real"
"pre.zip/PMC6643304.pdf","12","13","Atherosclerosis in rheumatoid arthritis: is it all about inflammation? Nat Rev Rheumatol. 2015;11(7):390–400","not_found","real"
"pre.zip/PMC6643304.pdf","23","24","Eur J Endocrinol. 2008;159(4):389–97","not_found","real"
"pre.zip/PMC6643304.pdf","33","34","","not_found","real"
"pre.zip/PMC6643304.pdf","42","43","The GH-IGF-I axis and the cardiovascular system: clinical implications","not_found","real"
"pre.zip/PMC6643304.pdf","44","45","Randomized placebo controlled trial evaluating the safety and efficacy of single low-dose intracoronary insulin-like growth factor following percutaneous coronary intervention in acute myocardial infarction (RESUS-AMI)","not_found","real"
"pre.zip/PMC6643304.pdf","47","48","Tumor necrosis factor-alpha inhibitor use and the risk of incident hypertension in patients with rheumatoid arthritis","not_found","real"
"pre.zip/PMC6643304.pdf","5","6","Stroke among rheumatoid arthritis patients: does age matter? A real-life study","mismatch","real"
"pre.zip/PMC6643304.pdf","14","15","Inflammation and cerebral small vessel disease: a systematic review","mismatch","real"
"pre.zip/PMC6643304.pdf","16","17","The emerging role of IGF-1 deficiency in cardiovascular aging: recent advances","mismatch","real"
"pre.zip/PMC6643304.pdf","21","22","Revisiting the relationship between blood pressure and insulin-like growth factor-1","mismatch","real"
"pre.zip/PMC6643304.pdf","22","23","A potential inverse association between insulin-like growth factor I and hypertension in a cross-sectional study","mismatch","real"
"pre.zip/PMC6643304.pdf","28","29","The association of insulin-like-growth factor 1 (IGF-1) with incident coronary heart disease in women: findings from the prospective British Women’s Heart and Health Study","mismatch","real"
"pre.zip/PMC6643304.pdf","34","35","Insulin-like growth factor I receptor density on CD4+T-lymphocytes from active early steroid-and DMARD-naive rheumatoid arthritis patients is up-regulated and not influenced by 1 year of clinically effective treatment","mismatch","real"
"pre.zip/PMC6643304.pdf","39","40","Serum IGF-I levels correlate to improvement of functional outcome after ischemic stroke","mismatch","real"
"pre.zip/PMC6643304.pdf","41","42","Impact of growth hormone (GH) treatment on cardiovascular risk factors in GH-deficient adults: a metaanalysis of blinded, randomized, placebo-controlled trials","mismatch","real"
"pre.zip/PMC6643304.pdf","45","46","IGF1 treatment improves cardiac remodeling after infarction by targeting myeloid cells","mismatch","real"
"pre.zip/PMC6643304.pdf","49","50","Exercise and obesity in fibromyalgia: beneficial roles of IGF-1 and resistin? Arthritis Res Ther","mismatch","real"
"pre.zip/PMC6643304.pdf","0","1","High blood pressure in young adulthood and risk of premature cardiovascular disease: calibrating treatment benefits to potential harm","verified",""
"pre.zip/PMC6643304.pdf","1","2","Impact of risk factors associated with cardiovascular outcomes in patients with rheumatoid arthritis","verified",""
"pre.zip/PMC6643304.pdf","2","3","Hypertension in rheumatoid arthritis","verified",""
"pre.zip/PMC6643304.pdf","3","4","Traditional cardiovascular risk factors in rheumatoid arthritis: a meta-analysis","verified",""
"pre.zip/PMC6643304.pdf","4","5","The impact of traditional cardiovascular risk factors on cardiovascular outcomes in patients with rheumatoid arthritis: a systematic review and meta-analysis","verified",""
"pre.zip/PMC6643304.pdf","6","7","Serious adverse events and the risk of stroke in patients with rheumatoid arthritis: results from the German RABBIT cohort","verified",""
"pre.zip/PMC6643304.pdf","7","8","Occurrence and relative risk of stroke in incident and prevalent contemporary rheumatoid arthritis","verified",""
"pre.zip/PMC6643304.pdf","9","10","Cerebrovascular disease in rheumatic diseases: a systematic review and meta-analysis","verified",""
"pre.zip/PMC6643304.pdf","10","11","Cardiovascular morbidity and mortality in women diagnosed with rheumatoid arthritis","verified",""
"pre.zip/PMC6643304.pdf","13","14","Cardiovascular risk in patients with rheumatoid arthritis","verified",""
"pre.zip/PMC6643304.pdf","15","16","Aging, atherosclerosis, and IGF-1","verified",""
"pre.zip/PMC6643304.pdf","17","18","Metabolic actions of insulin-like growth factor-I in normal physiology and diabetes","verified",""
"pre.zip/PMC6643304.pdf","18","19","Pathogenesis and prevalence of hypertension in acromegaly","verified",""
"pre.zip/PMC6643304.pdf","19","20","Hypertension in acromegaly and in the normal population: prevalence and determinants","verified",""
"pre.zip/PMC6643304.pdf","20","21","Insulin-like growth factor-1 as a vascular protective factor","verified",""
"pre.zip/PMC6643304.pdf","24","25","Insulin-like growth factor 1 as a predictor of ischemic stroke outcome in the elderly","verified",""
"pre.zip/PMC6643304.pdf","25","26","Lifestyle, anthropometric, and obesity-related physiologic determinants of insulin-like growth factor-1 in the third National Health and Nutrition Examination Survey","verified",""
"pre.zip/PMC6643304.pdf","26","27","High insulinlike growth factor binding protein 1 level predicts incident congestive heart failure in the elderly","verified",""
"pre.zip/PMC6643304.pdf","27","28","The prospective association of serum insulin-like growth factor I (IGF-I) and IGF-binding protein-1 levels with all cause and cardiovascular disease mortality in older adults: the Rancho Bernardo Study","verified",""
"pre.zip/PMC6643304.pdf","29","30","Altered levels of circulating insulin-like growth factor I (IGF-I) following ischemic stroke are associated with outcome - a prospective observational study","verified",""
"pre.zip/PMC6643304.pdf","30","31","Interleukin 17 induces cartilage collagen breakdown: novel synergistic effects in combination with proinflammatory cytokines","verified",""
"pre.zip/PMC6643304.pdf","31","32","Resistin and insulin/insulin-like growth factor signaling in rheumatoid arthritis","verified",""
"pre.zip/PMC6643304.pdf","32","33","IGF-1R signalling contributes to IL-6 production and T cell dependent inflammation in rheumatoid arthritis","verified",""
"pre.zip/PMC6643304.pdf","35","36","Inflammation in the hippocampus affects IGF1 receptor signaling and contributes to neurological sequelae in rheumatoid arthritis","verified",""
"pre.zip/PMC6643304.pdf","36","37","Smoking functions as a negative regulator of IGF1 and impairs adipokine network in patients with rheumatoid arthritis","verified",""
"pre.zip/PMC6643304.pdf","37","38","Family history in ischemic stroke before 70 years of age: the Sahlgrenska Academy study on ischemic stroke","verified",""
"pre.zip/PMC6643304.pdf","38","39","General cardiovascular risk profile for use in primary care: the Framingham heart study","verified",""
"pre.zip/PMC6643304.pdf","40","41","High expression of STAT3 in subcutaneous adipose tissue associates with cardiovascular risk in women with rheumatoid arthritis","verified",""
"pre.zip/PMC6643304.pdf","43","44","Cardiovascular risk in adult patients with growth hormone (GH) deficiency and following substitution with GH-- an update","verified",""
"pre.zip/PMC6643304.pdf","46","47","Anti-TNFalpha therapy may lead to blood pressure reductions through improved endothelium-dependent microvascular function in patients with rheumatoid arthritis","verified",""
"pre.zip/PMC6643304.pdf","48","49","Associations of objective physical activity with insulin sensitivity and circulating adipokine profile: the Framingham heart study","verified",""
"pre.zip/PMC6643304.pdf","50","51","Effectiveness of occupational therapy interventions for adults with rheumatoid arthritis: a systematic review","verified",""
"pre.zip/PMC6689871.pdf","10","11","Bone Marrow Transplant. 2015;50(10):1331–6","not_found","real"
"pre.zip/PMC6689871.pdf","19","20","Bone Marrow Transplant. 1995;15(6):825–8","not_found","real"
"pre.zip/PMC6689871.pdf","20","21","Chronic graft-versus-host disease","not_found","real"
"pre.zip/PMC6689871.pdf","0","1","Haploidentical transplantation compared with matched sibling and unrelated donor transplantation for adults with standard-risk acute lymphoblastic leukaemia in first complete remission","verified",""
"pre.zip/PMC6689871.pdf","1","2","Haploidentical versus matched-sibling transplant in adults with Philadelphia-negative high-risk acute lymphoblastic leukemia: a biologically phase III randomized study","verified",""
"pre.zip/PMC6689871.pdf","2","3","Comparison of outcomes after unrelated cord blood and unmanipulated haploidentical stem cell transplantation in adults with acute leukemia","verified",""
"pre.zip/PMC6689871.pdf","4","5","Haploidentical stem cell transplantation: anti-thymocyte globulin-based experience","verified",""
"pre.zip/PMC6689871.pdf","5","6","Anti-thymocyte globulin as graft-versus-host disease prevention in the setting of allogeneic peripheral blood stem cell transplantation: a review from the Acute Leukemia Working Party of the European Society for Blood and Marrow Transplantation","verified",""
"pre.zip/PMC6689871.pdf","6","7","Haploidentical SCT: the mechanisms underlying the crossing of HLA barriers","verified",""
"pre.zip/PMC6689871.pdf","7","8","Unmanipulated haploidentical stem cell transplantation in adults with acute lymphoblastic leukemia: a study on behalf of the Acute Leukemia Working Party of the EBMT","verified",""
"pre.zip/PMC6689871.pdf","8","9","Haploidentical transplantation without in vitro T-cell depletion results in outcomes equivalent to those of contemporaneous matched sibling and unrelated donor transplantation for acute leukemia","verified",""
"pre.zip/PMC6689871.pdf","9","10","Influence of two different doses of antithymocyte globulin in patients with standard-risk disease following haploidentical transplantation: a randomized trial","verified",""
"pre.zip/PMC6689871.pdf","11","12","Optimal dose of rabbit thymoglobulin in conditioning regimens for unmanipulated, haploidentical, hematopoietic stem cell transplantation: long-term outcomes of a prospective randomized trial","verified",""
"pre.zip/PMC6689871.pdf","12","13","Who is the best donor for a related HLA haplotype-mismatched transplant? Blood. 2014;124(6):843–50","verified",""
"pre.zip/PMC6689871.pdf","13","14","Sequential intensified conditioning followed by prophylactic DLI could reduce relapse of refractory acute leukemia after allo-HSCT","verified",""
"pre.zip/PMC6689871.pdf","14","15","Effects of intensified conditioning on Epstein-Barr virus and cytomegalovirus infections in allogeneic hematopoietic stem cell transplantation for hematological malignancies","verified",""
"pre.zip/PMC6689871.pdf","15","16","Rituximab-based treatments followed by adoptive cellular immunotherapy for biopsy-proven EBV-associated post-transplant lymphoproliferative disease in recipients of allogeneic hematopoietic stem cell transplantation","verified",""
"pre.zip/PMC6689871.pdf","16","17","Molecular monitoring and stepwise preemptive therapy for Epstein-Barr virus viremia after allogeneic stem cell transplantation","verified",""
"pre.zip/PMC6689871.pdf","17","18","Immune reconstitution to cytomegalovirus following partially matched-related donor transplantation: impact of in vivo T-cell depletion and granulocyte colony-stimulating factor-primed peripheral blood/bone marrow mixed grafts","verified",""
"pre.zip/PMC6689871.pdf","18","19","Reconstitution of the Epstein-Barr virus-specific cytotoxic T-lymphocyte response following T-cell-depleted myeloablative and nonmyeloablative allogeneic stem cell transplantation","verified",""
"pre.zip/PMC6689871.pdf","21","22","Management of CMV, HHV-6, HHV-7 and Kaposi-sarcoma herpesvirus (HHV-8) infections in patients with hematological malignancies and after SCT","verified",""
"pre.zip/PMC6689871.pdf","22","23","Spectrum of Epstein-Barr virus-associated diseases in recipients of allogeneic hematopoietic stem cell transplantation","verified",""
"pre.zip/PMC6689871.pdf","23","24","Diagnosis and treatment of viral diseases in recipients of allogeneic hematopoietic stem cell transplantation","verified",""
"pre.zip/PMC6689871.pdf","24","25","Dose study of thymoglobulin during conditioning for unrelated donor allogeneic stem-cell transplantation","verified",""
"pre.zip/PMC6689871.pdf","25","26","Improved nonrelapse mortality and infection rate with lower dose of antithymocyte globulin in patients undergoing reduced-intensity conditioning allogeneic transplantation for hematologic malignancies","verified",""
"pre.zip/PMC6689871.pdf","26","27","The increase from 2.5 to 5 mg/kg of rabbit anti-thymocyte-globulin dose in reduced intensity conditioning reduces acute and chronic GVHD for patients with myeloid malignancies undergoing allo-SCT","verified",""
"pre.zip/PMC6689871.pdf","27","28","Antithymocyte globulin for graft-versus-host disease prophylaxis in transplants from unrelated donors: 2 randomized studies from Gruppo Italiano Trapianti Midollo Osseo (GITMO)","verified",""
"pre.zip/PMC6689871.pdf","28","29","Graft-versus-host disease following allogeneic transplantation from HLA-identical sibling with antithymocyte globulin-based reduced-intensity preparative regimen","verified",""
"pre.zip/PMC6689871.pdf","29","30","Efficacy of two different doses of rabbit anti-T-lymphocyte globulin to prevent graft-versus-host disease in children with haematological malignancies transplanted from an unrelated donor: a multicentre, randomised, open-label, phase 3 trial","verified",""
"pre.zip/PMC6689871.pdf","30","31","Differential impact of two doses of antithymocyte globulin conditioning on lymphocyte recovery upon haploidentical hematopoietic stem cell transplantation","verified",""
"pre.zip/PMC6689871.pdf","31","32","Immune reconstitution after haematopoietic transplantation with two different doses of pre-graft antithymocyte globulin","verified",""
"pre.zip/PMC6704534.pdf","26","27","Available from","not_found","real"
"pre.zip/PMC6704534.pdf","30","31","Applied predictive modeling, vol","not_found","real"
"pre.zip/PMC6704534.pdf","34","35","Assessing reporting delays and the effective reproduction number: The 2018-19 Ebola epidemic in DRC","not_found","real"
"pre.zip/PMC6704534.pdf","35","36","22: Oxford University Press on Demand; 1994","not_found","real"
"pre.zip/PMC6704534.pdf","13","14","Neighbourhood level real-time forecasting of dengue cases in tropical urban Singapore","mismatch","real"
"pre.zip/PMC6704534.pdf","47","48","Three-scale network model for the early growth dynamics of 2014 West Africa Ebola epidemic","mismatch","real"
"pre.zip/PMC6704534.pdf","0","1","A frailty model for intervention effectiveness against disease transmission when implemented with unobservable heterogeneity","verified",""
"pre.zip/PMC6704534.pdf","1","2","Epidemic wave dynamics attributable to urban community structure: a theoretical characterization of disease transmission in a large network","verified",""
"pre.zip/PMC6704534.pdf","2","3","Risk behavior-based model of the cubic growth of acquired immunodeficiency syndrome in the United States","verified",""
"pre.zip/PMC6704534.pdf","3","4","The Western Africa ebola virus disease epidemic exhibits both global exponential and local polynomial growth rates","verified",""
"pre.zip/PMC6704534.pdf","4","5","Calculating the potential for within-flight transmission of influenza A (H1N1)","verified",""
"pre.zip/PMC6704534.pdf","5","6","Social network dynamics and HIV transmission","verified",""
"pre.zip/PMC6704534.pdf","6","7","The RAPIDD ebola forecasting challenge: synthesis and lessons learnt","verified",""
"pre.zip/PMC6704534.pdf","7","8","Assessing the performance of real-time epidemic forecasts: a case study of Ebola in the Western area region of Sierra Leone","verified",""
"pre.zip/PMC6704534.pdf","8","9","A collaborative multiyear, multimodel assessment of seasonal influenza forecasting in the United States","verified",""
"pre.zip/PMC6704534.pdf","9","10","Different epidemic curves for severe acute respiratory syndrome reveal similar impacts of control measures","verified",""
"pre.zip/PMC6704534.pdf","10","11","Perspectives on model forecasts of the 2014-2015 Ebola epidemic in West Africa: lessons and the way forward","verified",""
"pre.zip/PMC6704534.pdf","11","12","Mathematical modeling of the West Africa Ebola epidemic","verified",""
"pre.zip/PMC6704534.pdf","12","13","Analyzing and forecasting the Ebola incidence in North Kivu, the Democratic Republic of the Congo from 2018-19 in real time","verified",""
"pre.zip/PMC6704534.pdf","14","15","The geographic spread of infectious diseases: models and applications","verified",""
"pre.zip/PMC6704534.pdf","15","16","Large-scale spatial-transmission models of infectious disease","verified",""
"pre.zip/PMC6704534.pdf","16","17","A multi-species epidemic model with spatial dynamics","verified",""
"pre.zip/PMC6704534.pdf","17","18","Perspectives on the basic reproductive ratio","verified",""
"pre.zip/PMC6704534.pdf","18","19","Fitting dynamic models to epidemic outbreaks with quantified uncertainty: a primer for parameter uncertainty, identifiability, and forecasts","verified",""
"pre.zip/PMC6704534.pdf","19","20","Using phenomenological models for forecasting the 2015 Ebola challenge","verified",""
"pre.zip/PMC6704534.pdf","20","21","Using phenomenological models to characterize transmissibility and forecast patterns and final burden of Zika epidemics","verified",""
"pre.zip/PMC6704534.pdf","21","22","Forecasting the 2001 Foot-and-mouth disease epidemic in the UK","verified",""
"pre.zip/PMC6704534.pdf","22","23","Assessing parameter identifiability in compartmental dynamic models using a computational approach: application to infectious disease transmission models","verified",""
"pre.zip/PMC6704534.pdf","23","24","Quantitative methods for investigating infectious disease outbreaks","verified",""
"pre.zip/PMC6704534.pdf","24","25","Transmission dynamics of the great influenza pandemic of 1918 in Geneva, Switzerland: assessing the effects of hypothetical interventions","verified",""
"pre.zip/PMC6704534.pdf","27","28","Richards model revisited: validation by and application to infection dynamics","verified",""
"pre.zip/PMC6704534.pdf","28","29","Real-time forecast of multiphase outbreak","verified",""
"pre.zip/PMC6704534.pdf","29","30","Strictly proper scoring rules, prediction, and estimation","verified",""
"pre.zip/PMC6704534.pdf","32","33","Epidemiology and control of SARS in Singapore","verified",""
"pre.zip/PMC6704534.pdf","36","37","Adjustments for reporting delays and the prediction of occurred but not reported events","verified",""
"pre.zip/PMC6704534.pdf","39","40","Ebola: public trust, intermediaries, and rumour in the DR Congo","verified",""
"pre.zip/PMC6704534.pdf","42","43","Some simple epidemic models","verified",""
"pre.zip/PMC6704534.pdf","43","44","Contributions to the mathematical theory of epidemics: IV","verified",""
"pre.zip/PMC6704534.pdf","44","45","Multiscale, resurgent epidemics in a hierarchical metapopulation model","verified",""
"pre.zip/PMC6704534.pdf","45","46","Traveling wave solutions in a two-group SIR epidemic model with constant recruitment","verified",""
"pre.zip/PMC6704534.pdf","46","47","Modeling household and community transmission of Ebola virus disease: epidemic growth, spatial dynamics and insights for epidemic control","verified",""
"pre.zip/PMC6704534.pdf","49","50","A two-phase epidemic driven by diffusion","verified",""
"pre.zip/PMC6704534.pdf","50","51","Oscillations in a patchy environment disease model","verified",""
"pre.zip/PMC6706940.pdf","12","13","Association of response to TNF inhibitors in rheumatoid arthritis with quantitative trait loci for CD40 and CD39","not_found","real"
"pre.zip/PMC6706940.pdf","13","14","Genome-wide association study and meta-analysis find that over 40 loci affect risk of type 1 diabetes","not_found","real"
"pre.zip/PMC6706940.pdf","0","1","Prevalence of residual beta-cell function in insulin-dependent diabetics in relation to age at onset and duration of diabetes","verified",""
"pre.zip/PMC6706940.pdf","1","2","The majority of patients with long-duration type 1 diabetes are insulin microsecretors and have functioning beta cells","verified",""
"pre.zip/PMC6706940.pdf","2","3","Prevalence of detectable C-Peptide according to age at diagnosis and duration of type 1 diabetes","verified",""
"pre.zip/PMC6706940.pdf","3","4","Revisiting multiple models of progression of beta-cell loss of function in type 1 diabetes: significance for prevention and cure","verified",""
"pre.zip/PMC6706940.pdf","4","5","Age-dependent decline of β-cell function in type 1 diabetes after diagnosis: A multi-centre longitudinal study","verified",""
"pre.zip/PMC6706940.pdf","5","6","Meta-genome-wide association studies identify a locus on chromosome 1 and multiple variants in the MHC region for serum C-peptide in type 1 diabetes","verified",""
"pre.zip/PMC6706940.pdf","6","7","Estimated life expectancy in a Scottish cohort with type 1 diabetes","verified",""
"pre.zip/PMC6706940.pdf","7","8","Cohort Profile: Scottish Diabetes Research Network Type 1 Bioresource Study (SDRNT1BIO)","verified",""
"pre.zip/PMC6706940.pdf","8","9","Random non-fasting C-peptide: bringing robust assessment of endogenous insulin secretion to the clinic","verified",""
"pre.zip/PMC6706940.pdf","9","10","Stability and reproducibility of a single-sample urinary C-peptide/creatinine ratio and its correlation with 24-h urinary C-peptide","verified",""
"pre.zip/PMC6706940.pdf","10","11","Diabetes Antibody Standardization Program: first evaluation of assays for autoantibodies to IA-2β","verified",""
"pre.zip/PMC6706940.pdf","11","12","Fast and accurate long-range phasing in a UK Biobank cohort","verified",""
"pre.zip/PMC6706940.pdf","14","15","Large-scale association analysis provides insights into the genetic architecture and pathophysiology of type 2 diabetes","verified",""
"pre.zip/PMC6706940.pdf","15","16","Fine mapping of type 1 diabetes susceptibility loci and evidence for colocalization of causal variants with lymphoid gene enhancers","verified",""
"pre.zip/PMC6706940.pdf","16","17","HIBAG – HLA genotype imputation with attribute bagging","verified",""
"pre.zip/PMC6706940.pdf","17","18","A type 1 diabetes genetic risk score can aid discrimination between type 1 and type 2 diabetes in young adults","verified",""
"pre.zip/PMC6706940.pdf","18","19","Control for population structure and relatedness for binary traits in genetic association studies via logistic mixed models","verified",""
"pre.zip/PMC6706940.pdf","19","20","Low levels of C-peptide have clinical significance for established type 1 diabetes","verified",""
"pre.zip/PMC6706940.pdf","20","21","The PTPN22 1858T gene variant in type 1 diabetes is associated with reduced residual beta-cell function and worse metabolic control","verified",""
"pre.zip/PMC6706940.pdf","21","22","The chromosome 6q22.33 region is associated with age at diagnosis of type 1 diabetes and disease risk in those diagnosed under 5 years of age","verified",""
"pre.zip/PMC6706940.pdf","22","23","First genome-wide association study of latent autoimmune diabetes in adults reveals novel insights linking immune and metabolic diabetes","verified",""
"pre.zip/PMC6706940.pdf","23","24","CTSH regulates β-cell function and disease progression in newly diagnosed type 1 diabetes patients","verified",""
"pre.zip/PMC6706940.pdf","24","25","The CTRB1/2 locus affects diabetes susceptibility and treatment via the incretin pathway","verified",""
"pre.zip/PMC6706940.pdf","25","26","C-Peptide decline in type 1 diabetes has two phases: an initial exponential fall and a subsequent stable phase","verified",""
"pre.zip/PMC6706940.pdf","26","27","Latent autoimmune diabetes mellitus in adults (LADA): the role of antibodies to glutamic acid decarboxylase in diagnosis and prediction of insulin dependency","verified",""
"pre.zip/PMC6706940.pdf","27","28","A global perspective of latent autoimmune diabetes in adults","verified",""
"pre.zip/PMC6706940.pdf","28","29","Islet cell antibodies identify latent type I diabetes in patients aged 35-75 years at diagnosis","verified",""
"pre.zip/PMC6706940.pdf","29","30","C-peptide and the classification of diabetes mellitus patients in the Early Treatment Diabetic Retinopathy Study","verified",""
"pre.zip/PMC6706940.pdf","30","31","Diabetes classification: grey zones, sound and smoke: Action LADA 1","verified",""
"pre.zip/PMC6706940.pdf","31","32","The many faces of diabetes: a disease with increasing heterogeneity","verified",""
"pre.zip/PMC6706940.pdf","32","33","Islet-specific T-cell responses and proinflammatory monocytes define subtypes of autoantibody-negative ketosis-prone diabetes","verified",""
"pre.zip/PMC6706940.pdf","33","34","Relative contribution of type 1 and type 2 diabetes loci to the genetic etiology of adult-onset, non-insulin-requiring autoimmune diabetes","verified",""
"pre.zip/PMC6706940.pdf","34","35","Frequency and phenotype of type 1 diabetes in the first six decades of life: a cross-sectional, genetically stratified survival analysis from UK Biobank","verified",""
"pre.zip/PMC6712663.pdf","0","1","Lancet Glob Health. 2018;6(3):e302–15","not_found","real"
"pre.zip/PMC6712663.pdf","1","2","Lancet Glob Health. 2018;6(3):e316–29","not_found","real"
"pre.zip/PMC6712663.pdf","2","3","Lancet Glob Health. 2019;7(1):e132–47","not_found","real"
"pre.zip/PMC6712663.pdf","6","7","Progress on drinking water, sanitation and hygiene: 2017 update and SDG baselines","not_found","real"
"pre.zip/PMC6712663.pdf","7","8","Improving nutritional outcomes with better water, sanitation and hygiene: practical solutions for policies and programmes","not_found","hallucinated"
"pre.zip/PMC6712663.pdf","15","16","Water and other environmental interventions--the minimum investment concept","not_found","real"
"pre.zip/PMC6712663.pdf","16","17","Intervention studies and the defintiion of dominant transmission routes","not_found","hallucinated"
"pre.zip/PMC6712663.pdf","19","20","Response of man to infection with Vibrio cholerae","not_found","real"
"pre.zip/PMC6712663.pdf","25","26","Environ Sci Technol. 2018;52(21):12089–97","not_found","real"
"pre.zip/PMC6712663.pdf","27","28","Clin Infect Dis. 2018;67(10):1515–22","not_found","real"
"pre.zip/PMC6712663.pdf","32","33","17:173 Page 8 of 9 practices, and their effects on the nutritional status of children","not_found","uncertain"
"pre.zip/PMC6712663.pdf","36","37","Lancet Glob Health. 2014;2(11):e645–53","not_found","real"
"pre.zip/PMC6712663.pdf","43","44","Impact of drinking water, sanitation and hand washing with soap on childhood diarrhoeal disease: updated meta-analysis and meta-regression","not_found","real"
"pre.zip/PMC6712663.pdf","46","47","Health aspects of water supplies in tropical countries","not_found","real"
"pre.zip/PMC6712663.pdf","3","4","CONSORT 2010 statement: updated guidelines for reporting parallel group randomised trials","verified",""
"pre.zip/PMC6712663.pdf","4","5","Cluster-randomised controlled trials of individual and combined water, sanitation, hygiene and nutritional interventions in rural Bangladesh and Kenya: the WASH benefits study design and rationale","verified",""
"pre.zip/PMC6712663.pdf","5","6","The sanitation hygiene infant nutrition efficacy (SHINE) trial: rationale, design, and methods","verified",""
"pre.zip/PMC6712663.pdf","8","9","Integration of water, sanitation, and hygiene for the prevention and control of neglected tropical diseases: a rationale for inter-sectoral collaboration","verified",""
"pre.zip/PMC6712663.pdf","9","10","From joint thinking to joint action: a call to action on improving water, sanitation, and hygiene for maternal and newborn health","verified",""
"pre.zip/PMC6712663.pdf","10","11","Use of quantitative molecular diagnostic methods to identify causes of diarrhoea in children: a reanalysis of the GEMS case-control study","verified",""
"pre.zip/PMC6712663.pdf","11","12","Use of quantitative molecular diagnostic methods to assess the aetiology, burden, and clinical characteristics of diarrhoea in children in low-resource settings: a reanalysis of the MAL-ED cohort study","verified",""
"pre.zip/PMC6712663.pdf","12","13","A massive outbreak in Milwaukee of Cryptosporidium infection transmitted through the public water supply","verified",""
"pre.zip/PMC6712663.pdf","13","14","Cryptosporidiosis: epidemiology and impact","verified",""
"pre.zip/PMC6712663.pdf","14","15","Predicting the epidemiological effects of changing water sources","verified",""
"pre.zip/PMC6712663.pdf","17","18","Effect of investments in water supply and sanitation on health status: a threshold-saturation theory","verified",""
"pre.zip/PMC6712663.pdf","18","19","Microbial contamination of drinking water and disease outcomes in developing regions","verified",""
"pre.zip/PMC6712663.pdf","20","21","The response of man to virulent Shigella flexneri 2a","verified",""
"pre.zip/PMC6712663.pdf","21","22","Experimental campylobacter jejuni infection in humans","verified",""
"pre.zip/PMC6712663.pdf","22","23","Excreta disposal for rural areas and small communities","verified",""
"pre.zip/PMC6712663.pdf","23","24","A Faecal contamination index for interpreting heterogeneous diarrhoea impacts of water, sanitation and hygiene interventions and overall, regional and country estimates of community sanitation coverage with a focus on low-and middle-income countries","verified",""
"pre.zip/PMC6712663.pdf","24","25","Effects of single and combined water, sanitation and handwashing interventions on fecal contamination in the domestic environment: a cluster-randomized controlled trial in rural Bangladesh","verified",""
"pre.zip/PMC6712663.pdf","26","27","Can individual and integrated water, sanitation, and handwashing interventions reduce fecal contamination in the household environment? Evidence from the WASH Benefits cluster-randomized trial in rural Kenya; 2019","verified",""
"pre.zip/PMC6712663.pdf","28","29","Drinking water treatment processes for removal of Cryptosporidium and Giardia","verified",""
"pre.zip/PMC6712663.pdf","29","30","Watersheds in child mortality: the role of effective water and sewerage infrastructure, 1880 to 1920","verified",""
"pre.zip/PMC6712663.pdf","30","31","The determinants of mortality","verified",""
"pre.zip/PMC6712663.pdf","31","32","Public health expenditures and mortality in England and Wales","verified",""
"pre.zip/PMC6712663.pdf","33","34","Effect of a community-led sanitation intervention on child diarrhoea and child growth in rural Mali: a cluster-randomised controlled trial","verified",""
"pre.zip/PMC6712663.pdf","34","35","Village sanitation and child health: effects and external validity in a randomized field experiment in rural India","verified",""
"pre.zip/PMC6712663.pdf","35","36","The effect of India's total sanitation campaign on defecation behaviors and child health in rural Madhya Pradesh: a cluster randomized controlled trial","verified",""
"pre.zip/PMC6712663.pdf","37","38","Effect of community health clubs on child diarrhoea in western Rwanda: cluster-randomised controlled trial","verified",""
"pre.zip/PMC6712663.pdf","38","39","Environmental enteric dysfunction: pathogenesis, diagnosis, and clinical consequences","verified",""
"pre.zip/PMC6712663.pdf","39","40","Evidence-based interventions for improvement of maternal and child nutrition: what can be done and at what cost? Lancet. 2013;382(9890):452–77","verified",""
"pre.zip/PMC6712663.pdf","40","41","Complementary feeding interventions have a small but significant impact on linear and ponderal growth of children in low-and middle-income countries: a systematic review and meta-analysis","verified",""
"pre.zip/PMC6712663.pdf","41","42","Systematic review of the efficacy and effectiveness of complementary feeding interventions in developing countries","verified",""
"pre.zip/PMC6712663.pdf","42","43","Causes for the decline in child under-nutrition in Brazil","verified",""
"pre.zip/PMC6712663.pdf","44","45","Formative research on hygiene behaviors and geophagy among infants and young children and implications of exposure to fecal bacteria","verified",""
"pre.zip/PMC6712663.pdf","45","46","Hand-and object-mouthing of rural Bangladeshi children 3–18 months old","verified",""
"pre.zip/PMC6712663.pdf","48","49","Environmental health engineering in the tropics: an introductory text","verified",""
"pre.zip/PMC6712663.pdf","49","50","Domestic water quantity, service level and health","verified",""
"pre.zip/PMC6712663.pdf","50","51","Freshwater availability and water fetching distance affect child health in sub-Saharan Africa","verified",""
"pre.zip/PMC6712663.pdf","51","52","Understanding and misunderstanding randomized controlled trials","verified",""
"pre.zip/PMC6712663.pdf","52","53","The WASH benefits and SHINE trials: interpretation of WASH intervention effects on linear growth and diarrhoea","verified",""
"pre.zip/PMC6712663.pdf","53","54","Thresholds of socio-economic and environmental conditions necessary to escape from childhood malnutrition: a natural experiment in rural Gambia","verified",""
"pre.zip/PMC6757362.pdf","4","5","Br J Cancer. 2018;118(8):1130–41","not_found","real"
"pre.zip/PMC6757362.pdf","6","7","Les cancers attribuables au mode de vie et à l’environnement en France métropolitaine","not_found","real"
"pre.zip/PMC6757362.pdf","10","11","Am J Clin Nutr. 2015;102(6):1518–26","not_found","real"
"pre.zip/PMC6757362.pdf","24","25","NPC: Nonparametric Combination of Hypothesis Tests_","not_found","real"
"pre.zip/PMC6757362.pdf","25","26","Epi: a package for statistical analysis in epidemiology_","not_found","real"
"pre.zip/PMC6757362.pdf","26","27","Role of carnitine in disease","not_found","real"
"pre.zip/PMC6757362.pdf","28","29","Acylcarnitines: reflecting or inflicting insulin resistance? Diabetes. 2013;62(1):1–8","not_found","real"
"pre.zip/PMC6757362.pdf","33","34","Cancer Epidemiol Biomark Prev. 2004;13(2):220–4","not_found","real"
"pre.zip/PMC6757362.pdf","0","1","Global cancer statistics 2018: GLOBOCAN estimates of incidence and mortality worldwide for 36 cancers in 185 countries","verified",""
"pre.zip/PMC6757362.pdf","2","3","Pooled analysis of nine cohorts reveals breast cancer risk factors by tumor molecular subtype","verified",""
"pre.zip/PMC6757362.pdf","5","6","Proportion and number of cancer cases and deaths attributable to potentially modifiable risk factors in the United States","verified",""
"pre.zip/PMC6757362.pdf","7","8","Cancers in Australia in 2010 attributable to modifiable factors: summary and conclusions","verified",""
"pre.zip/PMC6757362.pdf","8","9","Blood metabolic signatures of body mass index: a targeted metabolomics study in the EPIC cohort","verified",""
"pre.zip/PMC6757362.pdf","9","10","Circulating metabolites associated with alcohol intake in the European Prospective Investigation into Cancer and Nutrition Cohort","verified",""
"pre.zip/PMC6757362.pdf","11","12","Serum metabolomic profiles suggest influence of sex and oral contraceptive use","verified",""
"pre.zip/PMC6757362.pdf","12","13","Serum metabolomic profiles associated with postmenopausal hormone use","verified",""
"pre.zip/PMC6757362.pdf","13","14","Higher plasma levels of lysophosphatidylcholine 18:0 are related to a lower risk of common cancers in a prospective metabolomics study","verified",""
"pre.zip/PMC6757362.pdf","14","15","Innovation: metabolomics: the apogee of the omics trilogy","verified",""
"pre.zip/PMC6757362.pdf","15","16","NMR metabolomic signatures reveal predictive plasma metabolites associated with long-term risk of developing breast cancer","verified",""
"pre.zip/PMC6757362.pdf","16","17","A metabolomics analysis of body mass index and postmenopausal breast cancer risk","verified",""
"pre.zip/PMC6757362.pdf","17","18","Nutritional metabolomics and breast cancer risk in a prospective study","verified",""
"pre.zip/PMC6757362.pdf","18","19","European Prospective Investigation into Cancer and Nutrition (EPIC): study populations and data collection","verified",""
"pre.zip/PMC6757362.pdf","19","20","Serum sex steroids in premenopausal women and breast cancer risk within the European Prospective Investigation into Cancer and Nutrition (EPIC)","verified",""
"pre.zip/PMC6757362.pdf","20","21","Resampling-based multiple testing: examples and methods for p-value adjustment","verified",""
"pre.zip/PMC6757362.pdf","21","22","On permutation procedures for strong control in multiple testing with gene expression data","verified",""
"pre.zip/PMC6757362.pdf","22","23","Controlling the false discovery rate - a practical and powerful approach to multiple testing","verified",""
"pre.zip/PMC6757362.pdf","23","24","Validity and repeatability of a simple index derived from the short physical activity questionnaire used in the European Prospective Investigation into Cancer and Nutrition (EPIC) study","verified",""
"pre.zip/PMC6757362.pdf","27","28","Role of carnitine and its derivatives in the development and management of type 2 diabetes","verified",""
"pre.zip/PMC6757362.pdf","29","30","Adiposity and cancer risk: new mechanistic insights from epidemiology","verified",""
"pre.zip/PMC6757362.pdf","30","31","Plasma acylcarnitine profiles suggest incomplete long-chain fatty acid beta-oxidation and altered tricarboxylic acid cycle activity in type 2 diabetic African-American women","verified",""
"pre.zip/PMC6757362.pdf","31","32","Serum levels of acylcarnitines are altered in prediabetic conditions","verified",""
"pre.zip/PMC6757362.pdf","32","33","Novel biomarkers for pre-diabetes identified by metabolomics","verified",""
"pre.zip/PMC6757362.pdf","34","35","Absence of excess body fatness","verified",""
"pre.zip/PMC6757362.pdf","35","36","Hyperglycemia-related advanced glycation end-products is associated with the altered phosphatidylcholine metabolism in osteoarthritis patients with diabetes","verified",""
"pre.zip/PMC6757362.pdf","36","37","Metabolic footprint of diabetes: a multiplatform metabolomics study in an epidemiological setting","verified",""
"pre.zip/PMC6757362.pdf","37","38","Serum metabolite profile associated with incident type 2 diabetes in Koreans: findings from the Korean genome and epidemiology study","verified",""
"pre.zip/PMC6757362.pdf","38","39","Plasmalogens the neglected regulatory and scavenging lipid species","verified",""
"pre.zip/PMC6757362.pdf","39","40","Plasma arginine concentrations are reduced in cancer patients: evidence for arginine deficiency? Am J Clin Nutr. 2005;81(5):1142–6","verified",""
"pre.zip/PMC6757362.pdf","40","41","L-arginine stimulates host defenses in patients with breast cancer","verified",""
"pre.zip/PMC6757362.pdf","41","42","L-arginine supplementation inhibits the growth of breast cancer by enhancing innate and adaptive immune responses mediated by suppression of MDSCs in vivo","verified",""
"pre.zip/PMC6757362.pdf","42","43","Plasma amino acid profiles are associated with biomarkers of breast cancer risk in premenopausal Japanese women","verified",""
"pre.zip/PMC6757362.pdf","43","44","Asparagine bioavailability governs metastasis in a model of breast cancer","verified",""
"pre.zip/PMC6757362.pdf","44","45","Reliability of serum metabolites over a two-year period: a targeted metabolomic approach in fasting and non-fasting samples from EPIC","verified",""
"pre.zip/PMC6757362.pdf","45","46","Reliability of serum metabolite concentrations over a 4-month period using a targeted metabolomic approach","verified",""
"pre.zip/PMC6757362.pdf","46","47","Reproducibility of metabolomic profiles among men and women in 2 large cohort studies","verified",""
"pre.zip/PMC6761719.pdf","1","2","Lancet Glob Health. 2018;6(3):e302–15","not_found","real"
"pre.zip/PMC6761719.pdf","2","3","Lancet Glob Health. 2018;6(3):e316–29","not_found","real"
"pre.zip/PMC6761719.pdf","3","4","Lancet Glob Health. 2019;7(1):e132–47","not_found","real"
"pre.zip/PMC6761719.pdf","4","5","Am J Trop Med Hyg. 2017;96(6):1415–26","not_found","real"
"pre.zip/PMC6761719.pdf","6","7","WASH and health working together: a ‘how-to’ guide for neglected tropical disease programmes","not_found","real"
"pre.zip/PMC6761719.pdf","0","1","The implications of three major new trials for the effect of water, sanitation and hygiene on childhood diarrhea and stunting: a consensus statement","verified",""
"pre.zip/PMC6761719.pdf","5","6","Community-level sanitation coverage more strongly associated with child growth and household drinking water quality than access to a private toilet in rural Mali","verified",""
"pre.zip/PMC6764128.pdf","4","5","Beta cells in type 1 diabetes: mass and function; sleeping or dead? Diabetologia. 2019;62:567–77","not_found","real"
"pre.zip/PMC6764128.pdf","0","1","Novel subgroups of adult-onset diabetes and their association with outcomes: a data-driven cluster analysis of six variables","verified",""
"pre.zip/PMC6764128.pdf","1","2","First genome-wide association study of latent autoimmune diabetes in adults reveals novel insights linking immune and metabolic diabetes","verified",""
"pre.zip/PMC6764128.pdf","2","3","Adult-onset autoimmune diabetes in Europe is prevalent with a broad clinical phenotype: action LADA 7","verified",""
"pre.zip/PMC6764128.pdf","3","4","Persistent C-peptide secretion in type 1 diabetes and its relationship to the genetic architecture of diabetes","verified",""
"pre.zip/PMC6764128.pdf","5","6","Proinsulin secretion is a persistent feature of type 1 diabetes","verified",""
"pre.zip/PMC6764128.pdf","6","7","Progression to diabetes in relatives of type 1 diabetic patients: mechanisms and mode of onset","verified",""
"pre.zip/PMC6764128.pdf","7","8","Evidence of beta cell dysfunction which does not lead on to diabetes: a study of identical twins of insulin dependent diabetics","verified",""
"pre.zip/PMC6764128.pdf","8","9","Elevated proinsulin in healthy siblings of IDDM patients independent of HLA identity","verified",""
"pre.zip/PMC6764128.pdf","9","10","Proinsulin levels and the proinsulin:c-peptide ratio complement autoantibody measurement for predicting type 1 diabetes","verified",""
"pre.zip/PMC6771099.pdf","13","14","Regionalização e Relações Federativas na Política de Saúde do Brasil","not_found","real"
"pre.zip/PMC6771099.pdf","15","16","Territórios e fluxos na conformação do sistema de saúde: a contribuição do geoprocessamento","not_found","real"
"pre.zip/PMC6771099.pdf","30","31","Da Modelagem Matemática e Simulação Computacional a Construção de Sistemas de Informação em Saúde","not_found","real"
"pre.zip/PMC6771099.pdf","32","33","Ferramenta de Análise de Fluxos de Altas Hospitalares","not_found","real"
"pre.zip/PMC6771099.pdf","33","34","Desenvolvimento de um sistema para o gerenciamento das internações e fluxo de pacientes entre hospitais e cidades de uma região","not_found","real"
"pre.zip/PMC6771099.pdf","36","37","UCINET® for Windows: Software for Social Network Analysis","not_found","real"
"pre.zip/PMC6771099.pdf","47","48","Network structure and city size","not_found","real"
"pre.zip/PMC6771099.pdf","51","52","Volume and quality in coronary artery bypass grafting","not_found","hallucinated"
"pre.zip/PMC6771099.pdf","54","55","Skilled birth attendance in the Tanzanian Lake Region","not_found","real"
"pre.zip/PMC6771099.pdf","58","59","Place of Birth-Preference, Motivating Factors and Influence of Educational Level","not_found","real"
"pre.zip/PMC6771099.pdf","66","67","Publisher’s Note Springer Nature remains neutral with regard to jurisdictional claims in published maps and institutional affiliations","not_found","real"
"pre.zip/PMC6771099.pdf","11","12","Systems thinking for health systems strengthening","mismatch","real"
"pre.zip/PMC6771099.pdf","0","1","Interim Report on the Future Provision of Medical and Allied Services 1920","verified",""
"pre.zip/PMC6771099.pdf","1","2","Complexity: a guided tour","verified",""
"pre.zip/PMC6771099.pdf","2","3","Embracing complexity in health and health care—translating a way of thinking into a way of acting","verified",""
"pre.zip/PMC6771099.pdf","3","4","Place and health as complex systems: a case study and empirical test","verified",""
"pre.zip/PMC6771099.pdf","4","5","Improving the effectiveness of health care and public health: a multiscale complex systems analysis","verified",""
"pre.zip/PMC6771099.pdf","5","6","Understanding health system reform – a complex adaptive systems perspective","verified",""
"pre.zip/PMC6771099.pdf","6","7","Complexity science: the challenge of complexity in health care","verified",""
"pre.zip/PMC6771099.pdf","7","8","Health systems, systems thinking and innovation","verified",""
"pre.zip/PMC6771099.pdf","8","9","Harnessing complexity: organizational implications of a scientific frontier","verified",""
"pre.zip/PMC6771099.pdf","9","10","Complexity, leadership, and management in health care organisations","verified",""
"pre.zip/PMC6771099.pdf","10","11","System dynamics modeling for public health: background and opportunities","verified",""
"pre.zip/PMC6771099.pdf","12","13","Complexity and Health Care: Tools for Engagement","verified",""
"pre.zip/PMC6771099.pdf","16","17","A new tool for epidemiology: the usefulness of dynamic-agent models in understanding place effects on health","verified",""
"pre.zip/PMC6771099.pdf","19","20","Network Centrality of Metro Systems","verified",""
"pre.zip/PMC6771099.pdf","20","21","Surgeon volume and operative mortality in the United States","verified",""
"pre.zip/PMC6771099.pdf","21","22","Hospital volume and operative mortality in the modern era","verified",""
"pre.zip/PMC6771099.pdf","24","25","Dilemmas in a general theory of planning","verified",""
"pre.zip/PMC6771099.pdf","25","26","Access, choice and travel: implications for health policy","verified",""
"pre.zip/PMC6771099.pdf","27","28","Health in the Americas","verified",""
"pre.zip/PMC6771099.pdf","34","35","A relational approach to measuring competition among hospitals","verified",""
"pre.zip/PMC6771099.pdf","37","38","The development of gravity models for hospital patient flows under system changes: a Bayesian modelling approach","verified",""
"pre.zip/PMC6771099.pdf","38","39","The problem of geographical market delineation in antimerger suits","verified",""
"pre.zip/PMC6771099.pdf","39","40","The problem of geographical market delineation revisited: the case of coal","verified",""
"pre.zip/PMC6771099.pdf","40","41","Defining geographic markets for hospital care","verified",""
"pre.zip/PMC6771099.pdf","41","42","Elzinga-Hogarty tests and alternative approaches for market share calculations in hospital markets","verified",""
"pre.zip/PMC6771099.pdf","42","43","Identifying integrated regions for health care delivery","verified",""
"pre.zip/PMC6771099.pdf","43","44","Analysis of big patient mobility data for identifying medical regions, spatiotemporal characteristics and care demands of patients on the move","verified",""
"pre.zip/PMC6771099.pdf","46","47","Comunidades ribeirinhas como forma socioespacial de expressão urbana na Amazônia: uma tipologia para a região do Baixo Tapajós (Pará-Brasil) R. Bras","verified",""
"pre.zip/PMC6771099.pdf","48","49","Modeling patient flows through the healthcare system","verified",""
"pre.zip/PMC6771099.pdf","49","50","Otimização no serviço de saúde no estado do Paraná: fluxo de pacientes e novas configurações hierárquicas","verified",""
"pre.zip/PMC6771099.pdf","50","51","Should operations be regionalized? The empirical relation between surgical volume and mortality","verified",""
"pre.zip/PMC6771099.pdf","52","53","The analysis of a cardiological network in a regulated setting: a spatial interaction approach","verified",""
"pre.zip/PMC6771099.pdf","53","54","Measuring aspects of devolved health authority performance: Nova Scotia patients who travel further than necessary to obtain hospital care","verified",""
"pre.zip/PMC6771099.pdf","55","56","Ensuring effective essential obstetric care in resource poor settings","verified",""
"pre.zip/PMC6771099.pdf","56","57","Global causes of maternal death: a WHO systematic analysis","verified",""
"pre.zip/PMC6771099.pdf","57","58","WHO analysis of causes of maternal death: a systematic review","verified",""
"pre.zip/PMC6771099.pdf","59","60","Women’s birth place preferences in the United Kingdom: a systematic review and narrative synthesis of the quantitative literature","verified",""
"pre.zip/PMC6771099.pdf","60","61","Eliciting preferences for key attributes of intrapartum care in the Netherlands","verified",""
"pre.zip/PMC6771099.pdf","61","62","Reasons for preference of home delivery with traditional birth attendants (TBAs) in rural Bangladesh: a qualitative exploration","verified",""
"pre.zip/PMC6771099.pdf","62","63","Factors influencing women's preferences for places to give birth in Addis Ababa","verified",""
"pre.zip/PMC6771099.pdf","63","64","Birth location preferences of mothers and fathers in rural Ghana: implications for pregnancy, labor and birth outcomes","verified",""
"pre.zip/PMC6806559.pdf","0","1","Global cancer statistics","verified",""
"pre.zip/PMC6806559.pdf","1","2","Proposal for the 8th edition of the AJCC/UICC staging system for nasopharyngeal cancer in the era of intensity-modulated radiotherapy","verified",""
"pre.zip/PMC6806559.pdf","3","4","Induction chemotherapy plus concurrent chemoradiotherapy in endemic nasopharyngeal carcinoma: individual patient data pooled analysis of four randomized trials","verified",""
"pre.zip/PMC6806559.pdf","4","5","Induction chemotherapy plus concurrent chemoradiotherapy versus concurrent chemoradiotherapy alone in locoregionally advanced nasopharyngeal carcinoma: a phase 3, multicentre, randomised controlled trial","verified",""
"pre.zip/PMC6806559.pdf","5","6","Concurrent chemoradiotherapy with/without induction chemotherapy in locoregionally advanced nasopharyngeal carcinoma: long-term results of phase 3 randomized controlled trial","verified",""
"pre.zip/PMC6806559.pdf","6","7","Tumor response to neoadjuvant chemotherapy predicts long-term survival outcomes in patients with locoregionally advanced nasopharyngeal carcinoma: a secondary analysis of a randomized phase 3 clinical trial","verified",""
"pre.zip/PMC6806559.pdf","7","8","Cancer heterogeneity--a multifaceted view","verified",""
"pre.zip/PMC6806559.pdf","8","9","Quantification of plasma Epstein-Barr virus DNA in patients with advanced nasopharyngeal carcinoma","verified",""
"pre.zip/PMC6806559.pdf","9","10","Prognostic value of a microRNA signature in nasopharyngeal carcinoma: a microRNA expression analysis","verified",""
"pre.zip/PMC6806559.pdf","10","11","Radiomics: the bridge between medical imaging and personalized medicine","verified",""
"pre.zip/PMC6806559.pdf","11","12","Development and validation of an individualized nomogram to identify occult peritoneal metastasis in patients with advanced gastric cancer","verified",""
"pre.zip/PMC6806559.pdf","12","13","Prognostic value of deep learning PET/CT-based radiomics: potential role for future individual induction chemotherapy in advanced nasopharyngeal carcinoma","verified",""
"pre.zip/PMC6806559.pdf","13","14","A new approach to predict progression-free survival in stage IV EGFR-mutant NSCLC patients with EGFR-TKI therapy","verified",""
"pre.zip/PMC6806559.pdf","14","15","Moving towards best practice when using inverse probability of treatment weighting (IPTW) using the propensity score to estimate causal treatment effects in observational studies","verified",""
"pre.zip/PMC6806559.pdf","15","16","Image biomarker standardisation initiative","verified",""
"pre.zip/PMC6806559.pdf","16","17","Decoding tumour phenotype by noninvasive imaging using a quantitative radiomics approach","verified",""
"pre.zip/PMC6806559.pdf","17","18","Can CT-based radiomics signature predict KRAS/NRAS/BRAF mutations in colorectal cancer? Eur Radiol. 2018;28(5):2058–67","verified",""
"pre.zip/PMC6806559.pdf","18","19","A simple method for estimating interactions between a treatment and a large number of covariates","verified",""
"pre.zip/PMC6806559.pdf","19","20","Development and validation of a 24-gene predictor of response to postoperative radiotherapy in prostate cancer: a matched, retrospective analysis","verified",""
"pre.zip/PMC6806559.pdf","20","21","A prognostic bio-model based on SQSTM1 and N-stage identifies nasopharyngeal carcinoma patients at high risk of metastasis for additional induction chemotherapy","verified",""
"pre.zip/PMC6806559.pdf","21","22","Gene expression and benefit of chemotherapy in women with node-negative, estrogen receptor-positive breast cancer","verified",""
"pre.zip/PMC6806559.pdf","22","23","Validation of the 8th edition of the UICC/AJCC staging system for nasopharyngeal carcinoma from endemic areas in the intensity-modulated radiotherapy era","verified",""
"pre.zip/PMC6806559.pdf","23","24","Principles and mechanisms of vessel normalization for cancer and other angiogenic diseases","verified",""
"pre.zip/PMC6806559.pdf","24","25","Pretreatment MR imaging radiomics signatures for response prediction to induction chemotherapy in patients with nasopharyngeal carcinoma","verified",""
"pre.zip/PMC6806559.pdf","25","26","Addition of bevacizumab to standard chemoradiation for locoregionally advanced nasopharyngeal carcinoma (RTOG 0615): a phase 2 multi-institutional trial","verified",""
"pre.zip/PMC6806559.pdf","26","27","Induction chemotherapy improved long-term outcomes of patients with locoregionally advanced nasopharyngeal carcinoma: a propensity matched analysis of 5-year survival outcomes in the era of intensity-modulated radiotherapy","verified",""
"pre.zip/PMC6806559.pdf","27","28","Metronomic adjuvant chemotherapy improves treatment outcome in nasopharyngeal carcinoma patients with postradiation persistently detectable plasma Epstein-Barr virus deoxyribonucleic acid","verified",""
"pre.zip/PMC6806559.pdf","28","29","Phase I trial of adoptively transferred tumor-infiltrating lymphocyte immunotherapy following concurrent chemoradiotherapy in patients with locoregionally advanced nasopharyngeal carcinoma","verified",""
"pre.zip/PMC6806559.pdf","29","30","Development and validation of a gene expression-based signature to predict distant metastasis in locoregionally advanced nasopharyngeal carcinoma: a retrospective, multicentre, cohort study","verified",""
"pre.zip/PMC6806559.pdf","30","31","Expression of ERCC1 predicts clinical outcome in locoregionally advanced nasopharyngeal carcinoma treated with cisplatin-based induction chemotherapy","verified",""
"pre.zip/PMC6849328.pdf","1","2","Niemann-Pick disease type C. Clin Genet. 2003;64(4)","not_found","real"
"pre.zip/PMC6849328.pdf","19","20","Arteriosclerosis, Thrombosis Vascular Biol J Am Heart Assoc. 2004;24(5):e-19","not_found","hallucinated"
"pre.zip/PMC6849328.pdf","50","51","The metabolism of sphingomyelin","not_found","real"
"pre.zip/PMC6849328.pdf","0","1","A clinical staging classification for type C Niemann-Pick disease","verified",""
"pre.zip/PMC6849328.pdf","2","3","Multidrug permeases and subcellular cholesterol transport","verified",""
"pre.zip/PMC6849328.pdf","3","4","NPC2 facilitates bidirectional transfer of cholesterol between NPC1 and lipid bilayers, a step in cholesterol egress from lysosomes","verified",""
"pre.zip/PMC6849328.pdf","4","5","A defect in cholesterol esterification in Niemann-Pick disease (type C) patients","verified",""
"pre.zip/PMC6849328.pdf","5","6","Types A and B Niemann-Pick disease","verified",""
"pre.zip/PMC6849328.pdf","6","7","Reverse cholesterol transport fluxes","verified",""
"pre.zip/PMC6849328.pdf","7","8","HDL-replacement therapy: mechanism of action, types of agents and potential clinical indications","verified",""
"pre.zip/PMC6849328.pdf","8","9","HDL-targeted therapies: progress, failures and future","verified",""
"pre.zip/PMC6849328.pdf","9","10","Effect of recombinant ApoA-I Milano on coronary atherosclerosis in patients with acute coronary syndromes: a randomized controlled trial","verified",""
"pre.zip/PMC6849328.pdf","10","11","Effects of reconstituted high-density lipoprotein infusions on coronary atherosclerosis: a randomized controlled trial","verified",""
"pre.zip/PMC6849328.pdf","11","12","High-density lipoproteins: nature’s multifunctional nanoparticles","verified",""
"pre.zip/PMC6849328.pdf","12","13","Reconstituted HDL for the acute treatment of acute coronary syndrome","verified",""
"pre.zip/PMC6849328.pdf","13","14","The effect of phospholipid composition of reconstituted HDL on its cholesterol efflux and anti-inflammatory properties","verified",""
"pre.zip/PMC6849328.pdf","14","15","Influence of route of administration and lipidation of apolipoprotein A-I peptide on pharmacokinetics and cholesterol mobilization","verified",""
"pre.zip/PMC6849328.pdf","15","16","Synthetic amphipathic helical peptides promote lipid efflux from cells by an ABCA1-dependent and an ABCA1-independent pathway","verified",""
"pre.zip/PMC6849328.pdf","16","17","Structure/function relationships of apolipoprotein a-I mimetic peptides: implications for antiatherogenic activities of high-density lipoprotein","verified",""
"pre.zip/PMC6849328.pdf","17","18","Infusion of reconstituted high-density lipoprotein, CSL112, in patients with atherosclerosis: safety and pharmacokinetic results from a phase 2a randomized clinical trial","verified",""
"pre.zip/PMC6849328.pdf","18","19","ApoA-IMilano phospholipid complex (ETC-216) infusion in human volunteers","verified",""
"pre.zip/PMC6849328.pdf","20","21","Effects of the high-density lipoprotein mimetic agent CER-001 on coronary atherosclerosis in patients with acute coronary syndromes: a randomized trial","verified",""
"pre.zip/PMC6849328.pdf","21","22","5A apolipoprotein mimetic peptide promotes cholesterol efflux and reduces atherosclerosis in mice","verified",""
"pre.zip/PMC6849328.pdf","22","23","Intravenous toxicity and toxicokinetics of an HDL mimetic, Fx-5A peptide complex, in cynomolgus monkeys","verified",""
"pre.zip/PMC6849328.pdf","23","24","A murine Niemann-Pick C1 I1061T knock-in model recapitulates the pathological features of the most prevalent human disease allele","verified",""
"pre.zip/PMC6849328.pdf","24","25","Coordinate regulation of mutant NPC1 degradation by selective ER autophagy and MARCH6-dependent ERAD","verified",""
"pre.zip/PMC6849328.pdf","25","26","Protein kinase C activity is a protective modifier of Purkinje neuron degeneration in cerebellar ataxia","verified",""
"pre.zip/PMC6849328.pdf","26","27","Evaluation of antisense oligonucleotides targeting ATXN3 in SCA3 mouse models","verified",""
"pre.zip/PMC6849328.pdf","27","28","Label-free biomedical imaging with high sensitivity by stimulated Raman scattering microscopy","verified",""
"pre.zip/PMC6849328.pdf","28","29","Receptor-dependent hydrolysis of cholesteryl esters contained in plasma low density lipoprotein","verified",""
"pre.zip/PMC6849328.pdf","29","30","A sensitive and convenient method for lipoprotein profile analysis of individual mouse plasma samples","verified",""
"pre.zip/PMC6849328.pdf","30","31","High-density lipoprotein function, dysfunction, and reverse cholesterol transport","verified",""
"pre.zip/PMC6849328.pdf","31","32","Cholesterol interactions with phospholipids in membranes","verified",""
"pre.zip/PMC6849328.pdf","32","33","Interaction of cholesterol with sphingomyelins and acyl-chain-matched phosphatidylcholines: a comparative study of the effect of the chain length","verified",""
"pre.zip/PMC6849328.pdf","33","34","The apolipoprotein A-I mimetic peptide ETC-642 exhibits anti-inflammatory properties that are comparable to high density lipoproteins","verified",""
"pre.zip/PMC6849328.pdf","34","35","Apolipoprotein mimetic peptides for stimulating cholesterol efflux","verified",""
"pre.zip/PMC6849328.pdf","35","36","Identification of scavenger receptor SR-BI as a high density lipoprotein receptor","verified",""
"pre.zip/PMC6849328.pdf","36","37","Niemann-Pick C disease and mobilization of lysosomal cholesterol by cyclodextrin","verified",""
"pre.zip/PMC6849328.pdf","37","38","Endocytosis of beta-cyclodextrins is responsible for cholesterol reduction in Niemann-Pick type C mutant cells","verified",""
"pre.zip/PMC6849328.pdf","38","39","Reversal of pathologic lipid accumulation in NPC1-deficient neurons by drug-promoted release of LAMP1-coated lamellar inclusions","verified",""
"pre.zip/PMC6849328.pdf","39","40","Normalization of cholesterol homeostasis by 2-hydroxypropyl-beta-cyclodextrin in neurons and glia from Niemann-Pick C1 (NPC1)-deficient mice","verified",""
"pre.zip/PMC6849328.pdf","40","41","Niemann-Pick type C1 I1061T mutant encodes a functional protein that is selected for endoplasmic reticulum-associated degradation due to protein misfolding","verified",""
"pre.zip/PMC6849328.pdf","41","42","Ryanodine receptor antagonists adapt NPC1 proteostasis to ameliorate lipid storage in Niemann-Pick type C disease fibroblasts","verified",""
"pre.zip/PMC6849328.pdf","42","43","The ABCA1 transporter modulates late endocytic trafficking: insights from the correction of the genetic defect in Tangier disease","verified",""
"pre.zip/PMC6849328.pdf","43","44","Retroendocytosis pathway of ABCA1/apoA-I contributes to HDL formation","verified",""
"pre.zip/PMC6849328.pdf","44","45","Amiloride inhibits macropinocytosis by lowering submembranous pH and preventing Rac1 and Cdc42 signaling","verified",""
"pre.zip/PMC6849328.pdf","45","46","Cyclodextrin induces calcium-dependent lysosomal exocytosis","verified",""
"pre.zip/PMC6849328.pdf","46","47","Cerebellar degeneration in the Niemann-Pick type C mouse","verified",""
"pre.zip/PMC6849328.pdf","47","48","Conditional Niemann-Pick C mice demonstrate cell autonomous Purkinje cell neurodegeneration","verified",""
"pre.zip/PMC6849328.pdf","48","49","Transport of lipids by ABC proteins: interactions and implications for cellular toxicity, viability and function","verified",""
"pre.zip/PMC6849328.pdf","49","50","Interactions between metabolism and intracellular distribution of cholesterol and sphingomyelin","verified",""
"pre.zip/PMC6849328.pdf","51","52","Chronic cyclodextrin treatment of murine Niemann-Pick C disease ameliorates neuronal cholesterol and glycosphingolipid storage and disease progression","verified",""
"pre.zip/PMC6849328.pdf","52","53","CLN3 loss disturbs membrane microdomain properties and protein transport in brain endothelial cells","verified",""
"pre.zip/PMC6849328.pdf","53","54","Modulating membrane fluidity corrects Batten disease phenotypes in vitro and in vivo","verified",""
"pre.zip/PMC6849328.pdf","54","55","Rapid intraoperative histology of unprocessed surgical specimens via fibre-laser-based stimulated Raman scattering microscopy","verified",""
"pre.zip/PMC6849328.pdf","55","56","Impaired ABCA1-dependent lipid efflux and hypoalphalipoproteinemia in human Niemann-Pick type C disease","verified",""
"pre.zip/PMC6849328.pdf","56","57","Cholesterol efflux via HDL resecretion occurs when cholesterol transport out of the lysosome is impaired","verified",""
"pre.zip/PMC6849328.pdf","57","58","Increased sphingomyelin content impairs HDL biogenesis and maturation in human Niemann-Pick disease type B","verified",""
"pre.zip/PMC6849328.pdf","58","59","Very low levels of high density lipoprotein cholesterol in four sibs of a family with non-neuropathic Niemann-Pick disease and sea-blue histiocytosis","verified",""
"pre.zip/PMC6849328.pdf","59","60","The National Niemann-Pick Type C1 Disease Database: correlation of lipid profiles, mutations, and biochemical phenotypes","verified",""
"pre.zip/PMC6849328.pdf","60","61","Correction of apolipoprotein A-I-mediated lipid efflux and high density lipoprotein particle formation in human Niemann-Pick type C disease fibroblasts","verified",""
"pre.zip/PMC6849328.pdf","61","62","ABCA1-dependent mobilization of lysosomal cholesterol requires functional Niemann-Pick C2 but not Niemann-Pick C1 protein","verified",""
"pre.zip/PMC6849328.pdf","62","63","Preferential ATP-binding cassette transporter A1-mediated cholesterol efflux from late endosomes/lysosomes","verified",""
"pre.zip/PMC6849328.pdf","64","65","Endocytic pathway of high density lipoprotein via trans-Golgi system in rat resident peritoneal macrophages","verified",""
"pre.zip/PMC6849328.pdf","65","66","Quantitative analysis of SR-BI-dependent HDL retroendocytosis in hepatocytes and fibroblasts","verified",""
"pre.zip/PMC6873722.pdf","0","1","Global Tuberculosis Report 2018","not_found","real"
"pre.zip/PMC6873722.pdf","21","22","Am J Respir Crit Care Med. 2006;173(10):1078–90","not_found","real"
"pre.zip/PMC6873722.pdf","33","34","N Engl J Med. 2013;368(8):745–55","not_found","real"
"pre.zip/PMC6873722.pdf","34","35","Global tuberculosis report 2017","not_found","real"
"pre.zip/PMC6873722.pdf","43","44","Latent tuberculosis infection: updated and consolidated guidelines for programmatic management","not_found","real"
"pre.zip/PMC6873722.pdf","1","2","Burden of childhood tuberculosis in 22 high-burden countries: a mathematical modelling study","verified",""
"pre.zip/PMC6873722.pdf","2","3","Molecular evidence of endogenous reactivation of Mycobacterium tuberculosis after 33 years of latent infection","verified",""
"pre.zip/PMC6873722.pdf","3","4","The global burden of latent tuberculosis infection: a re-estimation using mathematical modelling","verified",""
"pre.zip/PMC6873722.pdf","4","5","The reinfection threshold promotes variability in tuberculosis epidemiology and vaccine efficacy","verified",""
"pre.zip/PMC6873722.pdf","5","6","Strategies for containing an emerging influenza pandemic in Southeast Asia","verified",""
"pre.zip/PMC6873722.pdf","6","7","The effects of demographic change on disease transmission and vaccine impact in a household structured population","verified",""
"pre.zip/PMC6873722.pdf","7","8","The importance of heterogeneity to the epidemiology of tuberculosis","verified",""
"pre.zip/PMC6873722.pdf","8","9","Social contacts and mixing patterns relevant to the spread of infectious diseases","verified",""
"pre.zip/PMC6873722.pdf","9","10","Social contact patterns in Vietnam and implications for the control of infectious diseases","verified",""
"pre.zip/PMC6873722.pdf","10","11","A household-based study of contact networks relevant for the spread of infectious diseases in the highlands of Peru","verified",""
"pre.zip/PMC6873722.pdf","11","12","Modelling disease spread through random and regular contacts in clustered populations","verified",""
"pre.zip/PMC6873722.pdf","12","13","An explanation for the low proportion of tuberculosis that results from transmission between household and known social contacts","verified",""
"pre.zip/PMC6873722.pdf","13","14","A competing-risk model for animal mortality","verified",""
"pre.zip/PMC6873722.pdf","14","15","Projecting social contact matrices in 152 countries using contact surveys and demographic data","verified",""
"pre.zip/PMC6873722.pdf","15","16","Household members do not contact each other at random: implications for infectious disease modelling","verified",""
"pre.zip/PMC6873722.pdf","16","17","Optimally capturing latency dynamics in models of tuberculosis transmission","verified",""
"pre.zip/PMC6873722.pdf","17","18","Natural history of tuberculosis: duration and fatality of untreated pulmonary tuberculosis in HIV negative patients: a systematic review","verified",""
"pre.zip/PMC6873722.pdf","18","19","Transmission of Mycobacterium tuberculosis from patients smear-negative for acid-fast bacilli","verified",""
"pre.zip/PMC6873722.pdf","19","20","Tuberculosis transmission by patients with smear-negative pulmonary tuberculosis in a large cohort in the Netherlands","verified",""
"pre.zip/PMC6873722.pdf","20","21","Childhood tuberculosis: the hidden epidemic","verified",""
"pre.zip/PMC6873722.pdf","22","23","Duration of BCG protection against tuberculosis and change in effectiveness with time since vaccination in Norway: a retrospective population-based cohort study","verified",""
"pre.zip/PMC6873722.pdf","23","24","Systematic review and meta-analysis of the current evidence on the duration of protection by bacillus Calmette-Guerin vaccination against tuberculosis","verified",""
"pre.zip/PMC6873722.pdf","24","25","Efficacy of BCG vaccine in the prevention of tuberculosis","verified",""
"pre.zip/PMC6873722.pdf","25","26","Risk of progression to active tuberculosis following reinfection with Mycobacterium tuberculosis","verified",""
"pre.zip/PMC6873722.pdf","28","29","Methods used in the spatial analysis of tuberculosis epidemiology: a systematic review","verified",""
"pre.zip/PMC6873722.pdf","37","38","Delay in the diagnosis and treatment of pulmonary tuberculosis in Uzbekistan: a cross-sectional study","verified",""
"pre.zip/PMC6873722.pdf","38","39","Delays in diagnosis and treatment of pulmonary tuberculosis in India: a systematic review","verified",""
"pre.zip/PMC6873722.pdf","39","40","Total delay in treatment among smear positive pulmonary tuberculosis patients in five primary health centers, southern Ethiopia: a cross sectional study","verified",""
"pre.zip/PMC6873722.pdf","40","41","Health system delay in pulmonary tuberculosis treatment in a country with an intermediate burden of tuberculosis: a cross-sectional study","verified",""
"pre.zip/PMC6873722.pdf","41","42","Risk of active tuberculosis in the five years following infection","verified",""
"pre.zip/PMC6873722.pdf","42","43","Risk of tuberculosis after recent exposure","verified",""
"pre.zip/PMC6873722.pdf","45","46","Tuberculosis control strategies to reach the 2035 global targets in China: the role of changing demographics and reactivation disease","verified",""
"pre.zip/PMC6880351.pdf","8","9","Parliament of the United Kingdom; 2010","not_found","real"
"pre.zip/PMC6880351.pdf","14","15","London: National Clinical Assessment Service, National Health Service; 2010","not_found","real"
"pre.zip/PMC6880351.pdf","17","18","Who gets struck off? BMJ. 2011;343:d7842","not_found","real"
"pre.zip/PMC6880351.pdf","25","26","Analysis of cases resulting in doctors being erased or suspended from the medical register, report prepared for: General Medical Council","not_found","real"
"pre.zip/PMC6880351.pdf","26","27","London: General Medical Council; 2017","not_found","real"
"pre.zip/PMC6880351.pdf","35","36","London: General Medical Council; 2015","not_found","real"
"pre.zip/PMC6880351.pdf","0","1","Physician demographics and the risk of medical malpractice","verified",""
"pre.zip/PMC6880351.pdf","1","2","Patient complaints and malpractice risk","verified",""
"pre.zip/PMC6880351.pdf","2","3","Factors associated with high-severity disciplinary action by a state medical board: a Texas study of medical license revocation","verified",""
"pre.zip/PMC6880351.pdf","3","4","Physician scores on a national clinical skills examination as predictors of complaints to medical regulatory authorities","verified",""
"pre.zip/PMC6880351.pdf","4","5","Medical malpractice experience of Taiwan 2005, versus 1991","verified",""
"pre.zip/PMC6880351.pdf","5","6","The PRONE score: an algorithm for predicting doctors’ risks of formal patient complaints using routinely collected administrative data","verified",""
"pre.zip/PMC6880351.pdf","6","7","Analysis of 23 364 patient-generated, physician-reviewed malpractice claims from a non-tort, blame-free, national patient insurance system: lessons learned from Sweden","verified",""
"pre.zip/PMC6880351.pdf","11","12","International medical graduates and quality of care","verified",""
"pre.zip/PMC6880351.pdf","12","13","The potential impact of Brexit and immigration policies on the GP workforce in England: a cross-sectional observational study of GP qualification region and the characteristics of the areas and population they served in September 2016","verified",""
"pre.zip/PMC6880351.pdf","13","14","Characteristics of physicians disciplined by the State Medical Board of Ohio","verified",""
"pre.zip/PMC6880351.pdf","15","16","The characteristics of physicians disciplined by professional colleges in Canada","verified",""
"pre.zip/PMC6880351.pdf","16","17","Place of medical qualification and outcomes of UK General Medical Council “fitness to practise” process: cohort study","verified",""
"pre.zip/PMC6880351.pdf","18","19","Risks of complaints and adverse disciplinary findings against international medical graduates in Victoria and Western Australia","verified",""
"pre.zip/PMC6880351.pdf","19","20","Sex differences in medico-legal action against doctors: a systematic review and meta-analysis","verified",""
"pre.zip/PMC6880351.pdf","20","21","Psychiatrists disciplined by a state medical board","verified",""
"pre.zip/PMC6880351.pdf","21","22","Sanctions and recidivism: an evaluation of physician discipline by state medical boards","verified",""
"pre.zip/PMC6880351.pdf","22","23","Doctors disciplined for professional misconduct in Australia and New Zealand","verified",""
"pre.zip/PMC6880351.pdf","23","24","The characteristics of psychiatrists disciplined by professional colleges in Canada","verified",""
"pre.zip/PMC6880351.pdf","24","25","Disciplinary action against physicians: who is likely to get disciplined? Am J Med. 2005;118","verified",""
"pre.zip/PMC6880351.pdf","27","28","Generalized ordered logit/partial proportional odds models for ordinal dependent variables","verified",""
"pre.zip/PMC6880351.pdf","28","29","Physicians disciplined by a state medical board","verified",""
"pre.zip/PMC6880351.pdf","29","30","Predicting risk for medical malpractice claims using quality-of-care characteristics","verified",""
"pre.zip/PMC6880351.pdf","30","31","Identifying malpractice-prone physicians","verified",""
"pre.zip/PMC6880351.pdf","31","32","Malpractice risk according to physician specialty","verified",""
"pre.zip/PMC6880351.pdf","32","33","Prevalence and characteristics of physicians prone to malpractice claims","verified",""
"pre.zip/PMC6880351.pdf","33","34","Characteristics associated with physician discipline: a case-control study","verified",""
"pre.zip/PMC6880351.pdf","34","35","the first eight years","verified",""
"pre.zip/PMC6880351.pdf","36","37","Patient complaints and malpractice risk in a regional healthcare center","verified",""
"pre.zip/PMC6880351.pdf","37","38","Characteristics of complaints resulting in disciplinary actions against Danish GPs","verified",""
"pre.zip/PMC6880351.pdf","38","39","Using medical malpractice data to predict the frequency of claims: a study of Poisson process models with random effects","verified",""
"pre.zip/PMC6880351.pdf","39","40","Disciplined doctors: does the sex of a doctor matter? A cross-sectional study examining the association between a doctor’s sex and receiving sanctions against their medical registration","verified",""
"pre.zip/PMC6880351.pdf","40","41","Quality of care delivered by general internists in US hospitals who graduated from foreign versus US medical schools: observational study","verified",""
"pre.zip/PMC6880351.pdf","41","42","Quality of care of international and Canadian medical graduates in acute myocardial infarction","verified",""
"pre.zip/PMC6880351.pdf","42","43","A performance comparison: USMG-FMG attending physicians","verified",""
"pre.zip/PMC6880351.pdf","44","45","Why doctors should vote to remain in the EU on 23 June","verified",""
"pre.zip/PMC6882077.pdf","10","11","Association between maternal prepregnancy body mass index and plasma Folate concentrations with child metabolic health","not_found","real"
"pre.zip/PMC6882077.pdf","13","14","Cysteine metabolism and metal toxicity","not_found","real"
"pre.zip/PMC6882077.pdf","17","18","Am J Clin Nutr. 2014;100(6)","not_found","real"
"pre.zip/PMC6882077.pdf","24","25","Page last reviewed: July 3","not_found","real"
"pre.zip/PMC6882077.pdf","29","30","Can nutrition affect chemical toxicity? Int J Toxicol. 2002;21(5):419–24","not_found","real"
"pre.zip/PMC6882077.pdf","0","1","Prevalence and associated demographic characteristics of exposure to multiple metals and their species in human populations: the United States NHANES","verified",""
"pre.zip/PMC6882077.pdf","1","2","The toxicology of mercury and its chemical compounds","verified",""
"pre.zip/PMC6882077.pdf","2","3","Health effects and risk assessments","verified",""
"pre.zip/PMC6882077.pdf","3","4","Mercury, fish oils, and the risk of myocardial infarction","verified",""
"pre.zip/PMC6882077.pdf","4","5","Mercury exposure in young adulthood and incidence of diabetes later in life: the CARDIA trace element study","verified",""
"pre.zip/PMC6882077.pdf","5","6","Population correlates of circulating mercury levels in Korean adults: the Korea National Health and Nutrition Examination Survey IV","verified",""
"pre.zip/PMC6882077.pdf","6","7","Association between blood mercury level and visceral adiposity in adults","verified",""
"pre.zip/PMC6882077.pdf","7","8","Effects of environmental exposures on the cardiovascular system: prenatal period through adolescence","verified",""
"pre.zip/PMC6882077.pdf","8","9","Early-life chemical exposures and risk of metabolic syndrome","verified",""
"pre.zip/PMC6882077.pdf","9","10","Role of environmental chemicals in diabetes and obesity: a National Toxicology Program workshop review","verified",""
"pre.zip/PMC6882077.pdf","11","12","Hair trace element contents in women with obesity and type 2 diabetes","verified",""
"pre.zip/PMC6882077.pdf","12","13","Hair toxic element content in adult men and women in relation to body mass index","verified",""
"pre.zip/PMC6882077.pdf","14","15","Folic acid protects against lipopolysaccharide-induced preterm delivery and intrauterine growth restriction through its anti-inflammatory effect in mice","verified",""
"pre.zip/PMC6882077.pdf","15","16","Free radical scavenging behavior of folic acid: evidence for possible antioxidant activity","verified",""
"pre.zip/PMC6882077.pdf","16","17","Folates and cardiovascular disease","verified",""
"pre.zip/PMC6882077.pdf","18","19","Relation between serum folate status and blood mercury concentrations in pregnant women","verified",""
"pre.zip/PMC6882077.pdf","19","20","Association of maternal plasma folate and cardiometabolic risk factors in pregnancy with elevated blood pressure of offspring in childhood","verified",""
"pre.zip/PMC6882077.pdf","20","21","Preterm birth and random plasma insulin levels at birth and in early childhood","verified",""
"pre.zip/PMC6882077.pdf","21","22","Efficacy of folic acid therapy in primary prevention of stroke among adults with hypertension in China: the CSPPT randomized clinical trial","verified",""
"pre.zip/PMC6882077.pdf","22","23","Gene polymorphisms, breast-feeding, and development of food sensitization in early childhood","verified",""
"pre.zip/PMC6882077.pdf","25","26","Methylmercury induces oxidative injury, alterations in permeability and glutamine transport in cultured astrocytes","verified",""
"pre.zip/PMC6882077.pdf","26","27","The role of phosphoinositide 3-kinase/Akt signaling in low-dose mercury-induced mouse pancreatic beta-cell dysfunction in vitro and in vivo","verified",""
"pre.zip/PMC6882077.pdf","27","28","Relation between methylmercury exposure and plasma paraoxonase activity in inuit adults from Nunavik","verified",""
"pre.zip/PMC6882077.pdf","28","29","Relationship of paraoxonase 1 (PON1) gene polymorphisms and functional activity with systemic oxidative stress and cardiovascular risk","verified",""
"pre.zip/PMC6882077.pdf","30","31","Using nutrition for intervention and prevention against environmental chemical toxicity and associated diseases","verified",""
"pre.zip/PMC6882077.pdf","31","32","Decreased glutathione and elevated hair mercury levels are associated with nutritional deficiency-based autism in Oman","verified",""
"pre.zip/PMC6883544.pdf","14","15","Putative medicines that mimic mutations","not_found","real"
"pre.zip/PMC6883544.pdf","1","2","Diabetes mellitus, fasting blood glucose concentration, and risk of vascular disease: a collaborative meta-analysis of 102 prospective studies","verified",""
"pre.zip/PMC6883544.pdf","2","3","Genetic support for a causal role of insulin resistance on circulating branched-chain amino acids and inflammation","verified",""
"pre.zip/PMC6883544.pdf","3","4","The pathogenesis of insulin resistance: integrating signaling pathways and substrate flux","verified",""
"pre.zip/PMC6883544.pdf","4","5","Insulin resistance and hyperglycaemia in cardiovascular disease development","verified",""
"pre.zip/PMC6883544.pdf","6","7","Metabolic profiling of the human response to a glucose challenge reveals distinct axes of insulin sensitivity","verified",""
"pre.zip/PMC6883544.pdf","7","8","Impaired fasting glucose and impaired glucose tolerance: implications for care","verified",""
"pre.zip/PMC6883544.pdf","8","9","Contributions of beta-cell dysfunction and insulin resistance to the pathogenesis of impaired glucose tolerance and impaired fasting glucose","verified",""
"pre.zip/PMC6883544.pdf","9","10","Metabolomics in prediabetes and diabetes: a systematic review and meta-analysis","verified",""
"pre.zip/PMC6883544.pdf","10","11","Comprehensive metabolomic profiling and incident cardiovascular disease: a systematic review","verified",""
"pre.zip/PMC6883544.pdf","11","12","Association of ketone body levels with hyperglycemia and type 2 diabetes in 9,398 Finnish men","verified",""
"pre.zip/PMC6883544.pdf","12","13","Common variants associated with plasma triglycerides and risk for coronary artery disease","verified",""
"pre.zip/PMC6883544.pdf","13","14","Mendelian randomization in cardiometabolic disease: challenges in evaluating causality","verified",""
"pre.zip/PMC6883544.pdf","15","16","Plasma triglycerides after oral glucose load specifically associate with metabolic risk markers in healthy type 2 diabetes offspring","verified",""
"pre.zip/PMC6883544.pdf","16","17","Amino acid and biogenic amine profile deviations in an oral glucose tolerance test: a comparison between healthy and hyperlipidaemia individuals based on targeted metabolomics","verified",""
"pre.zip/PMC6883544.pdf","17","18","Liver fat and insulin sensitivity define metabolite profiles during a glucose tolerance test in young adult twins","verified",""
"pre.zip/PMC6883544.pdf","18","19","Metabolite ratios as potential biomarkers for type 2 diabetes: a DIRECT study","verified",""
"pre.zip/PMC6883544.pdf","19","20","Metabolite profiles during oral glucose challenge","verified",""
"pre.zip/PMC6883544.pdf","20","21","Metabolite profile deviations in an oral glucose tolerance test—a comparison between lean and obese individuals","verified",""
"pre.zip/PMC6883544.pdf","21","22","Early life factors and blood pressure at age 31 years in the 1966 northern Finland birth cohort","verified",""
"pre.zip/PMC6883544.pdf","22","23","The human serum metabolome","verified",""
"pre.zip/PMC6883544.pdf","23","24","High-throughput serum NMR metabonomics for cost-effective holistic studies on systemic metabolism","verified",""
"pre.zip/PMC6883544.pdf","24","25","Quantitative serum nuclear magnetic resonance metabolomics in cardiovascular epidemiology and genetics","verified",""
"pre.zip/PMC6883544.pdf","25","26","Quantitative serum nuclear magnetic resonance metabolomics in large-scale epidemiology: a primer on -omic technologies","verified",""
"pre.zip/PMC6883544.pdf","26","27","Metabonomic, transcriptomic, and genomic variation of a population cohort","verified",""
"pre.zip/PMC6883544.pdf","27","28","Metabolic signatures of insulin resistance in 7,098 young adults","verified",""
"pre.zip/PMC6883544.pdf","28","29","Metabolite profiling and cardiovascular event risk: a prospective study of three population-based cohorts","verified",""
"pre.zip/PMC6883544.pdf","29","30","Long-term leisure-time physical activity and serum metabolome","verified",""
"pre.zip/PMC6883544.pdf","30","31","Sex hormone-binding globulin associations with circulating lipids and metabolites and the risk for type 2 diabetes: observational and causal effect estimates","verified",""
"pre.zip/PMC6883544.pdf","31","32","Metabolite profiles and the risk of developing diabetes","verified",""
"pre.zip/PMC6883544.pdf","32","33","Comparison of clinical outcomes and adverse events associated with glucose-lowering drugs in patients with type 2 diabetes","verified",""
"pre.zip/PMC6883544.pdf","33","34","Association between prediabetes and risk of cardiovascular disease and all cause mortality: systematic review and meta-analysis","verified",""
"pre.zip/PMC6883591.pdf","1","2","WHO's new end TB strategy","verified",""
"pre.zip/PMC6883591.pdf","2","3","The WHO's new end TB strategy in the post-2015 era of the sustainable development goals","verified",""
"pre.zip/PMC6883591.pdf","4","5","Informing decision-making for universal access to quality tuberculosis diagnosis in India: an economic-epidemiological model","verified",""
"pre.zip/PMC6883591.pdf","5","6","Higher cost of implementing Xpert® MTB/RIF in Ugandan peripheral settings: implications for cost-effectiveness","verified",""
"pre.zip/PMC6883591.pdf","6","7","Point of care Xpert MTB/RIF versus smear microscopy for tuberculosis diagnosis in southern African primary care clinics: a multicentre economic evaluation","verified",""
"pre.zip/PMC6883591.pdf","7","8","How can we evaluate the cost-effectiveness of health system strengthening? A typology and illustrations","verified",""
"pre.zip/PMC6883591.pdf","8","9","Stakeholder perspectives on costs and resource expenditures: tools for addressing economic issues most relevant to patients, providers, and clinics","verified",""
"pre.zip/PMC6883591.pdf","9","10","Evaluating the public health impact of health promotion interventions: the RE-AIM framework","verified",""
"pre.zip/PMC6907114.pdf","2","3","Population screening for cervical cancer [in Dutch]","not_found","real"
"pre.zip/PMC6907114.pdf","3","4","H, Lock A, Salverda J: Feasibility study for improvements to the population screening for cervical cancer [in Dutch]","not_found","hallucinated"
"pre.zip/PMC6907114.pdf","4","5","Bilthoven: Rijksinstituut voor Volksgezondheid en Milieu (RIVM); 2017","not_found","real"
"pre.zip/PMC6907114.pdf","5","6","Effecten en kosten van het vernieuwde bevolkingsonderzoek naar baarmoederhalskanker in Nederland naar aanleiding van recente ontwikkelingen","not_found","real"
"pre.zip/PMC6907114.pdf","0","1","Efficacy of HPV-based screening for prevention of invasive cervical cancer: follow-up of four European randomised controlled trials","verified",""
"pre.zip/PMC6907114.pdf","1","2","Cost-effectiveness of cervical cancer screening: cytology versus human papillomavirus DNA testing","verified",""
"pre.zip/PMC6907114.pdf","6","7","Monitoring a national cancer prevention program: successful changes in cervical cancer screening in the Netherlands","verified",""
"pre.zip/PMC6907114.pdf","7","8","European guidelines for quality assurance in cervical cancer screening","verified",""
"pre.zip/PMC6907114.pdf","8","9","Initial results of population based cervical cancer screening program using HPV testing in one million Turkish women","verified",""
"pre.zip/PMC6907114.pdf","9","10","A first survey of HPV-based screening in routine cervical cancer screening in Italy","verified",""
"pre.zip/PMC6907114.pdf","10","11","Pathology databanking and biobanking in The Netherlands, a central role for PALGA, the nationwide histopathology and cytopathology data network and archive","verified",""
"pre.zip/PMC6907114.pdf","11","12","High-risk human papillomavirus detection in self-sampling compared to physician-taken smear in a responder population of the Dutch cervical screening: results of the VERA study","verified",""
"pre.zip/PMC6907114.pdf","12","13","Evidence regarding human papillomavirus testing in secondary prevention of cervical cancer","verified",""
"pre.zip/PMC6907114.pdf","13","14","Clinical validation of the cobas 4800 HPV test for cervical screening purposes","verified",""
"pre.zip/PMC6907114.pdf","14","15","Comparative performance of novel self-sampling methods in detecting high-risk human papillomavirus in 30,130 women not attending cervical screening","verified",""
"pre.zip/PMC6907114.pdf","18","19","How distressing is referral to colposcopy in cervical cancer screening?: a prospective quality of life study","verified",""
"pre.zip/PMC6907114.pdf","19","20","The psychosocial impact of an abnormal cervical smear result","verified",""
"pre.zip/PMC6907114.pdf","20","21","After-effects reported by women following colposcopy, cervical biopsies and LLETZ: results from the TOMBOLA trial","verified",""
"pre.zip/PMC6907114.pdf","21","22","HPV testing on self collected cervicovaginal lavage specimens as screening method for women who do not attend cervical screening: cohort study","verified",""
"pre.zip/PMC6907114.pdf","23","24","Reasons for non-attendance to cervical screening and preferences for HPV self-sampling in Dutch women","verified",""
"pre.zip/PMC6907114.pdf","24","25","Uptake of cervical cancer screening in The Netherlands is mainly influenced by women’s beliefs about the screening and by the inviting organization","verified",""
"pre.zip/PMC6907114.pdf","25","26","HPV prevalence in the Dutch cervical cancer screening population (DuSC study): HPV testing using automated HC2, cobas and Aptima workflows","verified",""
"pre.zip/PMC6907114.pdf","26","27","Performance of human papillomavirus testing on self-collected versus clinician-collected samples for the detection of cervical intraepithelial neoplasia of grade 2 or worse: a randomised, paired screen-positive, non-inferiority trial","verified",""
"pre.zip/PMC6907114.pdf","27","28","Triage of HPV positive women in cervical cancer screening","verified",""
"pre.zip/PMC6907114.pdf","28","29","Role of screening history in clinical meaning and optimal management of positive cervical screening results","verified",""
"pre.zip/PMC6907114.pdf","29","30","Process performance of cervical screening programmes in Europe","verified",""
"pre.zip/PMC6907114.pdf","30","31","Human papillomavirus testing for the detection of high-grade cervical intraepithelial neoplasia and cancer: final results of the POBASCAM randomised controlled trial","verified",""
"pre.zip/PMC6907114.pdf","31","32","Cervical cancer screening in partly HPV vaccinated cohorts - a cost-effectiveness analysis","verified",""
"pre.zip/PMC6907114.pdf","32","33","Low risk of cervical cancer during a long period after negative screening in the Netherlands","verified",""
"pre.zip/PMC6966789.pdf","0","1","Clin Psychol Rev. 1998;18(7):765–94","not_found","real"
"pre.zip/PMC6966789.pdf","39","40","The alcohol use disorders identification test (AUDIT): guidelines for use in primary care","not_found","real"
"pre.zip/PMC6966789.pdf","41","42","Australian medicines handbook 2018","not_found","real"
"pre.zip/PMC6966789.pdf","49","50","Manual for the dimensional assessment of personality pathology—basic questionnaire","not_found","real"
"pre.zip/PMC6966789.pdf","56","57","Note for guidance on good clinical practice (CPMP/ICH/135/95–annotated with TGA comments)","not_found","real"
"pre.zip/PMC6966789.pdf","57","58","National statement on ethical conduct in human research (2007)—updated May 2015","not_found","hallucinated"
"pre.zip/PMC6966789.pdf","18","19","Pathways to inflammation in adolescence through early adversity, childhood depressive symptoms, and body mass index: a prospective longitudinal study of Chilean infants","mismatch","real"
"pre.zip/PMC6966789.pdf","1","2","Birth cohort increases in psychopathology among young Americans, 1938–2007: a cross-temporal meta-analysis of the MMPI","verified",""
"pre.zip/PMC6966789.pdf","2","3","Depressed adolescents grown up","verified",""
"pre.zip/PMC6966789.pdf","3","4","Mental health, educational, and social role outcomes of adolescents with depression","verified",""
"pre.zip/PMC6966789.pdf","4","5","Clinical presentation and course of depression in youth: does onset in childhood differ from onset in adolescence? J Am Acad Child Adolesc Psychiatry. 2004;43(1):63–70","verified",""
"pre.zip/PMC6966789.pdf","5","6","The Maudsley long-term follow-up of child and adolescent depression","verified",""
"pre.zip/PMC6966789.pdf","6","7","Comparative efficacy and tolerability of antidepressants for major depressive disorder in children and adolescents: a network meta-analysis","verified",""
"pre.zip/PMC6966789.pdf","7","8","Newer generation antidepressants for depressive disorders in children and adolescents","verified",""
"pre.zip/PMC6966789.pdf","8","9","The addition of fluoxetine to cognitive behavioural therapy for youth depression (YoDA-C): a randomised, double-blind, placebo-controlled, multicentre clinical trial","verified",""
"pre.zip/PMC6966789.pdf","9","10","History and evolution of the monoamine hypothesis of depression","verified",""
"pre.zip/PMC6966789.pdf","10","11","Integrating the monoamine, neurotrophin and cytokine hypotheses of depression—a central role for the serotonin transporter? Pharmacol Ther. 2015;147:1–11","verified",""
"pre.zip/PMC6966789.pdf","11","12","Evaluation of outcomes with citalopram for depression using measurement-based care in STAR* D: implications for clinical practice","verified",""
"pre.zip/PMC6966789.pdf","12","13","Three paths to drug discovery in psychiatry","verified",""
"pre.zip/PMC6966789.pdf","13","14","Pathways underlying neuroprogression in bipolar disorder: focus on inflammation, oxidative stress and neurotrophic factors","verified",""
"pre.zip/PMC6966789.pdf","14","15","Glutamate receptor subtype expression in human postmortem brain tissue from schizophrenics and alcohol abusers","verified",""
"pre.zip/PMC6966789.pdf","15","16","IL-6 and depression: a systematic review and meta-analysis of longitudinal studies","verified",""
"pre.zip/PMC6966789.pdf","16","17","A preliminary study of cytokines in suicidal and nonsuicidal adolescents with major depression","verified",""
"pre.zip/PMC6966789.pdf","17","18","Prenatal and childhood adverse life events, inflammation and depressive symptoms across adolescence","verified",""
"pre.zip/PMC6966789.pdf","19","20","Association of high-sensitivity C-reactive protein with de novo major depression","verified",""
"pre.zip/PMC6966789.pdf","20","21","Inflammatory proteins predict change in depressive symptoms in male and female adolescents","verified",""
"pre.zip/PMC6966789.pdf","21","22","Anti-hypertensive effects of rosuvastatin are associated with decreased inflammation and oxidative stress markers in hypertensive rats","verified",""
"pre.zip/PMC6966789.pdf","22","23","Rosuvastatin and metformin decrease inflammation and oxidative stress in patients with hypertension and dyslipidemia","verified",""
"pre.zip/PMC6966789.pdf","23","24","Acute antidepressant and anxiolytic effects of simvastatin and its mechanisms in rats","verified",""
"pre.zip/PMC6966789.pdf","24","25","Aspirin: a review of its neurobiological properties and therapeutic potential for mental illness","verified",""
"pre.zip/PMC6966789.pdf","25","26","Statin and aspirin use and the risk of mood disorders among men","verified",""
"pre.zip/PMC6966789.pdf","26","27","Aspirin decreases the risk of depression in older men with high plasma homocysteine","verified",""
"pre.zip/PMC6966789.pdf","27","28","Aspirin and statin use and the subsequent development of depression in men and women: results from a longitudinal population-based study","verified",""
"pre.zip/PMC6966789.pdf","28","29","Anti-inflammatory treatment and risk of depression in 91,842 patients with acute coronary syndrome and 91,860 individuals without acute coronary syndrome in Denmark","verified",""
"pre.zip/PMC6966789.pdf","29","30","New drug candidates for depression - a nationwide population-based study","verified",""
"pre.zip/PMC6966789.pdf","30","31","Aspirin and incident depressive symptoms: a longitudinal cohort study over 8 years","verified",""
"pre.zip/PMC6966789.pdf","31","32","Augmentation of fluoxetine with lovastatin for treating major depressive disorder, a randomized double-blind placebo controlled-clinical trial","verified",""
"pre.zip/PMC6966789.pdf","33","34","The use of statins for the treatment of depression in patients with acute coronary syndrome","verified",""
"pre.zip/PMC6966789.pdf","34","35","Statins for the treatment of depression: a meta-analysis of randomized, double-blind, placebo-controlled trials","verified",""
"pre.zip/PMC6966789.pdf","35","36","The effects of combined sertraline and aspirin therapy on depression severity among patients with major depressive disorder: a randomized clinical trial","verified",""
"pre.zip/PMC6966789.pdf","36","37","A new depression scale designed to be sensitive to change","verified",""
"pre.zip/PMC6966789.pdf","37","38","Youth Depression Alleviation-Augmentation with an anti-inflammatory agent (YoDA-A): protocol and rationale for a placebo-controlled randomized trial of rosuvastatin and aspirin","verified",""
"pre.zip/PMC6966789.pdf","38","39","Structured clinical interview for DSM-IV axis I disorders","verified",""
"pre.zip/PMC6966789.pdf","40","41","Role of aspirin and dexamethasone against experimentally induced depression in rats","verified",""
"pre.zip/PMC6966789.pdf","42","43","The 16-item Quick Inventory of Depressive Symptomatology (QIDS), clinician rating (QIDS-C), and self-report (QIDS-SR): a psychometric evaluation in patients with chronic major depression","verified",""
"pre.zip/PMC6966789.pdf","43","44","A brief measure for assessing generalized anxiety disorder: the GAD-7","verified",""
"pre.zip/PMC6966789.pdf","44","45","ECDEU assessment manual for psychopharmacology","verified",""
"pre.zip/PMC6966789.pdf","45","46","Patient centric measures for a patient centric era: agreement and convergent between ratings on the Patient Global Impression of Improvement (PGI-I) scale and the Clinical Global Impressions–Improvement (CGI-S) scale in bipolar and major depressive disorder","verified",""
"pre.zip/PMC6966789.pdf","46","47","Quality of Life Enjoyment and Satisfaction Questionnaire: a new measure","verified",""
"pre.zip/PMC6966789.pdf","47","48","Social adjustment by self-report in a community sample and in psychiatric outpatients","verified",""
"pre.zip/PMC6966789.pdf","48","49","Development, reliability and acceptability of a new version of the DSM-IV Social and Occupational Functioning Assessment Scale (SOFAS) to assess routine social functioning","verified",""
"pre.zip/PMC6966789.pdf","50","51","Negative problem orientation (part I): psychometric properties of a new measure","verified",""
"pre.zip/PMC6966789.pdf","51","52","A systematic review and meta-analysis of prospective transition from major depression to bipolar disorder","verified",""
"pre.zip/PMC6966789.pdf","52","53","Sensitivity and specificity of a new bipolar spectrum diagnostic scale","verified",""
"pre.zip/PMC6966789.pdf","53","54","A rating scale for mania: reliability, validity and sensitivity","verified",""
"pre.zip/PMC6966789.pdf","54","55","CONSORT for reporting randomised trials in journal and conference abstracts","verified",""
"pre.zip/PMC6966789.pdf","55","56","The CONSORT statement: revised recommendations for improving the quality of reports of parallel-group randomised trials","verified",""
"pre.zip/PMC6966789.pdf","58","59","Stata statistical software: release 15","verified",""
"pre.zip/PMC6966789.pdf","59","60","To GEE or not to GEE: comparing population average and mixed models for estimating the associations between neighborhood risk factors and health","verified",""
"pre.zip/PMC6966789.pdf","60","61","On the robust variance estimator in generalised estimating equations","verified",""
"pre.zip/PMC6966789.pdf","61","62","Statistical power analysis for the behavioral sciences","verified",""
"pre.zip/PMC6966789.pdf","62","63","Application of the gradient boosted method in randomised clinical trials: participant variables that contribute to depression treatment efficacy of duloxetine, SSRIs or placebo","verified",""
"pre.zip/PMC6966789.pdf","63","64","Treatment response for acute depression is not associated with number of previous episodes: lack of evidence for a clinical staging model for major depressive disorder","verified",""
"pre.zip/PMC6966789.pdf","64","65","Body mass index (BMI) in major depressive disorder and its effects on depressive symptomatology and antidepressant response","verified",""
"pre.zip/PMC6966789.pdf","65","66","Adjuvant aspirin therapy reduces symptoms of schizophrenia spectrum disorders: results from a randomized, double-blind, placebo-controlled trial","verified",""
"pre.zip/PMC6966789.pdf","66","67","Increased proinflammatory cytokines in patients with chronic stable angina and their reduction by aspirin","verified",""
"pre.zip/PMC6966789.pdf","67","68","Reduction in C-reactive protein and LDL cholesterol and cardiovascular event rates after initiation of rosuvastatin: a prospective study of the JUPITER trial","verified",""
"pre.zip/PMC6966789.pdf","68","69","Statin use and risk of depression: a Swedish national cohort study","verified",""
"pre.zip/PMC6990477.pdf","0","1","Estimating the burden of febrile illnesses","verified",""
"pre.zip/PMC6990477.pdf","1","2","WHO | Guidelines for the treatment of malaria","verified",""
"pre.zip/PMC6990477.pdf","3","4","The current malaria morbidity and mortality in different transmission settings in Western Kenya","verified",""
"pre.zip/PMC6990477.pdf","4","5","Association of transmission intensity and age with clinical manifestations and case fatality of severe Plasmodium falciparum malaria","verified",""
"pre.zip/PMC6990477.pdf","6","7","Community case management of malaria using ACT and RDT in two districts in Zambia: achieving high adherence to test results using community health workers","verified",""
"pre.zip/PMC6990477.pdf","7","8","Malaria rapid testing by community health workers is effective and safe for targeting malaria treatment: randomised cross-over trial in Tanzania","verified",""
"pre.zip/PMC6990477.pdf","8","9","Introducing malaria rapid diagnostic tests in private medicine retail outlets: a systematic literature review","verified",""
"pre.zip/PMC6990477.pdf","9","10","Increased access to care and appropriateness of treatment at private sector drug shops with integrated management of malaria, pneumonia and diarrhoea: a quasi-experimental study in Uganda","verified",""
"pre.zip/PMC6990477.pdf","10","11","Feasibility of distributing rapid diagnostic tests for malaria in the retail sector: evidence from an implementation study in Uganda","verified",""
"pre.zip/PMC6990477.pdf","11","12","Expanding access to parasite-based malaria diagnosis through retail drug shops in Tanzania: evidence from a randomized trial and implications for treatment","verified",""
"pre.zip/PMC6990477.pdf","12","13","Socially-marketed rapid diagnostic tests and ACT in the private sector: ten years of experience in Cambodia","verified",""
"pre.zip/PMC6990477.pdf","14","15","Major reduction in anti-malarial drug consumption in senegal after nation-wide introduction of malaria rapid diagnostic tests","verified",""
"pre.zip/PMC6990477.pdf","15","16","Increased use of malaria rapid diagnostic tests improves targeting of antimalarial treatment in rural Tanzania: implications for nationwide rollout of malaria rapid diagnostic tests","verified",""
"pre.zip/PMC6990477.pdf","16","17","Use of malaria RDTs in various health contexts across sub-Saharan Africa: a systematic review","verified",""
"pre.zip/PMC6990477.pdf","17","18","The impact of introducing malaria rapid diagnostic tests on fever case management: a synthesis of ten studies from the ACT consortium","verified",""
"pre.zip/PMC6990477.pdf","18","19","Improving prescribing practices with rapid diagnostic tests (RDTs): synthesis of 10 studies to explore reasons for variation in malaria RDT uptake and adherence","verified",""
"pre.zip/PMC6990477.pdf","19","20","Basic or enhanced clinician training to improve adherence to malaria treatment guidelines: a cluster-randomised trial in two areas of Cameroon","verified",""
"pre.zip/PMC6990477.pdf","20","21","Rapid testing for malaria in settings where microscopy is available and peripheral clinics where only presumptive treatment is available: a randomised controlled trial in Ghana","verified",""
"pre.zip/PMC6990477.pdf","21","22","Prescriber and patient-oriented behavioural interventions to improve use of malaria rapid diagnostic tests in Tanzania: facility-based cluster randomised trial","verified",""
"pre.zip/PMC6990477.pdf","22","23","Getting antimalarials on target: impact of national roll-out of malaria rapid diagnostic tests on health facility treatment in three regions of Tanzania","verified",""
"pre.zip/PMC6990477.pdf","23","24","Effectiveness of provider and community interventions to improve treatment of uncomplicated malaria in Nigeria: a cluster randomized controlled trial","verified",""
"pre.zip/PMC6990477.pdf","24","25","The impact of an intervention to introduce malaria rapid diagnostic tests on fever case management in a high transmission setting in Uganda: a mixed-methods cluster-randomized trial (PRIME)","verified",""
"pre.zip/PMC6990477.pdf","25","26","Appropriate targeting of artemisinin-based combination therapy by community health workers using malaria rapid diagnostic tests: findings from randomized trials in two contrasting areas of high and low malaria transmission in southwestern Uganda","verified",""
"pre.zip/PMC6990477.pdf","26","27","A cluster randomised trial introducing rapid diagnostic tests into registered drug shops in Uganda: impact on appropriate treatment of malaria","verified",""
"pre.zip/PMC6990477.pdf","29","30","Clinicians’ adherence to implementation of test, treat and track strategy for malaria control among children under-five years in Ho Municipality, Volta Region","verified",""
"pre.zip/PMC6990477.pdf","30","31","Challenges affecting prompt access to adequate uncomplicated malaria case management in children in rural primary health facilities in Chikhwawa Malawi","verified",""
"pre.zip/PMC6990477.pdf","31","32","Compliance with malaria rapid diagnostic test results and correlates among clinicians in Uyo, Akwa Ibom State, Nigeria: 2018","verified",""
"pre.zip/PMC6990477.pdf","32","33","Population coverage of artemisinin-based combination treatment in children younger than 5 years with fever and Plasmodium falciparum infection in Africa, 2003-2015: a modelling study using data from national surveys","verified",""
"pre.zip/PMC6990477.pdf","33","34","Health worker adherence to malaria treatment guidelines at outpatient health facilities in southern Malawi following implementation of universal access to diagnostic testing","verified",""
"pre.zip/PMC6990477.pdf","34","35","Impact of introduction of rapid diagnostic tests for malaria on antibiotic prescribing: analysis of observational and randomised studies in public and private healthcare settings","verified",""
"pre.zip/PMC6990477.pdf","35","36","Achieving universal testing for malaria","verified",""
"pre.zip/PMC6990477.pdf","36","37","Malaria diagnosis and treatment practices following introduction of rapid diagnostic tests in Kibaha District, Coast Region, Tanzania","verified",""
"pre.zip/PMC6990477.pdf","37","38","Early experiences on the feasibility, acceptability, and use of malaria rapid diagnostic tests at peripheral health centres in Uganda-insights into some barriers and facilitators","verified",""
"pre.zip/PMC6990477.pdf","38","39","Perceptions of malaria and acceptance of rapid diagnostic tests and related treatment practises among community members and health care providers in Greater Garissa, North Eastern Province, Kenya","verified",""
"pre.zip/PMC6990477.pdf","39","40","Adherence and uptake of artemisinin-based combination treatments for uncomplicated malaria: a qualitative study in northern Ghana","verified",""
"pre.zip/PMC6990477.pdf","40","41","Women’s access and provider practices for the case management of malaria during pregnancy: a systematic review and meta-analysis","verified",""
"pre.zip/PMC6990477.pdf","41","42","Health worker factors associated with prescribing of artemisinin combination therapy for uncomplicated malaria in rural Tanzania","verified",""
"pre.zip/PMC6990477.pdf","42","43","The importance of context in malaria diagnosis and treatment decisions - a quantitative analysis of observed clinical encounters in Tanzania","verified",""
"pre.zip/PMC6990477.pdf","43","44","Appropriateness of prescribing in selected healthcare facilities in Papua New Guinea","verified",""
"pre.zip/PMC6990477.pdf","44","45","Malaria case-management under artemether-lumefantrine treatment policy in Uganda","verified",""
"pre.zip/PMC6990477.pdf","45","46","Non-adherence to standard treatment guidelines in a rural paediatric hospital in Sierra Leone","verified",""
"pre.zip/PMC6990477.pdf","46","47","Adherence to malaria diagnosis and treatment guidelines among healthcare workers in Ogun State, Nigeria","verified",""
"pre.zip/PMC6990477.pdf","47","48","Taking stock: provider prescribing practices in the presence and absence of ACT stock","verified",""
"pre.zip/PMC6990477.pdf","48","49","Overcoming health systems barriers to successful malaria treatment","verified",""
"pre.zip/PMC6990477.pdf","49","50","Insights following change in drug policy: a descriptive study for antimalarial prescription practices in children of public sector health facilities in Jharkhand state of India","verified",""
"pre.zip/PMC6990477.pdf","50","51","Predictors of the quality of health worker treatment practices for uncomplicated malaria at government health facilities in Kenya","verified",""
"pre.zip/PMC6990477.pdf","51","52","Antimalarial drug prescribing practice in private and public health facilities in South-east Nigeria: a descriptive study","verified",""
"pre.zip/PMC6990477.pdf","52","53","Test and treat: or presumptive treatment for malaria in high transmission situations? A reflection on the latest WHO guidelines. Malar J","verified",""
"pre.zip/PMC6990477.pdf","53","54","Introducing rapid tests for malaria into the retail sector: what are the unintended consequences? BMJ Glob Heal. 2017;2(1):e000067","verified",""
"pre.zip/PMC6990477.pdf","54","55","Does test-based prescription of evidence-based treatment for malaria improve treatment seeking and satisfaction? Findings of repeated cross-sectional surveys in Papua New Guinea","verified",""
"pre.zip/PMC6990477.pdf","55","56","How can malaria rapid diagnostic tests achieve their potential? A qualitative study of a trial at health facilities in Ghana","verified",""
"pre.zip/PMC7011529.pdf","7","8","Xpert MTB/RIF - why the lack of morbidity and mortality impact in intervention trials? Trans R Soc Trop Med Hyg. 2016;110(8):432–44","not_found","real"
"pre.zip/PMC7011529.pdf","20","21","Screening for tuberculosis with Xpert MTB/RIF versus fluorescent microscopy among adults newly diagnosed with HIV in rural Malawi: a cluster randomized trial (CHEPETSA)","not_found","real"
"pre.zip/PMC7011529.pdf","34","35","Guidelines for managing advanced HIV disease and rapid initiation of antiretroviral therapy","not_found","hallucinated"
"pre.zip/PMC7011529.pdf","0","1","Prevalence of tuberculosis in postmortem studies of HIV-infected adults and children in resource-limited settings: a systematic review and meta-analysis","verified",""
"pre.zip/PMC7011529.pdf","1","2","Early mortality in adults initiating antiretroviral therapy (ART) in low-and middle-income countries (LMIC): a systematic review and meta-analysis","verified",""
"pre.zip/PMC7011529.pdf","2","3","Mortality of HIV-1-infected patients in the first year of antiretroviral therapy: comparison between low-income and high-income countries","verified",""
"pre.zip/PMC7011529.pdf","3","4","Causes of death on antiretroviral therapy: a postmortem study from South Africa","verified",""
"pre.zip/PMC7011529.pdf","5","6","Implementation of a pragmatic, stepped-wedge cluster randomized trial to evaluate impact of Botswana's Xpert MTB/RIF diagnostic algorithm on TB diagnostic sensitivity and early antiretroviral therapy mortality","verified",""
"pre.zip/PMC7011529.pdf","6","7","TB screening among people living with HIV/AIDS in resource-limited settings","verified",""
"pre.zip/PMC7011529.pdf","8","9","Development, roll-out and impact of Xpert MTB/RIF for tuberculosis: what lessons have we learnt and how can we do better? Eur Respir J. 2016;48(2)","verified",""
"pre.zip/PMC7011529.pdf","9","10","Xpert MTB/RIF versus sputum microscopy as the initial diagnostic test for tuberculosis: a cluster-randomised trial embedded in South African rollout of Xpert MTB/RIF","verified",""
"pre.zip/PMC7011529.pdf","10","11","Initial programmatic implementation of WHO option B in Botswana associated with increased projected MTCT","verified",""
"pre.zip/PMC7011529.pdf","11","12","Development of a standardized screening rule for tuberculosis in people living with HIV in resource-constrained settings: individual participant data meta-analysis of observational studies","verified",""
"pre.zip/PMC7011529.pdf","12","13","Mortality of patients lost to follow-up in antiretroviral treatment programmes in resource-limited settings: systematic review and meta-analysis","verified",""
"pre.zip/PMC7011529.pdf","13","14","Statistical design of THRio: a phased implementation clinic-randomized study of a tuberculosis preventive therapy intervention","verified",""
"pre.zip/PMC7011529.pdf","14","15","Overestimates of survival after HAART: implications for global scale-up efforts","verified",""
"pre.zip/PMC7011529.pdf","15","16","Prognosis of patients with HIV-1 infection starting antiretroviral therapy in sub-Saharan Africa: a collaborative analysis of scale-up programmes","verified",""
"pre.zip/PMC7011529.pdf","16","17","Trends and determinants of survival for over 200 000 patients on antiretroviral treatment in the Botswana National Program","verified",""
"pre.zip/PMC7011529.pdf","18","19","Life expectancies of South African adults starting antiretroviral treatment: collaborative analysis of cohort studies","verified",""
"pre.zip/PMC7011529.pdf","21","22","Wide variations in compliance with tuberculosis screening guidelines and tuberculosis incidence between antiretroviral therapy facilities - Cote d’Ivoire","verified",""
"pre.zip/PMC7011529.pdf","22","23","Missed opportunities for TB investigation in primary care clinics in South Africa: experience from the XTEND trial","verified",""
"pre.zip/PMC7011529.pdf","23","24","Sensitivity and specificity of WHO's recommended four-symptom screening rule for tuberculosis in people living with HIV: a systematic review and meta-analysis","verified",""
"pre.zip/PMC7011529.pdf","24","25","Incidence and determinants of tuberculosis among adults initiating antiretroviral therapy--Mozambique","verified",""
"pre.zip/PMC7011529.pdf","25","26","Feasibility and effect of integrating tuberculosis screening and detection in postnatal care services: an operations research study","verified",""
"pre.zip/PMC7011529.pdf","26","27","Measuring quality gaps in TB screening in South Africa using standardised patient analysis","verified",""
"pre.zip/PMC7011529.pdf","28","29","Effect of empirical treatment on outcomes of clinical trials of diagnostic assays for tuberculosis","verified",""
"pre.zip/PMC7011529.pdf","30","31","Effect of Xpert MTB/RIF on clinical outcomes in routine care settings: individual patient data meta-analysis","verified",""
"pre.zip/PMC7011529.pdf","31","32","Retention and mortality on antiretroviral therapy in sub-Saharan Africa: collaborative analyses of HIV treatment programmes","verified",""
"pre.zip/PMC7011529.pdf","32","33","Estimated mortality on HIV treatment among active patients and patients lost to follow-up in 4 provinces of Zambia: findings from a multistage sampling-based survey","verified",""
"pre.zip/PMC7011529.pdf","33","34","Cryptococcal meningitis screening and community-based early adherence support in people with advanced HIV infection starting antiretroviral therapy in Tanzania and Zambia: an open-label, randomised controlled trial","verified",""
"pre.zip/PMC7011529.pdf","35","36","Trends in prevalence of advanced HIV disease at antiretroviral therapy enrollment - 10 countries","verified",""
"pre.zip/PMC7055101.pdf","8","9","Elife. 2016;5:e08714","not_found","real"
"pre.zip/PMC7055101.pdf","20","21","Migrants from Myanmar and Risks faced abroad: A desk study","not_found","real"
"pre.zip/PMC7055101.pdf","41","42","Malaria surveillance, monitoring & evaluation: A reference manual","not_found","real"
"pre.zip/PMC7055101.pdf","44","45","National Malaria Elimination Programme: National Malaria Strategic Plan","not_found","real"
"pre.zip/PMC7055101.pdf","45","46","Sinha et al","not_found","uncertain"
"pre.zip/PMC7055101.pdf","47","48","Algorithms for geodesics","not_found","real"
"pre.zip/PMC7055101.pdf","1","2","Global malaria mortality between 1980 and 2010: a systematic analysis","verified",""
"pre.zip/PMC7055101.pdf","2","3","Counter perspective: artemisinin resistance: facts, fears, and fables","verified",""
"pre.zip/PMC7055101.pdf","3","4","Artemisinin resistance: current status and scenarios for containment","verified",""
"pre.zip/PMC7055101.pdf","4","5","A molecular marker of artemisinin-resistant Plasmodium falciparum malaria","verified",""
"pre.zip/PMC7055101.pdf","5","6","Genetic architecture of artemisinin-resistant Plasmodium falciparum","verified",""
"pre.zip/PMC7055101.pdf","6","7","Spread of artemisinin resistance in Plasmodium falciparum malaria","verified",""
"pre.zip/PMC7055101.pdf","7","8","The spread of artemisinin-resistant Plasmodium falciparum in the greater Mekong subregion: a molecular epidemiology observational study","verified",""
"pre.zip/PMC7055101.pdf","9","10","Genetic markers associated with dihydroartemisinin-piperaquine failure in Plasmodium falciparum malaria in Cambodia: a genotype-phenotype association study","verified",""
"pre.zip/PMC7055101.pdf","10","11","Artemisinin-resistant malaria in the Asia-Pacific region","verified",""
"pre.zip/PMC7055101.pdf","11","12","The clinical impact of artemisinin resistance in Southeast Asia and the potential for future spread","verified",""
"pre.zip/PMC7055101.pdf","13","14","The last man standing is the most resistant: eliminating artemisinin-resistant malaria in Cambodia","verified",""
"pre.zip/PMC7055101.pdf","14","15","Antifolate antimalarial resistance in Southeast Africa: a population-based analysis","verified",""
"pre.zip/PMC7055101.pdf","15","16","Intercontinental spread of pyrimethamine-resistant malaria","verified",""
"pre.zip/PMC7055101.pdf","16","17","International population movements and regional Plasmodium falciparum malaria elimination strategies","verified",""
"pre.zip/PMC7055101.pdf","17","18","Malaria burden and control in Bangladesh and prospects for elimination: an epidemiological and economic assessment","verified",""
"pre.zip/PMC7055101.pdf","18","19","Persistent transmission of malaria in Garo hills of Meghalaya bordering Bangladesh, north-East India","verified",""
"pre.zip/PMC7055101.pdf","19","20","Malaria incidence among paramilitary personnel in an endemic area of Tripura","verified",""
"pre.zip/PMC7055101.pdf","21","22","Local expert experiences and perceptions of environmentally induced migration from Bangladesh to India","verified",""
"pre.zip/PMC7055101.pdf","22","23","The international migration report 2017 (Highlights)","verified",""
"pre.zip/PMC7055101.pdf","23","24","Temporal trends in severe malaria in Chittagong, Bangladesh","verified",""
"pre.zip/PMC7055101.pdf","24","25","Subclinical Plasmodium falciparum infections act as year-round reservoir for malaria in the hypoendemic Chittagong Hill districts of Bangladesh","verified",""
"pre.zip/PMC7055101.pdf","25","26","Mapping the stability of malaria hotspots in Bangladesh from 2013 to 2016","verified",""
"pre.zip/PMC7055101.pdf","26","27","Evolution and expansion of multidrug-resistant malaria in Southeast Asia: a genomic epidemiology study","verified",""
"pre.zip/PMC7055101.pdf","27","28","Malaria prevalence in endemic districts of Bangladesh","verified",""
"pre.zip/PMC7055101.pdf","28","29","The geography of imported malaria to non-endemic countries: a meta-analysis of nationally reported statistics","verified",""
"pre.zip/PMC7055101.pdf","29","30","Global traffic and disease vector dispersal","verified",""
"pre.zip/PMC7055101.pdf","30","31","Census-derived migration data as a tool for informing malaria elimination policy","verified",""
"pre.zip/PMC7055101.pdf","31","32","Mapping internal connectivity through human migration in malaria endemic countries","verified",""
"pre.zip/PMC7055101.pdf","32","33","The practice of jhum cultivation and its relationship to Plasmodium falciparum infection in the Chittagong Hill districts of Bangladesh","verified",""
"pre.zip/PMC7055101.pdf","33","34","Estimating sources and sinks of malaria parasites in Madagascar","verified",""
"pre.zip/PMC7055101.pdf","34","35","Identifying malaria transmission foci for elimination using human mobility data","verified",""
"pre.zip/PMC7055101.pdf","35","36","Evaluating spatial interaction models for regional mobility in sub-Saharan Africa","verified",""
"pre.zip/PMC7055101.pdf","36","37","Quantifying travel behavior for infectious disease research: a comparison of data from surveys and mobile phones","verified",""
"pre.zip/PMC7055101.pdf","37","38","The demographics of human and malaria movement and migration patterns in East Africa","verified",""
"pre.zip/PMC7055101.pdf","38","39","Quantifying the impact of human mobility on malaria","verified",""
"pre.zip/PMC7055101.pdf","39","40","Integrating rapid risk mapping and mobile phone call record data for strategic malaria elimination planning","verified",""
"pre.zip/PMC7055101.pdf","40","41","The use of census migration data to approximate human movement patterns across temporal scales","verified",""
"pre.zip/PMC7055101.pdf","42","43","Mathematical models of human mobility of relevance to malaria transmission in Africa","verified",""
"pre.zip/PMC7055101.pdf","43","44","Mapping imported malaria in Bangladesh using parasite genetic and human mobility data","verified",""
"pre.zip/PMC7055101.pdf","46","47","High-resolution global maps of 21st-century forest cover change","verified",""
"pre.zip/PMC7055101.pdf","48","49","FactoMineR: An R Package for Multivariate Analysis","verified",""
"pre.zip/PMC7055101.pdf","49","50","Unifying sources and sinks in ecology and earth sciences","verified",""
"pre.zip/PMC7055101.pdf","50","51","Global Technical Strategy for Malaria","verified",""
"pre.zip/PMC7055101.pdf","51","52","Spatial malaria epidemiology in Bangladeshi highlands","verified",""
"pre.zip/PMC7055101.pdf","52","53","Mapping hypoendemic, seasonal malaria in rural Bandarban, Bangladesh: a prospective surveillance","verified",""
"pre.zip/PMC7055101.pdf","53","54","Prevalence of anopheline species and their Plasmodium infection status in epidemic-prone border areas of Bangladesh","verified",""
"pre.zip/PMC7055101.pdf","54","55","Shady business: understanding the spatial ecology of exophilic Anopheles mosquitoes","verified",""
"pre.zip/PMC7055101.pdf","55","56","Role of underappreciated vectors in malaria transmission in an endemic region of Bangladesh-India border","verified",""
"pre.zip/PMC7055101.pdf","56","57","Hitting hotspots: spatial targeting of malaria for control and elimination","verified",""
"pre.zip/PMC7055101.pdf","57","58","Human movement data for malaria control and elimination strategic planning","verified",""
"pre.zip/PMC7055101.pdf","58","59","Respondent-driven sampling on the Thailand-Cambodia border","verified",""
"pre.zip/PMC7055101.pdf","59","60","Malaria hotspots drive hypoendemic transmission in the Chittagong Hill districts of Bangladesh","verified",""
"pre.zip/PMC7055101.pdf","61","62","Entomological and epidemiological investigations of malaria transmission in relation to population movements in forest areas of north-West Thailand","verified",""
"pre.zip/PMC7055101.pdf","62","63","High mobility and low use of malaria preventive measures among the Jarai male youth along the Cambodia-Vietnam border","verified",""
"pre.zip/PMC7055101.pdf","63","64","Spatial prediction of malaria prevalence in an endemic area of Bangladesh","verified",""
"pre.zip/PMC7055101.pdf","64","65","The role of age, ethnicity and environmental factors in modulating malaria risk in Rajasthali, Bangladesh","verified",""
"pre.zip/PMC7055101.pdf","65","66","Key traveller groups of relevance to spatial malaria transmission: a survey of movement patterns in four sub-Saharan African countries","verified",""
"pre.zip/PMC7055101.pdf","66","67","Travel patterns and demographic characteristics of malaria cases in Swaziland","verified",""
"pre.zip/PMC7055101.pdf","67","68","Differing health and health-seeking behaviour: ethnic minorities of the Chittagong Hill tracts, Bangladesh","verified",""
"pre.zip/PMC7055101.pdf","68","69","Healthcare-seeking behaviour among the tribal people of Bangladesh: can the current health system really meet their needs? J Health Popul Nutr","verified",""
"pre.zip/PMC7087394.pdf","7","8","Childhood obesity and the timing of puberty","not_found","real"
"pre.zip/PMC7087394.pdf","14","15","18:71 Page 15 of 17 data: application to age at menarche and risk of breast cancer","not_found","uncertain"
"pre.zip/PMC7087394.pdf","29","30","Meta-analysis of genome-wide association studies for height and body mass index in approximately 700000 individuals of European ancestry","not_found","real"
"pre.zip/PMC7087394.pdf","51","52","Pediatrics. 2017;139","not_found","real"
"pre.zip/PMC7087394.pdf","20","21","The effects of age at menarche and first sexual intercourse on reproductive and behavioural outcomes: a Mendelian randomization study","mismatch","real"
"pre.zip/PMC7087394.pdf","41","42","Bias in two-sample Mendelian randomization by using covariable-adjusted summary associations","mismatch","real"
"pre.zip/PMC7087394.pdf","0","1","Age at menarche and risks of all-cause and cardiovascular death: a systematic review and meta-analysis","verified",""
"pre.zip/PMC7087394.pdf","1","2","Association between age at menarche and cardiovascular disease: a systematic review on risk and potential mechanisms","verified",""
"pre.zip/PMC7087394.pdf","2","3","Age at menarche and endometrial cancer risk: a dose-response meta-analysis of prospective studies","verified",""
"pre.zip/PMC7087394.pdf","3","4","Age at menarche and risk of ovarian cancer: a meta-analysis of epidemiological studies","verified",""
"pre.zip/PMC7087394.pdf","4","5","Depression and related disorders during the female reproductive cycle","verified",""
"pre.zip/PMC7087394.pdf","5","6","Pubertal timing, bone acquisition, and risk of fracture throughout life","verified",""
"pre.zip/PMC7087394.pdf","6","7","Female reproductive system and bone","verified",""
"pre.zip/PMC7087394.pdf","8","9","Influence of puberty timing on adiposity and cardiometabolic traits: a Mendelian randomisation study","verified",""
"pre.zip/PMC7087394.pdf","9","10","Mendelian randomization: using genes as instruments for making causal inferences in epidemiology","verified",""
"pre.zip/PMC7087394.pdf","10","11","Age at menarche and cardiovascular risk factors using Mendelian randomization in the Guangzhou Biobank Cohort Study","verified",""
"pre.zip/PMC7087394.pdf","11","12","Age at menarche and adult body mass index: a Mendelian randomization study","verified",""
"pre.zip/PMC7087394.pdf","12","13","Association of timing of menarche with depressive symptoms and depression in adolescence: Mendelian randomisation study","verified",""
"pre.zip/PMC7087394.pdf","13","14","Age at menarche and depressive symptoms in older Southern Chinese women: a Mendelian randomization study in the Guangzhou Biobank Cohort Study","verified",""
"pre.zip/PMC7087394.pdf","15","16","Genomic analyses identify hundreds of variants associated with age at menarche and support a role for puberty timing in cancer risk","verified",""
"pre.zip/PMC7087394.pdf","16","17","Age at menarche and time spent in education: a Mendelian randomization study","verified",""
"pre.zip/PMC7087394.pdf","17","18","Age at menarche and lung function: a Mendelian randomization study","verified",""
"pre.zip/PMC7087394.pdf","18","19","Age at menarche and osteoporosis: a Mendelian randomization study","verified",""
"pre.zip/PMC7087394.pdf","19","20","Assessment of the genetic and clinical determinants of fracture risk: genome wide association and mendelian randomisation study","verified",""
"pre.zip/PMC7087394.pdf","21","22","Searching for the causal effects of body mass index in over 300 000 participants in UK Biobank, using Mendelian randomization","verified",""
"pre.zip/PMC7087394.pdf","22","23","MR-pheWAS with stratification and interaction: searching for the causal effects of smoking heaviness identified an effect on facial aging","verified",""
"pre.zip/PMC7087394.pdf","23","24","UK biobank data: come and get it","verified",""
"pre.zip/PMC7087394.pdf","24","25","UK biobank: an open access resource for identifying the causes of a wide range of complex diseases of middle and old age","verified",""
"pre.zip/PMC7087394.pdf","25","26","The UK Biobank resource with deep phenotyping and genomic data","verified",""
"pre.zip/PMC7087394.pdf","26","27","UK biobank genetic data: MRC-IEU quality control, version 2","verified",""
"pre.zip/PMC7087394.pdf","27","28","Orienting the causal relationship between imprecisely measured traits using GWAS summary data","verified",""
"pre.zip/PMC7087394.pdf","28","29","Genome-wide association analysis identifies three new susceptibility loci for childhood body mass index","verified",""
"pre.zip/PMC7087394.pdf","30","31","Software application profile: PHESANT: a tool for performing automated phenome scans in UK Biobank","verified",""
"pre.zip/PMC7087394.pdf","31","32","Genome-wide meta-analysis identifies 56 bone mineral density loci and reveals 14 loci associated with risk of fracture","verified",""
"pre.zip/PMC7087394.pdf","32","33","Genetic determinants of heel bone properties: genome-wide association meta-analysis and replication in the GEFOS/GENOMOS consortium","verified",""
"pre.zip/PMC7087394.pdf","33","34","Multiethnic meta-analysis identifies ancestry-specific and cross-ancestry loci for pulmonary function","verified",""
"pre.zip/PMC7087394.pdf","34","35","New genetic signals for lung function highlight pathways and pleiotropy, and chronic obstructive pulmonary disease associations across multiple ancestries","verified",""
"pre.zip/PMC7087394.pdf","35","36","Meta-analysis of genome-wide association studies for neuroticism, and the polygenic association with major depressive disorder","verified",""
"pre.zip/PMC7087394.pdf","36","37","Cohort profile: the Avon Longitudinal Study of Parents and Children: ALSPAC mothers cohort","verified",""
"pre.zip/PMC7087394.pdf","37","38","Mendelian randomization with invalid instruments: effect estimation and bias detection through Egger regression","verified",""
"pre.zip/PMC7087394.pdf","38","39","Recent developments in Mendelian randomization studies","verified",""
"pre.zip/PMC7087394.pdf","39","40","Detection of widespread horizontal pleiotropy in causal relationships inferred from Mendelian randomization between complex traits and diseases","verified",""
"pre.zip/PMC7087394.pdf","40","41","Evaluating the potential role of pleiotropy in Mendelian randomization studies","verified",""
"pre.zip/PMC7087394.pdf","42","43","Semiparametric methods for estimation of a nonlinear exposure-outcome relationship using instrumental variables with application to Mendelian randomization","verified",""
"pre.zip/PMC7087394.pdf","43","44","Collider scope: when selection bias can substantially influence observed associations","verified",""
"pre.zip/PMC7087394.pdf","44","45","Exploring the association of genetic factors with participation in the Avon Longitudinal Study of Parents and Children","verified",""
"pre.zip/PMC7087394.pdf","45","46","Comparison of sociodemographic and health-related characteristics of UK Biobank participants with those of the general population","verified",""
"pre.zip/PMC7087394.pdf","46","47","Secular trends in age at menarche in women in the UK born 1908-93: results from the Breakthrough Generations Study","verified",""
"pre.zip/PMC7087394.pdf","47","48","Mendelian randomization in health research: using appropriate genetic variants and avoiding biased estimates","verified",""
"pre.zip/PMC7087394.pdf","48","49","An examination of multivariable Mendelian randomization in the single-sample and two-sample summary data settings","verified",""
"pre.zip/PMC7087394.pdf","49","50","Tracking of lung function parameters and the longitudinal relationship with lifestyle","verified",""
"pre.zip/PMC7087394.pdf","50","51","Estrogens and androgens in skeletal physiology and pathophysiology","verified",""
"pre.zip/PMC7087394.pdf","52","53","Childhood psychosocial adversity and female reproductive timing: a cohort study of the ALSPAC mothers","verified",""
"pre.zip/PMC7087394.pdf","53","54","Childhood sexual abuse and early menarche: the direction of their relationship and its implications","verified",""
"pre.zip/PMC7087394.pdf","54","55","A second generation human haplotype map of over 3.1 million SNPs","verified",""
"pre.zip/PMC7087394.pdf","55","56","Imputation-based analysis of association studies: candidate regions and quantitative traits","verified",""
"pre.zip/PMC7087394.pdf","56","57","A new multipoint method for genome-wide association studies by imputation of genotypes","verified",""
"pre.zip/PMC7087394.pdf","58","59","GRIMP: a web-and grid-based tool for high-speed analysis of large-scale genome-wide association using imputed data","verified",""
"pre.zip/PMC7087394.pdf","59","60","Merlin--rapid analysis of dense genetic maps using sparse gene flow trees","verified",""
"pre.zip/PMC7087394.pdf","60","61","ProbABEL package for genome-wide association analysis of imputed data","verified",""
"pre.zip/PMC7087394.pdf","61","62","Genomic control, a new approach to genetic-based association studies","verified",""
"pre.zip/PMC7087394.pdf","62","63","METAL: fast and efficient meta-analysis of genomewide association scans","verified",""
"pre.zip/PMC7087394.pdf","63","64","A map of human genome variation from population-scale sequencing","verified",""
"pre.zip/PMC7087394.pdf","64","65","A reference panel of 64,976 haplotypes for genotype imputation","verified",""
"pre.zip/PMC7087394.pdf","65","66","Spirometric reference values from a sample of the general U.S. population","verified",""
"pre.zip/PMC7087394.pdf","66","67","Harmonization of neuroticism and extraversion phenotypes across inventories and cohorts in the genetics of personality consortium: an application of item response theory","verified",""
"pre.zip/PMC7087394.pdf","67","68","PLINK: a tool set for whole-genome association and population-based linkage analyses","verified",""
"pre.zip/PMC7164355.pdf","28","29","Multiparametric magnetic resonance imaging of the prostate can improve the predictive value of the urinary prostate cancer antigen 3 test in patients with elevated prostate-specific antigen levels and a previous negative biopsy","not_found","real"
"pre.zip/PMC7164355.pdf","6","7","Epidemiology of prostate cancer","mismatch","real"
"pre.zip/PMC7164355.pdf","15","16","Personalizing prostate cancer diagnosis with multivariate risk prediction tools: how should prostate MRI be incorporated? World J Urol","mismatch","real"
"pre.zip/PMC7164355.pdf","16","17","A rich array of prostate cancer molecular biomarkers: opportunities and challenges","mismatch","real"
"pre.zip/PMC7164355.pdf","19","20","Diagnostic ability of %p2PSA and prostate health index for aggressive prostate cancer: a meta-analysis","mismatch","real"
"pre.zip/PMC7164355.pdf","0","1","Prostate mpMRI in the UK: the state of the nation","verified",""
"pre.zip/PMC7164355.pdf","1","2","National implementation of multi-parametric magnetic resonance imaging for prostate cancer detection - recommendations from a UK consensus meeting","verified",""
"pre.zip/PMC7164355.pdf","2","3","The current role of prostate multiparametric magnetic resonance imaging","verified",""
"pre.zip/PMC7164355.pdf","4","5","NICE guidelines on prostate cancer 2019","verified",""
"pre.zip/PMC7164355.pdf","5","6","Literature review of the burden of prostate cancer in Germany, France, the United Kingdom and Canada","verified",""
"pre.zip/PMC7164355.pdf","7","8","Long-term outcomes among noncuratively treated men according to prostate cancer risk category in a nationwide, population-based study","verified",""
"pre.zip/PMC7164355.pdf","8","9","Performance and inter-observer variability of prostate MRI (PI-RADS version 2) outside high-volume centres","verified",""
"pre.zip/PMC7164355.pdf","9","10","Accuracy and variability of prostate multiparametric magnetic resonance imaging interpretation using the prostate imaging reporting and data system: a blinded comparison of radiologists","verified",""
"pre.zip/PMC7164355.pdf","10","11","What is the negative predictive value of multiparametric magnetic resonance imaging in excluding prostate cancer at biopsy? A systematic review and meta-analysis from the European Association of Urology Prostate Cancer Guidelines Panel","verified",""
"pre.zip/PMC7164355.pdf","11","12","Prostate cancer gene 3 and multiparametric magnetic resonance can reduce unnecessary biopsies: decision curve analysis to evaluate predictive models","verified",""
"pre.zip/PMC7164355.pdf","12","13","Developing an effective strategy to improve the detection of significant prostate cancer by combining the 4Kscore and multiparametric MRI","verified",""
"pre.zip/PMC7164355.pdf","13","14","Prostate cancer diagnostics using a combination of the Stockholm3 blood test and multiparametric magnetic resonance imaging","verified",""
"pre.zip/PMC7164355.pdf","14","15","A urinary biomarker-based risk score correlates with multiparametric MRI for prostate cancer detection","verified",""
"pre.zip/PMC7164355.pdf","17","18","Prognostic biomarkers used for localised prostate cancer management: a systematic review","verified",""
"pre.zip/PMC7164355.pdf","18","19","Cost analysis of prostate cancer detection including the prostate health index (phi)","verified",""
"pre.zip/PMC7164355.pdf","20","21","The prostate health index adds predictive value to multi-parametric MRI in detecting significant prostate cancers in a repeat biopsy population","verified",""
"pre.zip/PMC7164355.pdf","21","22","The Cambridge Prognostic Groups for improved prediction of disease mortality at diagnosis in primary non-metastatic prostate cancer: a validation study","verified",""
"pre.zip/PMC7164355.pdf","22","23","Predicting prostate cancer death with different pretreatment risk stratification tools: a head-to-head comparison in a nationwide cohort study","verified",""
"pre.zip/PMC7164355.pdf","24","25","Decision curve analysis: a novel method for evaluating prediction models","verified",""
"pre.zip/PMC7164355.pdf","25","26","The national burden of infections after prostate biopsy in England and Wales: a wake-up call for better prevention--authors' response","verified",""
"pre.zip/PMC7164355.pdf","27","28","The roles of multiparametric magnetic resonance imaging, PCA3 and prostate health index-which is the best predictor of prostate cancer after a negative biopsy? J Urol. 2014;192(1):60–6","verified",""
"pre.zip/PMC7164355.pdf","29","30","Prediction medicine: biomarkers, risk calculators and magnetic resonance imaging as risk stratification tools in prostate cancer diagnosis","verified",""
"pre.zip/PMC7164355.pdf","30","31","Early cost-effectiveness modeling for better decisions in public research investment of personalized medicine technologies","verified",""
"pre.zip/PMC7164355.pdf","31","32","Reducing unnecessary biopsies while detecting clinically significant prostate cancer including cribriform growth with the ERSPC Rotterdam risk calculator and 4Kscore","verified",""
"pre.zip/PMC7164355.pdf","32","33","Prostate Health Index improves multivariable risk prediction of aggressive prostate cancer","verified",""
"pre.zip/PMC7164355.pdf","33","34","Prostate cancer risk assessment in biopsy-naïve patients: the Rotterdam prostate cancer risk calculator in multiparametric magnetic resonance imaging-transrectal ultrasound (TRUS) fusion biopsy and systematic TRUS biopsy","verified",""
"pre.zip/PMC7164355.pdf","34","35","Prediction of high-grade prostate cancer following multiparametric magnetic resonance imaging: improving the Rotterdam European randomized study of screening for prostate cancer risk calculators","verified",""
"pre.zip/PMC7164355.pdf","35","36","Abbreviated biparametric versus standard multiparametric MRI for diagnosis of prostate cancer: a systematic review and meta-analysis","verified",""
"pre.zip/PMC7164355.pdf","36","37","Let’s keep it at one step at a time: why biparametric magnetic resonance imaging is not the priority today","verified",""
"pre.zip/PMC7164355.pdf","37","38","The cost-effectiveness of prostate cancer detection with the use of prostate health index","verified",""
"pre.zip/PMC7164355.pdf","38","39","Cost-effectiveness of prostate health index for prostate cancer detection","verified",""
"pre.zip/PMC7164355.pdf","39","40","Incorporating biomarkers into the primary prostate biopsy setting: a cost-effectiveness analysis","verified",""
"pre.zip/PMC7164355.pdf","40","41","Use of prostate systematic and targeted biopsy on the basis of multiparametric MRI in biopsy-naive patients (MRI-FIRST): a prospective, multicentre, paired diagnostic study","verified",""
"pre.zip/PMC7164355.pdf","41","42","Head-to-head comparison of transrectal ultrasound-guided prostate biopsy versus multiparametric prostate resonance imaging with subsequent magnetic resonance-guided biopsy in biopsy-naïve men with elevated prostate-specific antigen: a large prospective multicenter clinical study","verified",""
"pre.zip/PMC7164355.pdf","42","43","Cognitive versus software fusion for MRI-targeted biopsy: experience before and after implementation of fusion","verified",""
"pre.zip/PMC7199339.pdf","6","7","Efficacy of beta blockers in patients with heart failure plus atrial fibrillation: an individual-patient data meta-analysis","not_found","real"
"pre.zip/PMC7199339.pdf","8","9","The clinical management of primary hypertension in adults: clinical guideline 127","not_found","hallucinated"
"pre.zip/PMC7199339.pdf","12","13","Efficacy of beta-blockers across cardiovascular health: a systematic review of meta-analyses","not_found","real"
"pre.zip/PMC7199339.pdf","0","1","Effect of age and sex on efficacy and tolerability of beta blockers in patients with heart failure with reduced ejection fraction: individual patient data meta-analysis","verified",""
"pre.zip/PMC7199339.pdf","1","2","Systematic review of genuine versus spurious side-effects of beta-blockers in heart failure using placebo control: recommendations for patient information","verified",""
"pre.zip/PMC7199339.pdf","2","3","Effect on mortality of metoprolol in acute myocardial infarction","verified",""
"pre.zip/PMC7199339.pdf","3","4","Effectiveness of beta-blocker therapy after acute myocardial infarction in elderly patients with chronic obstructive pulmonary disease or asthma","verified",""
"pre.zip/PMC7199339.pdf","4","5","2013 ACCF/AHA guideline for the management of ST-elevation myocardial infarction: executive summary: a report of the American College of Cardiology Foundation/American Heart Association Task Force on Practice Guidelines","verified",""
"pre.zip/PMC7199339.pdf","5","6","Clinical outcomes with beta-blockers for myocardial infarction: a meta-analysis of randomized trials","verified",""
"pre.zip/PMC7199339.pdf","7","8","Meta-analysis of secure randomised controlled trials of beta-blockade to prevent perioperative death in non-cardiac surgery","verified",""
"pre.zip/PMC7199339.pdf","9","10","2018 ESC/ESH Guidelines for the management of arterial hypertension","verified",""
"pre.zip/PMC7199339.pdf","10","11","Risk-treatment mismatch in the pharmacotherapy of heart failure","verified",""
"pre.zip/PMC7199339.pdf","11","12","Adverse outcomes of underuse of beta-blockers in elderly survivors of acute myocardial infarction","verified",""
"pre.zip/PMC7199339.pdf","13","14","Preferred reporting items for systematic reviews and meta-analyses: the PRISMA statement","verified",""
"pre.zip/PMC7199339.pdf","14","15","GRADE: an emerging consensus on rating quality of evidence and strength of recommendations","verified",""
"pre.zip/PMC7199339.pdf","15","16","Beta-blockers for heart failure with reduced, mid-range, and preserved ejection fraction: an individual patient-level analysis of double-blind randomized trials","verified",""
"pre.zip/PMC7199339.pdf","16","17","Randomised trial of intravenous atenolol among 16 027 cases of suspected acute myocardial infarction: ISIS-1","verified",""
"pre.zip/PMC7199339.pdf","17","18","Early intravenous then oral metoprolol in 45,852 patients with acute myocardial infarction: randomised placebo-controlled trial","verified",""
"pre.zip/PMC7199339.pdf","18","19","Beta blockade during and after myocardial infarction: an overview of the randomized trials","verified",""
"pre.zip/PMC7199339.pdf","19","20","The EuroHeart Failure Survey programme--a survey on the quality of care among patients with heart failure in Europe","verified",""
"pre.zip/PMC7199339.pdf","20","21","Contemporary management of octogenarians hospitalized for heart failure in Europe: Euro Heart Failure Survey II","verified",""
"pre.zip/PMC7199339.pdf","21","22","Heart rate and rhythm and the benefit of beta-blockers in patients with heart failure","verified",""
"pre.zip/PMC7199339.pdf","22","23","The incidence, pattern, and prognostic value of left ventricular myocardial scar by late gadolinium enhancement in patients with atrial fibrillation","verified",""
"pre.zip/PMC7199339.pdf","23","24","Impact of renal impairment on beta-blocker efficacy in patients with heart failure","verified",""
"pre.zip/PMC7199339.pdf","25","26","Effects of extended-release metoprolol succinate in patients undergoing non-cardiac surgery (POISE trial): a randomised controlled trial","verified",""
"pre.zip/PMC7199339.pdf","26","27","Perioperative beta-blockers for preventing surgery-relatedmortality and morbidity","verified",""
"pre.zip/PMC7199339.pdf","27","28","Trends in antihypertensive medication use among US patients with resistant hypertension, 2008 to 2014","verified",""
"pre.zip/PMC7199339.pdf","28","29","Individual patient data meta-analysis of beta-blockers in heart failure: rationale and design","verified",""
"pre.zip/PMC7199339.pdf","29","30","Individual participant data meta-analyses compared with meta-analyses based on aggregate data","verified",""
"pre.zip/PMC7199339.pdf","30","31","A review of rate control in atrial fibrillation, and the rationale and protocol for the RATE-AF trial","verified",""
"pre.zip/PMC7199339.pdf","31","32","Effect of beta-adrenergic blockade on biochemical and metabolic response to exercise","verified",""
"pre.zip/PMC7216331.pdf","33","34","18:135 Page 11 of 15 infected gnotobiotic mice","not_found","real"
"pre.zip/PMC7216331.pdf","55","56","","not_found","real"
"pre.zip/PMC7216331.pdf","68","69","","not_found","real"
"pre.zip/PMC7216331.pdf","74","75","18:135 Page 12 of 15 formula or standard formula with breast-fed infants as reference: a randomized controlled trial","not_found","uncertain"
"pre.zip/PMC7216331.pdf","81","82","Microbial perturbations and modulation in conditions associated with malnutrition and malabsorption","not_found","real"
"pre.zip/PMC7216331.pdf","87","88","","not_found","real"
"pre.zip/PMC7216331.pdf","98","99","","not_found","real"
"pre.zip/PMC7216331.pdf","100","101","High-quality carbohydrates and physical performance: expert panel report","not_found","real"
"pre.zip/PMC7216331.pdf","102","103","Is dietary carbohydrate essential for human nutrition? Am J Clin Nutr. 2002;75:951–3; author reply","not_found","real"
"pre.zip/PMC7216331.pdf","110","111","","not_found","real"
"pre.zip/PMC7216331.pdf","118","119","18:135 Page 13 of 15 epithelial HIF augments tissue barrier function","not_found","uncertain"
"pre.zip/PMC7216331.pdf","124","125","Iron deficiency anaemia: assessment, prevention, and control : a guide for programme managers","not_found","real"
"pre.zip/PMC7216331.pdf","125","126","The global prevalence of anaemia in 2011","not_found","real"
"pre.zip/PMC7216331.pdf","156","157","The effects of iron fortification on the gut microbiota in African children: Forgie et al","not_found","uncertain"
"pre.zip/PMC7216331.pdf","157","158","","not_found","real"
"pre.zip/PMC7216331.pdf","174","175","","not_found","real"
"pre.zip/PMC7216331.pdf","0","1","Influence of diet on the gut microbiome and implications for human health","mismatch","real"
"pre.zip/PMC7216331.pdf","1","2","The microbiome in early life: implications for health outcomes","mismatch","real"
"pre.zip/PMC7216331.pdf","2","3","The intestinal microbiome in early life: health and disease","mismatch","real"
"pre.zip/PMC7216331.pdf","8","9","Microbial lifestyle and genome signatures","mismatch","real"
"pre.zip/PMC7216331.pdf","16","17","Diet and specific microbial exposure trigger features of environmental enteropathy in a novel murine model","mismatch","real"
"pre.zip/PMC7216331.pdf","18","19","Effects of microbiota-directed foods in gnotobiotic animals and undernourished children","mismatch","real"
"pre.zip/PMC7216331.pdf","19","20","A sparse covarying unit that describes healthy and impaired human gut microbiota development","mismatch","real"
"pre.zip/PMC7216331.pdf","21","22","Inflammatory disease caused by intestinal pathobionts","mismatch","real"
"pre.zip/PMC7216331.pdf","24","25","A pathobiont of the microbiota balances host colonization and intestinal inflammation","mismatch","real"
"pre.zip/PMC7216331.pdf","27","28","Fusobacterium nucleatum: a commensal-turned pathogen","mismatch","real"
"pre.zip/PMC7216331.pdf","30","31","Akkermansia muciniphila and improved metabolic health during a dietary intervention in obesity: relationship with gut microbiome richness and ecology","mismatch","real"
"pre.zip/PMC7216331.pdf","31","32","Akkermansia muciniphila and its role in regulating host functions","mismatch","real"
"pre.zip/PMC7216331.pdf","32","33","NLRP6 protects Il10-/- mice from colitis by limiting colonization of Akkermansia muciniphila","mismatch","real"
"pre.zip/PMC7216331.pdf","34","35","Antibiotics, birth mode, and diet shape microbiome maturation during early life","mismatch","real"
"pre.zip/PMC7216331.pdf","35","36","Prenatal and early life exposures to ambient air pollution and development","mismatch","real"
"pre.zip/PMC7216331.pdf","37","38","Fetal programming and cardiovascular pathology","mismatch","real"
"pre.zip/PMC7216331.pdf","40","41","Starving our microbial self: the deleterious consequences of a diet deficient in microbiota-accessible carbohydrates","mismatch","real"
"pre.zip/PMC7216331.pdf","42","43","Impact of water, sanitation and hygiene interventions on growth, non-diarrheal morbidity and mortality in children residing in low-and middle-income countries: a systematic review","mismatch","real"
"pre.zip/PMC7216331.pdf","44","45","From one species to another: A review on the interaction between chemistry and microbiology in relation to cleaning in the built environment","mismatch","real"
"pre.zip/PMC7216331.pdf","46","47","Diet-microbe-host interactions that affect gut mucosal integrity and infection resistance","mismatch","real"
"pre.zip/PMC7216331.pdf","47","48","The rise and fall of protein malnutrition in global health","mismatch","real"
"pre.zip/PMC7216331.pdf","53","54","Review article: insights into colonic protein fermentation, its modulation and potential health implications","mismatch","real"
"pre.zip/PMC7216331.pdf","61","62","Maternal high-protein and low-protein diets perturb hypothalamus and liver transcriptome and metabolic homeostasis in adult mouse offspring","mismatch","real"
"pre.zip/PMC7216331.pdf","62","63","MicroRNAs as regulators of metabolic disease: pathophysiologic significance and emerging role as biomarkers and therapeutics","mismatch","real"
"pre.zip/PMC7216331.pdf","72","73","Lower protein content in infant formula reduces BMI and obesity risk at school age: follow-up of a randomized trial","mismatch","real"
"pre.zip/PMC7216331.pdf","73","74","Metabolic phenotype of breast-fed infants, and infants fed standard formula or bovine MFGM supplemented formula: a randomized controlled trial","mismatch","real"
"pre.zip/PMC7216331.pdf","75","76","Consumption of animal-source protein is associated with improved height-forage z scores in rural Malawian children aged 12−36 months","mismatch","real"
"pre.zip/PMC7216331.pdf","76","77","Quality protein maize for Africa: closing the protein inadequacy gap in vulnerable populations","mismatch","real"
"pre.zip/PMC7216331.pdf","79","80","Tryptophan catabolism restricts IFN-γ-expressing neutrophils and clostridium difficile immunopathology","mismatch","real"
"pre.zip/PMC7216331.pdf","82","83","Microbiota regulate intestinal absorption and metabolism of fatty acids in the zebrafish","mismatch","real"
"pre.zip/PMC7216331.pdf","83","84","Environmental enteric dysfunction and growth failure/stunting in global child health","mismatch","real"
"pre.zip/PMC7216331.pdf","90","91","Impact of maternal diet on human milk composition and neurological development of infants","mismatch","real"
"pre.zip/PMC7216331.pdf","99","100","Disrupted maturation of the microbiota and metabolome among extremely preterm infants with postnatal growth failure","mismatch","real"
"pre.zip/PMC7216331.pdf","101","102","Sugar for the brain: the role of glucose in physiological and pathological brain function","mismatch","real"
"pre.zip/PMC7216331.pdf","105","106","Carbohydrate maldigestion and malabsorption","mismatch","real"
"pre.zip/PMC7216331.pdf","106","107","Carbohydrate malabsorption in acutely malnourished children and infants: a systematic review","mismatch","real"
"pre.zip/PMC7216331.pdf","107","108","Markedly increased intake of refined carbohydrates and sugar is associated with the rise of coronary heart disease and diabetes among the Alaskan Inuit","mismatch","real"
"pre.zip/PMC7216331.pdf","108","109","Increase in the intake of refined carbohydrates and sugar may have led to the health decline of the Greenland Eskimos","mismatch","real"
"pre.zip/PMC7216331.pdf","113","114","The impact of dietary fiber on gut microbiota in host health and disease","mismatch","real"
"pre.zip/PMC7216331.pdf","115","116","Fiber and prebiotics: mechanisms and health benefits","mismatch","real"
"pre.zip/PMC7216331.pdf","116","117","Review article: the role of butyrate on colonic function","mismatch","real"
"pre.zip/PMC7216331.pdf","120","121","Fundamental role for HIF-1α in constitutive expression of human β defensin-1","mismatch","real"
"pre.zip/PMC7216331.pdf","129","130","Long-lasting neural and behavioral effects of iron deficiency in infancy","mismatch","uncertain"
"pre.zip/PMC7216331.pdf","130","131","Long-term brain and behavioral consequences of early iron deficiency","mismatch","real"
"pre.zip/PMC7216331.pdf","134","135","Perinatal iron deficiency combined with a high-fat diet causes obesity and cardiovascular dysregulation","mismatch","real"
"pre.zip/PMC7216331.pdf","143","144","Iron modulates butyrate production by a child gut microbiota in vitro","mismatch","real"
"pre.zip/PMC7216331.pdf","149","150","Anemia in infancy is associated with alterations in systemic metabolism and microbial structure and function in a sex-specific manner: an observational study","mismatch","real"
"pre.zip/PMC7216331.pdf","155","156","The impact of dietary transition metals on host-bacterial interactions","mismatch","real"
"pre.zip/PMC7216331.pdf","161","162","Vitamin D status is associated with underweight and stunting in children aged 6-36 months residing in the Ecuadorian Andes","mismatch","real"
"pre.zip/PMC7216331.pdf","163","164","Vitamin D receptor negatively regulates bacterial-stimulated NF-κB activity in intestine","mismatch","real"
"pre.zip/PMC7216331.pdf","164","165","Vitamin D and mucosal immune function","mismatch","real"
"pre.zip/PMC7216331.pdf","171","172","Association between prehospital vitamin D status and hospital-acquired clostridium difficile infections","mismatch","real"
"pre.zip/PMC7216331.pdf","177","178","The many faces of cobalamin (Vitamin B12) deficiency","mismatch","real"
"pre.zip/PMC7216331.pdf","179","180","Assessment of iron, folate and vitamin B12 status in severe acute malnutrition","mismatch","real"
"pre.zip/PMC7216331.pdf","181","182","Clinical and neurological findings of severe vitamin B12 deficiency in infancy and importance of early diagnosis and treatment","mismatch","real"
"pre.zip/PMC7216331.pdf","185","186","Vitamin B12 as a modulator of gut microbial ecology","mismatch","real"
"pre.zip/PMC7216331.pdf","186","187","Microbial metabolic networks at the mucus layer lead to diet-independent butyrate and vitamin B12 production by intestinal symbionts","mismatch","real"
"pre.zip/PMC7216331.pdf","187","188","Eating for two: how metabolism establishes interspecies interactions in the gut","mismatch","real"
"pre.zip/PMC7216331.pdf","3","4","The role of the microbiome in the developmental origins of health and disease","verified",""
"pre.zip/PMC7216331.pdf","4","5","The human microbiome and child growth - first 1000 days and beyond","verified",""
"pre.zip/PMC7216331.pdf","5","6","Early infancy microbial and metabolic alterations affect risk of childhood asthma","verified",""
"pre.zip/PMC7216331.pdf","6","7","Altering the intestinal microbiota during a critical developmental window has lasting metabolic consequences","verified",""
"pre.zip/PMC7216331.pdf","7","8","Prenatal stress affects placental cytokines and neurotrophins, commensal microbes, and anxiety-like behavior in adult female offspring","verified",""
"pre.zip/PMC7216331.pdf","9","10","The human gut microbiome - a potential controller of wellness and disease","verified",""
"pre.zip/PMC7216331.pdf","10","11","A metagenomic meta-analysis reveals functional signatures of health and diesease in the human gut microbiome","verified",""
"pre.zip/PMC7216331.pdf","11","12","The gut microbiome signatures discriminate healthy from pulmonary tuberculosis patients","verified",""
"pre.zip/PMC7216331.pdf","12","13","A gut microbiome signature for cirrhosis due to nonalcoholic fatty liver disease","verified",""
"pre.zip/PMC7216331.pdf","13","14","Environmental enteric dysfunction and child stunting","verified",""
"pre.zip/PMC7216331.pdf","14","15","Disentangling microbial mediators of malnutrition: modeling environmental enteric dysfunction","verified",""
"pre.zip/PMC7216331.pdf","15","16","The microbiota and malnutrition: impact of nutritional status during early life","verified",""
"pre.zip/PMC7216331.pdf","17","18","Gut microbiomes of Malawian twin pairs discordant for kwashiorkor","verified",""
"pre.zip/PMC7216331.pdf","20","21","Functional characterization of IgA-targeted bacterial taxa from undernourished Malawian children that produce diet-dependent enteropathy","verified",""
"pre.zip/PMC7216331.pdf","22","23","Epithelial-microbial diplomacy: escalating border tensions drive inflammation in inflammatory bowel disease","verified",""
"pre.zip/PMC7216331.pdf","23","24","Commensal Escherichia coli Strains Can Promote Intestinal Inflammation via Differential Interleukin-6 Production","verified",""
"pre.zip/PMC7216331.pdf","25","26","A human stool-derived Bilophila wadsworthia strain caused systemic inflammation in specificpathogen-free mice","verified",""
"pre.zip/PMC7216331.pdf","26","27","Bacteroides fragilis subverts mucosal biology: from symbiont to colon carcinogenesis","verified",""
"pre.zip/PMC7216331.pdf","28","29","The controversial role of Enterococcus faecalis in colorectal cancer","verified",""
"pre.zip/PMC7216331.pdf","29","30","Metabolic and metagenomic outcomes from early-life pulsed antibiotic treatment","verified",""
"pre.zip/PMC7216331.pdf","36","37","Maternal low-protein diet modulates glucose metabolism and hepatic microRNAs expression in the early life of offspring †","verified",""
"pre.zip/PMC7216331.pdf","38","39","The influence of maternal prenatal and early childhood nutrition and maternal prenatal stress on offspring immune system development and neurodevelopmental disorders","verified",""
"pre.zip/PMC7216331.pdf","39","40","The gut microbiota of rural papua new guineans: composition, diversity patterns, and ecological processes","verified",""
"pre.zip/PMC7216331.pdf","41","42","Impact of maternal intrapartum antibiotics, method of birth and breastfeeding on gut microbiota during the first year of life: a prospective cohort study","verified",""
"pre.zip/PMC7216331.pdf","43","44","Characterisation of environmental enteropathy biomarkers and associated risk factors in children in the context of a WASH trial in Timor-Leste","verified",""
"pre.zip/PMC7216331.pdf","45","46","Postnatal exposure to household disinfectants, infant gut microbiota and subsequent risk of overweight in children","verified",""
"pre.zip/PMC7216331.pdf","48","49","What children eat in developing countries: diet in the etiology of undernutrition? Nestle Nutr Inst Workshop Ser. 2019;91:43–53","verified",""
"pre.zip/PMC7216331.pdf","49","50","Epidemiologic evidence for a potentiating effect of malnutrition on child mortality","verified",""
"pre.zip/PMC7216331.pdf","50","51","Protein-energy malnutrition: a risk factor for various ailments","verified",""
"pre.zip/PMC7216331.pdf","51","52","Dietary protein intake in young children in selected low-income countries is generally adequate in relation to estimated requirements for healthy children, except when complementary food intake is low","verified",""
"pre.zip/PMC7216331.pdf","52","53","Dietary proteins as determinants of metabolic and physiologic functions of the gastrointestinal tract","verified",""
"pre.zip/PMC7216331.pdf","54","55","Microbial fermentation of dietary protein: an important factor in diet−microbe−host interaction","verified",""
"pre.zip/PMC7216331.pdf","56","57","Assessment of protein adequacy in developing countries: quality matters","verified",""
"pre.zip/PMC7216331.pdf","57","58","Protein-and zinc-deficient diets modulate the murine microbiome and metabolic phenotype","verified",""
"pre.zip/PMC7216331.pdf","58","59","Pea polyphenolics and hydrolysis processing alter microbial community structure and early pathogen colonization in mice","verified",""
"pre.zip/PMC7216331.pdf","59","60","Changes in gut microbiota control metabolic endotoxemia-induced inflammation in high-fat diet-induced obesity and diabetes in mice","verified",""
"pre.zip/PMC7216331.pdf","60","61","Long-term metabolic effects of malnutrition: Liver steatosis and insulin resistance following early-life protein restriction","verified",""
"pre.zip/PMC7216331.pdf","63","64","Effects of inadequate maternal dietary protein:carbohydrate ratios during pregnancy on offspring immunity in pigs","verified",""
"pre.zip/PMC7216331.pdf","64","65","Maternal high-protein diet during pregnancy, but not during suckling, induced altered expression of an increasing number of hepatic genes in adult mouse offspring","verified",""
"pre.zip/PMC7216331.pdf","65","66","Maternal consumption of high-prebiotic fibre or -protein diets during pregnancy and lactation differentially influences satiety hormones and expression of genes involved in glucose and lipid metabolism in offspring in rats","verified",""
"pre.zip/PMC7216331.pdf","66","67","Maternal high-protein diet during pregnancy modifies rat offspring body weight and insulin signalling but not macronutrient preference in adulthood","verified",""
"pre.zip/PMC7216331.pdf","67","68","High-protein exposure during gestation or lactation or after weaning has a period-specific signature on rat pup weight, adiposity, food intake, and glucose homeostasis up to 6 weeks of age","verified",""
"pre.zip/PMC7216331.pdf","69","70","Can infant feeding choices modulate later obesity risk? Am J Clin Nutr","verified",""
"pre.zip/PMC7216331.pdf","70","71","Energy and protein intakes of breast-fed and formula-fed infants during the first year of life and their association with growth velocity: the DARLING Study","verified",""
"pre.zip/PMC7216331.pdf","71","72","Review of infant feeding: key features of breast milk and infant formula","verified",""
"pre.zip/PMC7216331.pdf","77","78","Tryptophan: a gut microbiota-derived metabolites regulating inflammation","verified",""
"pre.zip/PMC7216331.pdf","78","79","Tryptophan catabolites from microbiota engage aryl hydrocarbon receptor and balance mucosal reactivity via interleukin-22","verified",""
"pre.zip/PMC7216331.pdf","80","81","ACE2 links amino acid malnutrition to microbial ecology and intestinal inflammation","verified",""
"pre.zip/PMC7216331.pdf","84","85","Systemic gut microbial modulation of bile acid metabolism in host tissue compartments","verified",""
"pre.zip/PMC7216331.pdf","85","86","The role of short chain fatty acids in appetite regulation and energy homeostasis","verified",""
"pre.zip/PMC7216331.pdf","86","87","Effects of gut microbes on nutrient absorption and energy regulation","verified",""
"pre.zip/PMC7216331.pdf","88","89","Small intestinal microbiota: the neglected stepchild needed for fat digestion and absorption","verified",""
"pre.zip/PMC7216331.pdf","89","90","Small Intestine microbiota regulate host digestive and absorptive adaptive responses to dietary lipids","verified",""
"pre.zip/PMC7216331.pdf","91","92","Evidence for the essentiality of arachidonic and docosahexaenoic acid in the postnatal maternal and infant diet for the development of the infant’s immune system early in life","verified",""
"pre.zip/PMC7216331.pdf","92","93","Omega-3 polyunsaturated fatty acids critically regulate behaviour and gut microbiota development in adolescence and adulthood","verified",""
"pre.zip/PMC7216331.pdf","93","94","Impact of dietary fatty acids on metabolic activity and host intestinal microbiota composition in C57BL/6J mice","verified",""
"pre.zip/PMC7216331.pdf","94","95","Impact of omega-3 fatty acids on the gut microbiota","verified",""
"pre.zip/PMC7216331.pdf","95","96","N-3 polyunsaturated fatty acids (PUFAs) reverse the impact of earlylife stress on the gut microbiota","verified",""
"pre.zip/PMC7216331.pdf","96","97","The impact of dietary sn-2 palmitic triacylglycerols in combination with docosahexaenoic acid or arachidonic acid on lipid metabolism and host faecal microbiota composition in Sprague Dawley rats","verified",""
"pre.zip/PMC7216331.pdf","97","98","Impact of clinical use of parenteral lipid emulsions on bile acid metabolism and composition in neonatal piglets","verified",""
"pre.zip/PMC7216331.pdf","103","104","Dietary carbohydrates: role of quality and quantity in chronic disease","verified",""
"pre.zip/PMC7216331.pdf","104","105","The control and consequences of bacterial fermentation in the human colon","verified",""
"pre.zip/PMC7216331.pdf","109","110","Dietary fructose-induced gut dysbiosis promotes mouse hippocampal neuroinflammation: a benefit of short-chain fatty acids","verified",""
"pre.zip/PMC7216331.pdf","111","112","A high-sugar diet rapidly enhances susceptibility to colitis via depletion of luminal short-chain fatty acids in mice","verified",""
"pre.zip/PMC7216331.pdf","112","113","Carbohydrate quality and human health: a series of systematic reviews and metaanalyses","verified",""
"pre.zip/PMC7216331.pdf","114","115","Position of the academy of nutrition and dietetics: health implications of dietary fiber","verified",""
"pre.zip/PMC7216331.pdf","117","118","Colonocyte metabolism shapes the gut microbiota","verified",""
"pre.zip/PMC7216331.pdf","119","120","Selective induction of mucin-3 by hypoxia in intestinal epithelia","verified",""
"pre.zip/PMC7216331.pdf","121","122","Microbiota-accessible carbohydrates suppress clostridium difficile infection in a murine model","verified",""
"pre.zip/PMC7216331.pdf","122","123","Detrimental impact of microbiota-accessible carbohydrate-deprived diet on gut and immune homeostasis: an overview","verified",""
"pre.zip/PMC7216331.pdf","123","124","Fiber and functional gastrointestinal disorders","verified",""
"pre.zip/PMC7216331.pdf","126","127","Double burden of iron deficiency in infancy and low socioeconomic status: a longitudinal analysis of cognitive test scores to age 19 years","verified",""
"pre.zip/PMC7216331.pdf","127","128","Iron deficiency in infancy and neurocognitive functioning at 19 years: evidence of long-term deficits in executive function and recognition memory","verified",""
"pre.zip/PMC7216331.pdf","128","129","Iron deficiency in infancy is associated with altered neural correlates of recognition memory at 10 years","verified",""
"pre.zip/PMC7216331.pdf","131","132","Iron deficiency during pregnancy affects postnatal blood pressure in the rat","verified",""
"pre.zip/PMC7216331.pdf","132","133","Effect of maternal iron restriction during pregnancy on renal morphology in the adult rat offspring","verified",""
"pre.zip/PMC7216331.pdf","133","134","Effects of maternal iron restriction in the rat on blood pressure, glucose tolerance, and serum lipids in the 3-month-old offspring","verified",""
"pre.zip/PMC7216331.pdf","135","136","Perinatal iron deficiency and a high salt diet cause long-term kidney mitochondrial dysfunction and oxidative stress","verified",""
"pre.zip/PMC7216331.pdf","136","137","Modest and severe maternal iron deficiency in pregnancy are associated with fetal anaemia and organ-specific hypoxia in rats","verified",""
"pre.zip/PMC7216331.pdf","137","138","Prenatal iron deficiency causes sex-dependent mitochondrial dysfunction and oxidative stress in fetal rat kidneys and liver","verified",""
"pre.zip/PMC7216331.pdf","138","139","Dysregulation of neuronal genes by fetal-neonatal iron deficiency anemia is associated with altered DNA methylation in the rat hippocampus","verified",""
"pre.zip/PMC7216331.pdf","139","140","Impact of neonatal iron deficiency on hippocampal DNA methylation and gene transcription in a porcine biomedical model of cognitive development","verified",""
"pre.zip/PMC7216331.pdf","140","141","Perinatal iron and copper deficiencies alter neonatal rat circulating and brain thyroid hormone concentrations","verified",""
"pre.zip/PMC7216331.pdf","141","142","Persistent neurochemical and behavioral abnormalities in adulthood despite early iron supplementation for perinatal iron deficiency anemia in rats","verified",""
"pre.zip/PMC7216331.pdf","142","143","Long-term neuroendocrine effects of iron-deficiency anemia in infancy","verified",""
"pre.zip/PMC7216331.pdf","144","145","Low iron availability in continuous in vitro colonic fermentations induces strong dysbiosis of the child gut microbial consortium and a decrease in main metabolites","verified",""
"pre.zip/PMC7216331.pdf","145","146","Bacterial iron homeostasis","verified",""
"pre.zip/PMC7216331.pdf","146","147","Major role for FeoB in Campylobacter jejuni ferrous iron acquisition, gut colonization, and intracellular survival","verified",""
"pre.zip/PMC7216331.pdf","147","148","Sepsis: the critical role of iron","verified",""
"pre.zip/PMC7216331.pdf","148","149","Iron deficiency anemia-related gut microbiota dysbiosis in infants and young children: a pilot study","verified",""
"pre.zip/PMC7216331.pdf","150","151","Iron depletion and repletion with ferrous sulfate or electrolytic iron modifies the composition and metabolic activity of the gut microbiota in rats","verified",""
"pre.zip/PMC7216331.pdf","151","152","Effects of iron supplementation on dominant bacterial groups in the gut, faecal SCFA and gut inflammation: a randomised, placebo-controlled intervention trial in South African children","verified",""
"pre.zip/PMC7216331.pdf","152","153","The effects of iron fortification and supplementation on the gut microbiome and diarrhea in infants and children: a review","verified",""
"pre.zip/PMC7216331.pdf","153","154","Nutritional iron turned inside out: intestinal stress from a gut microbial perspective","verified",""
"pre.zip/PMC7216331.pdf","154","155","Gut microbiota and iron: the crucial actors in health and disease","verified",""
"pre.zip/PMC7216331.pdf","158","159","Iron fortification adversely affects the gut microbiome, increases pathogen abundance and induces intestinal inflammation in Kenyan infants","verified",""
"pre.zip/PMC7216331.pdf","159","160","Iron in micronutrient powder promotes an unfavorable gut microbiota in Kenyan infants","verified",""
"pre.zip/PMC7216331.pdf","160","161","Dietary strategies for improving iron status: balancing safety and efficacy","verified",""
"pre.zip/PMC7216331.pdf","162","163","Enzymes involved in the activation and inactivation of vitamin D","verified",""
"pre.zip/PMC7216331.pdf","165","166","The gut microbiome and control of weight gain","verified",""
"pre.zip/PMC7216331.pdf","166","167","Vitamin D and the gut microbiome: a systematic review of in vivo studies","verified",""
"pre.zip/PMC7216331.pdf","167","168","Vitamin D regulation of immune function in the gut: why do T cells have vitamin D receptors? Mol Asp Med. 2012;33","verified",""
"pre.zip/PMC7216331.pdf","168","169","Lack of vitamin D receptor causes dysbiosis and changes the functions of the murine intestinal microbiome","verified",""
"pre.zip/PMC7216331.pdf","169","170","Gut microbiota interactions with the immunomodulatory role of vitamin D in normal individuals","verified",""
"pre.zip/PMC7216331.pdf","170","171","Effects of high doses of vitamin D3 on mucosa-associated gut microbiome vary between regions of the human gastrointestinal tract","verified",""
"pre.zip/PMC7216331.pdf","172","173","Influence of vitamin D on key bacterial taxa in infant microbiota in the KOALA Birth Cohort Study","verified",""
"pre.zip/PMC7216331.pdf","173","174","Factors influencing the infant gut microbiome at age 3-6 months: findings from the ethnically diverse Vitamin D Antenatal Asthma Reduction Trial (VDAART)","verified",""
"pre.zip/PMC7216331.pdf","175","176","Vitamin D deficiency in patients with intestinal malabsorption syndromes--think in and outside the gut","verified",""
"pre.zip/PMC7216331.pdf","176","177","Vitamin B12 in health and disease","verified",""
"pre.zip/PMC7216331.pdf","178","179","Cobalamin and folate status in malnourished children","verified",""
"pre.zip/PMC7216331.pdf","180","181","Vitamin B-12 status in infancy is positively associated with development and cognitive functioning 5 y later in Nepalese children","verified",""
"pre.zip/PMC7216331.pdf","182","183","Vitamin B12-dependent taurine synthesis regulates growth and bone mass","verified",""
"pre.zip/PMC7216331.pdf","183","184","Human gut microbes use multiple transporters to distinguish vitamin B12 analogs and compete in the gut","verified",""
"pre.zip/PMC7216331.pdf","184","185","Identification and quantitation of cobalamin and cobalamin analogues in human feces","verified",""
"pre.zip/PMC7216331.pdf","188","189","Human gut Bacteroides capture vitamin B12 via cell surfaceexposed lipoproteins","verified",""
"pre.zip/PMC7216331.pdf","189","190","Vitamin B12 uptake by the gut commensal bacteria bacteroides thetaiotaomicron limits the production of shiga toxin by enterohemorrhagic escherichia coli","verified",""
"pre.zip/PMC7227089.pdf","1","2","Facing up to the prescription opioid crisis","verified",""
"pre.zip/PMC7227089.pdf","2","3","The triple wave epidemic: supply and demand drivers of the US opioid overdose crisis","verified",""
"pre.zip/PMC7227089.pdf","3","4","The changing face of heroin use in the United States: a retrospective analysis of the past 50 years","verified",""
"pre.zip/PMC7227089.pdf","4","5","Association between opioid prescribing patterns and opioid overdose-related deaths","verified",""
"pre.zip/PMC7227089.pdf","5","6","Initiation into prescription opioid misuse amongst young injection drug users","verified",""
"pre.zip/PMC7227089.pdf","7","8","Opioid prescribing trends and geographical variation in England, 1998–2018: a retrospective database study","verified",""
"pre.zip/PMC7227089.pdf","8","9","Changes in trends and pattern of strong opioid prescribing in primary care","verified",""
"pre.zip/PMC7227089.pdf","11","12","Patterns of regional variation of opioid prescribing in primary care in england: a retrospective observational study","verified",""
"pre.zip/PMC7227089.pdf","13","14","Prescribed opioids in primary care: cross-sectional and longitudinal analyses of influence of patient and practice characteristics","verified",""
"pre.zip/PMC7227089.pdf","14","15","Assessment of opioid prescribing practices before and after implementation of a health system intervention to reduce opioid overprescribing","verified",""
"pre.zip/PMC7227089.pdf","21","22","A synthesis of oral morphine equivalents (ome) for opioid utilisation studies","verified",""
"pre.zip/PMC7232839.pdf","1","2","18:133 Page 10 of 11","not_found","uncertain"
"pre.zip/PMC7232839.pdf","4","5","18:133 Page 11 of 11","not_found","uncertain"
"pre.zip/PMC7232839.pdf","0","1","High hospital research participation and improved colorectal cancer survival outcomes: a population-based study","verified",""
"pre.zip/PMC7232839.pdf","3","4","Modelling conditions and health care processes in electronic health records: an application to severe mental illness with the Clinical Practice Research Datalink","verified",""
"pre.zip/PMC7255908.pdf","1","2","Circulation 2020","not_found","real"
"pre.zip/PMC7255908.pdf","3","4","JAMA Internal Med","not_found","real"
"pre.zip/PMC7255908.pdf","9","10","Measuring use of health services by equality group","not_found","real"
"pre.zip/PMC7255908.pdf","11","12","Dynamic linkage of COVID-19 test results between Public Health England’s Second Generation Surveillance System and UK Biobank; 2020","not_found","hallucinated"
"pre.zip/PMC7255908.pdf","13","14","J Soc Policy. 1987;16(2):125–46","not_found","real"
"pre.zip/PMC7255908.pdf","17","18","Standard occupational classification 2000","not_found","real"
"pre.zip/PMC7255908.pdf","19","20","Oxford: Oxford University Press; 2014","not_found","real"
"pre.zip/PMC7255908.pdf","20","21","J Epidemiol Community Health. 2005;59(12):1014–8","not_found","real"
"pre.zip/PMC7255908.pdf","24","25","Coronavirus (COVID-19) related deaths by ethnic group, England and Wales: 2 March 2020 to 10 April 2020","not_found","real"
"pre.zip/PMC7255908.pdf","25","26","Asian and Minority Ethnic groups in England are at increased risk of death from COVID-19: indirect standardisation of NHS mortality data [version 1; peer review: awaiting peer review]","not_found","real"
"pre.zip/PMC7255908.pdf","31","32","Racial and ethnic differences in cardiovascular disease risk factors: a systematic review","not_found","real"
"pre.zip/PMC7255908.pdf","34","35","","not_found","real"
"pre.zip/PMC7255908.pdf","35","36","Patterns of mortality by occupation in the United Kingdom, 1991-2011: a comparative analysis of linked census-mortality records over time and place","not_found","real"
"pre.zip/PMC7255908.pdf","39","40","18:160 Page 13 of 14 admissions, and mortality by ethnicity: population-based cohort study of health-system performance in Scotland","not_found","uncertain"
"pre.zip/PMC7255908.pdf","4","5","Compounding Health Risks and Increased Vulnerability to SARS-CoV-2 for Racial and Ethnic Minorities and Low Socioeconomic Status Individuals in the United States","mismatch","real"
"pre.zip/PMC7255908.pdf","10","11","UK biobank: an open access resource for identifying the causes of a wide range of complex diseases of middle and old age","mismatch","uncertain"
"pre.zip/PMC7255908.pdf","2","3","Clinical course and risk factors for mortality of adult inpatients with COVID-19 in Wuhan, China: a retrospective cohort study","verified",""
"pre.zip/PMC7255908.pdf","5","6","Protection of racial/ethnic minority populations during an influenza pandemic","verified",""
"pre.zip/PMC7255908.pdf","6","7","Is ethnicity linked to incidence or outcomes of covid-19? BMJ. 2020;369:m1548","verified",""
"pre.zip/PMC7255908.pdf","7","8","A sense of place: retirement decisions among older Black and minority ethnic people","verified",""
"pre.zip/PMC7255908.pdf","8","9","Demographic science aids in understanding the spread and fatality rates of COVID-19","verified",""
"pre.zip/PMC7255908.pdf","14","15","Cognitive ability and physical health: a Mendelian randomization study","verified",""
"pre.zip/PMC7255908.pdf","15","16","Psychological distress by age at migration and duration of residence in Sweden","verified",""
"pre.zip/PMC7255908.pdf","16","17","Relationship between multimorbidity, demographic factors and mortality: findings from the UK Biobank cohort","verified",""
"pre.zip/PMC7255908.pdf","18","19","A modified Poisson regression approach to prospective studies with binary data","verified",""
"pre.zip/PMC7255908.pdf","21","22","Collider scope: when selection bias can substantially influence observed associations","verified",""
"pre.zip/PMC7255908.pdf","22","23","Collider bias undermines our understanding of COVID-19 disease risk and severity","verified",""
"pre.zip/PMC7255908.pdf","23","24","Comparison of risk factor associations in UK Biobank against representative, general population based studies with conventional response rates: prospective cohort study and individual participant meta-analysis","verified",""
"pre.zip/PMC7255908.pdf","26","27","The contribution of risk factors to socioeconomic inequalities in multimorbidity across the lifecourse: a longitudinal analysis of the Twenty-07 cohort","verified",""
"pre.zip/PMC7255908.pdf","27","28","Ethnic disparities in diabetes management and pay-for-performance in the UK: the Wandsworth prospective diabetes study","verified",""
"pre.zip/PMC7255908.pdf","29","30","Incidence, clinical characteristics and prognostic factor of patients with COVID-19: a systematic review and meta-analysis","verified",""
"pre.zip/PMC7255908.pdf","30","31","Estimating excess 1-year mortality associated with the COVID-19 pandemic according to underlying conditions and age: a population-based cohort study","verified",""
"pre.zip/PMC7255908.pdf","37","38","The UCL & Lancet Commission on Migration and Health: the health of a world on the move","verified",""
"pre.zip/PMC7255908.pdf","38","39","Interventions to reduce racial and ethnic disparities in health care","verified",""
"pre.zip/PMC7255908.pdf","40","41","Mitigating the wider health effects of covid-19 pandemic response","verified",""
"pre.zip/PMC7271537.pdf","5","6","Diabetes. 1998;47(11):1663–70","not_found","real"
"pre.zip/PMC7271537.pdf","10","11","Clin Ther. 2008;30(3):499–512","not_found","hallucinated"
"pre.zip/PMC7271537.pdf","13","14","J Am Stat Assoc. 1999, 94 :496–509","not_found","hallucinated"
"pre.zip/PMC7271537.pdf","0","1","Epidemiology of cardiovascular complications in type 2 diabetes mellitus","verified",""
"pre.zip/PMC7271537.pdf","1","2","Glucose-lowering therapies in patients with type 2 diabetes and cardiovascular diseases","verified",""
"pre.zip/PMC7271537.pdf","2","3","Assessing the cardiovascular safety of diabetes therapies","verified",""
"pre.zip/PMC7271537.pdf","3","4","Effect of rosiglitazone on the risk of myocardial infarction and death from cardiovascular causes","verified",""
"pre.zip/PMC7271537.pdf","4","5","Academic perspectives on the United States Food and Drug Administration's guidance for industry on diabetes mellitus","verified",""
"pre.zip/PMC7271537.pdf","6","7","Alogliptin after acute coronary syndrome in patients with type 2 diabetes","verified",""
"pre.zip/PMC7271537.pdf","7","8","Heart failure and mortality outcomes in patients with type 2 diabetes taking alogliptin versus placebo in EXAMINE: a multicentre, randomised, double-blind trial","verified",""
"pre.zip/PMC7271537.pdf","8","9","Associations of kidney disease measures with mortality and end-stage renal disease in individuals with and without diabetes: a meta-analysis","verified",""
"pre.zip/PMC7271537.pdf","9","10","Risk of coronary events in people with chronic kidney disease compared with those with diabetes: a population-level cohort study","verified",""
"pre.zip/PMC7271537.pdf","11","12","EXamination of cArdiovascular outcoMes with alogliptIN versus standard of carE in patients with type 2 diabetes mellitus and acute coronary syndrome (EXAMINE): a Ferreira et al","verified",""
"pre.zip/PMC7271537.pdf","12","13","A new equation to estimate glomerular filtration rate","verified",""
"pre.zip/PMC7271537.pdf","14","15","Cardiovascular safety signals with dipeptidyl peptidase-4 inhibitors: a disproportionality analysis among high-risk patients","verified",""
"pre.zip/PMC7271537.pdf","15","16","Clinical pharmacology of alogliptin, a dipeptidyl peptidase-4 inhibitor, for the treatment of type 2 diabetes","verified",""
"pre.zip/PMC7271537.pdf","16","17","Effects of alogliptin in chronic kidney disease patients with type 2 diabetes","verified",""
"pre.zip/PMC7271537.pdf","17","18","Pharmacokinetics and clinical use of incretin-based therapies in patients with chronic kidney disease and type 2 diabetes","verified",""
"pre.zip/PMC7271537.pdf","18","19","Effect of sitagliptin on cardiovascular outcomes in type 2 diabetes","verified",""
"pre.zip/PMC7271537.pdf","19","20","Saxagliptin and cardiovascular outcomes in patients with type 2 diabetes mellitus","verified",""
"pre.zip/PMC7271537.pdf","20","21","Effect of linagliptin vs glimepiride on major adverse cardiovascular outcomes in patients with type 2 diabetes: the CAROLINA randomized clinical trial","verified",""
"pre.zip/PMC7271537.pdf","21","22","Effect of linagliptin vs placebo on major cardiovascular events in adults with type 2 diabetes and high cardiovascular and renal risk: the CARMELINA randomized clinical trial","verified",""
"pre.zip/PMC7271537.pdf","22","23","Dipeptidyl peptidase-4 inhibitors in chronic kidney disease: a systematic review of randomized clinical trials","verified",""
"pre.zip/PMC7282125.pdf","10","11","18:131 Page 10 of 11 Neuropsychology, development, and cognition Section B, Aging, neuropsychology and cognition. 2004;11(2):325–45","not_found","uncertain"
"pre.zip/PMC7282125.pdf","20","21","HRS polygenic scores—release 2: 2006– 2012 genetic data","not_found","real"
"pre.zip/PMC7282125.pdf","23","24","Stata Statistical Software: Release 15","not_found","real"
"pre.zip/PMC7282125.pdf","25","26","Genetically predicted body mass index and Alzheimer’s disease-related phenotypes in three large samples: Mendelian randomization analyses","not_found","real"
"pre.zip/PMC7282125.pdf","32","33","Men: good health and high mortality","not_found","real"
"pre.zip/PMC7282125.pdf","0","1","Obesity: global epidemiology and pathogenesis","verified",""
"pre.zip/PMC7282125.pdf","1","2","Impacts of overweight and obesity in older age on the risk of dementia: a systematic literature review and a meta-analysis","verified",""
"pre.zip/PMC7282125.pdf","2","3","The relationship between obesity and cognitive health and decline","verified",""
"pre.zip/PMC7282125.pdf","3","4","Role of genes and environments for explaining Alzheimer disease","verified",""
"pre.zip/PMC7282125.pdf","4","5","Variation in the heritability of body mass index based on diverse twin studies: a systematic review","verified",""
"pre.zip/PMC7282125.pdf","5","6","Meta-analysis of genome-wide association studies for height and body mass index in ∼700000 individuals of European ancestry","verified",""
"pre.zip/PMC7282125.pdf","6","7","The influence of age and sex on genetic associations with adult body size and shape: a large-scale genome-wide interaction study","verified",""
"pre.zip/PMC7282125.pdf","7","8","Longitudinal analysis of genetic susceptibility and BMI throughout adult life","verified",""
"pre.zip/PMC7282125.pdf","8","9","The Swedish Twin Registry: establishment of a biobank and other recent developments","verified",""
"pre.zip/PMC7282125.pdf","9","10","Cohort profile: the health and retirement study (HRS)","verified",""
"pre.zip/PMC7282125.pdf","11","12","Gender and health: a study of older unlike-sex twins","verified",""
"pre.zip/PMC7282125.pdf","12","13","Substantial genetic influence on cognitive abilities in twins 80 or more years old","verified",""
"pre.zip/PMC7282125.pdf","13","14","Complete ascertainment of dementia in the Swedish Twin Registry: the HARMONY study","verified",""
"pre.zip/PMC7282125.pdf","14","15","Detection of dementia cases in two Swedish health registers: a validation study","verified",""
"pre.zip/PMC7282125.pdf","15","16","Assessment of cognition using surveys and neuropsychological assessment: the Health and Retirement Study and the Aging, Demographics, and Memory Study","verified",""
"pre.zip/PMC7282125.pdf","16","17","A comparison of the prevalence of dementia in the United States in 2000 and 2012","verified",""
"pre.zip/PMC7282125.pdf","17","18","Comparison of methods for algorithmic classification of dementia status in the health and retirement study","verified",""
"pre.zip/PMC7282125.pdf","18","19","Research review: polygenic methods and their application to psychiatric traits","verified",""
"pre.zip/PMC7282125.pdf","19","20","Genetic meta-analysis of diagnosed Alzheimer’s disease identifies new risk loci and implicates Aβ, tau, immunity and lipid processing","verified",""
"pre.zip/PMC7282125.pdf","21","22","Genetic studies of body mass index yield new insights for obesity biology","verified",""
"pre.zip/PMC7282125.pdf","22","23","Meta-analysis of 74,046 individuals identifies 11 new susceptibility loci for Alzheimer’s disease","verified",""
"pre.zip/PMC7282125.pdf","24","25","Midlife overweight and obesity increase late-life dementia risk: a population-based twin study","verified",""
"pre.zip/PMC7282125.pdf","26","27","Causal associations between risk factors and common diseases inferred from GWAS summary data","verified",""
"pre.zip/PMC7282125.pdf","27","28","BMI and risk of dementia in two million people over two decades: a retrospective cohort study","verified",""
"pre.zip/PMC7282125.pdf","28","29","Does midlife obesity really lower dementia risk?","verified",""
"pre.zip/PMC7282125.pdf","29","30","Trajectory of blood pressure, body mass index, cholesterol and incident dementia: systematic review","verified",""
"pre.zip/PMC7282125.pdf","30","31","Five-decade trajectories in body mass index in relation to dementia death: follow-up of 33,083 male Harvard University alumni","verified",""
"pre.zip/PMC7282125.pdf","31","32","Heterogeneity in obesity: genetic basis and metabolic consequences","verified",""
"pre.zip/PMC7282125.pdf","33","34","Agreement between self-reported and measured height, weight and body mass index in old age--a longitudinal study with 20 years of follow-up","verified",""
"pre.zip/PMC7282125.pdf","34","35","Accuracy of recalled body weight--a study with 20-years of follow-up","verified",""
"pre.zip/PMC7282125.pdf","35","36","Getting better all the time? Selective attrition and compositional changes in longitudinal and life-course studies","verified",""
"pre.zip/PMC7282125.pdf","36","37","The Swedish cause of death register","verified",""
"pre.zip/PMC7288513.pdf","0","1","SACN statement on iodine and health: Public Health England; 2014","not_found","real"
"pre.zip/PMC7288513.pdf","23","24","Age-and sex-adjusted iodine/creatinine ratio","not_found","real"
"pre.zip/PMC7288513.pdf","29","30","Iodine nutrition in pregnancy and lactation","not_found","real"
"pre.zip/PMC7288513.pdf","14","15","Cohort profile: the Born in Bradford multi-ethnic family cohort study","mismatch","real"
"pre.zip/PMC7288513.pdf","21","22","Risk factors for congenital anomaly in a multiethnic birth cohort: an analysis of the Born in Bradford study","mismatch","real"
"pre.zip/PMC7288513.pdf","25","26","Multiple imputation using chained equations: issues and guidance for practice","mismatch","real"
"pre.zip/PMC7288513.pdf","27","28","Environmental tobacco smoke and fetal health: systematic review and meta-analysis","mismatch","real"
"pre.zip/PMC7288513.pdf","1","2","The importance of adequate iodine during pregnancy and infancy","verified",""
"pre.zip/PMC7288513.pdf","2","3","Assessment of iodine deficiency disorders and monitoring their elimination","verified",""
"pre.zip/PMC7288513.pdf","3","4","Iodine levels and thyroid hormones in healthy pregnant women and birth weight of their offspring","verified",""
"pre.zip/PMC7288513.pdf","4","5","Maternal urinary iodine concentration up to 1.0 mg/L is positively associated with birth weight, length, and head circumference of male offspring","verified",""
"pre.zip/PMC7288513.pdf","5","6","Maternal thyroid dysfunction during gestation, preterm delivery, and birthweight","verified",""
"pre.zip/PMC7288513.pdf","6","7","Maternal iodine insufficiency and adverse pregnancy outcomes","verified",""
"pre.zip/PMC7288513.pdf","7","8","Maternal iodine insufficiency and excess are associated with adverse effects on fetal growth: a prospective cohort study in Wuhan, China","verified",""
"pre.zip/PMC7288513.pdf","8","9","Effect of iodine nutrition on pregnancy outcomes in an iodine-sufficient area in China","verified",""
"pre.zip/PMC7288513.pdf","9","10","Associations of maternal iodine status and thyroid function with adverse pregnancy outcomes in Henan province of China","verified",""
"pre.zip/PMC7288513.pdf","10","11","Iodine status during pregnancy in a region of mild-to-moderate iodine deficiency is not associated with adverse obstetric outcomes; results from the Avon Longitudinal Study of Parents and Children (ALSPAC)","verified",""
"pre.zip/PMC7288513.pdf","11","12","Maternal iodine status and associations with birth outcomes in three major cities in the United Kingdom","verified",""
"pre.zip/PMC7288513.pdf","12","13","Birthweight and mortality in adulthood: a systematic review and meta-analysis","verified",""
"pre.zip/PMC7288513.pdf","13","14","Iodine deficiency in pregnant women in Europe","verified",""
"pre.zip/PMC7288513.pdf","15","16","EQUIP: a worldwide program to ensure the quality of urinary iodine procedures","verified",""
"pre.zip/PMC7288513.pdf","17","18","Customized growth charts: rationale, validation and clinical benefits","verified",""
"pre.zip/PMC7288513.pdf","19","20","Sonographic estimation of fetal age and weight","verified",""
"pre.zip/PMC7288513.pdf","20","21","Smaller kidney size at birth in South Asians: findings from the Born in Bradford birth cohort study","verified",""
"pre.zip/PMC7288513.pdf","22","23","Improving case ascertainment of congenital anomalies: findings from a prospective birth cohort with detailed primary care record linkage","verified",""
"pre.zip/PMC7288513.pdf","24","25","Regression standard errors in clustered samples","verified",""
"pre.zip/PMC7288513.pdf","26","27","Studying seasonality by using sine and cosine functions in regression analysis","verified",""
"pre.zip/PMC7288513.pdf","28","29","Iodine-deficiency disorders","verified",""
"pre.zip/PMC7288513.pdf","30","31","Variation in iodine handling during normal pregnancy","verified",""
"pre.zip/PMC7288513.pdf","31","32","No increase in renal iodine excretion during pregnancy: a telling comparison between pregnant women and their spouses","verified",""
"pre.zip/PMC7288513.pdf","32","33","National Diet and Nutrition Survey","verified",""
"pre.zip/PMC7288513.pdf","33","34","Socioeconomic disparities in adverse birth outcomes: a systematic review","verified",""
"pre.zip/PMC7288513.pdf","35","36","Iodine and pregnancy-a qualitative study focusing on dietary guidance and information","verified",""
"pre.zip/PMC7288513.pdf","36","37","The urine iodine to creatinine as an optimal index of iodine during pregnancy in an iodine adequate area in China","verified",""
"pre.zip/PMC7288513.pdf","37","38","Random measurement error and regression dilution bias","verified",""
"pre.zip/PMC7288513.pdf","38","39","Update on iodine status worldwide","verified",""
"pre.zip/PMC7288513.pdf","39","40","Low birth weight leads to obesity, diabetes and increased leptin levels in adults: the CoLaus study","verified",""
"pre.zip/PMC7288513.pdf","40","41","Birth weight and subsequent risk of cancer","verified",""
"pre.zip/PMC7298784.pdf","24","25","Nucleic Acids Res. 2008; 37(suppl_1):D489–93","not_found","real"
"pre.zip/PMC7298784.pdf","82","83","Parkinson’s disease and Parkinson’s disease medications have distinct signatures of the gut microbiome","not_found","real"
"pre.zip/PMC7298784.pdf","38","39","Antibiotics use and risk of amyotrophic lateral sclerosis in Sweden","mismatch","real"
"pre.zip/PMC7298784.pdf","1","2","Microbial genes, brain & behaviour– epigenetic regulation of the gut–brain axis","verified",""
"pre.zip/PMC7298784.pdf","2","3","Gut microbiota are related to Parkinson’s disease and clinical phenotype","verified",""
"pre.zip/PMC7298784.pdf","3","4","Gut microbiota in patients with Parkinson’s disease in southern China","verified",""
"pre.zip/PMC7298784.pdf","4","5","Gut microbiota is altered in patients with Alzheimer’s disease","verified",""
"pre.zip/PMC7298784.pdf","5","6","Decoding ALS: from genes to mechanism","verified",""
"pre.zip/PMC7298784.pdf","6","7","Multiple sclerosis patients have a distinct gut microbiota compared to healthy controls","verified",""
"pre.zip/PMC7298784.pdf","7","8","The gut microbiota and Alzheimer’s disease","verified",""
"pre.zip/PMC7298784.pdf","8","9","Alterations of the human gut microbiome in multiple sclerosis","verified",""
"pre.zip/PMC7298784.pdf","9","10","Hypothesis: a motor neuron toxin produced by a clostridial species residing in gut causes ALS","verified",""
"pre.zip/PMC7298784.pdf","10","11","Potential roles of gut microbiome and metabolites in modulating ALS in mice","verified",""
"pre.zip/PMC7298784.pdf","11","12","The fecal microbiome of ALS patients","verified",""
"pre.zip/PMC7298784.pdf","12","13","Gut inflammation and dysbiosis in human motor neuron disease","verified",""
"pre.zip/PMC7298784.pdf","13","14","A revision of the El Escorial criteria-2015","verified",""
"pre.zip/PMC7298784.pdf","14","15","The in vitro effectiveness of Lactobacillus fermentum against different Candida species compared with broadly used azoles","verified",""
"pre.zip/PMC7298784.pdf","15","16","Assessment of the in vitro inhibitory activity of specific probiotic bacteria against different Escherichia coli strains","verified",""
"pre.zip/PMC7298784.pdf","17","18","New approach in acne therapy: a specific bacteriocin activity and a targeted anti IL-8 property in just 1 probiotic strain, the L. salivarius LS03","verified",""
"pre.zip/PMC7298784.pdf","18","19","Influence of intrapartum antibiotic prophylaxis against group B Streptococcus on the early newborn gut composition and evaluation of the anti-Streptococcus activity of Bifidobacterium strains","verified",""
"pre.zip/PMC7298784.pdf","19","20","Real-time PCR quantification of the predominant bacterial divisions in the distal gut of Meishan and Landrace pigs","verified",""
"pre.zip/PMC7298784.pdf","20","21","Real-time quantitative PCR (QPCR) and reverse transcription-QPCR for detection and enumeration of total yeasts in wine","verified",""
"pre.zip/PMC7298784.pdf","21","22","Comparison of real-time PCR with SYBR Green I or 5′-nuclease assays and dot-blot hybridization with rDNA-targeted oligonucleotide probes in quantification of selected faecal bacteria","verified",""
"pre.zip/PMC7298784.pdf","22","23","Effect of Bifidobacterium breve on the intestinal microbiota of coeliac children on a gluten free diet: a pilot study","verified",""
"pre.zip/PMC7298784.pdf","23","24","Three-month feeding integration with bifidobacterium strains prevents gastrointestinal symptoms in healthy newborns","verified",""
"pre.zip/PMC7298784.pdf","25","26","The European ribosomal RNA database","verified",""
"pre.zip/PMC7298784.pdf","27","28","An application of PCR-DGGE analysis to profile the yeast populations in raw milk","verified",""
"pre.zip/PMC7298784.pdf","28","29","Detection and identification of gastrointestinallactobacillus species by using denaturing gradient gel electrophoresis and species-specific pcr primers","verified",""
"pre.zip/PMC7298784.pdf","29","30","Microbial investigation on honey bee larvae showing atypical symptoms of European foulbrood","verified",""
"pre.zip/PMC7298784.pdf","30","31","Development of a prokaryotic universal primer for simultaneous analysis of bacteria and archaea using next-generation sequencing","verified",""
"pre.zip/PMC7298784.pdf","31","32","FLASH: fast length adjustment of short reads to improve genome assemblies","verified",""
"pre.zip/PMC7298784.pdf","32","33","QIIME allows analysis of high-throughput community sequencing data","verified",""
"pre.zip/PMC7298784.pdf","33","34","Chimeric 16S rRNA sequence formation and detection in Sanger and 454-pyrosequenced PCR amplicons","verified",""
"pre.zip/PMC7298784.pdf","34","35","Search and clustering orders of magnitude faster than BLAST","verified",""
"pre.zip/PMC7298784.pdf","35","36","PyNAST: a flexible tool for aligning sequences to a template alignment","verified",""
"pre.zip/PMC7298784.pdf","36","37","The SILVA ribosomal RNA gene database project: improved data processing and web-based tools","verified",""
"pre.zip/PMC7298784.pdf","37","38","Intestinal dysbiosis associated with systemic lupus erythematosus","verified",""
"pre.zip/PMC7298784.pdf","39","40","Evidence of compromised blood-spinal cord barrier in early and late symptomatic SOD1 mice modeling ALS","verified",""
"pre.zip/PMC7298784.pdf","40","41","Fungal microbiota dysbiosis in IBD","verified",""
"pre.zip/PMC7298784.pdf","41","42","A human gut microbial gene catalogue established by metagenomic sequencing","verified",""
"pre.zip/PMC7298784.pdf","42","43","Biomagnification of cycad neurotoxins in flying foxes: implications for ALS-PDC in Guam","verified",""
"pre.zip/PMC7298784.pdf","43","44","Neurotoxic flying foxes as dietary items for the Chamorro people, Marianas Islands","verified",""
"pre.zip/PMC7298784.pdf","44","45","Cycad neurotoxins, consumption of flying foxes, and ALS-PDC disease in Guam","verified",""
"pre.zip/PMC7298784.pdf","45","46","Biomagnification of cyanobacterial neurotoxins and neurodegenerative disease among the Chamorro people of Guam","verified",""
"pre.zip/PMC7298784.pdf","46","47","Cyanobacteria, cycads, and neurodegenerative disease among the Chamorro people of Guam","verified",""
"pre.zip/PMC7298784.pdf","47","48","A mechanism for slow release of biomagnified cyanobacterial neurotoxins and neurodegenerative disease in Guam","verified",""
"pre.zip/PMC7298784.pdf","48","49","Excitotoxicity and the NMDA receptor--still lethal after eight years","verified",""
"pre.zip/PMC7298784.pdf","49","50","The cycad neurotoxic amino acid, ß-N-methylamino-l-alanine (BMAA), elevates intracellular calcium levels in dissociated rat brain cells","verified",""
"pre.zip/PMC7298784.pdf","50","51","Beta-methylamino-alanine (BMAA) injures hippocampal neurons in vivo","verified",""
"pre.zip/PMC7298784.pdf","51","52","BMAA selectively injures motor neurons via AMPA/kainate receptor activation","verified",""
"pre.zip/PMC7298784.pdf","52","53","Guam amyotrophic lateral sclerosis-parkinsonism-dementia linked to a plant excitant neurotoxin","verified",""
"pre.zip/PMC7298784.pdf","53","54","Molecular mechanisms of neurotoxin action on voltagegated sodium channels","verified",""
"pre.zip/PMC7298784.pdf","54","55","Saxitoxin, a toxic marine natural product that targets a multitude of receptors","verified",""
"pre.zip/PMC7298784.pdf","55","56","Microcystin congener–and concentration-dependent induction of murine neuron apoptosis and neurite degeneration","verified",""
"pre.zip/PMC7298784.pdf","56","57","Pathological and biochemical characterization of microcystin-induced hepatopancreas and kidney damage in carp (Cyprinus carpio)","verified",""
"pre.zip/PMC7298784.pdf","57","58","Inhibition of protein phosphatases by microcystis and nodularin associated with hepatotoxicity","verified",""
"pre.zip/PMC7298784.pdf","58","59","Modulation of mucosal immune response, tolerance, and proliferation in mice colonized by the mucin-degrader Akkermansia muciniphila","verified",""
"pre.zip/PMC7298784.pdf","59","60","Induction of colonic regulatory T cells by indigenous Clostridium species","verified",""
"pre.zip/PMC7298784.pdf","60","61","Enterobacteriaceae act in concert with the gut microbiota to induce spontaneous and maternally transmitted colitis","verified",""
"pre.zip/PMC7298784.pdf","61","62","Mucosal and invading bacteria in patients with inflammatory bowel disease compared with controls","verified",""
"pre.zip/PMC7298784.pdf","62","63","Mind-altering microorganisms: the impact of the gut microbiota on brain and behaviour","verified",""
"pre.zip/PMC7298784.pdf","63","64","Altered fecal microbiota composition in patients with major depressive disorder","verified",""
"pre.zip/PMC7298784.pdf","64","65","Human gut microbiome and risk for colorectal cancer","verified",""
"pre.zip/PMC7298784.pdf","65","66","Fecal microbiota and metabolome of children with autism and pervasive developmental disorder not otherwise specified","verified",""
"pre.zip/PMC7298784.pdf","66","67","Differences between the gut microflora of children with autistic spectrum disorders and that of healthy children","verified",""
"pre.zip/PMC7298784.pdf","67","68","Untangling the genetic basis of fibrolytic specialization by Lachnospiraceae and Ruminococcaceae in diverse gut communities","verified",""
"pre.zip/PMC7298784.pdf","68","69","Isolation and identification of equol-producing bacterial strains from cultures of pig faeces","verified",""
"pre.zip/PMC7298784.pdf","69","70","Equol is neuroprotective during focal cerebral ischemia and reperfusion that involves p-Src and gp91phox","verified",""
"pre.zip/PMC7298784.pdf","70","71","Citrobacter rodentium: infection, inflammation and the microbiota","verified",""
"pre.zip/PMC7298784.pdf","71","72","Host-mediated inflammation disrupts the intestinal microbiota and promotes the overgrowth of Enterobacteriaceae","verified",""
"pre.zip/PMC7298784.pdf","72","73","Characterization of the gut microbial community of obese patients following a weight-loss intervention using whole metagenome shotgun sequencing","verified",""
"pre.zip/PMC7298784.pdf","73","74","Association between nutritional status and disease severity using the amyotrophic lateral sclerosis (ALS) functional rating scale in ALS patients","verified",""
"pre.zip/PMC7298784.pdf","74","75","Psychobiotics: a novel class of psychotropic","verified",""
"pre.zip/PMC7298784.pdf","75","76","Formation of propionate and butyrate by the human colonic microbiota","verified",""
"pre.zip/PMC7298784.pdf","77","78","Dose–response efficacy of a proprietary probiotic formula of Lactobacillus acidophilus CL1285 and Lactobacillus casei LBC80R for antibiotic-associated diarrhea and Clostridium difficile-associated diarrhea prophylaxis in adult patients","verified",""
"pre.zip/PMC7298784.pdf","78","79","Inhibition of Clostridium difficile strains by intestinal Lactobacillus species","verified",""
"pre.zip/PMC7298784.pdf","79","80","Probiotics for the prevention of Clostridium difficile–associated diarrhea: a systematic review and meta-analysis","verified",""
"pre.zip/PMC7298784.pdf","80","81","Probiotics for the prevention of Clostridium difficile-associated diarrhea in adults and children","verified",""
"pre.zip/PMC7298784.pdf","81","82","Oral probiotic combination of Lactobacillus and Bifidobacterium alters the gastrointestinal microbiota during antibiotic treatment for Clostridium difficile infection","verified",""
"pre.zip/PMC7298784.pdf","83","84","Environmental and gut bacteroidetes: the food connection","verified",""
"pre.zip/PMC7298784.pdf","84","85","Dynamic distribution of the gut microbiota and the relationship with apparent crude fiber digestibility and growth stages in pigs","verified",""
"pre.zip/PMC7315687.pdf","0","1","COVID-19 and risks to the supply and quality of tests, drugs, and vaccines","verified",""
"pre.zip/PMC7315687.pdf","2","3","Access to medicines from a health system perspective","verified",""
"pre.zip/PMC7315687.pdf","3","4","Driving a decade of change: HIV/AIDS, patents and access to medicines for all","verified",""
"pre.zip/PMC7315687.pdf","4","5","Pathways to ensure universal and affordable access to hepatitis C treatment","verified",""
"pre.zip/PMC7315687.pdf","5","6","Analyzing the impact of trade and investment agreements on pharmaceutical policy: provisions, pathways and potential impacts","verified",""
"pre.zip/PMC7360473.pdf","12","13","Human genomics","not_found","real"
"pre.zip/PMC7360473.pdf","16","17","Age-related expression of SARS-CoV-2 primining protease TMPRSS2 in the developing lung","not_found","hallucinated"
"pre.zip/PMC7360473.pdf","26","27","The COVID-19 host genetics Initiative, a global initiative to elucidate the role of host genetic factors in susceptibility and severity of the SARS-CoV-2 virus pandemic","not_found","real"
"pre.zip/PMC7360473.pdf","6","7","Single-cell RNA-seq data analysis on the receptor ACE2 expression reveals the potential risk of different human organs vulnerable to 2019-nCoV infection","mismatch","real"
"pre.zip/PMC7360473.pdf","15","16","SARS-CoV-2 transmission in patients with cancer at a tertiary care hospital in Wuhan","mismatch","real"
"pre.zip/PMC7360473.pdf","0","1","Insights into the recent 2019 novel coronavirus (SARS-CoV-2) in light of past human coronavirus outbreaks","verified",""
"pre.zip/PMC7360473.pdf","1","2","An interactive web-based dashboard to track COVID-19 in real time","verified",""
"pre.zip/PMC7360473.pdf","2","3","Epidemiology of COVID-19 among children in China","verified",""
"pre.zip/PMC7360473.pdf","3","4","Analysis of protein-coding genetic variation in 60,706 humans","verified",""
"pre.zip/PMC7360473.pdf","4","5","SARS-CoV-2 cell entry depends on ACE2 and TMPRSS2 and is blocked by a clinically proven protease inhibitor","verified",""
"pre.zip/PMC7360473.pdf","5","6","TMPRSS2 and COVID-19: serendipity or opportunity for intervention? Cancer Discov. 2020; 10(6):779–82","verified",""
"pre.zip/PMC7360473.pdf","7","8","Cardiovascular implications of fatal outcomes of patients with coronavirus disease 2019 (COVID-19)","verified",""
"pre.zip/PMC7360473.pdf","8","9","ANNOVAR: functional annotation of genetic variants from high-throughput sequencing data","verified",""
"pre.zip/PMC7360473.pdf","9","10","Receptor and viral determinants of SARS-coronavirus adaptation to human ACE2","verified",""
"pre.zip/PMC7360473.pdf","10","11","SARS-CoV2: should inhibitors of the renin-angiotensin system be withdrawn in patients with COVID-19? Eur Heart J. 2020;41(19):1801–3","verified",""
"pre.zip/PMC7360473.pdf","11","12","TMPRSS2 and ADAM17 cleave ACE2 differentially and only proteolysis by TMPRSS2 augments entry driven by the severe acute respiratory syndrome coronavirus spike protein","verified",""
"pre.zip/PMC7360473.pdf","13","14","QTLbase: an integrative resource for quantitative trait loci across multiple human molecular phenotypes","verified",""
"pre.zip/PMC7360473.pdf","14","15","Wild-type human coronaviruses prefer cell-surface TMPRSS2 to endosomal cathepsins for cell entry","verified",""
"pre.zip/PMC7360473.pdf","17","18","Identifying genetic variants that affect viability in large cohorts","verified",""
"pre.zip/PMC7360473.pdf","18","19","Network-based drug repurposing for novel coronavirus 2019-nCoV/SARS-CoV-2","verified",""
"pre.zip/PMC7360473.pdf","19","20","Pharmacologic treatments for coronavirus disease 2019 (COVID-19): a review","verified",""
"pre.zip/PMC7360473.pdf","20","21","New insights into the antiviral effects of chloroquine","verified",""
"pre.zip/PMC7360473.pdf","21","22","Association of treatment with hydroxychloroquine or azithromycin with in-hospital mortality in patients with COVID-19 in New York state","verified",""
"pre.zip/PMC7360473.pdf","22","23","Tectonic conformational changes of a coronavirus spike glycoprotein promote membrane fusion","verified",""
"pre.zip/PMC7360473.pdf","23","24","A transmembrane serine protease is linked to the severe acute respiratory syndrome coronavirus receptor and activates virus entry","verified",""
"pre.zip/PMC7360473.pdf","24","25","Inhibitors of cathepsin L prevent severe acute respiratory syndrome coronavirus entry","verified",""
"pre.zip/PMC7360473.pdf","25","26","Structural basis for the recognition of SARS-CoV-2 by full-length human ACE2","verified",""
"pre.zip/PMC7360473.pdf","27","28","Genomewide association study of severe Covid-19 with respiratory failure","verified",""
"pre.zip/PMC7360476.pdf","6","7","Sex difference and smoking predisposition in patients with COVID-19","not_found","real"
"pre.zip/PMC7360476.pdf","13","14","Arterial hypertension and risk of death in patients with COVID-19 infection: systematic review and meta-analysis","not_found","real"
"pre.zip/PMC7360476.pdf","32","33","Severe acute respiratory syndrome coronavirus 2 (SARS-CoV-2) infection is likely to be androgen mediated","not_found","real"
"pre.zip/PMC7360476.pdf","52","53","Vitamin D: a simpler alternative to tocilizumab for trial in COVID-19? Med Hypotheses. 2020;140:109767","not_found","real"
"pre.zip/PMC7360476.pdf","89","90","Clinical presentation and outcomes of pregnant women with COVID-19: a systematic review and meta-analysis","not_found","real"
"pre.zip/PMC7360476.pdf","15","16","Presenting characteristics, comorbidities, and outcomes among 5700 patients hospitalized with COVID-19 in the New York City area","mismatch","real"
"pre.zip/PMC7360476.pdf","16","17","Endocrine and metabolic link to coronavirus infection","mismatch","real"
"pre.zip/PMC7360476.pdf","33","34","Androgen sensitivity gateway to COVID-19 disease severity","mismatch","real"
"pre.zip/PMC7360476.pdf","42","43","Common cytokine polymorphisms and predisposition to polycystic ovary syndrome: a meta-analysis","mismatch","real"
"pre.zip/PMC7360476.pdf","57","58","Evidence that vitamin D supplementation could reduce risk of influenza and COVID-19 infections and deaths","mismatch","real"
"pre.zip/PMC7360476.pdf","59","60","The role of vitamin D in the prevention of coronavirus disease 2019 infection and mortality","mismatch","real"
"pre.zip/PMC7360476.pdf","68","69","Practical recommendations for the management of diabetes in patients with COVID-19","mismatch","real"
"pre.zip/PMC7360476.pdf","76","77","Association of inpatient use of angiotensin converting enzyme inhibitors and angiotensin II receptor blockers with mortality among patients with hypertension hospitalized with COVID-19","mismatch","real"
"pre.zip/PMC7360476.pdf","81","82","PAP therapy increases the risk of transmission of COVID-19","mismatch","real"
"pre.zip/PMC7360476.pdf","83","84","COVID-19: community CPAP and NIV should be stopped unless medically necessary to support life","mismatch","real"
"pre.zip/PMC7360476.pdf","87","88","Association between polycystic ovary syndrome and the risk of pregnancy complications: a PRISMA-compliant systematic review and meta-analysis","mismatch","real"
"pre.zip/PMC7360476.pdf","92","93","Thrombosis risk associated with COVID-19 infection","mismatch","real"
"pre.zip/PMC7360476.pdf","94","95","Possible long-term endocrine-metabolic complications in COVID-19: lesson from the SARS model","mismatch","real"
"pre.zip/PMC7360476.pdf","0","1","WHO declares COVID-19 a pandemic","verified",""
"pre.zip/PMC7360476.pdf","2","3","COVID-19 pathophysiology: a review","verified",""
"pre.zip/PMC7360476.pdf","3","4","Quarantine alone or in combination with other public health measures to control COVID-19: a rapid review","verified",""
"pre.zip/PMC7360476.pdf","4","5","Characteristics of and important lessons from the coronavirus disease 2019 (COVID-19) outbreak in China: summary of a report of 72314 cases from the Chinese Center for Disease Control and Prevention","verified",""
"pre.zip/PMC7360476.pdf","5","6","Diabetes is a risk factor for the progression and prognosis of COVID-19","verified",""
"pre.zip/PMC7360476.pdf","7","8","Sex-specific SARS-CoV-2 mortality: among hormone-modulated ACE2 expression, risk of venous thromboembolism and hypovitaminosis D","verified",""
"pre.zip/PMC7360476.pdf","10","11","Clinical characteristics of coronavirus disease 2019 in China","verified",""
"pre.zip/PMC7360476.pdf","11","12","Gender differences in patients with COVID-19: focus on severity and mortality","verified",""
"pre.zip/PMC7360476.pdf","12","13","Risk factors for severity and mortality in adult COVID-19 inpatients in Wuhan","verified",""
"pre.zip/PMC7360476.pdf","14","15","COVID-19 in patients with diabetes: risk factors that increase morbidity","verified",""
"pre.zip/PMC7360476.pdf","17","18","Revised 2003 consensus on diagnostic criteria and long-term health risks related to polycystic ovary syndrome","verified",""
"pre.zip/PMC7360476.pdf","18","19","Diagnosis and management of polycystic ovary syndrome (PCOS)","verified",""
"pre.zip/PMC7360476.pdf","19","20","Recommendations from the international evidence-based guideline for the assessment and management of polycystic ovary syndrome","verified",""
"pre.zip/PMC7360476.pdf","20","21","Knowledge and practices regarding polycystic ovary syndrome among physicians in Europe, North America, and internationally: an online questionnaire-based study","verified",""
"pre.zip/PMC7360476.pdf","21","22","Gaps in knowledge among physicians regarding diagnostic criteria and management of polycystic ovary syndrome","verified",""
"pre.zip/PMC7360476.pdf","22","23","Clinical Problems Caused by Obesity","verified",""
"pre.zip/PMC7360476.pdf","23","24","Cardiometabolic aspects of the polycystic ovary syndrome","verified",""
"pre.zip/PMC7360476.pdf","24","25","Obstructive sleep apnoea and polycystic ovary syndrome: a comprehensive review of clinical interactions and underlying pathophysiology","verified",""
"pre.zip/PMC7360476.pdf","25","26","Impaired glucose tolerance, type 2 diabetes and metabolic syndrome in polycystic ovary syndrome: a systematic review and meta-analysis","verified",""
"pre.zip/PMC7360476.pdf","26","27","Ethnicity, obesity and the prevalence of impaired glucose tolerance and type 2 diabetes in PCOS: a systematic review and meta-regression","verified",""
"pre.zip/PMC7360476.pdf","27","28","Focus on receptors for coronaviruses with special reference to angiotensin-converting enzyme 2 as a potential drug target-a perspective","verified",""
"pre.zip/PMC7360476.pdf","28","29","SARS-CoV-2 cell entry depends on ACE2 and TMPRSS2 and is blocked by a clinically proven protease inhibitor","verified",""
"pre.zip/PMC7360476.pdf","29","30","Sex hormones promote opposite effects on ACE and ACE2 activity, hypertrophy and cardiac contractility in spontaneously hypertensive rats","verified",""
"pre.zip/PMC7360476.pdf","30","31","A preliminary observation: male pattern hair loss among hospitalized COVID-19 patients in Spain–a potential clue to the role of androgens in COVID-19 severity","verified",""
"pre.zip/PMC7360476.pdf","31","32","Racial variations in COVID-19 deaths may be due to androgen receptor genetic variants associated with prostate cancer and androgenetic alopecia","verified",""
"pre.zip/PMC7360476.pdf","34","35","Prevalence of androgenic alopecia in patients with polycystic ovary syndrome and characterization of associated clinical and biochemical features","verified",""
"pre.zip/PMC7360476.pdf","35","36","Male PCOS equivalent and nutritional restriction: are we stepping forward? Med Hypotheses. 2019;126:1–3","verified",""
"pre.zip/PMC7360476.pdf","36","37","Increased DHEAS and decreased total testosterone serum levels in a subset of men with early-onset androgenetic alopecia: does a male PCOS-equivalent exist? Int J Endocrinol. 2020;2020:1942126","verified",""
"pre.zip/PMC7360476.pdf","38","39","Preprints bring ‘firehose’ of outbreak data","verified",""
"pre.zip/PMC7360476.pdf","39","40","Transcriptional landscape of SARS-CoV-2 infection dismantles pathogenic pathways activated by the virus, proposes unique sex-specific differences and predicts tailored therapeutic strategies","verified",""
"pre.zip/PMC7360476.pdf","40","41","COVID-19: consider cytokine storm syndromes and immunosuppression","verified",""
"pre.zip/PMC7360476.pdf","41","42","Association of TNF-alpha, IL-6 and IL-1beta gene polymorphisms with polycystic ovary syndrome: a meta-analysis","verified",""
"pre.zip/PMC7360476.pdf","43","44","Potential influence of COVID-19/ACE2 on the female reproductive system","verified",""
"pre.zip/PMC7360476.pdf","44","45","Covid-19 and diabetes mellitus: unveiling the interaction of two pandemics","verified",""
"pre.zip/PMC7360476.pdf","45","46","Asian and Minority Ethnic groups in England are at increased risk of death from COVID-19: indirect standardisation of NHS mortality data","verified",""
"pre.zip/PMC7360476.pdf","46","47","Ethnicity and COVID-19: an urgent public health research priority","verified",""
"pre.zip/PMC7360476.pdf","49","50","Why are ethnic minorities worse affected? New Sci. 2020; 246(3279):11","verified",""
"pre.zip/PMC7360476.pdf","50","51","The prevalence of polycystic ovary syndrome in reproductive-aged women of different ethnicity: a systematic review and meta-analysis","verified",""
"pre.zip/PMC7360476.pdf","51","52","Racial and ethnic differences in physiology and clinical symptoms of polycystic ovary syndrome","verified",""
"pre.zip/PMC7360476.pdf","53","54","Letter: Covid-19, and vitamin D","verified",""
"pre.zip/PMC7360476.pdf","54","55","Letter: Covid-19, and vitamin D","verified",""
"pre.zip/PMC7360476.pdf","55","56","Editorial: low population mortality from COVID-19 in countries south of latitude 35 degrees North supports vitamin D as a factor determining severity","verified",""
"pre.zip/PMC7360476.pdf","56","57","Does vitamin D status impact mortality from SARS-CoV-2 infection? Med Drug Discov. 2020:100041","verified",""
"pre.zip/PMC7360476.pdf","58","59","COVID-19 and vitamin D-is there a link and an opportunity for intervention? Am J Physiol Endocrinol Metab","verified",""
"pre.zip/PMC7360476.pdf","60","61","Editorial: low population mortality from COVID-19 in countries south of latitude 35 degrees North - supports vitamin D as a factor determining severity","verified",""
"pre.zip/PMC7360476.pdf","61","62","Vitamin D concentrations and COVID-19 infection in UK Biobank","verified",""
"pre.zip/PMC7360476.pdf","62","63","Mechanisms in endocrinology: vitamin D as a potential contributor in endocrine health and disease","verified",""
"pre.zip/PMC7360476.pdf","63","64","Vitamin D receptor polymorphisms and the polycystic ovary syndrome: a systematic review","verified",""
"pre.zip/PMC7360476.pdf","64","65","The effect of Vitamin D supplementation on the androgenic profile in patients with polycystic ovary syndrome: a systematic review and meta-analysis of clinical trials","verified",""
"pre.zip/PMC7360476.pdf","65","66","The effects of Vitamin D supplementation on biomarkers of inflammation and oxidative stress among women with polycystic ovary syndrome: a systematic review and meta-analysis of randomized controlled trials","verified",""
"pre.zip/PMC7360476.pdf","66","67","Metformin: historical overview","verified",""
"pre.zip/PMC7360476.pdf","67","68","Metformin in COVID-19: a possible role beyond diabetes","verified",""
"pre.zip/PMC7360476.pdf","69","70","Guidelines for the management of diabetes services and patients during the COVID-19 pandemic","verified",""
"pre.zip/PMC7360476.pdf","70","71","Coronavirus infections and type 2 diabetes—shared pathways with therapeutic implications","verified",""
"pre.zip/PMC7360476.pdf","71","72","The use of anti-inflammatory drugs in the treatment of people with severe coronavirus disease 2019 (COVID-19): the experience of clinical immunologists from China","verified",""
"pre.zip/PMC7360476.pdf","72","73","Our response to COVID-19 as endocrinologists and diabetologists","verified",""
"pre.zip/PMC7360476.pdf","73","74","Renin-angiotensin-aldosterone system inhibitors and risk of Covid-19","verified",""
"pre.zip/PMC7360476.pdf","74","75","Risks of ACE inhibitor and ARB usage in COVID-19: evaluating the evidence","verified",""
"pre.zip/PMC7360476.pdf","75","76","Renin–angiotensin– aldosterone system blockers and the risk of Covid-19","verified",""
"pre.zip/PMC7360476.pdf","77","78","Association of use of angiotensin-converting enzyme inhibitors and angiotensin II receptor blockers with testing positive for coronavirus disease 2019 (COVID-19)","verified",""
"pre.zip/PMC7360476.pdf","78","79","Circulating plasma concentrations of angiotensin-converting enzyme 2 in men and women with heart failure and effects of renin–angiotensin– aldosterone inhibitors","verified",""
"pre.zip/PMC7360476.pdf","79","80","The association between obstructive sleep apnea and metabolic abnormalities in women with polycystic ovary syndrome: a systematic review and meta-analysis","verified",""
"pre.zip/PMC7360476.pdf","80","81","The prevalence of obstructive sleep apnoea in women with polycystic ovary syndrome: a systematic review and meta-analysis","verified",""
"pre.zip/PMC7360476.pdf","82","83","Case for continuing community NIV and CPAP during the COVID-19 epidemic","verified",""
"pre.zip/PMC7360476.pdf","85","86","Increased risk of preterm delivery and pre-eclampsia in women with polycystic ovary syndrome and hyperandrogenaemia","verified",""
"pre.zip/PMC7360476.pdf","86","87","Increased maternal pregnancy complications in polycystic ovary syndrome appear to be independent of obesity-a systematic review, meta-analysis, and meta-regression","verified",""
"pre.zip/PMC7360476.pdf","88","89","Polycystic ovary syndrome as an independent risk factor for gestational diabetes and hypertensive disorders of pregnancy: a population-based study on 9.1 million pregnancies","verified",""
"pre.zip/PMC7360476.pdf","90","91","The psychological impact of COVID-19 on the mental health in the general population","verified",""
"pre.zip/PMC7360476.pdf","91","92","Is COVID-19 associated thrombosis caused by overactivation of the complement cascade? A literature review","verified",""
"pre.zip/PMC7360476.pdf","93","94","Association between polycystic ovary syndrome and venous thromboembolism: a systematic review and meta-analysis","verified",""
"pre.zip/PMC7364601.pdf","0","1","Trends in obesity and diabetes across Africa from 1980 to 2014: an analysis of pooled population-based studies","not_found","uncertain"
"pre.zip/PMC7364601.pdf","1","2","Lancet. 2020; 395(10226):795–808","not_found","uncertain"
"pre.zip/PMC7364601.pdf","2","3","18:181 Page 12 of 13","not_found","uncertain"
"pre.zip/PMC7364601.pdf","4","5","BMC Public Health. 2017;17(1):438","not_found","uncertain"
"pre.zip/PMC7364601.pdf","5","6","18:181 Page 13 of 13","not_found","uncertain"
"pre.zip/PMC7364601.pdf","3","4","Cardiovascular disease and hypertension in sub-Saharan Africa: burden, risk and interventions","mismatch","uncertain"
"pre.zip/PMC7389346.pdf","0","1","J Am Soc Nephrol. 2005;16(11):3365–70","not_found","real"
"pre.zip/PMC7389346.pdf","8","9","18:195 Page 10 of 11 to 2013: retrospective analysis of hospital episode statistics","not_found","uncertain"
"pre.zip/PMC7389346.pdf","22","23","Analysing and interpreting competing risk data","not_found","real"
"pre.zip/PMC7389346.pdf","1","2","Acute kidney injury and risk of heart failure and atherosclerotic events","verified",""
"pre.zip/PMC7389346.pdf","2","3","Change in renal function associated with drug treatment in heart failure: national guidance","verified",""
"pre.zip/PMC7389346.pdf","4","5","Medication management on sick days","verified",""
"pre.zip/PMC7389346.pdf","5","6","Acute kidney injury - prevention, detection, and management [Web]","verified",""
"pre.zip/PMC7389346.pdf","6","7","Data resource profile: clinical practice research datalink (CPRD)","verified",""
"pre.zip/PMC7389346.pdf","9","10","The Stockholm CREAtinine Measurements (SCREAM) project: protocol overview and regional representativeness","verified",""
"pre.zip/PMC7389346.pdf","10","11","High-sensitivity C-reactive protein and the risk of chronic kidney disease progression or acute kidney injury in post-myocardial infarction patients","verified",""
"pre.zip/PMC7389346.pdf","11","12","The accuracy of diagnostic coding for acute kidney injury in England – a single Centre study","verified",""
"pre.zip/PMC7389346.pdf","12","13","External review and validation of the Swedish national inpatient register","verified",""
"pre.zip/PMC7389346.pdf","13","14","Representativeness and optimal use of body mass index (BMI) in the UK Clinical Practice Research Datalink (CPRD)","verified",""
"pre.zip/PMC7389346.pdf","14","15","The comparative effectiveness of fourthline drugs in resistant hypertension: an application in electronic health record data","verified",""
"pre.zip/PMC7389346.pdf","15","16","A new equation to estimate glomerular filtration rate","verified",""
"pre.zip/PMC7389346.pdf","16","17","Evaluation and management of chronic kidney disease: synopsis of the kidney disease: improving global outcomes 2012 clinical practice guideline","verified",""
"pre.zip/PMC7389346.pdf","17","18","Serum creatinine elevation after renin-angiotensin system blockade and long term cardiorenal risks: cohort study","verified",""
"pre.zip/PMC7389346.pdf","18","19","Development and validation of an electronic frailty index using routine primary care electronic health record data","verified",""
"pre.zip/PMC7389346.pdf","19","20","Diagnosis, evaluation, and management of acute kidney injury: a KDIGO summary (Part 1)","verified",""
"pre.zip/PMC7389346.pdf","20","21","The hazards of hazard ratios","verified",""
"pre.zip/PMC7389346.pdf","21","22","Standard and competing risk analysis of the effect of albuminuria on cardiovascular and cancer mortality in patients with type 2 diabetes mellitus","verified",""
"pre.zip/PMC7389346.pdf","23","24","Association of angiotensin-converting enzyme inhibitor or angiotensin receptor blocker use with outcomes after acute kidney injury","verified",""
"pre.zip/PMC7389346.pdf","24","25","Renin-angiotensin system blockade after acute kidney injury (AKI) and risk of recurrent AKI","verified",""
"pre.zip/PMC7389346.pdf","25","26","Adherence to guidelines for creatinine and potassium monitoring and discontinuation following renin-angiotensin system blockade: a UK general practice-based cohort study","verified",""
"pre.zip/PMC7406389.pdf","3","4","Reproductive Hormones and Dementia","not_found","real"
"pre.zip/PMC7406389.pdf","4","5","Williams obstetrics 24th edition McGraw-Hill education","not_found","real"
"pre.zip/PMC7406389.pdf","12","13","Women’s reproductive history and dementia risk","not_found","hallucinated"
"pre.zip/PMC7406389.pdf","21","22","The Maastricht Aging Study","not_found","real"
"pre.zip/PMC7406389.pdf","23","24","Risk factors across the life course and dementia in a Brazilian population: results from the Sao Paulo Ageing & Health Study (SPAH)","not_found","real"
"pre.zip/PMC7406389.pdf","26","27","American Psychiatric Association; 1987","not_found","real"
"pre.zip/PMC7406389.pdf","31","32","Neurology 2019;92(17):e2005–e2014","not_found","real"
"pre.zip/PMC7406389.pdf","35","36","Neurosci Res. 1997;29(4):345–54","not_found","real"
"pre.zip/PMC7406389.pdf","40","41","London: Alzheimer's Disease International; 2013","not_found","real"
"pre.zip/PMC7406389.pdf","45","46","J Fam Issues. 2007;28(10):1362–414","not_found","real"
"pre.zip/PMC7406389.pdf","48","49","The association of Apoprotein E polymorphisms with recurrent pregnancy loss","not_found","uncertain"
"pre.zip/PMC7406389.pdf","0","1","Defeating Alzheimer’s disease and other dementias: a priority for European science and society","verified",""
"pre.zip/PMC7406389.pdf","1","2","Sex modifies the APOE-related risk of developing Alzheimer disease","verified",""
"pre.zip/PMC7406389.pdf","2","3","Impact of gender differences on the outcome of Alzheimer’s disease","verified",""
"pre.zip/PMC7406389.pdf","5","6","The social class and reasons for grand multiparity in Calabar, Nigeria","verified",""
"pre.zip/PMC7406389.pdf","6","7","Association of female reproductive factors with hypertension, diabetes and LQTc in Chinese women","verified",""
"pre.zip/PMC7406389.pdf","7","8","Is the association between parity and coronary heart disease due to biological effects of pregnancy or adverse lifestyle risk factors associated with child-rearing?: findings from the British Women’s Heart and Health Study and the British Regional Heart Study","verified",""
"pre.zip/PMC7406389.pdf","8","9","Parity and risk of type 2 diabetes: the atherosclerosis risk in communities study","verified",""
"pre.zip/PMC7406389.pdf","9","10","Differential effects of completed and incomplete pregnancies on the risk of Alzheimer disease","verified",""
"pre.zip/PMC7406389.pdf","10","11","Fertility and number of children in patients with Alzheimer’s disease","verified",""
"pre.zip/PMC7406389.pdf","11","12","Estrogen-replacement therapy and Alzheimer’s disease in the Italian Longitudinal Study on Aging","verified",""
"pre.zip/PMC7406389.pdf","13","14","COSMIC (Cohort Studies of Memory in an International Consortium): an international consortium to identify risk and protective factors and biomarkers of cognitive ageing and dementia in diverse ethnic and sociocultural groups","verified",""
"pre.zip/PMC7406389.pdf","14","15","Cuba’s aging and Alzheimer longitudinal study","verified",""
"pre.zip/PMC7406389.pdf","15","16","Designing prevention programmes to reduce incidence of dementia: prospective cohort study of modifiable risk factors","verified",""
"pre.zip/PMC7406389.pdf","16","17","Better cognition in new birth cohorts of 70 year olds, but greater decline thereafter","verified",""
"pre.zip/PMC7406389.pdf","17","18","The Hellenic Longitudinal Investigation of Aging and Diet (HELIAD): rationale, study design, and cohort description","verified",""
"pre.zip/PMC7406389.pdf","19","20","Neuroepidemiologic and neurobehavioral characteristics of motoric cognitive risk syndrome in an old-old population: the Kurihara project","verified",""
"pre.zip/PMC7406389.pdf","20","21","Prevalence of dementia according to DSM–III–R and ICD–10: results of the Leipzig Longitudinal Study of the Aged (LEILA75+) part 1","verified",""
"pre.zip/PMC7406389.pdf","22","23","The Shanghai Aging Study: study design, baseline characteristics, and prevalence of dementia","verified",""
"pre.zip/PMC7406389.pdf","24","25","Incidence and lifetime risk of dementia and Alzheimer’s disease in a Southern European population","verified",""
"pre.zip/PMC7406389.pdf","25","26","Diagnostic and statistical manual of mental disorders","verified",""
"pre.zip/PMC7406389.pdf","27","28","Clinical diagnosis of Alzheimer’s disease report of the NINCDS-ADRDA Work Group* under the auspices of Department of Health and Human Services Task Force on Alzheimer’s Disease","verified",""
"pre.zip/PMC7406389.pdf","28","29","Vascular dementia diagnostic criteria for research studies: report of the NINDS-AIREN International Workshop","verified",""
"pre.zip/PMC7406389.pdf","29","30","Exploring the association between subjective cognitive decline and frailty: the Hellenic Longitudinal Investigation of Aging and Diet Study (HELIAD)","verified",""
"pre.zip/PMC7406389.pdf","30","31","Early menarche, nulliparity and the risk for premature and early natural menopause","verified",""
"pre.zip/PMC7406389.pdf","32","33","Perinatal outcome in grand and great-grand multiparity: effects of parity on obstetric risk factors","verified",""
"pre.zip/PMC7406389.pdf","33","34","Coding errors: a comparative analysis of hospital and prospectively collected departmental data","verified",""
"pre.zip/PMC7406389.pdf","34","35","Estrone sulfate, estrone, estradiol and estriol plasma levels in human pregnancy","verified",""
"pre.zip/PMC7406389.pdf","36","37","Pregnancy leads to long-lasting changes in human brain structure","verified",""
"pre.zip/PMC7406389.pdf","37","38","A survey of neuroimmune changes in pregnant and postpartum female rats","verified",""
"pre.zip/PMC7406389.pdf","38","39","Relationship of serum estradiol and progesterone concentrations to the excretion profiles of their major urinary metabolites as measured by enzyme immunoassay and radioimmunoassay","verified",""
"pre.zip/PMC7406389.pdf","39","40","Lifetime cumulative number of menstrual cycles and serum sex hormone levels in postmenopausal women","verified",""
"pre.zip/PMC7406389.pdf","41","42","World population prospects: 2019","verified",""
"pre.zip/PMC7406389.pdf","42","43","Effects of parity on pregnancy hormonal profiles across ethnic groups with a diverse incidence of breast cancer","verified",""
"pre.zip/PMC7406389.pdf","43","44","Racial/ethnic differences in pregnancy-related hypertensive disease in nulliparous women","verified",""
"pre.zip/PMC7406389.pdf","44","45","Parity and carotid artery atherosclerosis in elderly women: the Rotterdam study","verified",""
"pre.zip/PMC7406389.pdf","47","48","Impact of a premature menopause on cognitive function in later life","verified",""
"pre.zip/PMC7504660.pdf","32","33","Melioidosis in Africa: should we be looking more closely? Future Microbiol. 2015;10:273–81","not_found","real"
"pre.zip/PMC7504660.pdf","14","15","Non-malarial febrile illness: a systematic review of published aetiological studies and case reports from Southern Asia and South-eastern Asia","mismatch","real"
"pre.zip/PMC7504660.pdf","15","16","Standard country or area codes for statistical use","mismatch","real"
"pre.zip/PMC7504660.pdf","0","1","Guidelines for the treatment of malaria","verified",""
"pre.zip/PMC7504660.pdf","2","3","Antibiotic use and emerging resistance: how can resource-limited countries turn the tide? Glob Heart. 2014;9:347–58","verified",""
"pre.zip/PMC7504660.pdf","3","4","Etiology of severe febrile illness in low-and middle-income countries: a systematic review","verified",""
"pre.zip/PMC7504660.pdf","4","5","Reduction of anti-malarial consumption after rapid diagnostic tests implementation in Dar es Salaam: a before-after and cluster randomized controlled study","verified",""
"pre.zip/PMC7504660.pdf","5","6","Antibiotic prescribing practices for patients with fever in the transition from presumptive treatment of malaria to “confirm and treat” in Zambia: a cross-sectional study","verified",""
"pre.zip/PMC7504660.pdf","6","7","The impact of introducing malaria rapid diagnostic tests on fever case management: a synthesis of ten studies from the ACT consortium","verified",""
"pre.zip/PMC7504660.pdf","7","8","Mapping the aetiology of non-malarial febrile illness in Southeast Asia through a systematic review-terra incognita impairing treatment policies","verified",""
"pre.zip/PMC7504660.pdf","8","9","Etiology of severe non-malaria febrile illness in northern Tanzania: a prospective cohort study","verified",""
"pre.zip/PMC7504660.pdf","9","10","Beyond malaria — causes of fever in outpatient Tanzanian children","verified",""
"pre.zip/PMC7504660.pdf","10","11","Study on causes of fever in primary healthcare center uncovers pathogens of public health concern in Madagascar","verified",""
"pre.zip/PMC7504660.pdf","11","12","Febrile illness in Asia: gaps in epidemiology, diagnosis and management for informing health policy","verified",""
"pre.zip/PMC7504660.pdf","12","13","Seasonal variation in the etiology of bloodstream infections in a febrile inpatient population in a developing country","verified",""
"pre.zip/PMC7504660.pdf","13","14","Reprint--preferred reporting items for systematic reviews and meta-analyses: the PRISMA statement","verified",""
"pre.zip/PMC7504660.pdf","16","17","pracma: Practical Numerical Math Functions","verified",""
"pre.zip/PMC7504660.pdf","17","18","R: a language and environment for statistical computing","verified",""
"pre.zip/PMC7504660.pdf","18","19","maps: Draw Geographical Maps","verified",""
"pre.zip/PMC7504660.pdf","20","21","Assessing risk of bias in included studies","verified",""
"pre.zip/PMC7504660.pdf","21","22","Quadas-2: a revised tool for the quality assessment of diagnostic accuracy studies","verified",""
"pre.zip/PMC7504660.pdf","22","23","The expanded programme on immunization","verified",""
"pre.zip/PMC7504660.pdf","23","24","Rapid diagnostic tests for non-malarial febrile illness in the tropics","verified",""
"pre.zip/PMC7504660.pdf","24","25","Reduction in the proportion of fevers associated with Plasmodium falciparum parasitaemia in Africa: a systematic review","verified",""
"pre.zip/PMC7504660.pdf","26","27","Impact of introduction of rapid diagnostic tests for malaria on antibiotic prescribing: analysis of observational and randomised studies in public and private healthcare settings","verified",""
"pre.zip/PMC7504660.pdf","27","28","The epidemiology of febrile illness in sub-Saharan Africa: implications for diagnosis and management","verified",""
"pre.zip/PMC7504660.pdf","29","30","Pertussis in Africa: findings and recommendations of the Global Pertussis Initiative (GPI)","verified",""
"pre.zip/PMC7504660.pdf","30","31","Predicted global distribution of Burkholderia pseudomallei and burden of melioidosis","verified",""
"pre.zip/PMC7504660.pdf","31","32","Clinical, environmental, and serologic surveillance studies of melioidosis in Gabon","verified",""
"pre.zip/PMC7504660.pdf","33","34","Pathogens associated with sepsis in newborns and young infants in developing countries","verified",""
"pre.zip/PMC7504660.pdf","34","35","Bacterial infections in neonates, Madagascar","verified",""
"pre.zip/PMC7504660.pdf","35","36","The global burden of viral hepatitis from 1990 to 2013: findings from the Global Burden of Disease Study 2013","verified",""
"pre.zip/PMC7504660.pdf","36","37","Epidemiology and burden of multidrug-resistant bacterial infection in a developing country","verified",""
"pre.zip/PMC7504660.pdf","38","39","Grading antimicrobial susceptibility data quality: room for improvement – authors’ reply","verified",""
"pre.zip/PMC7510162.pdf","1","2","Working group on the evaluation of carcinogenic risk to humans","not_found","real"
"pre.zip/PMC7510162.pdf","5","6","Xenotransplantation. 2018;25(6):e12424","not_found","real"
"pre.zip/PMC7510162.pdf","20","21","J Acad Nutr Diet. 2016;116:427–438.e5","not_found","real"
"pre.zip/PMC7510162.pdf","29","30","J Vis Exp. 2017;(125):56094","not_found","real"
"pre.zip/PMC7510162.pdf","31","32","OECD-FAO Agricultural Outlook","not_found","real"
"pre.zip/PMC7510162.pdf","2","3","Carcinogenicity of consumption of red meat and processed meat: a review of scientific news since the IARC decision","verified",""
"pre.zip/PMC7510162.pdf","4","5","Human risk of diseases associated with red meat intake: analysis of current theories and proposed role for metabolic incorporation of a non-human sialic acid","verified",""
"pre.zip/PMC7510162.pdf","6","7","From “serum sickness” to “xenosialitis”: past, present, and future significance of the non-human sialic acid Neu5Gc","verified",""
"pre.zip/PMC7510162.pdf","7","8","Mechanism of uptake and incorporation of the non-human sialic acid N-glycolylneuraminic acid into human cells","verified",""
"pre.zip/PMC7510162.pdf","8","9","Decrease of blood anti-α1,3 Galactose Abs levels in multiple sclerosis (MS) and clinically isolated syndrome (CIS) patients","verified",""
"pre.zip/PMC7510162.pdf","9","10","Diversity in specificity, abundance, and composition of anti-Neu5Gc antibodies in normal humans: potential implications for disease","verified",""
"pre.zip/PMC7510162.pdf","10","11","A red meat-derived glycan promotes inflammation and cancer progression","verified",""
"pre.zip/PMC7510162.pdf","11","12","Evidence for a human-specific mechanism for diet and antibody-mediated inflammation in carcinoma progression","verified",""
"pre.zip/PMC7510162.pdf","12","13","Human species-specific loss of CMP-N-acetylneuraminic acid hydroxylase enhances atherosclerosis via intrinsic and extrinsic mechanisms","verified",""
"pre.zip/PMC7510162.pdf","13","14","Novel mechanism for the generation of human xeno-autoantibodies against the nonhuman sialic acid N-glycolylneuraminic acid","verified",""
"pre.zip/PMC7510162.pdf","14","15","Human xeno-autoantibodies against a non-human sialic acid serve as novel serum biomarkers and immunotherapeutics in cancer","verified",""
"pre.zip/PMC7510162.pdf","15","16","Polyclonal human antibodies against glycans bearing red meat-derived non-human sialic acid N-glycolylneuraminic acid are stable, reproducible, complex and vary between individuals: total antibody levels are associated with colorectal cancer risk","verified",""
"pre.zip/PMC7510162.pdf","17","18","Human uptake and incorporation of an immunogenic nonhuman dietary sialic acid","verified",""
"pre.zip/PMC7510162.pdf","18","19","The Nutrinet-Santé Study: a web-based prospective study on the relationship between nutrition and health and determinants of dietary patterns and nutritional status","verified",""
"pre.zip/PMC7510162.pdf","19","20","Comparison between an interactive web-based self-administered 24 h dietary record and an interview by a dietitian for large-scale epidemiological studies","verified",""
"pre.zip/PMC7510162.pdf","21","22","Validation of a Web-based, self-administered, non-consecutive-day dietary record tool against urinary biomarkers","verified",""
"pre.zip/PMC7510162.pdf","22","23","Validation du manuel-photos utilisé pour l’enquête alimentaire de l’étude SU","verified",""
"pre.zip/PMC7510162.pdf","23","24","Critical evaluation of energy intake using the Goldberg cut-off for energy intake:basal metabolic rate","verified",""
"pre.zip/PMC7510162.pdf","25","26","Determination of mono-O-acetylated N-acetylneuraminic acids in human and rat sera by fluorometric high-performance liquid chromatography","verified",""
"pre.zip/PMC7510162.pdf","26","27","A simple method for assessment of human anti-Neu5Gc antibodies applied to Kawasaki disease","verified",""
"pre.zip/PMC7510162.pdf","28","29","LC-MS analysis of polyclonal human anti-Neu5Gc xeno-autoantibodies immunoglobulin G subclass and partial sequence using multistep intravenous immunoglobulin affinity purification and multienzymatic digestion","verified",""
"pre.zip/PMC7510162.pdf","30","31","A combined computational-experimental approach to define the structural origin of antibody recognition of sialyl-Tn, a tumor-associated carbohydrate antigen","verified",""
"pre.zip/PMC7510162.pdf","34","35","Environmental factors and cancer incidence and mortality in different countries, with special reference to dietary practices","verified",""
"pre.zip/PMC7510162.pdf","35","36","Estimation of the burden of disease attributable to red meat consumption in France: influence on colorectal cancer and cardiovascular diseases","verified",""
"pre.zip/PMC7510162.pdf","36","37","Diet and colorectal cancer in UK Biobank: a prospective study","verified",""
"pre.zip/PMC7510162.pdf","37","38","Association of changes in red meat consumption with total and cause specific mortality among US women and men: two prospective cohort studies","verified",""
"pre.zip/PMC7510162.pdf","38","39","Diet, nutrition, and cancer risk: what do we know and what is the way forward","verified",""
"pre.zip/PMC7510162.pdf","39","40","Red and processed meat intake and cancer risk: results from the prospective NutriNet-Santé cohort study","verified",""
"pre.zip/PMC7510162.pdf","40","41","Gender differences in eating behavior and body weight regulation","verified",""
"pre.zip/PMC7510162.pdf","41","42","Sex consideration in diet-biomarker-related indices: a systematic review","verified",""
"pre.zip/PMC7510162.pdf","42","43","The sialome-far more than the sum of its parts","verified",""
"pre.zip/PMC7510162.pdf","43","44","A clinically meaningful metric of immune age derived from high-dimensional longitudinal monitoring","verified",""
"pre.zip/PMC7510162.pdf","44","45","Anti-Gal: an abundant human natural antibody of multiple pathogeneses and clinical benefits","verified",""
"pre.zip/PMC7510162.pdf","45","46","Interaction between human natural anti-alpha-galactosyl immunoglobulin G and bacteria of the human flora","verified",""
"pre.zip/PMC7510162.pdf","46","47","Potential impact of the non-human sialic acid N-glycolylneuraminic acid on transplant rejection risk","verified",""
"pre.zip/PMC7510162.pdf","48","49","The multifaceted role of heme in cancer","verified",""
"pre.zip/PMC7510162.pdf","49","50","Meat-related mutagens/carcinogens in the etiology of colorectal cancer","verified",""
"pre.zip/PMC7510162.pdf","50","51","Formation of heterocyclic amines using model systems","verified",""
"pre.zip/PMC7510162.pdf","51","52","Heterocyclic amines: mutagens/carcinogens produced during cooking of meat and fish","verified",""
"pre.zip/PMC7510162.pdf","52","53","Association between red meat consumption and colon cancer: a systematic review of experimental results","verified",""
"pre.zip/PMC7510162.pdf","53","54","Distribution of bacterial α1,3-galactosyltransferase genes in the human gut microbiome","verified",""
"pre.zip/PMC7510162.pdf","54","55","Involvement of a non-human sialic acid in human cancer","verified",""
"pre.zip/PMC7510162.pdf","55","56","Inverse hormesis of cancer growth mediated by narrow ranges of tumor-directed antibodies","verified",""
"pre.zip/PMC7510162.pdf","56","57","Anti-Gal and anti-Neu5Gc responses in nonimmunosuppressed patients following treatment with rabbit anti-thymocyte polyclonal IgGs","verified",""
"pre.zip/PMC7510162.pdf","57","58","No increase in colon cancer risk following induction with Neu5Gc-bearing rabbit anti-T cell IgG (ATG) in recipients of kidney transplants","verified",""
"pre.zip/PMC7510162.pdf","58","59","Elicited and pre-existing anti-Neu5Gc antibodies differentially affect human endothelial cells transcriptome","verified",""
"pre.zip/PMC7517687.pdf","12","13","Residual malaria transmission dynamics varies across The Gambia despite high coverage of control interventions","mismatch","real"
"pre.zip/PMC7517687.pdf","37","38","Molecular properties of human IgG subclasses and their implications for designing therapeutic monoclonal antibodies against infectious diseases","mismatch","real"
"pre.zip/PMC7517687.pdf","0","1","Factors determining the occurrence of submicroscopic malaria infections and their relevance for control","verified",""
"pre.zip/PMC7517687.pdf","1","2","Asymptomatic malaria infections: detectability, transmissibility and public health relevance","verified",""
"pre.zip/PMC7517687.pdf","2","3","Comparison of diagnostics for the detection of asymptomatic Plasmodium falciparum infections to inform control and elimination strategies","verified",""
"pre.zip/PMC7517687.pdf","3","4","Quantitative real-time polymerase chain reaction for malaria diagnosis and its use in malaria vaccine clinical trials","verified",""
"pre.zip/PMC7517687.pdf","5","6","School-based countrywide seroprevalence survey reveals spatial heterogeneity in malaria transmission in the Gambia","verified",""
"pre.zip/PMC7517687.pdf","6","7","Serology describes a profile of declining malaria transmission in Farafenni, The Gambia","verified",""
"pre.zip/PMC7517687.pdf","7","8","Estimating medium-and long-term trends in malaria transmission by using serological markers of malaria exposure","verified",""
"pre.zip/PMC7517687.pdf","8","9","Serological markers suggest heterogeneity of effectiveness of malaria control interventions on Bioko Island, equatorial Guinea","verified",""
"pre.zip/PMC7517687.pdf","9","10","Serology reveals heterogeneity of Plasmodium falciparum transmission in northeastern South Africa: implications for malaria elimination","verified",""
"pre.zip/PMC7517687.pdf","10","11","Novel serologic biomarkers provide accurate estimates of recent Plasmodium falciparum exposure for individuals and communities","verified",""
"pre.zip/PMC7517687.pdf","11","12","Serological markers to measure recent changes in malaria at population level in Cambodia","verified",""
"pre.zip/PMC7517687.pdf","13","14","Expression of the 19-kilodalton carboxy-terminal fragment of the Plasmodium falciparum merozoite surface protein-1 in Escherichia coli as a correctly folded protein","verified",""
"pre.zip/PMC7517687.pdf","14","15","Fine mapping of an epitope recognized by an invasion-inhibitory monoclonal antibody on the malaria vaccine candidate apical membrane antigen 1","verified",""
"pre.zip/PMC7517687.pdf","15","16","Antigenicity and immunogenicity of recombinant glutamate-rich protein of Plasmodium falciparum expressed in Escherichia coli","verified",""
"pre.zip/PMC7517687.pdf","16","17","Association between naturally acquired antibodies to erythrocyte-binding antigens of Plasmodium falciparum and protection from malaria and high-density parasitemia","verified",""
"pre.zip/PMC7517687.pdf","17","18","Identification of proteins from Plasmodium falciparum that are homologous to reticulocyte binding proteins in Plasmodium vivax","verified",""
"pre.zip/PMC7517687.pdf","19","20","Identification and validation of a novel panel of Plasmodium knowlesi biomarkers of serological exposure","verified",""
"pre.zip/PMC7517687.pdf","20","21","Analysis of antibodies to newly described plasmodium falciparum merozoite antigens supports MSPDBL2 as a predicted target of naturally acquired immunity","verified",""
"pre.zip/PMC7517687.pdf","21","22","Repeat sequences in block 2 of Plasmodium falciparum merozoite surface protein 1 are targets of antibodies associated with protection from malaria","verified",""
"pre.zip/PMC7517687.pdf","22","23","Optimisation and standardisation of a multiplex immunoassay of diverse Plasmodium falciparum antigens to assess changes in malaria transmission using sero-epidemiology","verified",""
"pre.zip/PMC7517687.pdf","23","24","Genotyping of Plasmodium spp","verified",""
"pre.zip/PMC7517687.pdf","24","25","Rapid assessment of malaria transmission using age-specific sero-conversion rates","verified",""
"pre.zip/PMC7517687.pdf","25","26","Taking sharper pictures of Malaria with CAMERAs: Combined antibodies to measure exposure recency assays","verified",""
"pre.zip/PMC7517687.pdf","26","27","A threshold concentration of anti-merozoite antibodies is required for protection from clinical episodes of malaria","verified",""
"pre.zip/PMC7517687.pdf","27","28","Acquisition of antibodies against Plasmodium falciparum merozoites and malaria immunity in young children and the influence of age, force of infection, and magnitude of response","verified",""
"pre.zip/PMC7517687.pdf","28","29","Targets of complement-fixing antibodies in protective immunity against malaria in children","verified",""
"pre.zip/PMC7517687.pdf","29","30","Estimating medium-and long-term trends in malaria transmission by using serological markers of malaria exposure","verified",""
"pre.zip/PMC7517687.pdf","30","31","Seroepidemiological evidence of eradication of malaria from Mauritius","verified",""
"pre.zip/PMC7517687.pdf","31","32","Serological markers for monitoring historical changes in malaria transmission intensity in a highly endemic region of Western Kenya","verified",""
"pre.zip/PMC7517687.pdf","32","33","Antibody acquisition models: a new tool for serological surveillance of malaria transmission intensity","verified",""
"pre.zip/PMC7517687.pdf","33","34","Novel serologic biomarkers provide accurate estimates of recent Plasmodium falciparum exposure for individuals and communities","verified",""
"pre.zip/PMC7517687.pdf","34","35","Assessment of positivity in immuno-assays with variability in background measurements: a new approach applied to the antibody response to Plasmodium falciparum MSP2","verified",""
"pre.zip/PMC7517687.pdf","35","36","Epidemiology of subpatent Plasmodium falciparum infection: implications for detection of hotspots with imperfect diagnostics","verified",""
"pre.zip/PMC7517687.pdf","36","37","IgG subclasses and allotypes: from structure to effector functions","verified",""
"pre.zip/PMC7517687.pdf","38","39","Association between naturally acquired antibodies to erythrocyte-binding antigens of Plasmodium falciparum and protection from malaria and high-density parasitemia","verified",""
"pre.zip/PMC7517687.pdf","39","40","Immunoglobulin G subclass-specific responses against Plasmodium falciparum merozoite antigens are associated with control of parasitemia and protection from symptomatic illness","verified",""
"pre.zip/PMC7517687.pdf","40","41","Longitudinal analysis of serological responses of adults to Helicobacter pylori antigens","verified",""
"pre.zip/PMC7517687.pdf","41","42","Association of HCMV specific IgG subclass antibody levels with gender and age","verified",""
"pre.zip/PMC7517687.pdf","42","43","Age-dependent IgG subclass responses to Plasmodium falciparum EBA-175 are differentially associated with incidence of malaria in Mozambican children","verified",""
"pre.zip/PMC7517687.pdf","43","44","Target antigen, age, and duration of antigen exposure independently regulate immunoglobulin G subclass switching in malaria","verified",""
"pre.zip/PMC7517687.pdf","46","47","Genetic diversity and protective efficacy of the RTS,S/AS01 malaria vaccine","verified",""
"pre.zip/PMC7517687.pdf","47","48","Strain-transcending immune response generated by chimeras of the malaria vaccine candidate merozoite surface protein 2","verified",""
"pre.zip/PMC7517687.pdf","48","49","Priority use cases for antibody-detecting assays of recent malaria exposure as tools to achieve and sustain malaria elimination","verified",""
"pre.zip/PMC7517687.pdf","49","50","Active case finding for malaria: a 3-year national evaluation of optimal approaches to detect infections and hotspots through reactive case detection in the low-transmission setting of Eswatini","verified",""
"pre.zip/PMC7517687.pdf","50","51","Antibody acquisition models: a new tool for serological surveillance of malaria transmission intensity","verified",""
"pre.zip/PMC7517687.pdf","51","52","Using health facility-based serological surveillance to predict receptive areas at risk of malaria outbreaks in elimination areas","verified",""
"pre.zip/PMC7542948.pdf","7","8","A manifesto on psychology as idiographic science: bringing the person back into scientific psychology","not_found","hallucinated"
"pre.zip/PMC7542948.pdf","26","27","Dynamic systems, process and development; 2019","not_found","uncertain"
"pre.zip/PMC7542948.pdf","27","28","What is a complex system? Vol","not_found","real"
"pre.zip/PMC7542948.pdf","35","36","Psychotherapy as a chaotic process I","not_found","real"
"pre.zip/PMC7542948.pdf","64","65","MICE: multivariate imputation by chained equations in R","not_found","real"
"pre.zip/PMC7542948.pdf","85","86","Nonlinear Dynamics Psychol Life Sci. 2009;13:79–98","not_found","real"
"pre.zip/PMC7542948.pdf","86","87","On the “strong memorylessness property” of the exponential and geometric probability laws","not_found","real"
"pre.zip/PMC7542948.pdf","92","93","Human Movement Science Contemporary theories of 1/f noise in motor control","not_found","real"
"pre.zip/PMC7542948.pdf","98","99","Investigating causal relations by econometric models and cross-spectral methods author","not_found","real"
"pre.zip/PMC7542948.pdf","107","108","Increase in depressive symptoms more than 2 months before it happens in individual patients","not_found","uncertain"
"pre.zip/PMC7542948.pdf","42","43","A review of theoretical perspectives in cognitive science on the presence of 1/f scaling in coordinated physiological and cognitive processes","mismatch","real"
"pre.zip/PMC7542948.pdf","44","45","Multifractality versus ( mono-) fractality as evidence of nonlinear interactions across timescales: disentangling the belief in nonlinearity from the diagnosis of nonlinearity in empirical data","mismatch","real"
"pre.zip/PMC7542948.pdf","66","67","Generalized additive models: an introduction with R","mismatch","hallucinated"
"pre.zip/PMC7542948.pdf","87","88","Predicting personalized process-outcome associations in psychotherapy using machine learning approaches — a demonstration","mismatch","real"
"pre.zip/PMC7542948.pdf","100","101","Recovering bistable systems from psychological time series. 2019; https://doi.org/10.31234/osf.io/kcv3s","mismatch","real"
"pre.zip/PMC7542948.pdf","0","1","Network destabilization and transition in depression: new methods for studying the dynamics of therapeutic change","verified",""
"pre.zip/PMC7542948.pdf","1","2","Integrative psychotherapy: a feedback-driven dynamic systems approach","verified",""
"pre.zip/PMC7542948.pdf","2","3","Network analysis: an integrative approach to the structure of psychopathology","verified",""
"pre.zip/PMC7542948.pdf","3","4","Depression is not a consistent syndrome: an investigation of unique symptom patterns in the STAR∗D study","verified",""
"pre.zip/PMC7542948.pdf","4","5","Mapping the heterogeneous phenotype of schizophrenia and bipolar disorder using normative models","verified",""
"pre.zip/PMC7542948.pdf","5","6","The end of average: how to succeed in a world that values sameness","verified",""
"pre.zip/PMC7542948.pdf","6","7","Lack of group-to-individual generalizability is a threat to human subjects research","verified",""
"pre.zip/PMC7542948.pdf","8","9","Why researchers should think “within-person”: a paradigmatic rationale","verified",""
"pre.zip/PMC7542948.pdf","9","10","The evidence-based group-level symptom-reduction model as the organizing principle for mental health care: time for change? World Psychiatry. 2019;18:88–96","verified",""
"pre.zip/PMC7542948.pdf","10","11","The future of intervention science: process-based therapy","verified",""
"pre.zip/PMC7542948.pdf","11","12","Beyond DSM and ICD: introducing precision diagnosis for psychiatry using momentary assessment technology","verified",""
"pre.zip/PMC7542948.pdf","12","13","Toward a dynamic model of psychological assessment: implications for personalized care","verified",""
"pre.zip/PMC7542948.pdf","13","14","Personalized models of psychopathology","verified",""
"pre.zip/PMC7542948.pdf","14","15","A dynamic systems approach to clinical case formulation","verified",""
"pre.zip/PMC7542948.pdf","15","16","A quantitative method for the analysis of nomothetic relationships between idiographic structures: dynamic patterns create attractor states for sustained posttreatment change","verified",""
"pre.zip/PMC7542948.pdf","16","17","A network theory of mental disorders","verified",""
"pre.zip/PMC7542948.pdf","18","19","Order out of chaos: man’s new dialogue with nature","verified",""
"pre.zip/PMC7542948.pdf","20","21","Phase-locked modes, phase transitions and component oscillators in biological motion","verified",""
"pre.zip/PMC7542948.pdf","21","22","Dynamics of representational change: entropy, action, and cognition","verified",""
"pre.zip/PMC7542948.pdf","22","23","Hidden skills: a dynamic systems analysis of treadmill stepping during the first year","verified",""
"pre.zip/PMC7542948.pdf","23","24","Stagewise cognitive development: an application of catastrophe theory","verified",""
"pre.zip/PMC7542948.pdf","24","25","Chaos and complexity in psychology: the theory of nonlinear dynamical systems","verified",""
"pre.zip/PMC7542948.pdf","25","26","Foundations of idiographic methods in psychology and applications for","verified",""
"pre.zip/PMC7542948.pdf","29","30","Synergetics of brain function","verified",""
"pre.zip/PMC7542948.pdf","30","31","Dynamic systems theory as a paradigm for the study of change in psychotherapy: an application to cognitive therapy for depression","verified",""
"pre.zip/PMC7542948.pdf","31","32","Application of synergetics to clinical psychology","verified",""
"pre.zip/PMC7542948.pdf","32","33","Human change processes: the scientific foundations of psychotherapy: BasicBooks; 1991","verified",""
"pre.zip/PMC7542948.pdf","33","34","Psychotherapy as a chaotic process II","verified",""
"pre.zip/PMC7542948.pdf","34","35","Dynamical analysis of schizophrenia courses","verified",""
"pre.zip/PMC7542948.pdf","36","37","Fractal analyses for ‘short’ time series: a re-assessment of classical methods","verified",""
"pre.zip/PMC7542948.pdf","37","38","Experience sampling research in psychopathology: opening the black box of daily life","verified",""
"pre.zip/PMC7542948.pdf","38","39","The identification of critical fluctuations and phase transitions in short term and coarse-grained time series-a method for the real-time monitoring of human change processes","verified",""
"pre.zip/PMC7542948.pdf","39","40","Self-organization of cognitive performance","verified",""
"pre.zip/PMC7542948.pdf","40","41","Self-organized criticality: an explanation of the 1/f noise","verified",""
"pre.zip/PMC7542948.pdf","41","42","Cognitive emissions of 1/f noise","verified",""
"pre.zip/PMC7542948.pdf","43","44","The fractal dynamics of self-esteem and physical self","verified",""
"pre.zip/PMC7542948.pdf","45","46","Analyzing developmental processes on an individual level using nonstationary time series modeling","verified",""
"pre.zip/PMC7542948.pdf","46","47","Robustness of variance and autocorrelation as indicators of critical slowing down","verified",""
"pre.zip/PMC7542948.pdf","47","48","Moving from static to dynamic models of the onset of mental disorder","verified",""
"pre.zip/PMC7542948.pdf","48","49","Relapse as a nonlinear dynamic system: application to patients with alcohol use disorders","verified",""
"pre.zip/PMC7542948.pdf","49","50","Real-time monitoring of non-linear suicidal dynamics: methodology and a demonstrative case report","verified",""
"pre.zip/PMC7542948.pdf","50","51","The ups and downs of psychotherapy: sudden gains and sudden losses identified with session reports","verified",""
"pre.zip/PMC7542948.pdf","51","52","Critical fluctuations as an early-warning signal for sudden gains and losses in patients receiving psychotherapy for mood disorders","verified",""
"pre.zip/PMC7542948.pdf","52","53","Sudden gains in day-to-day change: revealing nonlinear patterns of individual improvement in depression","verified",""
"pre.zip/PMC7542948.pdf","53","54","Change is not always linear: the study of nonlinear and discontinuous patterns of change in psychotherapy","verified",""
"pre.zip/PMC7542948.pdf","54","55","Destabilization in self-ratings of the psychotherapeutic process is associated with better treatment outcome in patients with mood disorders","verified",""
"pre.zip/PMC7542948.pdf","55","56","A characteristic destabilization profile in parent-child interactions associated with treatment efficacy for aggressive children","verified",""
"pre.zip/PMC7542948.pdf","56","57","A dynamic systems approach to psychotherapy: a meta-theoretical framework for explaining psychotherapy change processes","verified",""
"pre.zip/PMC7542948.pdf","57","58","Early-warning signals for critical transitions","verified",""
"pre.zip/PMC7542948.pdf","59","60","Chaos as a psychological construct: historical roots, principal findings, and current growth directions","verified",""
"pre.zip/PMC7542948.pdf","60","61","Complex individual pathways or standard tracks? A data-based discussion on the trajectories of change in psychotherapy","verified",""
"pre.zip/PMC7542948.pdf","62","63","Data from ‘critical slowing down as a personalized early warning signal for depression","verified",""
"pre.zip/PMC7542948.pdf","63","64","Critical slowing down as a personalized early warning signal for depression","verified",""
"pre.zip/PMC7542948.pdf","65","66","R: a language and environment for statistical computing","verified",""
"pre.zip/PMC7542948.pdf","67","68","Time to get personal? The impact of researchers’ choices on the selection of treatment targets using the experience sampling methodology","verified",""
"pre.zip/PMC7542948.pdf","68","69","Changing dynamics: time-varying autoregressive models using generalized additive modeling","verified",""
"pre.zip/PMC7542948.pdf","69","70","tseries: time series analysis and computational finance","verified",""
"pre.zip/PMC7542948.pdf","70","71","ecp: an R package for nonparametric multiple change point analysis of multivariate data","verified",""
"pre.zip/PMC7542948.pdf","71","72","Nonlinear forecasting as a way of distinguishing chaos from measurement error in time series","verified",""
"pre.zip/PMC7542948.pdf","73","74","Detecting strange attractors in turbulence","verified",""
"pre.zip/PMC7542948.pdf","75","76","Psychological dynamics are complex: a comparison of scaling, variance, and dynamic complexity in simulated and observed data","verified",""
"pre.zip/PMC7542948.pdf","76","77","A trade-off study revealing nested timescales of constraint","verified",""
"pre.zip/PMC7542948.pdf","77","78","Classifying acoustic signals into phoneme categories: average and dyslexic readers make use of complex dynamical patterns and multifractal scaling properties of the speech signal","verified",""
"pre.zip/PMC7542948.pdf","78","79","Bringing the nonlinearity of the movement system to gestural theories of language use: multifractal structure of spoken English supports the compensation for coarticulation in human speech perception","verified",""
"pre.zip/PMC7542948.pdf","80","81","The pervasiveness of 1/f scaling in speech reflects the metastable basis of cognition","verified",""
"pre.zip/PMC7542948.pdf","81","82","Scaling laws in cognitive science","verified",""
"pre.zip/PMC7542948.pdf","82","83","Effects of accuracy feedback on fractal characteristics of time estimation","verified",""
"pre.zip/PMC7542948.pdf","83","84","Human cognition and 1/f scaling","verified",""
"pre.zip/PMC7542948.pdf","84","85","Spectral convergence in tapping and physiological fluctuations: coupling and independence of 1/f noise in the central and autonomic nervous systems","verified",""
"pre.zip/PMC7542948.pdf","88","89","Studying complex adaptive systems with internal states: a recurrence network approach to the analysis of multivariate time series data representing self-reports of human experience","verified",""
"pre.zip/PMC7542948.pdf","90","91","A complex systems approach to the study of change in psychotherapy","verified",""
"pre.zip/PMC7542948.pdf","91","92","Statistical methods for data with long-range dependence","verified",""
"pre.zip/PMC7542948.pdf","93","94","When the blind curve is finite: dimension estimation and model inference based on empirical waveforms","verified",""
"pre.zip/PMC7542948.pdf","94","95","Estimation and interpretation of 1/f a noise in human cognition","verified",""
"pre.zip/PMC7542948.pdf","95","96","Living in the pink","verified",""
"pre.zip/PMC7542948.pdf","96","97","Detection of long-range dependence and estimation of fractal exponents through ARFIMA modeling","verified",""
"pre.zip/PMC7542948.pdf","97","98","Modeling psychopathology: from data models to formal theories 2019","verified",""
"pre.zip/PMC7542948.pdf","99","100","Detecting causality in complex ecosystems","verified",""
"pre.zip/PMC7542948.pdf","101","102","Studying behaviour change mechanisms under complexity; 2020","verified",""
"pre.zip/PMC7542948.pdf","102","103","The recurrence dynamics of personalized depression","verified",""
"pre.zip/PMC7542948.pdf","104","105","Timing is everything: developmental psychopathology from a dynamic systems perspective","verified",""
"pre.zip/PMC7542948.pdf","105","106","A dynamic systems approach to the development of cognition and action","verified",""
"pre.zip/PMC7542948.pdf","106","107","Systemic case formulation, individualized process monitoring, and state dynamics in a case of dissociative identity disorder","verified",""
"pre.zip/PMC7542948.pdf","108","109","Bridging the gap between complexity science and clinical practice by formalizing idiographic theories: a computational model of functional analysis","verified",""
"pre.zip/PMC7542948.pdf","109","110","Generating Accurate Personalized Predictions of Future Behavior: A Smoking Exemplar","verified",""
"pre.zip/PMC7542948.pdf","110","111","Discovering governing equations from data by sparse identification of nonlinear dynamical systems","verified",""
"pre.zip/PMC7542948.pdf","111","112","Disabuse of the drug metaphor: psychotherapy process-outcome correlations","verified",""
"pre.zip/PMC7542948.pdf","112","113","Real-time monitoring of psychotherapeutic processes: concept and compliance","verified",""
"pre.zip/PMC7549218.pdf","12","13","Can network analysis transform psychopathology? Behav Res Ther. 2016;86:95–104","not_found","real"
"pre.zip/PMC7549218.pdf","34","35","What do centrality measures measure in psychological networks? J Abnorm Psychol. 2018;128(8):892–903","not_found","real"
"pre.zip/PMC7549218.pdf","35","36","Cambridge: Cambridge university press; 2009","not_found","real"
"pre.zip/PMC7549218.pdf","39","40","A manifesto on psychology as idiographic science: bringing the person back into scientific psychology, this time forever","not_found","real"
"pre.zip/PMC7549218.pdf","46","47","18:297 Page 13 of 14","not_found","uncertain"
"pre.zip/PMC7549218.pdf","71","72","Available from","not_found","real"
"pre.zip/PMC7549218.pdf","75","76","Manuscr Submitt Publ. 2017;24","not_found","real"
"pre.zip/PMC7549218.pdf","41","42","Measurement invariance within and between individuals: a distinct problem in testing the equivalence of intra-and inter-individual model structures","mismatch","real"
"pre.zip/PMC7549218.pdf","57","58","The differential role of central and bridge symptoms in deactivating psychopathological networks","mismatch","real"
"pre.zip/PMC7549218.pdf","0","1","The network approach to psychopathology: a review of the literature 2008–2018 and an agenda for future research","verified",""
"pre.zip/PMC7549218.pdf","1","2","Network analysis: an integrative approach to the structure of psychopathology","verified",""
"pre.zip/PMC7549218.pdf","2","3","The concept of validity","verified",""
"pre.zip/PMC7549218.pdf","3","4","The network structure of symptoms of the diagnostic and statistical manual of mental disorders","verified",""
"pre.zip/PMC7549218.pdf","4","5","Comorbidity: a network perspective","verified",""
"pre.zip/PMC7549218.pdf","5","6","Mental disorders as networks of problems: a review of recent insights","verified",""
"pre.zip/PMC7549218.pdf","6","7","Deconstructing the construct: a network perspective on psychological phenomena","verified",""
"pre.zip/PMC7549218.pdf","7","8","Commentary: a network theory of mental disorders","verified",""
"pre.zip/PMC7549218.pdf","8","9","A network theory of mental disorders","verified",""
"pre.zip/PMC7549218.pdf","9","10","Brain disorders? Not really… Why network structures block reductionism in psychopathology research","verified",""
"pre.zip/PMC7549218.pdf","10","11","Psychometric perspectives on diagnostic systems","verified",""
"pre.zip/PMC7549218.pdf","11","12","The ontology of posttraumatic stress disorder: natural kind, social construction, or causal system? Clin Psychol Sci Pract. 2012;19(3):220–8","verified",""
"pre.zip/PMC7549218.pdf","13","14","What are psychological constructs? On the nature and statistical modelling of emotions, intelligence, personality traits and mental disorders","verified",""
"pre.zip/PMC7549218.pdf","14","15","Moving forward: challenges and directions for psychopathological network theory and methodology","verified",""
"pre.zip/PMC7549218.pdf","15","16","Centrality and network flow","verified",""
"pre.zip/PMC7549218.pdf","16","17","Node centrality in weighted networks: generalizing degree and shortest paths","verified",""
"pre.zip/PMC7549218.pdf","17","18","Identifying highly influential nodes in the complicated grief network","verified",""
"pre.zip/PMC7549218.pdf","18","19","How predictable are symptoms in psychopathological networks? A reanalysis of 18 published datasets","verified",""
"pre.zip/PMC7549218.pdf","19","20","Network analysis of substance abuse and dependence symptoms","verified",""
"pre.zip/PMC7549218.pdf","20","21","Network analysis of depression and anxiety symptom relationships in a psychiatric sample","verified",""
"pre.zip/PMC7549218.pdf","21","22","Using network analysis to identify central symptoms of adolescent depression","verified",""
"pre.zip/PMC7549218.pdf","22","23","The association of posttraumatic stress disorder, complex posttraumatic stress disorder, and borderline personality disorder from a network analytical perspective","verified",""
"pre.zip/PMC7549218.pdf","23","24","A network analysis investigation of the cognitive-behavioral theory of eating disorders","verified",""
"pre.zip/PMC7549218.pdf","24","25","Identifying a system of predominant negative symptoms: network analysis of three randomized clinical trials","verified",""
"pre.zip/PMC7549218.pdf","25","26","A state-independent network of depressive, negative and positive symptoms in male patients with schizophrenia spectrum disorders","verified",""
"pre.zip/PMC7549218.pdf","26","27","Network analysis of pediatric eating disorder symptoms in a treatment-seeking, transdiagnostic sample","verified",""
"pre.zip/PMC7549218.pdf","27","28","Frequency and network analysis of depressive symptoms in patients with cancer compared to the general population","verified",""
"pre.zip/PMC7549218.pdf","28","29","Symptom structure of PTSD and co-morbid depressive symptoms – a network analysis of combat veteran patients","verified",""
"pre.zip/PMC7549218.pdf","29","30","The network approach to posttraumatic stress disorder: a systematic review","verified",""
"pre.zip/PMC7549218.pdf","30","31","The study of psychopathology from the network analysis perspective: a systematic review","verified",""
"pre.zip/PMC7549218.pdf","31","32","Does centrality in a cross-sectional network suggest intervention targets for social anxiety disorder? J Consult Clin Psychol. 2018;86(10):831","verified",""
"pre.zip/PMC7549218.pdf","32","33","Central symptoms predict posttreatment outcomes and clinical impairment in anorexia nervosa: a network analysis","verified",""
"pre.zip/PMC7549218.pdf","33","34","Pretreatment posttraumatic stress disorder symptom network metrics predict the strength of the association between node change and network change during treatment","verified",""
"pre.zip/PMC7549218.pdf","36","37","Lack of group-to-individual generalizability is a threat to human subjects research","verified",""
"pre.zip/PMC7549218.pdf","37","38","Reply to Adolf and Fried: conditional equivalence and imperatives for person-level science","verified",""
"pre.zip/PMC7549218.pdf","38","39","Ergodicity is sufficient but not necessary for group-to-individual generalizability","verified",""
"pre.zip/PMC7549218.pdf","40","41","Personalized models of psychopathology; 2020","verified",""
"pre.zip/PMC7549218.pdf","42","43","Dynamic networks of PTSD symptoms during conflict","verified",""
"pre.zip/PMC7549218.pdf","43","44","The gaussian graphical model in cross-sectional and time-series data","verified",""
"pre.zip/PMC7549218.pdf","44","45","Can we jump from cross-sectional to dynamic interpretations of networks? Implications for the network perspective in psychiatry","verified",""
"pre.zip/PMC7549218.pdf","45","46","A clinician’s primer for idiographic research: considerations and recommendations","verified",""
"pre.zip/PMC7549218.pdf","47","48","Recovering bistable systems from psychological time series","verified",""
"pre.zip/PMC7549218.pdf","48","49","The challenge of generating causal hypotheses using network models","verified",""
"pre.zip/PMC7549218.pdf","49","50","An investigation of emotion dynamics in major depressive disorder patients and healthy persons using sparse longitudinal networks","verified",""
"pre.zip/PMC7549218.pdf","50","51","Time to get personal? The impact of researchers’ choices on the selection of treatment targets using the experience sampling methodology","verified",""
"pre.zip/PMC7549218.pdf","51","52","Quality control procedures for genome-wide association studies","verified",""
"pre.zip/PMC7549218.pdf","52","53","Node centrality measures are a poor substitute for causal inference","verified",""
"pre.zip/PMC7549218.pdf","53","54","Cross-sectional networks of depressive symptoms before and after antidepressant medication treatment","verified",""
"pre.zip/PMC7549218.pdf","54","55","Acute and chronic posttraumatic stress symptoms in the emergence of posttraumatic stress disorder: A network analysis","verified",""
"pre.zip/PMC7549218.pdf","55","56","Assessment of symptom network density as a prognostic marker of treatment response in adolescent depression","verified",""
"pre.zip/PMC7549218.pdf","56","57","Association of symptom network structure with the course of depression","verified",""
"pre.zip/PMC7549218.pdf","58","59","A network analysis approach to ADHD symptoms: more than the sum of its parts","verified",""
"pre.zip/PMC7549218.pdf","59","60","Differences in connection strength between mental symptoms might be explained by differences in variance: reanalysis of network data did not confirm staging","verified",""
"pre.zip/PMC7549218.pdf","60","61","Factorial invariance within longitudinal structural equation models: measuring the same construct across time","verified",""
"pre.zip/PMC7549218.pdf","61","62","Response shifts in mental health interventions: an illustration of longitudinal measurement invariance","verified",""
"pre.zip/PMC7549218.pdf","62","63","Diagnostic and statistical manual of mental disorder","verified",""
"pre.zip/PMC7549218.pdf","63","64","The development of a Clinician-Administered PTSD Scale","verified",""
"pre.zip/PMC7549218.pdf","64","65","Cognitive-behavioural therapy and psychodynamic psychotherapy in the treatment of combat-related post-traumatic stress disorder: a comparative effectiveness study: CBT and PDT in PTSD","verified",""
"pre.zip/PMC7549218.pdf","65","66","Clinician-administered PTSD scale: a review of the first ten years of research","verified",""
"pre.zip/PMC7549218.pdf","66","67","The accuracy of the Clinician-Administered PTSD Scale (CAPS) to identify PTSD cases in victims of urban violence","verified",""
"pre.zip/PMC7549218.pdf","67","68","Psychometric properties of the PTSD checklist (PCL)","verified",""
"pre.zip/PMC7549218.pdf","68","69","Psychometric properties of PTSD Checklist in sample of male veterans","verified",""
"pre.zip/PMC7549218.pdf","69","70","R: A language and environment for statistical computing","verified",""
"pre.zip/PMC7549218.pdf","70","71","qgraph: Network visualizations of relationships in psychometric data","verified",""
"pre.zip/PMC7549218.pdf","72","73","A tutorial on regularized partial correlation networks","verified",""
"pre.zip/PMC7549218.pdf","73","74","A network analysis of DSM-5 posttraumatic stress disorder symptoms and correlates in U.S. military veterans","verified",""
"pre.zip/PMC7549218.pdf","74","75","Is traumatic memory special ? A comparison of traumatic memory characteristics with memory for other emotional life experiences","verified",""
"pre.zip/PMC7549218.pdf","76","77","EGAnet: Exploratory Graph Analysis – A framework for estimating the number of dimensions in multivariate data using network psychometrics; 2020","verified",""
"pre.zip/PMC7549218.pdf","77","78","Controlling the false discovery rate: a practical and powerful approach to multiple testing","verified",""
"pre.zip/PMC7549218.pdf","78","79","Ockham’s razor and Bayesian analysis","verified",""
"pre.zip/PMC7549218.pdf","79","80","A network approach to psychopathology: new insights into clinical longitudinal data","verified",""
"pre.zip/PMC7549218.pdf","80","81","Modeling nonstationary emotion dynamics in dyads using a time-varying vector-autoregressive model","verified",""
"pre.zip/PMC7549218.pdf","81","82","A checklist for testing measurement invariance","verified",""
"pre.zip/PMC7549218.pdf","82","83","Lack of theory building and testing impedes progress in the factor and network literature","verified",""
"pre.zip/PMC7549218.pdf","83","84","Modeling psychopathology: from data models to formal theories","verified",""
"pre.zip/PMC7549218.pdf","84","85","Psychological networks in clinical populations: investigating the consequences of Berkson’s bias","verified",""
"pre.zip/PMC7609382.pdf","4","5","Coronavirus disease 2019 (COVID-19): a systematic review of pregnancy and the possibility of vertical transmission","not_found","real"
"pre.zip/PMC7609382.pdf","13","14","Acta Paediatr 2012","not_found","real"
"pre.zip/PMC7609382.pdf","16","17","BMJ Glob Health 2020;5(6): e002967","not_found","real"
"pre.zip/PMC7609382.pdf","26","27","18:347 Page 9 of 10 disease 2019 (COVID-19) during pregnancy and puerperium: information for healthcare professionals - an update","not_found","uncertain"
"pre.zip/PMC7609382.pdf","27","28","What are the risks of COVID-19 infection in pregnant women? Lancet. 2020;395(10226):760–2","not_found","real"
"pre.zip/PMC7609382.pdf","1","2","Characteristics of women of reproductive age with laboratory-confirmed SARS-CoV-2 infection by pregnancy status - United States, January 22-June 7","verified",""
"pre.zip/PMC7609382.pdf","2","3","A systematic scoping review of COVID-19 during pregnancy and childbirth","verified",""
"pre.zip/PMC7609382.pdf","3","4","Clinical characteristics of pregnant women with Covid-19 in Wuhan, China","verified",""
"pre.zip/PMC7609382.pdf","5","6","Early estimates of the indirect effects of the COVID-19 pandemic on maternal and child mortality in low-income and middle-income countries: a modelling study","verified",""
"pre.zip/PMC7609382.pdf","6","7","Impact of SARS-CoV-2 infection on neurodegenerative and neuropsychiatric diseases: a delayed pandemic? Neurologia. 2020;35(4):245–51","verified",""
"pre.zip/PMC7609382.pdf","7","8","Immediate and long-term consequences of COVID-19 infections for the development of neurological disease","verified",""
"pre.zip/PMC7609382.pdf","8","9","Rationality of 17 cities’ public perception of SARS and predictive model of psychological behavior","verified",""
"pre.zip/PMC7609382.pdf","9","10","The psychological impact of quarantine and how to reduce it: rapid review of the evidence","verified",""
"pre.zip/PMC7609382.pdf","10","11","Psychiatric and neuropsychiatric presentations associated with severe coronavirus infections: a systematic review and meta-analysis with comparison to the COVID-19 pandemic","verified",""
"pre.zip/PMC7609382.pdf","11","12","Association of prenatal maternal depression and anxiety symptoms with infant white matter microstructure","verified",""
"pre.zip/PMC7609382.pdf","12","13","A meta-analysis of maternal prenatal depression and anxiety on child socioemotional development","verified",""
"pre.zip/PMC7609382.pdf","14","15","A randomized interventional study to promote milk secretion during mother-baby separation based on the health belief model: a consort compliant","verified",""
"pre.zip/PMC7609382.pdf","15","16","A call for action for COVID-19 surveillance and research during pregnancy","verified",""
"pre.zip/PMC7609382.pdf","17","18","Maternal mental health in the time of the COVID-19 pandemic","verified",""
"pre.zip/PMC7609382.pdf","18","19","Prevalence and correlates of symptoms of post-traumatic stress disorder among Chinese healthcare workers exposed to physical violence: a cross-sectional study","verified",""
"pre.zip/PMC7609382.pdf","19","20","A prospective study of maternal postnatal depressive symptoms with infant-feeding practices in a Chinese birth cohort","verified",""
"pre.zip/PMC7609382.pdf","20","21","Studies of the norm and psychometrical properties of the ages and stages questionnaires, third edition, with a Chinese national sample","verified",""
"pre.zip/PMC7609382.pdf","21","22","Examining the convergent evidence of a parent-completed, social-emotional screening tool in China","verified",""
"pre.zip/PMC7609382.pdf","22","23","Ages and stages questionnaires","verified",""
"pre.zip/PMC7609382.pdf","23","24","Ages and stages questionnaires: social emotional","verified",""
"pre.zip/PMC7609382.pdf","24","25","Re: From the frontlines of COVID-19-how prepared are we as obstetricians? A commentary","verified",""
"pre.zip/PMC7609382.pdf","25","26","Coronavirus disease 2019 (COVID-19) pandemic and pregnancy","verified",""
"pre.zip/PMC7609382.pdf","28","29","Can SARS-CoV-2 infection be acquired in utero?: more definitive evidence is needed","verified",""
"pre.zip/PMC7609382.pdf","30","31","Transplacental transmission of SARS-CoV-2 infection","verified",""
"pre.zip/PMC7609382.pdf","31","32","Placental barrier against COVID-19","verified",""
"pre.zip/PMC7609382.pdf","32","33","Pregnancy in women with psychotic disorders: risk factors associated with mother-baby separation","verified",""
"pre.zip/PMC7609382.pdf","33","34","A qualitative cross-cultural analysis of NICU care culture and infant feeding in Finland and the U.S","verified",""
"pre.zip/PMC7609382.pdf","34","35","The lifelong effects of early childhood adversity and toxic stress","verified",""
"pre.zip/PMC7609382.pdf","35","36","Biological embedding of childhood adversity: from physiological mechanisms to clinical implications","verified",""
"pre.zip/PMC7609382.pdf","36","37","Childhood trauma and the enduring consequences of forcibly separating children from parents at the United States border","verified",""
"pre.zip/PMC7609382.pdf","37","38","The effect of COVID-19 pandemic and social restrictions on depression rates and maternal attachment in immediate postpartum women: a preliminary study","verified",""
"pre.zip/PMC7609382.pdf","38","39","The persistence of underpowered studies in psychological research: causes, consequences, and remedies","verified",""
"pre.zip/PMC7646072.pdf","17","18","N Engl J Med. 2011;364(9):852–60","not_found","real"
"pre.zip/PMC7646072.pdf","28","29","18:310 Page 10 of 11 daily insulin injections (HypoDE): a multicentre, randomised controlled trial","not_found","uncertain"
"pre.zip/PMC7646072.pdf","1","2","Mobile health: the power of wearables, sensors, and apps to transform clinical trials","verified",""
"pre.zip/PMC7646072.pdf","2","3","A two-stage model for wearable device data","verified",""
"pre.zip/PMC7646072.pdf","3","4","Selection of and evidentiary considerations for wearable devices and their measurements for use in regulatory decision making: recommendations from the ePRO Consortium","verified",""
"pre.zip/PMC7646072.pdf","4","5","Use of mobile devices to measure outcomes in clinical research, 2010-2016: a systematic literature review","verified",""
"pre.zip/PMC7646072.pdf","5","6","Closed-loop insulin delivery for glycemic control in noncritical care","verified",""
"pre.zip/PMC7646072.pdf","6","7","Use of wearable, mobile, and sensor technology in cancer clinical trials","verified",""
"pre.zip/PMC7646072.pdf","7","8","Digital technologies as biomarkers, clinical outcomes assessment, and recruitment tools in Alzheimer’s disease clinical trials","verified",""
"pre.zip/PMC7646072.pdf","8","9","Brain monitoring devices in neuroscience clinical research: the potential of remote monitoring using sensors, wearables, and mobile devices","verified",""
"pre.zip/PMC7646072.pdf","9","10","Biometric monitoring devices for assessing end points in clinical trials: developing an ecosystem","verified",""
"pre.zip/PMC7646072.pdf","10","11","FDA eyes new diabetes end points","verified",""
"pre.zip/PMC7646072.pdf","12","13","Wearable devices in clinical trials: hype and hypothesis","verified",""
"pre.zip/PMC7646072.pdf","13","14","Wearable activity monitors in oncology trials: current use of an emerging technology","verified",""
"pre.zip/PMC7646072.pdf","14","15","The effect of automated text messaging and goal setting on pedometer adherence and physical activity in patients with diabetes: a randomized controlled trial","verified",""
"pre.zip/PMC7646072.pdf","15","16","Imputing missing data in large-scale multivariate biomedical wearable recordings using bidirectional recurrent neural networks with temporal activation regularization","verified",""
"pre.zip/PMC7646072.pdf","16","17","Rayyan-a web and mobile app for systematic reviews","verified",""
"pre.zip/PMC7646072.pdf","18","19","Missing data: how to best account for what is not known","verified",""
"pre.zip/PMC7646072.pdf","19","20","Best practices for analyzing large-scale health data from wearables and smartphone apps","verified",""
"pre.zip/PMC7646072.pdf","21","22","Short-term efficacy of a computer-tailored physical activity intervention for prostate and colorectal cancer patients and survivors: a randomized controlled trial","verified",""
"pre.zip/PMC7646072.pdf","22","23","Closed-loop insulin delivery in suboptimally controlled type 1 diabetes: a multicentre, 12-week randomised trial","verified",""
"pre.zip/PMC7646072.pdf","23","24","Comparison of morning basal + 1 bolus insulin therapy (insulin glulisine + insulin glargine 300 U/mL vs insulin lispro + insulin glargine biosimilar) using continuous glucose monitoring: a randomized crossover study","verified",""
"pre.zip/PMC7646072.pdf","24","25","Dapagliflozin for prednisone-induced hyperglycaemia in acute exacerbation of chronic obstructive pulmonary disease","verified",""
"pre.zip/PMC7646072.pdf","25","26","Cost-effectiveness of a blended physiotherapy intervention compared to usual physiotherapy in patients with hip and/or knee osteoarthritis: a cluster randomized controlled trial","verified",""
"pre.zip/PMC7646072.pdf","26","27","Avoidable waste of research related to outcome planning and reporting in clinical trials","verified",""
"pre.zip/PMC7646072.pdf","27","28","Choosing important health outcomes for comparative effectiveness research: 4th annual update to a systematic review of core outcome sets for research","verified",""
"pre.zip/PMC7646072.pdf","29","30","A core outcomes set for clinical trials of interventions for young adults with type 1 diabetes: an international, multi-perspective Delphi consensus study","verified",""
"pre.zip/PMC7646072.pdf","30","31","SCORE-IT (Selecting Core Outcomes for Randomised Effectiveness trials In Type 2 diabetes): a systematic review of registered trials","verified",""
"pre.zip/PMC7646072.pdf","31","32","Comparison of registered and published primary outcomes in randomized controlled trials","verified",""
"pre.zip/PMC7646072.pdf","32","33","Making protocols available with the article improved evaluation of selective outcome reporting","verified",""
"pre.zip/PMC7646072.pdf","33","34","Statistical controversies in clinical research: comparison of primary outcomes in protocols, public clinical-trial registries and publications: the example of oncology trials","verified",""
"pre.zip/PMC7646072.pdf","34","35","SPIRIT 2013 statement: defining standard protocol items for clinical trials","verified",""
"pre.zip/PMC7646072.pdf","35","36","Guidelines for inclusion of patient-reported outcomes in clinical trial protocols: the SPIRIT-PRO extension","verified",""
"pre.zip/PMC7646072.pdf","36","37","CONSORT 2010 statement: updated guidelines for reporting parallel group randomised trials","verified",""
"pre.zip/PMC7646072.pdf","37","38","Protocol of the COSMIN study: COnsensus-based Standards for the selection of health Measurement INstruments","verified",""
"pre.zip/PMC7646072.pdf","38","39","Feasibility of obtaining measures of lifestyle from a smartphone app: the MyHeart Counts Cardiovascular Health Study","verified",""
"pre.zip/PMC7667802.pdf","0","1","Global status report on violence prevention 2014","not_found","real"
"pre.zip/PMC7667802.pdf","1","2","Injuries and violence: the facts","not_found","real"
"pre.zip/PMC7667802.pdf","2","3","Global study on homicide","not_found","real"
"pre.zip/PMC7667802.pdf","4","5","Global and regional estimates of violence against women: prevalence and health effects of intimate partner violence and non-partner sexual violence","not_found","real"
"pre.zip/PMC7667802.pdf","10","11","Protecting people, promoting health: a public health approach to violence prevention for England","not_found","hallucinated"
"pre.zip/PMC7667802.pdf","15","16","Child sexual abuse and sexual revictimization","not_found","real"
"pre.zip/PMC7667802.pdf","25","26","Association of adverse childhood experiences and health risk behaviours among young adults visiting a regional primary healthcare center, Federation of Bosnia and Herzegovina","not_found","uncertain"
"pre.zip/PMC7667802.pdf","28","29","Delivering for today, investing for tomorrow: the Government’s programme for Scotland","not_found","hallucinated"
"pre.zip/PMC7667802.pdf","34","35","User guide to crime statistics for England and Wales","not_found","real"
"pre.zip/PMC7667802.pdf","37","38","Improving crime statistics for England and Wales - progress update October 2017","not_found","real"
"pre.zip/PMC7667802.pdf","38","39","The English indices of deprivation 2015","not_found","real"
"pre.zip/PMC7667802.pdf","39","40","Welsh index of multiple deprivation (WIMD) 2014","not_found","real"
"pre.zip/PMC7667802.pdf","40","41","The English indices of deprivation 2019: frequently asked questions (FAQs)","not_found","real"
"pre.zip/PMC7667802.pdf","45","46","Developmental trauma disorder","not_found","real"
"pre.zip/PMC7667802.pdf","47","48","Emotion management skills in sexually maltreated children and its implications for research, treatment, and policy","not_found","real"
"pre.zip/PMC7667802.pdf","49","50","The impact of childhood trauma on adult interpersonal cibfklict: the role of early maladaptive schemas and patterns of interpersonal behavior","not_found","hallucinated"
"pre.zip/PMC7667802.pdf","61","62","Adverse childhood experiences and intimate partner violence: testing psychosocial mediational pathways among couples","not_found","real"
"pre.zip/PMC7667802.pdf","65","66","Pediatr Ann. 2014;43(11):e271–7","not_found","real"
"pre.zip/PMC7667802.pdf","69","70","The international crime victims surveys: a retrospective","not_found","real"
"pre.zip/PMC7667802.pdf","78","79","SAMHSA’s concept of trauma and guidance for a trauma-informed approach","not_found","real"
"pre.zip/PMC7667802.pdf","82","83","Transforming our world: the 2030 agenda for sustainable development. Resolution adopted by the general Assemby on 25 September 2015: A/RES/70/1","not_found","real"
"pre.zip/PMC7667802.pdf","3","4","World report on violence and health","mismatch","real"
"pre.zip/PMC7667802.pdf","8","9","Manual for estimating the economic costs of injuries due to interpersonal and self-directed violence","mismatch","real"
"pre.zip/PMC7667802.pdf","9","10","The economic and social costs of crime","mismatch","uncertain"
"pre.zip/PMC7667802.pdf","5","6","Contribution of violence to health inequalities in England: demographics and trends in emergency hospital admissions for assault","verified",""
"pre.zip/PMC7667802.pdf","6","7","Nighttime assaults: using a national emergency department monitoring system to predict occurrence, target prevention and plan services","verified",""
"pre.zip/PMC7667802.pdf","7","8","Data sharing for prevention: a case study in the development of a comprehensive emergency department injury surveillance system and its use in preventing violence and alcohol-related harms","verified",""
"pre.zip/PMC7667802.pdf","11","12","Childhood victimization and lifetime revictimization","verified",""
"pre.zip/PMC7667802.pdf","12","13","Re-victimization patterns in a national longitudinal sample of children and youth","verified",""
"pre.zip/PMC7667802.pdf","13","14","Multiple forms of child abuse and neglect: adult retrospective reports","verified",""
"pre.zip/PMC7667802.pdf","14","15","Childhood sexual abuse, adolescent sexual behaviors and sexual revictimization","verified",""
"pre.zip/PMC7667802.pdf","16","17","Frequency and correlates of intimate partner violence by type: physical, sexual, and psychological battering","verified",""
"pre.zip/PMC7667802.pdf","17","18","The intergenerational transmission of witnessing intimate partner violence","verified",""
"pre.zip/PMC7667802.pdf","18","19","National household survey of adverse childhood experiences and their relationship with resilience to health-harming behaviours in England","verified",""
"pre.zip/PMC7667802.pdf","19","20","Relationship of childhood abuse and household dysfunction to many of the leading causes of death in adults","verified",""
"pre.zip/PMC7667802.pdf","20","21","Assessing a child’s experience of multiple maltreatment types: some unfinished business","verified",""
"pre.zip/PMC7667802.pdf","21","22","The effect of multiple adverse childhood experiences on health: a systematic review and meta-analysis","verified",""
"pre.zip/PMC7667802.pdf","22","23","Adverse childhood experiences and risk of physical violence in adolescent dating relationships","verified",""
"pre.zip/PMC7667802.pdf","23","24","Adverse childhood experiences and their impact on health-harming behaviours in the Welsh adult population","verified",""
"pre.zip/PMC7667802.pdf","24","25","Adverse childhood experiences (ACEs) in Hertfordshire, Luton and Northamptonshire","verified",""
"pre.zip/PMC7667802.pdf","26","27","Violent childhood experiences and the risk of intimate partner violence in adults: assessment in a large health maintenance organization","verified",""
"pre.zip/PMC7667802.pdf","27","28","Adverse childhood experiences and sexual victimization in adulthood","verified",""
"pre.zip/PMC7667802.pdf","30","31","Biological embedding of childhood adversity: from physiological mechanisms to clinical implications","verified",""
"pre.zip/PMC7667802.pdf","31","32","Polyvictimization in childhood and its adverse impacts across the lifespan: introduction to the special issue","verified",""
"pre.zip/PMC7667802.pdf","32","33","Do specific early-life adversities lead to specific symptoms of psychosis? A study from the 2007 The Adult Psychiatric Morbidity Survey","verified",""
"pre.zip/PMC7667802.pdf","36","37","Methodology used for producing ONS's small area population estimates","verified",""
"pre.zip/PMC7667802.pdf","41","42","Separate and cumulative effects of adverse childhood experiences in predicting adult health and health care utilization","verified",""
"pre.zip/PMC7667802.pdf","42","43","Developmental patterns of adverse childhood experiences and current symptoms and impairment in youth referred for trauma-specific services","verified",""
"pre.zip/PMC7667802.pdf","43","44","The impact of specific and complex trauma on the mental health of homeless youth","verified",""
"pre.zip/PMC7667802.pdf","44","45","Single versus multi-type maltreatment","verified",""
"pre.zip/PMC7667802.pdf","46","47","Childhood maltreatment, emotional dysregulation, and psychiatric comorbidities","verified",""
"pre.zip/PMC7667802.pdf","48","49","The impact of childhood emotional abuse and experiential avoidance on maladaptive problem solving and intimate partner violence","verified",""
"pre.zip/PMC7667802.pdf","50","51","Reactive aggression among maltreated children: the contributions of attention and emotion","verified",""
"pre.zip/PMC7667802.pdf","51","52","Childhood origins of self-destructive behavior","verified",""
"pre.zip/PMC7667802.pdf","52","53","Risk recognition and trauma-related symptoms among sexually revictimized women","verified",""
"pre.zip/PMC7667802.pdf","53","54","PTSD as a mediator of sexual revictimization: the roles of re-experiencing, avoidance, and arousal symptoms","verified",""
"pre.zip/PMC7667802.pdf","54","55","Peer drug associations and emotional restraint: causes or consequences of adolescents’ drug use? J Consulting Clin Psychol. 1993; 61(2):327–34","verified",""
"pre.zip/PMC7667802.pdf","55","56","Birds of a feather: homophily in social networks","verified",""
"pre.zip/PMC7667802.pdf","56","57","Self-control, gang membership, and victimization: an integrated approach","verified",""
"pre.zip/PMC7667802.pdf","57","58","The intergenerational transmission of marital aggression","verified",""
"pre.zip/PMC7667802.pdf","58","59","Sexual revictimization among women: a review of the literature focusing on empirical investigations","verified",""
"pre.zip/PMC7667802.pdf","59","60","Childhood sexual abuse, adolescent sexual behaviours and sexual revictimization","verified",""
"pre.zip/PMC7667802.pdf","60","61","Pathways to adult sexual revictimization: direct and indirect risk factors across the lifespan","verified",""
"pre.zip/PMC7667802.pdf","62","63","Screening for adverse childhood experiences (ACEs): cautions and suggestions","verified",""
"pre.zip/PMC7667802.pdf","63","64","Does continuous trusted adult support in childhood impart life-course resilience against adverse childhood experiences - a retrospective study on adult health-harming behaviours and mental well-being","verified",""
"pre.zip/PMC7667802.pdf","64","65","The SEEK model of pediatric primary care: can child maltreatment be prevented in a low-risk population? Acad Pediatr. 2012;12(4):259–68","verified",""
"pre.zip/PMC7667802.pdf","66","67","The nurse-family partnership: an evidence-based preventive intervention","verified",""
"pre.zip/PMC7667802.pdf","67","68","Cumulative trauma: the impact of child sexual abuse, adult sexual assault, and spouse abuse","verified",""
"pre.zip/PMC7667802.pdf","68","69","Violence against women: outcome complexity and implications for assessment and treatment","verified",""
"pre.zip/PMC7667802.pdf","71","72","Is violent crime increasing or decreasing? A new methodology to measure repeat attacks making visible the significance of gender and domestic relations","verified",""
"pre.zip/PMC7667802.pdf","72","73","Repeated sexual victimization and mental disorders in women","verified",""
"pre.zip/PMC7667802.pdf","73","74","Posttraumatic stress disorder, self-and interpersonal dysfunction among sexually retraumatized women","verified",""
"pre.zip/PMC7667802.pdf","74","75","The revictimization of child sexual abuse survivors: an examination of the adjustment of college women with child sexual abuse, adult sexual assault, and adult physical abuse","verified",""
"pre.zip/PMC7667802.pdf","75","76","A 2-year longitudinal analysis of the relationship between violent assault and substance use in women","verified",""
"pre.zip/PMC7667802.pdf","76","77","Adverse childhood experiences are associated with spontaneous preterm birth: a case-control study","verified",""
"pre.zip/PMC7667802.pdf","77","78","Developing a community-wide initiative to address childhood adversity and toxic stress: a case study of the Philadelphia ACE Task Force","verified",""
"pre.zip/PMC7667802.pdf","79","80","The impact of adverse childhood experiences on health service use across the life course using a retrospective cohort study","verified",""
"pre.zip/PMC7667802.pdf","80","81","The central role of relationships with trauma-informed integrated care for children and youth","verified",""
"pre.zip/PMC7667802.pdf","81","82","European report on preventing child maltreatment","verified",""
"pre.zip/PMC7667802.pdf","83","84","Early childhood development: the foundation of sustainable development","verified",""
"pre.zip/PMC7667802.pdf","84","85","Pathways between childhood victimization and psychosis-like symptoms in the ALSPAC birth cohort","verified",""
"pre.zip/PMC7667802.pdf","85","86","Further evaluating the relationship between adverse childhood experiences, antisocial behavior, and violent victimization: a sibling comparison analysis","verified",""
"pre.zip/PMC7667802.pdf","86","87","Adverse childhood experiences and the risk of criminal justice involvement and victimization among homeless adults with mental illness","verified",""
"pre.zip/PMC7667802.pdf","87","88","The biological effects of childhood trauma","verified",""
"pre.zip/PMC7667802.pdf","88","89","Adverse childhood experiences and subsequent substance abuse in a sample of sexual offenders: implications for treatment and prevention","verified",""
"pre.zip/PMC7667802.pdf","89","90","Type and timing of adverse childhood experiences differentially affect severity of PTSD, dissociative and depressive symptoms in adult inpatients","verified",""
"pre.zip/PMC7667802.pdf","90","91","Adverse childhood experiences (ACEs), service use, and service helpfulness among people experiencing homelessness","verified",""
"pre.zip/PMC7667802.pdf","91","92","Pathways from childhood abuse and other adversities to adult health risks: the role of adult socioeconomic conditions","verified",""
"pre.zip/PMC7667802.pdf","92","93","Characteristics of child physical and sexual abuse as predictors of psychopathology","verified",""
"pre.zip/PMC7672821.pdf","16","17","Adaptive Parallel Tempering Algorithm; 2012","not_found","hallucinated"
"pre.zip/PMC7672821.pdf","42","43","SF-6D population norms; 2012","not_found","hallucinated"
"pre.zip/PMC7672821.pdf","0","1","Global, regional and national disease burden estimates of acute lower respiratory infections due to respiratory syncytial virus in young children in 2015","verified",""
"pre.zip/PMC7672821.pdf","3","4","Safety, tolerability, and pharmacokinetics of MEDI8897, an extended half-life single-dose respiratory syncytial virus prefusion F-targeting monoclonal antibody administered as a single dose to healthy preterm infants","verified",""
"pre.zip/PMC7672821.pdf","5","6","The respiratory syncytial virus vaccine landscape: lessons from the graveyard and promising candidates","verified",""
"pre.zip/PMC7672821.pdf","7","8","Births in England and Wales: 2017","verified",""
"pre.zip/PMC7672821.pdf","8","9","Respiratory syncytial virus neutralizing antibodies in cord blood, respiratory syncytial virus hospitalization, and recurrent wheeze","verified",""
"pre.zip/PMC7672821.pdf","9","10","Social contacts and mixing patterns relevant to the spread of infectious diseases","verified",""
"pre.zip/PMC7672821.pdf","10","11","The social life of infants in the context of infectious disease transmission; social contacts and mixing patterns of the very young","verified",""
"pre.zip/PMC7672821.pdf","11","12","Vaccine induced herd immunity for control of respiratory syncytial virus disease in a low-income country setting","verified",""
"pre.zip/PMC7672821.pdf","12","13","Frequent asymptomatic respiratory syncytial virus infections during an epidemic in a rural Kenyan household cohort","verified",""
"pre.zip/PMC7672821.pdf","13","14","Respiratory-syncytial-virus infections, reinfections and immunity","verified",""
"pre.zip/PMC7672821.pdf","14","15","Duration of shedding of respiratory syncytial virus in a community study of Kenyan children","verified",""
"pre.zip/PMC7672821.pdf","15","16","Effectiveness of palivizumab in high-risk infants and children 2017","verified",""
"pre.zip/PMC7672821.pdf","17","18","A new laboratory-based surveillance system (Respiratory Datamart System) for influenza and other respiratory viruses in England: results and experience from 2009 to 2012","verified",""
"pre.zip/PMC7672821.pdf","19","20","Maternal antibody and respiratroy syncytial virus infection in infancy","verified",""
"pre.zip/PMC7672821.pdf","20","21","The level and duration of RSV-specific maternal IgG in infants in Kilifi Kenya","verified",""
"pre.zip/PMC7672821.pdf","21","22","Molecular analysis of respiratory syncytial virus reinfections in infants from coastal Kenya","verified",""
"pre.zip/PMC7672821.pdf","22","23","Immunity to and frequency of reinfection with respiratory syncytial virus","verified",""
"pre.zip/PMC7672821.pdf","23","24","Viral load drives disease in humans experimentally infected with respiratory syncytial virus","verified",""
"pre.zip/PMC7672821.pdf","24","25","Risk of primary infection and reinfection with respiratory syncytial virus","verified",""
"pre.zip/PMC7672821.pdf","25","26","Seasonal variation of maternally derived respiratory syncytial virus antibodies and association with infant hospitalizations for respiratory syncytial virus","verified",""
"pre.zip/PMC7672821.pdf","26","27","Determinants of susceptibility to challenge and the antibody response of adult volunteers given experimental respiratory syncytial virus vaccines","verified",""
"pre.zip/PMC7672821.pdf","28","29","Estimating the burden of respiratory syncytial virus (RSV) on respiratory hospital admissions in children less than five years of age in England","verified",""
"pre.zip/PMC7672821.pdf","29","30","Gaussian probabilities and expectation propagation. 2011;2:1–56","verified",""
"pre.zip/PMC7672821.pdf","31","32","Gestational age and outcomes in critical congenital heart disease","verified",""
"pre.zip/PMC7672821.pdf","33","34","Admission to hospital for bronchiolitis in England: trends over five decades, geographical variation and association with perinatal characteristics and subsequent asthma","verified",""
"pre.zip/PMC7672821.pdf","34","35","Assessing optimal target populations for influenza vaccination programmes: an evidence synthesis and modelling study","verified",""
"pre.zip/PMC7672821.pdf","35","36","Cost-effectiveness of pertussis vaccination during pregnancy in the United States","verified",""
"pre.zip/PMC7672821.pdf","37","38","Age-specific incidence of a/H1N1 2009 influenza infection in England from sequential antibody prevalence data using likelihood-based estimation","verified",""
"pre.zip/PMC7672821.pdf","40","41","Burden of paediatric respiratory syncytial virus disease and potential effect of different immunisation strategies: a modelling and cost-effectiveness analysis for England","verified",""
"pre.zip/PMC7672821.pdf","41","42","Modelling estimates of the burden of respiratory syncytial virus infection in adults and the elderly in the United Kingdom","verified",""
"pre.zip/PMC7672821.pdf","43","44","Modelling estimates of the burden of respiratory syncytial virus infection in children in the UK","verified",""
"pre.zip/PMC7672821.pdf","44","45","Using probabilistically linked data to investigate the burden of respiratory syncytial virus (RSV) in children <5 years of age on secondary care in England","verified",""
"pre.zip/PMC7672821.pdf","45","46","Burden of hospital admissions caused by respiratory syncytial virus (RSV) in infants in England: a data linkage modelling study","verified",""
"pre.zip/PMC7672821.pdf","46","47","The contribution of child, family and health service factors to respiratory syncytial virus (RSV) hospital admissions in the first 3 years of life: birth cohort study in Scotland, 2009 to 2015","verified",""
"pre.zip/PMC7672821.pdf","47","48","Rates of hospitalizations for respiratory syncytial virus, human metapneumovirus, and influenza virus in older adults","verified",""
"pre.zip/PMC7672821.pdf","49","50","Development of a humanized monoclonal antibody (MEDI-493) with potent in vitro and in vivo activity against respiratory syncytial virus","verified",""
"pre.zip/PMC7672821.pdf","51","52","Estimates for quality of life loss due to RSV","verified",""
"pre.zip/PMC7672821.pdf","52","53","Clinical workload in UK primary care: a retrospective analysis of 100 million consultations in England, 2007-","verified",""
"pre.zip/PMC7672821.pdf","54","55","Unit costs of health and social care 2018. 2018 https://doi.org/10.22024/UniKent/01.02","verified",""
"pre.zip/PMC7672821.pdf","55","56","Risk factors for hospital admission with RSV bronchiolitis in England: a population-based birth cohort study","verified",""
"pre.zip/PMC7672821.pdf","57","58","Immunoprophylaxis against respiratory syncytial virus (RSV) with palivizumab in children: a systematic review and economic evaluation","verified",""
"pre.zip/PMC7672821.pdf","60","61","The natural history of respiratory syncytial virus in a birth cohort: the influence of age and previous infection on reinfection and disease","verified",""
"pre.zip/PMC7672821.pdf","61","62","Epidemiology of laboratory-confirmed respiratory syncytial virus infection in young children in England, 2010-2014: the importance of birth month","verified",""
"pre.zip/PMC7677775.pdf","10","11","Cell Physiol Biochem. 2018;50(1):136–49","not_found","real"
"pre.zip/PMC7677775.pdf","28","29","Mol Cancer Ther. 2015; 14(5):1152–61","not_found","real"
"pre.zip/PMC7677775.pdf","44","45","Int J Cell Biol. 2009;2009:417197","not_found","real"
"pre.zip/PMC7677775.pdf","0","1","Metastasis: a question of life or death","verified",""
"pre.zip/PMC7677775.pdf","1","2","Transcriptomic profiling of sequential tumors from breast cancer patients provides a global view of metastatic expression changes following endocrine therapy","verified",""
"pre.zip/PMC7677775.pdf","2","3","Transcriptome characterization of matched primary breast and brain metastatic tumors to detect novel actionable targets","verified",""
"pre.zip/PMC7677775.pdf","3","4","ADAMTS proteins in human disorders","verified",""
"pre.zip/PMC7677775.pdf","4","5","ADAMs and ADAMTSs in cancer","verified",""
"pre.zip/PMC7677775.pdf","5","6","The ADAM metalloproteinases","verified",""
"pre.zip/PMC7677775.pdf","6","7","The “a disintegrin and metalloprotease” (ADAM) family of sheddases: physiological and cellular functions","verified",""
"pre.zip/PMC7677775.pdf","7","8","The ADAMs: signalling scissors in the tumour microenvironment","verified",""
"pre.zip/PMC7677775.pdf","8","9","The ADAMs family of proteases: new biomarkers and therapeutic targets for cancer? Clin Proteomics. 2011;8(1):9","verified",""
"pre.zip/PMC7677775.pdf","9","10","Global characterization of the SRC-1 transcriptome identifies ADAM22 as an ER-independent mediator of endocrine-resistant breast cancer","verified",""
"pre.zip/PMC7677775.pdf","11","12","Structural characterization of the ectodomain of a disintegrin and metalloproteinase-22 (ADAM22), a neural adhesion receptor instead of metalloproteinase: insights on ADAM function","verified",""
"pre.zip/PMC7677775.pdf","12","13","Disruption of LGI1-linked synaptic complex causes abnormal synaptic transmission and epilepsy","verified",""
"pre.zip/PMC7677775.pdf","13","14","ADAM22 as a prognostic and therapeutic drug target in the treatment of endocrine-resistant breast cancer","verified",""
"pre.zip/PMC7677775.pdf","14","15","A novel gene, LGI1, from 10q24 is rearranged and downregulated in malignant brain tumors","verified",""
"pre.zip/PMC7677775.pdf","15","16","Emerging strategies for treating brain metastases from breast cancer","verified",""
"pre.zip/PMC7677775.pdf","16","17","Selection and characterization of a breast cancer cell line resistant to the antiestrogen LY 117018","verified",""
"pre.zip/PMC7677775.pdf","17","18","Epigenome-wide SRC-1-mediated gene silencing represses cellular differentiation in advanced breast cancer","verified",""
"pre.zip/PMC7677775.pdf","18","19","Adaptation to AI therapy in breast cancer can induce dynamic alterations in ER activity resulting in estrogen-independent metastatic tumors","verified",""
"pre.zip/PMC7677775.pdf","19","20","Exome-capture RNA sequencing of decade-old breast cancers and matched decalcified bone metastases","verified",""
"pre.zip/PMC7677775.pdf","20","21","Salmon provides fast and bias-aware quantification of transcript expression","verified",""
"pre.zip/PMC7677775.pdf","21","22","Moderated estimation of fold change and dispersion for RNA-seq data with DESeq2","verified",""
"pre.zip/PMC7677775.pdf","22","23","The extracellular matrix: tools and insights for the “omics” era","verified",""
"pre.zip/PMC7677775.pdf","23","24","edgeR: a Bioconductor package for differential expression analysis of digital gene expression data","verified",""
"pre.zip/PMC7677775.pdf","24","25","clusterProfiler: an R package for comparing biological themes among gene clusters","verified",""
"pre.zip/PMC7677775.pdf","25","26","DGIdb 3.0: a redesign and expansion of the drug-gene interaction database","verified",""
"pre.zip/PMC7677775.pdf","26","27","Complex heatmaps reveal patterns and correlations in multidimensional genomic data","verified",""
"pre.zip/PMC7677775.pdf","27","28","Genes that mediate breast cancer metastasis to the brain","verified",""
"pre.zip/PMC7677775.pdf","29","30","A detailed mammosphere assay protocol for the quantification of breast stem cell activity","verified",""
"pre.zip/PMC7677775.pdf","30","31","Network analysis of SRC-1 reveals a novel transcription factor hub which regulates endocrine resistant breast cancer","verified",""
"pre.zip/PMC7677775.pdf","31","32","Metastatic progression with resistance to aromatase inhibitors is driven by the steroid receptor coactivator SRC-1","verified",""
"pre.zip/PMC7677775.pdf","32","33","S100beta as a serum marker in endocrine resistant breast cancer","verified",""
"pre.zip/PMC7677775.pdf","33","34","A living biobank of breast cancer organoids captures disease heterogeneity","verified",""
"pre.zip/PMC7677775.pdf","34","35","Piezoelectric barium titanate nanostimulators for the treatment of glioblastoma multiforme","verified",""
"pre.zip/PMC7677775.pdf","35","36","Epilepsy-related ligand/receptor complex LGI1 and ADAM22 regulate synaptic transmission","verified",""
"pre.zip/PMC7677775.pdf","36","37","Transcriptional profiling of breast cancer metastases identifies liver metastasis-selective genes associated with adverse outcome in luminal a primary breast cancer","verified",""
"pre.zip/PMC7677775.pdf","37","38","ADAM8 in invasive cancers: links to tumor progression, metastasis, and chemoresistance","verified",""
"pre.zip/PMC7677775.pdf","38","39","Isoforms of 14-3-3 protein can form homo-and heterodimers in vivo and in vitro: implications for function as adapter proteins","verified",""
"pre.zip/PMC7677775.pdf","39","40","ADAM22 plays an important role in cell adhesion and spreading with the assistance of 14-3-3","verified",""
"pre.zip/PMC7677775.pdf","40","41","The interaction between ADAM22 and 14-3-3beta","verified",""
"pre.zip/PMC7677775.pdf","41","42","The ADAM17-amphiregulin-EGFR axis in mammary development and cancer","verified",""
"pre.zip/PMC7677775.pdf","42","43","Increased expression of LGI1 gene triggers growth inhibition and apoptosis of neuroblastoma cells","verified",""
"pre.zip/PMC7677775.pdf","43","44","Antibody drug conjugates: preclinical considerations","verified",""
"pre.zip/PMC7677775.pdf","45","46","LGI1, a putative tumor metastasis suppressor gene, controls in vitro invasiveness and expression of matrix metalloproteinases in glioma cells through the ERK1/2 pathway","verified",""
"pre.zip/PMC7677775.pdf","46","47","Peptide therapeutics: current status and future directions","verified",""
"pre.zip/PMC7677775.pdf","47","48","Novel target for peptide-based imaging and treatment of brain tumors","verified",""
"pre.zip/PMC7677775.pdf","48","49","Evaluation of the use of therapeutic peptides for cancer treatment","verified",""
"pre.zip/PMC7677775.pdf","49","50","Challenges in the treatment of hormone receptor-positive, HER2-negative metastatic breast cancer with brain metastases","verified",""
"pre.zip/PMC7677775.pdf","50","51","Metastasis: an early event in cancer progression","verified",""
"pre.zip/PMC7685778.pdf","1","2","Lancet Respir Med","not_found","real"
"pre.zip/PMC7685778.pdf","4","5","Sex difference and smoking predisposition in patients with COVID-19","not_found","real"
"pre.zip/PMC7685778.pdf","23","24","Clinics (Sao Paulo). 2020;75:e1980 PubMed PMID: 32490931","not_found","real"
"pre.zip/PMC7685778.pdf","0","1","Clinical characteristics of coronavirus disease 2019 in China","verified",""
"pre.zip/PMC7685778.pdf","2","3","Estimates of the severity of coronavirus disease 2019: a model-based analysis","verified",""
"pre.zip/PMC7685778.pdf","3","4","Clinical course and risk factors for mortality of adult inpatients with COVID-19 in Wuhan, China: a retrospective cohort study","verified",""
"pre.zip/PMC7685778.pdf","5","6","SARS-CoV-2 cell entry depends on ACE2 and TMPRSS2 and is blocked by a clinically proven protease inhibitor","verified",""
"pre.zip/PMC7685778.pdf","6","7","Angiotensin-converting enzyme 2 is an essential regulator of heart function","verified",""
"pre.zip/PMC7685778.pdf","7","8","Angiotensin-converting enzyme 2: SARS-CoV-2 receptor and regulator of the renin-angiotensin system: celebrating the 20th anniversary of the discovery of ACE2","verified",""
"pre.zip/PMC7685778.pdf","8","9","Renin angiotensin system and gender differences in the cardiovascular system","verified",""
"pre.zip/PMC7685778.pdf","9","10","Postovariectomy hypertension is linked to increased renal AT1 receptor and salt sensitivity","verified",""
"pre.zip/PMC7685778.pdf","10","11","ACE2: from vasopeptidase to SARS virus receptor","verified",""
"pre.zip/PMC7685778.pdf","12","13","Sex-specific SARS-CoV-2 mortality: among hormone-modulated ACE2 expression, risk of venous thromboembolism and hypovitaminosis D","verified",""
"pre.zip/PMC7685778.pdf","13","14","Age-and gender-related difference of ACE2 expression in rat lung","verified",""
"pre.zip/PMC7685778.pdf","14","15","The complex role of estrogens in inflammation","verified",""
"pre.zip/PMC7685778.pdf","15","16","Cardiovascular protective effects of 17beta-estradiol metabolites","verified",""
"pre.zip/PMC7685778.pdf","16","17","Impact of sex and gender on COVID-19 outcomes in Europe","verified",""
"pre.zip/PMC7685778.pdf","17","18","Biological sex impacts COVID-19 outcomes","verified",""
"pre.zip/PMC7685778.pdf","19","20","Gender differences in cancer susceptibility: an inadequately addressed issue","verified",""
"pre.zip/PMC7685778.pdf","20","21","Estrogen-mediated upregulation of the Mas receptor contributes to sex differences in acute lung injury and lung vascular barrier regulation","verified",""
"pre.zip/PMC7685778.pdf","21","22","The impact of sex and sex hormones on lung physiology and disease: lessons from animal studies","verified",""
"pre.zip/PMC7685778.pdf","22","23","Regulatory effects of estrogen on acute lung inflammation in mice","verified",""
"pre.zip/PMC7685778.pdf","24","25","COVID-19 and individual genetic susceptibility/receptivity: role of ACE1/ACE2 genes, immunity, inflammation and coagulation","verified",""
"pre.zip/PMC7685778.pdf","25","26","Derivation of consensus inactivation status for X-linked genes from genome-wide studies","verified",""
"pre.zip/PMC7685778.pdf","26","27","Coronavirus infections and immune responses","verified",""
"pre.zip/PMC7685778.pdf","27","28","The role of cytokines including interleukin-6 in COVID-19 induced pneumonia and macrophage activation syndrome-like disease","verified",""
"pre.zip/PMC7687685.pdf","19","20","J Neural Transm (Vienna). 2019;126(1):5–18","not_found","real"
"pre.zip/PMC7687685.pdf","45","46","Drug-drug interactions and adverse drug reactions: separating the wheat from the chaff","not_found","real"
"pre.zip/PMC7687685.pdf","0","1","Global and regional mortality from 235 causes of death for 20 age groups in 1990 and 2010: a systematic analysis for the Global Burden of Disease Study 2010","verified",""
"pre.zip/PMC7687685.pdf","1","2","Explaining the decrease in U.S. deaths from coronary disease","verified",""
"pre.zip/PMC7687685.pdf","2","3","Trends in mortality from cardiovascular and cerebrovascular diseases in Europe and other areas of the world","verified",""
"pre.zip/PMC7687685.pdf","3","4","The measurement of multiple chronic diseases--a systematic review on existing multimorbidity indices","verified",""
"pre.zip/PMC7687685.pdf","4","5","Multimorbidity in primary care: prevalence and trend over the last 20 years","verified",""
"pre.zip/PMC7687685.pdf","5","6","What is polypharmacy? A systematic review of definitions","verified",""
"pre.zip/PMC7687685.pdf","7","8","Clinical consequences of polypharmacy in elderly: expect the unexpected, think the unthinkable","verified",""
"pre.zip/PMC7687685.pdf","8","9","Evaluation of potential drug-drug interactions with medications prescribed to geriatric patients in a tertiary care hospital","verified",""
"pre.zip/PMC7687685.pdf","9","10","Preventable and non-preventable adverse drug events in hospitalized patients: a prospective chart review in the Netherlands","verified",""
"pre.zip/PMC7687685.pdf","11","12","Implementing pharmacogenomics in Europe: design and implementation strategy of the ubiquitous pharmacogenomics consortium","verified",""
"pre.zip/PMC7687685.pdf","12","13","Drug-drug interactions for UDP-glucuronosyltransferase substrates: a pharmacokinetic explanation for typically observed low exposure (AUCi/ AUC) ratios","verified",""
"pre.zip/PMC7687685.pdf","13","14","Cytochrome P450 enzymes in drug metabolism: regulation of gene expression, enzyme activities, and impact of genetic variation","verified",""
"pre.zip/PMC7687685.pdf","16","17","Addressing phenoconversion: the Achilles’ heel of personalized medicine","verified",""
"pre.zip/PMC7687685.pdf","17","18","How common are drug and gene interactions? Prevalence in a sample of 1143 patients with CYP2C9, CYP2C19 and CYP2D6 genotyping","verified",""
"pre.zip/PMC7687685.pdf","18","19","Cytochrome P-450 gene and drug interaction analysis in patients referred for pharmacogenetic testing","verified",""
"pre.zip/PMC7687685.pdf","20","21","Investigating the prevalence, predictors, and prognosis of suboptimal statin use early after a non-ST elevation acute coronary syndrome","verified",""
"pre.zip/PMC7687685.pdf","22","23","British National Formulary","verified",""
"pre.zip/PMC7687685.pdf","23","24","A genome-wide association study of circulating levels of atorvastatin and its major metabolites","verified",""
"pre.zip/PMC7687685.pdf","24","25","Clinical Pharmacogenetics Implementation Consortium (CPIC) guideline for UGT1A1 and atazanavir prescribing","verified",""
"pre.zip/PMC7687685.pdf","25","26","Standardizing CYP2D6 genotype to phenotype translation: consensus recommendations from the Clinical Pharmacogenetics Implementation Consortium and Dutch Pharmacogenetics Working Group","verified",""
"pre.zip/PMC7687685.pdf","26","27","The effect of proton pump inhibitors on the CYP2C19 enzyme activity evaluated by the pantoprazole-(13) C breath test in GERD patients: clinical relevance for personalized medicine","verified",""
"pre.zip/PMC7687685.pdf","27","28","The P-glycoprotein transport system and cardiovascular drugs","verified",""
"pre.zip/PMC7687685.pdf","29","30","Classification of inhibitors of hepatic organic anion transporting polypeptides (OATPs): influence of protein expression on drug-drug interactions","verified",""
"pre.zip/PMC7687685.pdf","30","31","Clinical Pharmacogenetics Implementation Consortium guideline (CPIC) for CYP2D6 and CYP2C19 genotypes and dosing of tricyclic antidepressants: 2016 update","verified",""
"pre.zip/PMC7687685.pdf","32","33","Clinical Pharmacogenetics Implementation Consortium guideline for thiopurine dosing based on TPMT and NUDT15 genotypes: 2018 update","verified",""
"pre.zip/PMC7687685.pdf","33","34","Clinical Pharmacogenetics Implementation Consortium (CPIC) guideline for CYP2D6 and CYP2C19 genotypes and dosing of selective serotonin reuptake inhibitors","verified",""
"pre.zip/PMC7687685.pdf","34","35","Clinical Pharmacogenetics Implementation Consortium guidelines for CYP2C19 genotype and clopidogrel therapy: 2013 update","verified",""
"pre.zip/PMC7687685.pdf","35","36","Clinical Pharmacogenetics Implementation Consortium guidelines for cytochrome P450 2D6 genotype and codeine therapy: 2014 update","verified",""
"pre.zip/PMC7687685.pdf","36","37","Clinical Pharmacogenetics Implementation Consortium guidelines for CYP2C9 and HLA-B genotypes and phenytoin dosing","verified",""
"pre.zip/PMC7687685.pdf","37","38","The Clinical Pharmacogenetics Implementation Consortium guideline for SLCO1B1 and simvastatin-induced myopathy: 2014 update","verified",""
"pre.zip/PMC7687685.pdf","38","39","Clinical Pharmacogenetics Implementation Consortium (CPIC) guidelines for CYP3A5 genotype and tacrolimus dosing","verified",""
"pre.zip/PMC7687685.pdf","39","40","Clinical Pharmacogenetics Implementation Consortium (CPIC) guideline for CYP2D6 and tamoxifen therapy","verified",""
"pre.zip/PMC7687685.pdf","41","42","R: a language and environment for statistical computing","verified",""
"pre.zip/PMC7687685.pdf","42","43","Closing the mortality gap after a myocardial infarction in people with and without chronic obstructive pulmonary disease","verified",""
"pre.zip/PMC7687685.pdf","43","44","Multimorbidity in bipolar disorder and undertreatment of cardiovascular disease: a cross sectional study","verified",""
"pre.zip/PMC7687685.pdf","44","45","Epidemiology and characteristics of adverse drug reactions caused by drug-drug interactions","verified",""
"pre.zip/PMC7687685.pdf","46","47","A clinically significant interaction between warfarin and simvastatin is unique to carriers of the CYP2C9*3 allele","verified",""
"pre.zip/PMC7687685.pdf","47","48","Pharmacogenetics of drug-drug interaction and drug-drug-gene interaction: a systematic review on CYP2C9, CYP2C19 and CYP2D6","verified",""
"pre.zip/PMC7687685.pdf","48","49","The effect of fluoxetine on the pharmacokinetics and safety of risperidone in psychotic patients","verified",""
"pre.zip/PMC7690105.pdf","49","50","Are advance directives associated with better hospice care? J Am Geriatr Soc. 2014;62(6):1091–6","not_found","real"
"pre.zip/PMC7690105.pdf","69","70","Palliative care consultation versus palliative care unit: which is associated with shorter terminal hospitalization length of stay among patients with cancer? Am J Hosp Palliat Med. 2015; 32(3):275–9","not_found","real"
"pre.zip/PMC7690105.pdf","75","76","Health care utilization and end of life care for older patients with acute myeloid leukemia receiving supportive care alone","not_found","real"
"pre.zip/PMC7690105.pdf","115","116","A shorter average length of stay in a UK hospice -- how is this happening? Eur J Palliat Care. 2017;24(1):33–5","not_found","real"
"pre.zip/PMC7690105.pdf","149","150","Evaluation of geriatric infections in palliative care center","not_found","real"
"pre.zip/PMC7690105.pdf","153","154","Factors associated with palliative care referral among patients with advanced cancers: a retrospective analysis of a large Brazilian cohort","not_found","real"
"pre.zip/PMC7690105.pdf","176","177","Early palliative care and its impact on end-of-life care for cancer patients in Brazil","not_found","real"
"pre.zip/PMC7690105.pdf","194","195","What is the value of palliative care provision in low-resource settings? BMJ Glob Health. 2017;2(1):e000139","not_found","real"
"pre.zip/PMC7690105.pdf","47","48","Medicare’s hospice benefit: analysis of utilization and resource use","mismatch","real"
"pre.zip/PMC7690105.pdf","100","101","Clinical characteristics of patients having single versus multiple patient encounters within a palliative care programme","mismatch","real"
"pre.zip/PMC7690105.pdf","103","104","Hospice use among patients with lymphoma: impact of disease aggressiveness and curability","mismatch","real"
"pre.zip/PMC7690105.pdf","150","151","Variations in hospital inpatient palliative care service use: a retrospective cohort study","mismatch","real"
"pre.zip/PMC7690105.pdf","1","2","Effect of specialist palliative care services on quality of life in adults with advanced incurable illness in hospital, hospice, or community settings: systematic review and meta-analysis","verified",""
"pre.zip/PMC7690105.pdf","2","3","Association between palliative care and patient and caregiver outcomes: a systematic review and meta-analysis","verified",""
"pre.zip/PMC7690105.pdf","3","4","Effectiveness and cost-effectiveness of home palliative care services for adults with advanced illness and their caregivers","verified",""
"pre.zip/PMC7690105.pdf","4","5","A review of the trials which examine early integration of outpatient and home palliative care for patients with serious illnesses","verified",""
"pre.zip/PMC7690105.pdf","5","6","Alleviating the access abyss in palliative care and pain relief—an imperative of universal health coverage: the Lancet Commission report","verified",""
"pre.zip/PMC7690105.pdf","6","7","The escalating global burden of serious health-related suffering: projections to 2060 by world regions, age groups, and health conditions","verified",""
"pre.zip/PMC7690105.pdf","7","8","Duration and determinants of hospice-based specialist palliative care: a national retrospective cohort study","verified",""
"pre.zip/PMC7690105.pdf","8","9","Late referral to palliative care services in Korea","verified",""
"pre.zip/PMC7690105.pdf","9","10","What determines duration of palliative care before death for patients with advanced disease? A retrospective cohort study of community and hospital palliative care provision in a large UK city","verified",""
"pre.zip/PMC7690105.pdf","10","11","Interval between palliative care referral and death among patients treated at a comprehensive cancer center","verified",""
"pre.zip/PMC7690105.pdf","11","12","Survival of Medicare patients after enrollment in hospice programs","verified",""
"pre.zip/PMC7690105.pdf","12","13","Terminal cancer patients and timing of referral to palliative care: a multicenter prospective cohort study","verified",""
"pre.zip/PMC7690105.pdf","13","14","Access to palliative care among patients treated at a comprehensive cancer center","verified",""
"pre.zip/PMC7690105.pdf","14","15","Description of a home care service for cancer patients through quantitative indexes of evaluation","verified",""
"pre.zip/PMC7690105.pdf","16","17","Place of care: from referral to specialist palliative care until death","verified",""
"pre.zip/PMC7690105.pdf","17","18","Association between referral-to-death interval and location of death of patients referred to a hospital-based specialist palliative care service","verified",""
"pre.zip/PMC7690105.pdf","18","19","Palliative care delivery across health sectors: a population-level observational study","verified",""
"pre.zip/PMC7690105.pdf","19","20","Appraising the evidence: reviewing disparate data systematically","verified",""
"pre.zip/PMC7690105.pdf","20","21","A systematic review of palliative care tools and interventions for people with severe mental illness","verified",""
"pre.zip/PMC7690105.pdf","21","22","Characteristics, treatment and prognostic factors of patients with gynaecological malignancies treated in a palliative care unit at a university hospital","verified",""
"pre.zip/PMC7690105.pdf","22","23","The use of opioids at the end-of-life and the survival of Egyptian palliative care patients with advanced cancer","verified",""
"pre.zip/PMC7690105.pdf","23","24","Palliative care consultations for heart failure patients: how many, when, and why? J Card Fail. 2013;19(3)","verified",""
"pre.zip/PMC7690105.pdf","24","25","Referral to palliative care in COPD and other chronic diseases: a population-based study","verified",""
"pre.zip/PMC7690105.pdf","25","26","Enrollment and events of hospice patients with heart failure vs. cancer","verified",""
"pre.zip/PMC7690105.pdf","26","27","Palliative care and hematological malignancies: Increased referrals at a comprehensive cancer centre","verified",""
"pre.zip/PMC7690105.pdf","27","28","Transitions between care settings after enrolment in a palliative care service in Italy: a retrospective analysis","verified",""
"pre.zip/PMC7690105.pdf","28","29","Association between elder self-neglect and hospice utilization in a community population","verified",""
"pre.zip/PMC7690105.pdf","29","30","Outcomes of the acute palliative care unit in an academic medical center","verified",""
"pre.zip/PMC7690105.pdf","30","31","Last watch: developing an inpatient palliative volunteer program for US veterans in hospice","verified",""
"pre.zip/PMC7690105.pdf","31","32","Patterns of functional decline in hospice: what can individuals and their families expect? J Am Geriatr Soc. 2013;61(3):413–7","verified",""
"pre.zip/PMC7690105.pdf","32","33","Triggers in advanced neurological conditions: prediction and management of the terminal phase","verified",""
"pre.zip/PMC7690105.pdf","33","34","Hospice enrollment saves money for medicare and improves care quality across a number of different lengths-of-stay","verified",""
"pre.zip/PMC7690105.pdf","34","35","Underuse of hospice care by medicaid-insured patients with stage IV lung cancer in New York and California","verified",""
"pre.zip/PMC7690105.pdf","35","36","Hospice use and public expenditures at the end of life in assisted living residents in a Florida Medicaid Waiver Program","verified",""
"pre.zip/PMC7690105.pdf","36","37","Pattern and characteristics of advanced cancer patients admitted to hospices in Italy","verified",""
"pre.zip/PMC7690105.pdf","37","38","Patients attended by palliative care teams: are they always comparable populations? SpringerPlus. 2013;2(1):177","verified",""
"pre.zip/PMC7690105.pdf","38","39","End-of-life care of women with gynecologic malignancies; a pilot study","verified",""
"pre.zip/PMC7690105.pdf","39","40","Collaborative palliative care for advanced heart failure: outcomes and costs from the ‘Better Together’ pilot study","verified",""
"pre.zip/PMC7690105.pdf","40","41","The use of palliative care services amongst end-stage kidney disease patients in an Irish tertiary referral centre","verified",""
"pre.zip/PMC7690105.pdf","41","42","Trends in length of hospice care from 1996 to 2007 and the factors associated with length of hospice care in 2007: findings from the National Home and Hospice Care Surveys","verified",""
"pre.zip/PMC7690105.pdf","42","43","Costs and implications of discarded medication in hospice","verified",""
"pre.zip/PMC7690105.pdf","43","44","Referral patterns of nonmalignant patients to an Irish specialist palliative medicine service: a retrospective review","verified",""
"pre.zip/PMC7690105.pdf","44","45","Medical manuscripts impact of hospice enrollment on cost and length of stay of a terminal admission (Provisional abstract)","verified",""
"pre.zip/PMC7690105.pdf","45","46","Administration of chemotherapy with palliative intent in the last 30 days of life: the balance between palliation and chemotherapy","verified",""
"pre.zip/PMC7690105.pdf","46","47","Hospice utilization in nursing homes: association with facility end-of-life care practices","verified",""
"pre.zip/PMC7690105.pdf","48","49","Missed opportunities: patterns of medical care and hospice utilization among ovarian cancer patients","verified",""
"pre.zip/PMC7690105.pdf","50","51","The magnitude, share and determinants of unpaid care costs for home-based palliative care service provision in Toronto, Canada","verified",""
"pre.zip/PMC7690105.pdf","51","52","What does state-level inpatient palliative care data tell us about service provision? J Palliat Med. 2014;17(6):718–20","verified",""
"pre.zip/PMC7690105.pdf","52","53","Does the diagnosis of conjunctivitis in palliative inpatients have predictive value for imminent death? J Palliat Med. 2014;17(4):378","verified",""
"pre.zip/PMC7690105.pdf","53","54","Characteristics and outcomes of advanced cancer patients who miss outpatient supportive care consult appointments","verified",""
"pre.zip/PMC7690105.pdf","54","55","Impact of timing and setting of palliative care referral on quality of end-of-life care in cancer patients","verified",""
"pre.zip/PMC7690105.pdf","55","56","Noncancer hospice care in taiwan: a nationwide dataset analysis from 2005 to 2010","verified",""
"pre.zip/PMC7690105.pdf","56","57","Predictive factors for do-not-resuscitate designation among terminally ill cancer patients receiving care from a palliative care consultation service","verified",""
"pre.zip/PMC7690105.pdf","57","58","End-of-life care characteristics for young adults with cancer who die in the hospital","verified",""
"pre.zip/PMC7690105.pdf","58","59","End-of-life pain medication among cancer patients in hospice settings","verified",""
"pre.zip/PMC7690105.pdf","59","60","Association between the medicare hospice benefit and health care utilization and costs for patients with poor-prognosis cancer","verified",""
"pre.zip/PMC7690105.pdf","60","61","Use of palliative care and hospice among surgical and medical specialties in the veterans health administration","verified",""
"pre.zip/PMC7690105.pdf","61","62","Clinic-based outpatient palliative care before hospice is associated with longer hospice length of service","verified",""
"pre.zip/PMC7690105.pdf","62","63","Impact of community based, specialist palliative care teams on hospitalisations and emergency department visits late in life and hospital deaths: a pooled analysis","verified",""
"pre.zip/PMC7690105.pdf","63","64","Patterns of hospice use in patients dying from hematologic malignancies","verified",""
"pre.zip/PMC7690105.pdf","64","65","Characteristics and outcomes of patients admitted to the acute palliative care unit from the emergency center","verified",""
"pre.zip/PMC7690105.pdf","65","66","Hospice use among nursing home and non-nursing home patients","verified",""
"pre.zip/PMC7690105.pdf","66","67","Patterns of hospice care among military veterans and non-veterans","verified",""
"pre.zip/PMC7690105.pdf","67","68","Length of home hospice care, family-perceived timing of referrals, perceived quality of care, and quality of death and dying in terminally ill cancer patients who died at home","verified",""
"pre.zip/PMC7690105.pdf","68","69","Palliative radiation before hospice: the long and the short of it","verified",""
"pre.zip/PMC7690105.pdf","70","71","The impact of hospice care on survival and healthcare costs for patients with lung cancer: a national longitudinal population-based study in Taiwan","verified",""
"pre.zip/PMC7690105.pdf","71","72","Cancer treatment near the end-of-life becomes more aggressive: changes in trend during 10 years at a single institute","verified",""
"pre.zip/PMC7690105.pdf","72","73","Characteristics, interventions, and outcomes of lung transplant recipients co-managed with palliative care","verified",""
"pre.zip/PMC7690105.pdf","73","74","Comparison of pediatric and adult hospice patients using electronic medical record data from nine hospices in the United States","verified",""
"pre.zip/PMC7690105.pdf","74","75","Hospice care in assisted living facilities versus at home: results of a multisite cohort study","verified",""
"pre.zip/PMC7690105.pdf","76","77","Impact of a hospice rapid response service on preferred place of death, and costs palliative care in other conditions","verified",""
"pre.zip/PMC7690105.pdf","77","78","Changes in medicare costs with the growth of hospice care in nursing homes","verified",""
"pre.zip/PMC7690105.pdf","78","79","Palliative sedation for terminally ill cancer patients in a tertiary cancer center in Shanghai, China","verified",""
"pre.zip/PMC7690105.pdf","79","80","Impact of anticholinergic load of medications on the length of stay of cancer patients in hospice care","verified",""
"pre.zip/PMC7690105.pdf","80","81","The assessment of telemedicine to support outpatient palliative care in advanced cancer","verified",""
"pre.zip/PMC7690105.pdf","81","82","Bedside clinical signs associated with impending death in patients with advanced cancer: preliminary findings of a prospective, longitudinal cohort study","verified",""
"pre.zip/PMC7690105.pdf","82","83","Effect of hospice care on quality indicators of end-of-life care among patients with liver cancer: a national longitudinal population-based study in Taiwan","verified",""
"pre.zip/PMC7690105.pdf","83","84","Association between the emotional status of family caregivers and length of stay in a palliative care unit: a retrospective study","verified",""
"pre.zip/PMC7690105.pdf","84","85","Timing of palliative care consultations and recommendations: understanding the variability","verified",""
"pre.zip/PMC7690105.pdf","85","86","Association between the duration of palliative care service and survival in terminal cancer patients","verified",""
"pre.zip/PMC7690105.pdf","86","87","Palliative performance scale and survival among outpatients with advanced cancer","verified",""
"pre.zip/PMC7690105.pdf","87","88","Hospice utilization and end-of-life care in metastatic breast cancer patients at a comprehensive cancer center","verified",""
"pre.zip/PMC7690105.pdf","88","89","Palliative care for the homeless: an intervention to reduce the healthcare economic cost","verified",""
"pre.zip/PMC7690105.pdf","89","90","Too much, too late: Aggressive measures and the timing of end of life care discussions in women with gynecologic malignancies","verified",""
"pre.zip/PMC7690105.pdf","90","91","End-of-life care in patients with metastatic lung cancer harboring epidermal growth factor receptor mutations","verified",""
"pre.zip/PMC7690105.pdf","91","92","Intensity of medical interventions between diagnosis and death in patients with advanced lung and colorectal cancer: a CanCORS analysis","verified",""
"pre.zip/PMC7690105.pdf","92","93","Significant morbidity and mortality among hospitalized end-stage liver disease patients in medicare","verified",""
"pre.zip/PMC7690105.pdf","93","94","Restricting symptoms before and after admission to hospice","verified",""
"pre.zip/PMC7690105.pdf","94","95","Rates and risks for late referral to hospice in patients with primary malignant brain tumors","verified",""
"pre.zip/PMC7690105.pdf","95","96","Multicenter cohort study on the survival time of cancer patients dying at home or in a hospital: Does place matter? Cancer. 2016;122(9):1453–60","verified",""
"pre.zip/PMC7690105.pdf","96","97","Place of death of individuals with terminal cancer: new insights from medicare hospice place-of-service codes","verified",""
"pre.zip/PMC7690105.pdf","97","98","Impact of a centralized inpatient hospice unit in an academic medical center","verified",""
"pre.zip/PMC7690105.pdf","98","99","Polypharmacy in the terminal stage of cancer","verified",""
"pre.zip/PMC7690105.pdf","99","100","Integrated onco-palliative care associated with prolonged survival compared to standard care for patients with advanced lung cancer: a retrospective review","verified",""
"pre.zip/PMC7690105.pdf","101","102","Bispectral index monitoring in terminally ill patients: a validation study","verified",""
"pre.zip/PMC7690105.pdf","102","103","Emergency care use and the Medicare hospice benefit for individuals with cancer with a poor prognosis","verified",""
"pre.zip/PMC7690105.pdf","104","105","Attributes and outcomes of end stage liver disease as compared with other noncancer patients admitted to a geriatric palliative care unit","verified",""
"pre.zip/PMC7690105.pdf","105","106","Screening for delirium in specialist palliative care inpatient units: perceptions and outcomes","verified",""
"pre.zip/PMC7690105.pdf","106","107","A retrospective population based cohort study of access to specialist palliative care in the last year of life: who is still missing out a decade on? BMC Palliative Care. 2016;15(1):46","verified",""
"pre.zip/PMC7690105.pdf","107","108","The association between different opioid doses and the survival of advanced cancer patients receiving palliative care","verified",""
"pre.zip/PMC7690105.pdf","108","109","Methicillin-resistant Staphylococcus aureus in palliative care: a prospective study of Methicillin-resistant Staphylococcus aureus prevalence in a hospital-based palliative care unit","verified",""
"pre.zip/PMC7690105.pdf","109","110","Sedation at the end of life - a nation-wide study in palliative care units in Austria","verified",""
"pre.zip/PMC7690105.pdf","110","111","Therapeutic touch (R) in a geriatric palliative care unit - a retrospective review","verified",""
"pre.zip/PMC7690105.pdf","111","112","Utilization of palliative care and acute care services in older adults with advanced cancer","verified",""
"pre.zip/PMC7690105.pdf","112","113","Effect of ownership on hospice service use","verified",""
"pre.zip/PMC7690105.pdf","114","115","Admittance to specialized palliative care (SPC) of patients with an assessed need: a study from the Danish palliative care database (DPD)","verified",""
"pre.zip/PMC7690105.pdf","116","117","Effect of the duration of hospice and palliative care on the quality of dying and death in patients with terminal cancer: a nationwide multicentre study","verified",""
"pre.zip/PMC7690105.pdf","117","118","Increased symptom expression among patients with delirium admitted to an acute palliative care unit","verified",""
"pre.zip/PMC7690105.pdf","118","119","Improving end-of-life care: palliative care embedded in an oncology clinic specializing in targeted and immune-based therapies","verified",""
"pre.zip/PMC7690105.pdf","119","120","Hospice utilization in patients with malignant gliomas","verified",""
"pre.zip/PMC7690105.pdf","120","121","Demographics, resource utilization, and outcomes of elderly patients with chronic liver disease receiving hospice care in the United States","verified",""
"pre.zip/PMC7690105.pdf","121","122","The relationship of obesity to hospice use and expenditures: a cohort study","verified",""
"pre.zip/PMC7690105.pdf","122","123","If we don’t ask, our patients might never tell: the impact of the routine use of a patient values assessment","verified",""
"pre.zip/PMC7690105.pdf","123","124","Are trends in hospitalization prior to hospice use associated with hospice episode characteristics? Am J Hosp Palliat Med. 2017;34(9):860–8","verified",""
"pre.zip/PMC7690105.pdf","124","125","The utilization of palliative care services in patients with cirrhosis who have been denied liver transplantation: a single center retrospective review","verified",""
"pre.zip/PMC7690105.pdf","125","126","End of life care for glioblastoma patients at a large academic cancer center","verified",""
"pre.zip/PMC7690105.pdf","126","127","Place of death for hospice-cared terminal patients with cancer: A nationwide retrospective study in Taiwan","verified",""
"pre.zip/PMC7690105.pdf","127","128","The impact of a home-based palliative care program in an accountable care organization","verified",""
"pre.zip/PMC7690105.pdf","128","129","Palliative care units in lung cancer in the real-world setting: a single institution’s experience and its implications","verified",""
"pre.zip/PMC7690105.pdf","129","130","Characteristics of patients with an unplanned admission to an acute palliative care unit","verified",""
"pre.zip/PMC7690105.pdf","130","131","Factors associated with length of stay at home in the final month of life among advanced cancer patients: a retrospective chart review","verified",""
"pre.zip/PMC7690105.pdf","131","132","The impact of hospice patient disease type and length of stay on caregiver utilization of grief counseling: a 10-year retrospective study","verified",""
"pre.zip/PMC7690105.pdf","132","133","Impact of intensity and timing of integrated home palliative cancer care on end-of-life hospitalization in Northern Italy","verified",""
"pre.zip/PMC7690105.pdf","133","134","Characteristics of palliative care consultation at an academic level one trauma center","verified",""
"pre.zip/PMC7690105.pdf","134","135","Hospice utilization and its effect on acute care needs at the end of life in medicare beneficiaries with hepatocellular carcinoma","verified",""
"pre.zip/PMC7690105.pdf","135","136","Hospital, local palliative care network and public health: how do they involve terminally ill patients? Eur J Public Health. 2017;27(1):25–30","verified",""
"pre.zip/PMC7690105.pdf","136","137","Medicare beneficiaries with advanced lung cancer experience diverse patterns of care from diagnosis to death","verified",""
"pre.zip/PMC7690105.pdf","137","138","Delirium frequency and risk factors among patients with cancer in palliative care unit","verified",""
"pre.zip/PMC7690105.pdf","138","139","Outcome of head and neck cancer patients who did not receive curative-intent treatment","verified",""
"pre.zip/PMC7690105.pdf","139","140","Development of tools to facilitate palliative and supportive care referral for patients with idiopathic pulmonary fibrosis","verified",""
"pre.zip/PMC7690105.pdf","140","141","End-of-life racial and ethnic disparities among patients with ovarian cancer","verified",""
"pre.zip/PMC7690105.pdf","141","142","Variation in hospice services by location of care: nursing home versus assisted living facility versus home","verified",""
"pre.zip/PMC7690105.pdf","142","143","Integration of oncology and palliative care: setting a benchmark","verified",""
"pre.zip/PMC7690105.pdf","143","144","Integration and activity of hospital-based palliative care consultation teams: the INSIGHT multicentric cohort study","verified",""
"pre.zip/PMC7690105.pdf","144","145","End-of-life care patterns at a community hospital: the rest of the story","verified",""
"pre.zip/PMC7690105.pdf","145","146","Longer periods of hospice service associated with lower end-of-life spending in regions with high expenditures","verified",""
"pre.zip/PMC7690105.pdf","146","147","Variations among physicians in hospice referrals of patients with advanced cancer","verified",""
"pre.zip/PMC7690105.pdf","147","148","Patterns of care in hospitalized vascular surgery patients at end of life","verified",""
"pre.zip/PMC7690105.pdf","148","149","Hospice enrollment in patients with advanced heart failure decreases acute medical service utilization","verified",""
"pre.zip/PMC7690105.pdf","151","152","Palliative and end-of-life care in rheumatology: high symptom prevalence and unmet needs","verified",""
"pre.zip/PMC7690105.pdf","152","153","Effect of the duration of hospice and palliative care on the quality of dying and death in patients with terminal cancer: a nationwide multicentre study","verified",""
"pre.zip/PMC7690105.pdf","154","155","A retrospective study examining the properties and characteristics of dementia patients in a palliative care center","verified",""
"pre.zip/PMC7690105.pdf","155","156","Impact of palliative chemotherapy and travel distance on hospice referral in patients with stage IV pancreatic cancer: a retrospective analysis within a veterans administration medical center","verified",""
"pre.zip/PMC7690105.pdf","156","157","The influence of palliative care consultation on health-care resource utilization during the last 2 months of life: report from an integrated palliative care program and review of the literature","verified",""
"pre.zip/PMC7690105.pdf","157","158","Breaking barriers: prospective study of a cohort of advanced chronic obstructive pulmonary disease patients to describe their survival and end-of-life palliative care requirements","verified",""
"pre.zip/PMC7690105.pdf","158","159","Hospice care of veterans in medicare advantage and traditional medicare: a risk-adjusted analysis","verified",""
"pre.zip/PMC7690105.pdf","159","160","Distressing symptoms, disability, and hospice services at the end of life: prospective cohort study","verified",""
"pre.zip/PMC7690105.pdf","160","161","Primary thromboprophylaxis in individuals without cancer admitted to a geriatric palliative care unit","verified",""
"pre.zip/PMC7690105.pdf","161","162","Integrated assessment tool for daily activity and symptoms: a useful method to assess terminal cancer patients","verified",""
"pre.zip/PMC7690105.pdf","162","163","Factors associated with discharge disposition on an acute palliative care unit","verified",""
"pre.zip/PMC7690105.pdf","163","164","Hospice exposure is associated with lower health care expenditures in taiwanese cancer decedents’ last year of life: a population-based retrospective cohort study","verified",""
"pre.zip/PMC7690105.pdf","164","165","Variations in hospice utilization and length of stay for medicare patients with melanoma","verified",""
"pre.zip/PMC7690105.pdf","165","166","Utilization of hospice services in a population of patients with Huntington’s disease","verified",""
"pre.zip/PMC7690105.pdf","166","167","Predicting length of hospice stay: an application of quantile regression","verified",""
"pre.zip/PMC7690105.pdf","167","168","Transfusion dependence, use of hospice services, and quality of end-of-life care in leukemia","verified",""
"pre.zip/PMC7690105.pdf","168","169","Cancer patients dying in the intensive care units and access to palliative care","verified",""
"pre.zip/PMC7690105.pdf","169","170","Prevalence of dementia in a geriatric palliative care unit","verified",""
"pre.zip/PMC7690105.pdf","170","171","Depression and health care utilization at end of life among older adults with advanced non-small-cell lung cancer","verified",""
"pre.zip/PMC7690105.pdf","171","172","Sociodemographic characteristics and lengths of stay associated with acute palliative care: a 10-year national perspective","verified",""
"pre.zip/PMC7690105.pdf","172","173","Palliative care is associated with reduced aggressive end-of-life care in patients with gastrointestinal cancer","verified",""
"pre.zip/PMC7690105.pdf","173","174","Timely referral to hospice care for oncology patients: a retrospective review","verified",""
"pre.zip/PMC7690105.pdf","174","175","Patterns of care during the terminal hospital admission for patients with advanced heart failure: a retrospective cohort study","verified",""
"pre.zip/PMC7690105.pdf","175","176","Hospice use and end-of-life spending trajectories in medicare beneficiaries on hemodialysis","verified",""
"pre.zip/PMC7690105.pdf","177","178","Differences in do-not-resuscitate orders, hospice care utilization, and late referral to hospice care between cancer and non-cancer decedents in a tertiary hospital in Taiwan between 2010 and 2015: a hospital-based observational study","verified",""
"pre.zip/PMC7690105.pdf","178","179","Five-year experience of an inpatient palliative care unit at an academic referral center","verified",""
"pre.zip/PMC7690105.pdf","179","180","Palliative care for inmates in the hospital setting","verified",""
"pre.zip/PMC7690105.pdf","180","181","Redefining diagnosis-related groups (DRGs) for palliative care - a cross-sectional study in two German centres","verified",""
"pre.zip/PMC7690105.pdf","181","182","Factors associated with early referral to palliative care in outpatients with advanced cancer","verified",""
"pre.zip/PMC7690105.pdf","182","183","Outcomes of embedded palliative care outpatients initial consults on timing of palliative care access, symptoms, and end-of-life quality care indicators among advanced nonsmall cell lung cancer patients","verified",""
"pre.zip/PMC7690105.pdf","183","184","The effect of hospice consultation on aggressive treatment of lung cancer","verified",""
"pre.zip/PMC7690105.pdf","184","185","Is palliative care support associated with better quality end-of-life care indicators for patients with advanced cancer? A retrospective cohort study","verified",""
"pre.zip/PMC7690105.pdf","185","186","Models of palliative care delivery in the United States","verified",""
"pre.zip/PMC7690105.pdf","186","187","Palliative care in the USA and England: a critical analysis of meaning and implementation towards a public health approach","verified",""
"pre.zip/PMC7690105.pdf","187","188","Equity in the provision of palliative care in the UK: review of evidence, 2015 https://www.mariecurie.org.uk/ globalassets/media/documents/policy/campaigns/equity-palliative-care-uk-report-full-lse.pdf","verified",""
"pre.zip/PMC7690105.pdf","188","189","Understanding breathlessness: cross-sectional comparison of symptom burden and palliative care needs in chronic obstructive pulmonary disease and cancer","verified",""
"pre.zip/PMC7690105.pdf","189","190","Are there differences in the prevalence of palliative care-related problems in people living with advanced cancer and eight non-cancer conditions? A systematic review","verified",""
"pre.zip/PMC7690105.pdf","190","191","Towards integration of palliative care in patients with chronic heart failure and chronic obstructive pulmonary disease: a systematic literature review of European guidelines and pathways","verified",""
"pre.zip/PMC7690105.pdf","191","192","Place of care in advanced cancer: a qualitative systematic literature review of patient preferences","verified",""
"pre.zip/PMC7690105.pdf","192","193","Disparities in the contribution of low-and middle-income countries to palliative care research","verified",""
"pre.zip/PMC7690105.pdf","193","194","Routine data and minimum datasets for palliative cancer care in sub-Saharan Africa: their role, barriers and facilitators","verified",""
"pre.zip/PMC7713313.pdf","12","13","Guidelines on HIV self-testing and partner notification: supplement to consolidated guidelines on HIV testing services","not_found","real"
"pre.zip/PMC7713313.pdf","18","19","GRADE guidelines: 1","not_found","real"
"pre.zip/PMC7713313.pdf","30","31","AIDS Patient Care STDs. 2018;32(9):360–7","not_found","real"
"pre.zip/PMC7713313.pdf","40","41","Increasing knowledge of HIV status among men: a cluster-randomised trial of community-based distribution of oral HIV self-test kits nested in four Witzel et al","not_found","uncertain"
"pre.zip/PMC7713313.pdf","1","2","Sexual risk behaviour and knowledge of HIV status among community samples of gay men in the UK","verified",""
"pre.zip/PMC7713313.pdf","2","3","Vital signs: HIV transmission along the continuum of care—United States","verified",""
"pre.zip/PMC7713313.pdf","3","4","Realizing the potential for HIV self-testing","verified",""
"pre.zip/PMC7713313.pdf","4","5","A review of self-testing for HIV: research and policy priorities in a new era of HIV prevention","verified",""
"pre.zip/PMC7713313.pdf","5","6","Attitudes and acceptability on HIV self-testing among key populations: a literature review","verified",""
"pre.zip/PMC7713313.pdf","6","7","New initiatives to develop self-testing for HIV","verified",""
"pre.zip/PMC7713313.pdf","7","8","Acceptability and feasibility of HIV self-testing among transgender women in San Francisco: a mixed methods pilot study","verified",""
"pre.zip/PMC7713313.pdf","8","9","Acceptability of self-conducted home-based HIV testing among men who have sex with men in Brazil: data from an online survey","verified",""
"pre.zip/PMC7713313.pdf","9","10","Acceptability and feasibility of HIV self-testing among men who have sex with men in Peru and Brazil","verified",""
"pre.zip/PMC7713313.pdf","10","11","HIV self-testing among men who have sex with men (MSM) in the UK: a qualitative study of barriers and facilitators, intervention preferences and perceived impacts","verified",""
"pre.zip/PMC7713313.pdf","11","12","Which gay men would increase their frequency of HIV testing with home self-testing? AIDS Behav. 2013;17(6):2084–92","verified",""
"pre.zip/PMC7713313.pdf","14","15","Examining the effects of HIV self-testing compared to standard HIV testing services: a systematic review and meta-analysis","verified",""
"pre.zip/PMC7713313.pdf","15","16","Preferred reporting items for systematic reviews and meta-analyses: the PRISMA statement","verified",""
"pre.zip/PMC7713313.pdf","16","17","Handbook for guideline development","verified",""
"pre.zip/PMC7713313.pdf","17","18","Consolidating emerging evidence surrounding HIVST and HIVSS: a rapid systematic mapping protocol","verified",""
"pre.zip/PMC7713313.pdf","19","20","Effect of internet-distributed HIV self-tests on HIV diagnosis and behavioral outcomes in men who have sex with men: a randomized clinical trial","verified",""
"pre.zip/PMC7713313.pdf","20","21","The Cochrane Collaboration’s tool for assessing risk of bias in randomised trials","verified",""
"pre.zip/PMC7713313.pdf","21","22","HIV self-testing among female sex workers in Zambia: a cluster randomized controlled trial","verified",""
"pre.zip/PMC7713313.pdf","22","23","Effect of availability of HIV self-testing on HIV testing frequency in gay and bisexual men at high risk of infection (FORTH): a waiting-list randomised controlled trial","verified",""
"pre.zip/PMC7713313.pdf","23","24","HIV self-testing increases HIV testing frequency in high-risk men who have sex with men: a randomized controlled trial","verified",""
"pre.zip/PMC7713313.pdf","24","25","A randomized controlled trial to increase HIV testing demand among female sex workers in Kenya through announcing the availability of HIV self-testing via text message","verified",""
"pre.zip/PMC7713313.pdf","25","26","Comparison of home-based oral fluid rapid HIV self-testing versus mail-in blood sample collection or medical/community HIV testing by young adult black, Hispanic, and white MSM: results from a randomized trial","verified",""
"pre.zip/PMC7713313.pdf","26","27","Direct provision versus facility collection of HIV self-tests among female sex workers in Uganda: a cluster-randomized controlled health systems trial","verified",""
"pre.zip/PMC7713313.pdf","27","28","The effect of HIV self-testing delivery models on female sex workers’ sexual behaviors: a randomized controlled trial in urban Uganda","verified",""
"pre.zip/PMC7713313.pdf","28","29","Crowdsourcing to expand HIV testing among men who have sex with men in China: a closed cohort stepped wedge cluster randomized controlled trial","verified",""
"pre.zip/PMC7713313.pdf","29","30","A randomized controlled trial evaluating efficacy of promoting a home-based HIV self-testing with online counseling on increasing HIV testing among men who have sex with men","verified",""
"pre.zip/PMC7713313.pdf","31","32","Rapid HIV self-testing: long in coming but opportunities beckon","verified",""
"pre.zip/PMC7713313.pdf","32","33","The impact of rapid HIV home test use with sexual partners on subsequent sexual behavior among men who have sex with men","verified",""
"pre.zip/PMC7713313.pdf","33","34","Use of HIV self-testing kits to screen clients among transgender female sex workers in New York and Puerto Rico","verified",""
"pre.zip/PMC7713313.pdf","34","35","Bathhouse distribution of HIV self-testing kits reaches diverse, high-risk population","verified",""
"pre.zip/PMC7713313.pdf","35","36","Distribution of HIV self-tests by HIV-positive men who have sex with men to social and sexual contacts","verified",""
"pre.zip/PMC7713313.pdf","36","37","Anticipated and actual reactions to receiving HIV positive results through self-testing among gay and bisexual men","verified",""
"pre.zip/PMC7713313.pdf","37","38","Pilot phase of an internet-based RCT of HIVST targeting MSM and transgender people in England and Wales: advertising strategies and acceptability of the intervention","verified",""
"pre.zip/PMC7713313.pdf","38","39","Promoting male partner HIV testing and safer sexual decision making through secondary distribution of self-tests by HIV-negative female sex workers and women receiving antenatal and postpartum care in Kenya: a cohort study","verified",""
"pre.zip/PMC7713313.pdf","39","40","Feasibility of using GrindrTM to distribute HIV self-test kits to men who have sex with men in Los Angeles, California","verified",""
"pre.zip/PMC7713313.pdf","41","42","HIV self-testing intervention experiences and kit usability: results from a qualitative study among men who have sex with men in the SELPHI (Self-Testing Public Health Intervention) randomized controlled trial in England and Wales","verified",""
"pre.zip/PMC7713313.pdf","42","43","HIV testing history and preferences or future tests among gay men, bisexual men and other MSM in England: results from a cross-sectional study","verified",""
"pre.zip/PMC7713313.pdf","43","44","Risk, reassurance and routine: a qualitative study of narrative understandings of the potential for HIV self-testing among men who have sex with men in England","verified",""
"pre.zip/PMC7713313.pdf","44","45","Preparedness for use of the rapid result HIV self-test by gay men and other men who have sex with men (MSM): a mixed methods exploratory study among MSM and those involved in HIV prevention and care","verified",""
"pre.zip/PMC7713313.pdf","45","46","Will gay and bisexually active men at high risk of infection use over-the-counter rapid HIV tests to screen sexual partners? J Sex Res. 2012;49(4):379–87","verified",""
"pre.zip/PMC7713313.pdf","46","47","Reliability of HIV rapid diagnostic tests for self-testing compared with testing by health-care workers: a systematic review and meta-analysis","verified",""
"pre.zip/PMC7791645.pdf","18","19","Model fittiing and hypothesis testing for age specific data","not_found","hallucinated"
"pre.zip/PMC7791645.pdf","21","22","Popul Health Metrics. 2018;16:13","not_found","real"
"pre.zip/PMC7791645.pdf","26","27","A global assessment of civil registration and vital statistics systems: monitoring data quality and progress","not_found","real"
"pre.zip/PMC7791645.pdf","41","42","HIV in South America","not_found","real"
"pre.zip/PMC7791645.pdf","58","59","Villar de Onís J","not_found","real"
"pre.zip/PMC7791645.pdf","69","70","HIV infection in the elderly: arising challenges","mismatch","real"
"pre.zip/PMC7791645.pdf","76","77","Disaggregating census data for population mapping using random forests with remotely-sensed and ancillary data","mismatch","real"
"pre.zip/PMC7791645.pdf","0","1","Global, regional, and national age-sex-specific mortality for 282 causes of death in 195 countries and territories, 1980–2017: a systematic analysis for the Global Burden of Disease Study 2017","verified",""
"pre.zip/PMC7791645.pdf","3","4","Towards a fair consideration of PrEP as part of combination HIV prevention in Latin America","verified",""
"pre.zip/PMC7791645.pdf","4","5","AIDSinfo","verified",""
"pre.zip/PMC7791645.pdf","5","6","The HIV epidemic in Latin America: accomplishments and challenges on treatment and prevention","verified",""
"pre.zip/PMC7791645.pdf","6","7","The UALE project: a cross-sectional approach for trends in HIV/STI prevalence among key populations attending STI clinics in Guatemala","verified",""
"pre.zip/PMC7791645.pdf","7","8","HIV prevalence among men who have sex with men in Brazil: results of the 2nd national survey using respondent-driven sampling","verified",""
"pre.zip/PMC7791645.pdf","8","9","Is the HIV epidemic stable among MSM in Mexico? HIV Prevalence and Risk Behavior Results from a Nationally Representative Survey among Men Who Have Sex with Men","verified",""
"pre.zip/PMC7791645.pdf","9","10","Assessing the HIV-1 epidemic in Brazilian drug users: a molecular epidemiology approach","verified",""
"pre.zip/PMC7791645.pdf","10","11","A comparison of selected nutrient intakes derived from three diet assessment methods used in a low-fat maintenance trial","verified",""
"pre.zip/PMC7791645.pdf","11","12","Mapping child growth failure across low-and middle-income countries","verified",""
"pre.zip/PMC7791645.pdf","12","13","A Cross-Sectional Survey of HIV Testing and Prevalence in Twelve Brazilian Correctional Facilities Plos One 2015;10:e0139487","verified",""
"pre.zip/PMC7791645.pdf","13","14","Mapping disparities in education across low-and middle-income countries","verified",""
"pre.zip/PMC7791645.pdf","14","15","Progress toward eliminating TB and HIV deaths in Brazil, 2001-2015: A spatial assessment","verified",""
"pre.zip/PMC7791645.pdf","15","16","The acquired immunodeficiency syndrome in the state of Rio de Janeiro, Brazil: a spatiotemporal analysis of cases reported in the period","verified",""
"pre.zip/PMC7791645.pdf","16","17","Spatial analysis of infection by the human immunodeficiency virus among pregnant women","verified",""
"pre.zip/PMC7791645.pdf","17","18","Mortality during the first year of potent antiretroviral therapy in HIV-1-infected patients in 7 sites throughout Latin America and the Caribbean","verified",""
"pre.zip/PMC7791645.pdf","19","20","A flexible Bayesian model for estimating subnational mortality","verified",""
"pre.zip/PMC7791645.pdf","20","21","Spatiotemporal trends of mortality in small areas of southern Spain","verified",""
"pre.zip/PMC7791645.pdf","23","24","Underreporting of the tuberculosis and AIDS comorbidity: an application of the linkage method","verified",""
"pre.zip/PMC7791645.pdf","24","25","Exposing misclassified HIV/AIDS deaths in South Africa","verified",""
"pre.zip/PMC7791645.pdf","25","26","Completeness of birth registration in Brazil: an overview of methods and data sources","verified",""
"pre.zip/PMC7791645.pdf","27","28","Completeness of India’s sample registration system: an assessment using the general growth balance method","verified",""
"pre.zip/PMC7791645.pdf","28","29","What can we conclude from death registration? Improved Methods for Evaluating Completeness","verified",""
"pre.zip/PMC7791645.pdf","29","30","Estimating the completeness of death registration: an empirical method","verified",""
"pre.zip/PMC7791645.pdf","30","31","Bayesian estimation of age-specific mortality and life expectancy for small areas with defective vital records","verified",""
"pre.zip/PMC7791645.pdf","31","32","Guidelines for accurate and transparent health estimates reporting: the GATHER statement","verified",""
"pre.zip/PMC7791645.pdf","32","33","ICD-10: International statistical classification of diseases and related health problems","verified",""
"pre.zip/PMC7791645.pdf","33","34","Algorithms for enhancing public health utility of national causes-of-death data","verified",""
"pre.zip/PMC7791645.pdf","40","41","A global map of travel time to cities to assess inequalities in accessibility in 2015","verified",""
"pre.zip/PMC7791645.pdf","42","43","Mapping 123 million neonatal, infant and child deaths between 2000 and 2017","verified",""
"pre.zip/PMC7791645.pdf","43","44","Unreported births and deaths, a severe obstacle for improved neonatal survival in low-income countries; a population based study","verified",""
"pre.zip/PMC7791645.pdf","44","45","US county-level trends in mortality rates for major causes of death","verified",""
"pre.zip/PMC7791645.pdf","45","46","TMB: automatic differentiation and Laplace approximation","verified",""
"pre.zip/PMC7791645.pdf","46","47","R: a language and environment for statistical computing","verified",""
"pre.zip/PMC7791645.pdf","47","48","Patterns, trends and sex differences in HIV/AIDS reported mortality in Latin American countries","verified",""
"pre.zip/PMC7791645.pdf","48","49","A life course approach to patterns and trends in modern Latin American sexual behavior","verified",""
"pre.zip/PMC7791645.pdf","49","50","Systematic review of HIV prevalence studies among key populations in Latin America and the Caribbean","verified",""
"pre.zip/PMC7791645.pdf","50","51","Factors associated with low levels of HIV testing among men who have sex with men (MSM) in Brazil","verified",""
"pre.zip/PMC7791645.pdf","51","52","Stigma, discrimination and HIV outcomes among people living with HIV in Rio de Janeiro, Brazil: the intersection of multiple social inequalities","verified",""
"pre.zip/PMC7791645.pdf","52","53","HIV in prison I low-income and middle-income countries","verified",""
"pre.zip/PMC7791645.pdf","53","54","HIV behind bars: human immunodeficiency virus cluster analysis and drug resistance in a reference correctional unit from Southern Brazil","verified",""
"pre.zip/PMC7791645.pdf","54","55","The HIV epidemic in Latin America: a time to reflect on the history of success and the challenges ahead","verified",""
"pre.zip/PMC7791645.pdf","56","57","Antiretroviral treatment, government policy and economy of HIV/AIDS in Brazil: is it time for HIV cure in the country? AIDS Res Ther. 2019;16:19","verified",""
"pre.zip/PMC7791645.pdf","59","60","HIV diagnosis, linkage to care, and retention among men who have sex with men and transgender women in Guatemala City","verified",""
"pre.zip/PMC7791645.pdf","61","62","A cross-sectional study to assess knowledge about HIV/AIDS transmission and prevention measures in company workers in Ecuador","verified",""
"pre.zip/PMC7791645.pdf","63","64","Mortality and loss to follow-up among HIV-infected persons on long-term antiretroviral therapy in Latin America and the Caribbean","verified",""
"pre.zip/PMC7791645.pdf","64","65","Mexico’s fragmented health system as a barrier to HIV care","verified",""
"pre.zip/PMC7791645.pdf","65","66","The changing face of HIV in Latin America and the Caribbean","verified",""
"pre.zip/PMC7791645.pdf","66","67","Risk and resiliency: the syndemic nature of HIV/AIDS in the indigenous highland communities of Ecuador","verified",""
"pre.zip/PMC7791645.pdf","67","68","Trends in proportion of older HIV-infected people in care in Latin America and the Caribbean: a growing challenge","verified",""
"pre.zip/PMC7791645.pdf","68","69","Trends in AIDS-related mortality among people aged 60 years and older in Brazil: a nationwide population-based study","verified",""
"pre.zip/PMC7791645.pdf","70","71","Long-term immunologic response to antiretroviral therapy in low-income countries: collaborative analysis of prospective studies","verified",""
"pre.zip/PMC7791645.pdf","71","72","High pre-exposure prophylaxis uptake and early adherence among men who have sex with men and transgender women at risk for HIV infection: the PrEP Brasil demonstration project","verified",""
"pre.zip/PMC7791645.pdf","72","73","The potential impact of pre-exposure prophylaxis for HIV prevention among men who have sex with men and transwomen in Lima, Peru: a mathematical modelling study","verified",""
"pre.zip/PMC7791645.pdf","74","75","Maximising the effect of combination HIV prevention through prioritisation of the people and places in greatest need: a modelling study","verified",""
"pre.zip/PMC7791645.pdf","75","76","Using geospatial modelling to optimize the rollout of antiretroviral-based preexposure HIV interventions in Sub-Saharan Africa","verified",""
"pre.zip/PMC7814705.pdf","12","13","The Genotype-Tissue Expression (GTEx) pilot analysis: multitissue gene regulation in humans","not_found","real"
"pre.zip/PMC7814705.pdf","15","16","Acta Neuropathol. 2020;139(5):937–40","not_found","real"
"pre.zip/PMC7814705.pdf","27","28","Plos Genet. 2014;10(5):e1004383","not_found","real"
"pre.zip/PMC7814705.pdf","28","29","Eliciting priors and relaxing the single causal variant assumption in colocalisation analyses","not_found","real"
"pre.zip/PMC7814705.pdf","34","35","The GTEx Consortium atlas of genetic regulatory effects across human tissues","not_found","real"
"pre.zip/PMC7814705.pdf","35","36","translation of rat congenic data to humans on a conserved MHC-III haplotype associated with rheumatoid arthritis","not_found","real"
"pre.zip/PMC7814705.pdf","0","1","Loss of TMEM106B leads to myelination deficits: implications for frontotemporal dementia treatment strategies","verified",""
"pre.zip/PMC7814705.pdf","1","2","What we know about TMEM106B in neurodegeneration","verified",""
"pre.zip/PMC7814705.pdf","2","3","Common variants at 7p21 are associated with frontotemporal lobar degeneration with TDP-43 inclusions","verified",""
"pre.zip/PMC7814705.pdf","3","4","The TMEM106B FTLD-protective variant, rs1990621, is also associated with increased neuronal proportion","verified",""
"pre.zip/PMC7814705.pdf","4","5","Genetics of gene expression in the aging human brain reveal TDP-43 proteinopathy pathophysiology","verified",""
"pre.zip/PMC7814705.pdf","5","6","TMEM106B haplotypes have distinct gene expression patterns in aged brain","verified",""
"pre.zip/PMC7814705.pdf","6","7","TMEM106B effect on cognition in Parkinson disease and frontotemporal dementia","verified",""
"pre.zip/PMC7814705.pdf","7","8","An xQTL map integrates the genetic architecture of the human brain’s transcriptome and epigenome","verified",""
"pre.zip/PMC7814705.pdf","8","9","TMEM106B expression is reduced in Alzheimer’s disease brains","verified",""
"pre.zip/PMC7814705.pdf","9","10","Genetic meta-analysis of diagnosed Alzheimer’s disease identifies new risk loci and implicates Abeta, tau, immunity and lipid processing","verified",""
"pre.zip/PMC7814705.pdf","10","11","GWAS on family history of Alzheimer’s disease","verified",""
"pre.zip/PMC7814705.pdf","11","12","Genetic variability in the regulation of gene expression in ten regions of the human brain","verified",""
"pre.zip/PMC7814705.pdf","13","14","Alzheimer’s disease risk variant rs2373115 regulates GAB2 and NARS2 expression in human brain tissues","verified",""
"pre.zip/PMC7814705.pdf","14","15","Genetic variants regulate NR1H3 expression and contribute to multiple sclerosis risk","verified",""
"pre.zip/PMC7814705.pdf","16","17","Rs2293871 regulates HTRA1 expression and affects cerebral small vessel stroke and Alzheimer’s disease","verified",""
"pre.zip/PMC7814705.pdf","17","18","Genetic variant rs17185536 regulates SIM1 gene expression in human brain hypothalamus","verified",""
"pre.zip/PMC7814705.pdf","18","19","Disease status affects the association between rs4813620 and the expression of Alzheimer’s disease susceptibility gene TRIB3","verified",""
"pre.zip/PMC7814705.pdf","19","20","Brain expression genome-wide association study (eGWAS) identifies human disease-associated variants","verified",""
"pre.zip/PMC7814705.pdf","20","21","Identifying the association between Alzheimer’s disease and Parkinson’s disease using genome-wide association studies and protein-protein interaction network","verified",""
"pre.zip/PMC7814705.pdf","21","22","Measles contributes to rheumatoid arthritis: evidence from pathway and network analyses of genome-wide association studies","verified",""
"pre.zip/PMC7814705.pdf","22","23","GAB2 rs2373115 variant contributes to Alzheimer’s disease risk specifically in European population","verified",""
"pre.zip/PMC7814705.pdf","23","24","SORL1 variants show different association with early-onset and late-onset Alzheimer’s disease risk","verified",""
"pre.zip/PMC7814705.pdf","24","25","Analyzing large-scale samples confirms the association between rs16892766 polymorphism and colorectal cancer susceptibility","verified",""
"pre.zip/PMC7814705.pdf","25","26","Rs4878104 contributes to Alzheimer’s disease risk and regulates DAPK1 gene expression","verified",""
"pre.zip/PMC7814705.pdf","26","27","Genetic effects on gene expression across human tissues","verified",""
"pre.zip/PMC7814705.pdf","29","30","Identification of genes associated with dissociation of cognitive performance and neuropathological burden: multistep analysis of genetic, epigenetic, and transcriptional data","verified",""
"pre.zip/PMC7814705.pdf","30","31","Differential aging analysis in human cerebral cortex identifies variants in TMEM106B and GRN that regulate aging phenotypes","verified",""
"pre.zip/PMC7814705.pdf","32","33","A novel Alzheimer disease locus located near the gene encoding tau protein","verified",""
"pre.zip/PMC7814705.pdf","33","34","Association analysis of polymorphisms in VMAT2 and TMEM106B genes for Parkinson’s disease, amyotrophic lateral sclerosis and multiple system atrophy","verified",""
"pre.zip/PMC7814705.pdf","36","37","New insights into the role of TREM2 in Alzheimer’s disease","verified",""
"pre.zip/PMC7814705.pdf","37","38","Alzheimer’s disease risk polymorphisms regulate gene expression in the ZCWPW1 and the CELF1 loci","verified",""
"pre.zip/PMC7814705.pdf","38","39","Comprehensive promoter level expression quantitative trait loci analysis of the human frontal lobe","verified",""
"pre.zip/PMC7814705.pdf","39","40","Identification of common variants influencing risk of the tauopathy progressive supranuclear palsy","verified",""
"pre.zip/PMC7814705.pdf","40","41","Identification of expression quantitative trait loci associated with schizophrenia and affective disorders in normal brain tissue","verified",""
"pre.zip/PMC7814705.pdf","41","42","Expression quantitative trait loci in the developing human brain and their enrichment in neuropsychiatric disorders","verified",""
"pre.zip/PMC7814705.pdf","42","43","Parkinson’s disease-associated genetic variation is linked to quantitative expression of inflammatory genes","verified",""
"pre.zip/PMC7814705.pdf","43","44","Exploring lithium’s transcriptional mechanisms of action in bipolar disorder: a multi-step study","verified",""
"pre.zip/PMC7814705.pdf","44","45","Genome-wide pleiotropy analysis of neuropathological traits related to Alzheimer’s disease","verified",""
"pre.zip/PMC7814705.pdf","45","46","Large eQTL meta-analysis reveals differing patterns between cerebral cortical and cerebellar brain regions","verified",""
"pre.zip/PMC7814705.pdf","46","47","Autoimmune disease variants regulate GSDMB gene expression in human immune cells and whole blood","verified",""
"pre.zip/PMC7814705.pdf","47","48","Parkinson-associated risk variant in distal enhancer of alpha-synuclein modulates target gene expression","verified",""
"pre.zip/PMC7814705.pdf","48","49","Genetic variant rs763361 regulates multiple sclerosis CD226 gene expression","verified",""
"pre.zip/PMC7814705.pdf","49","50","Cis-eQTLs regulate reduced LST1 gene and NCR3 gene expression and contribute to increased autoimmune disease risk","verified",""
"pre.zip/PMC7814705.pdf","50","51","Insight into genotype-phenotype associations through eQTL mapping in multiple cell types in health and immune-mediated disease","verified",""
"pre.zip/PMC7814705.pdf","51","52","Population difference and disease status affect the association between genetic variants and gene expression","verified",""
"pre.zip/PMC7814705.pdf","52","53","The impact of sex ongene expression across human tissues","verified",""
"pre.zip/PMC7819767.pdf","0","1","JAMA","not_found","uncertain"
"pre.zip/PMC7819767.pdf","1","2","19:25 Page 3 of 3","not_found","uncertain"
"pre.zip/PMC7831243.pdf","14","15","Zhonghua Fu Chan Ke Za Zhi 2014","not_found","real"
"pre.zip/PMC7831243.pdf","30","31","Am J Obstet Gynecol. 1994;170(6):1828–32 discussion","not_found","real"
"pre.zip/PMC7831243.pdf","10","11","The rates and medical necessity of cesarean delivery in the era of the two-child policy in Hubei and Gansu provinces, China","mismatch","real"
"pre.zip/PMC7831243.pdf","0","1","Relationship between cesarean delivery rate and maternal and neonatal mortality","verified",""
"pre.zip/PMC7831243.pdf","1","2","Caesarean section for non-medical reasons at term","verified",""
"pre.zip/PMC7831243.pdf","2","3","WHO statement on caesarean section rates","verified",""
"pre.zip/PMC7831243.pdf","3","4","What is the optimal rate of caesarean section at population level? A systematic review of ecologic studies","verified",""
"pre.zip/PMC7831243.pdf","4","5","Association between rates of caesarean section and maternal and neonatal mortality in the 21st century: a worldwide population-based ecological study with longitudinal data","verified",""
"pre.zip/PMC7831243.pdf","5","6","Method of delivery and pregnancy outcomes in Asia: the WHO global survey on maternal and perinatal health","verified",""
"pre.zip/PMC7831243.pdf","6","7","Geographic variations and temporal trends in cesarean delivery rates in China","verified",""
"pre.zip/PMC7831243.pdf","7","8","Effect of a two-stage intervention package on the cesarean section rate in Guangzhou, China: a before-and-after study","verified",""
"pre.zip/PMC7831243.pdf","8","9","Lowering the high rate of caesarean delivery in China: an experience from Shanghai","verified",""
"pre.zip/PMC7831243.pdf","9","10","Trends in cesarean delivery rates in China","verified",""
"pre.zip/PMC7831243.pdf","11","12","Association of China’s universal two child policy with changes in births and birth related health factors: national, descriptive comparative study","verified",""
"pre.zip/PMC7831243.pdf","12","13","Sociodemographic and obstetric characteristics of stillbirths in China: a census of nearly 4 million health facility births between 2012 and 2014","verified",""
"pre.zip/PMC7831243.pdf","13","14","Relaxation of the one child policy and trends in caesarean section rates and birth outcomes in China between 2012 and 2016: observational study of nearly seven million health facility births","verified",""
"pre.zip/PMC7831243.pdf","15","16","Cesarean delivery rate and indications in mainland China: a cross sectional study in 2011 [in Chinese]","verified",""
"pre.zip/PMC7831243.pdf","18","19","Effect of second child intent on delivery mode after Chinese two child policy implementation: a cross sectional and prospective observational study of nulliparous women in Chongqing","verified",""
"pre.zip/PMC7831243.pdf","19","20","Use of the Robson classification to assess caesarean section trends in 21 countries: a secondary analysis of two WHO multicountry surveys","verified",""
"pre.zip/PMC7831243.pdf","20","21","An approach to identify a minimum and rational proportion of caesarean sections in resource-poor settings: a global network study","verified",""
"pre.zip/PMC7831243.pdf","21","22","Use of indications to identify appropriate caesarean section rates","verified",""
"pre.zip/PMC7831243.pdf","22","23","Classifications for cesarean section: a systematic review","verified",""
"pre.zip/PMC7831243.pdf","23","24","Documenting indications for cesarean deliveries","verified",""
"pre.zip/PMC7831243.pdf","25","26","Indications for and risks of elective cesarean section","verified",""
"pre.zip/PMC7831243.pdf","27","28","Pregnancy among women with congenitally corrected transposition of great arteries","verified",""
"pre.zip/PMC7831243.pdf","28","29","Outcome of pulmonary vascular disease in pregnancy: a systematic overview from 1978 through 1996","verified",""
"pre.zip/PMC7831243.pdf","29","30","Fetal outcome in obstetric cholestasis","verified",""
"pre.zip/PMC7831243.pdf","31","32","Perioperative complications of cesarean delivery myomectomy: a meta-analysis","verified",""
"pre.zip/PMC7831243.pdf","32","33","Myomectomy during cesarean section and adhesion formation as a long-term postoperative complication","verified",""
"pre.zip/PMC7831243.pdf","33","34","How big is too big? The perinatal consequences of fetal macrosomia","verified",""
"pre.zip/PMC7831243.pdf","34","35","Racial/ethnic standards for fetal growth: the NICHD Fetal Growth Studies","verified",""
"pre.zip/PMC7831243.pdf","35","36","Overestimation of fetal weight by ultrasound: does it influence the likelihood of cesarean delivery for labor arrest? Am J Obstet Gynecol. 2009;200(3):340 e341–3","verified",""
"pre.zip/PMC7831243.pdf","36","37","Prediction of fetal macrosomia: effect of sonographic fetal weight-estimation model and threshold used","verified",""
"pre.zip/PMC7840385.pdf","2","3","WHO | Double burden of malnutrition: infographics","not_found","real"
"pre.zip/PMC7840385.pdf","7","8","The hidden impact of COVID-19 on child poverty","not_found","real"
"pre.zip/PMC7840385.pdf","12","13","StatCan COVID-19: data to insights for a better Canada Canadians report lower self-perceived mental health during the COVID-19 pandemic. 2020;(45280001)","not_found","real"
"pre.zip/PMC7840385.pdf","15","16","Food security and nutrition in the world","not_found","real"
"pre.zip/PMC7840385.pdf","53","54","Am J Physiol Endocrinol Metab","not_found","real"
"pre.zip/PMC7840385.pdf","54","55","Eur J Nutr. 2019;58(3):909–30","not_found","real"
"pre.zip/PMC7840385.pdf","43","44","Gut microbiota may underlie the predisposition of healthy individuals to COVID-19 | medRxiv [Internet]","mismatch","real"
"pre.zip/PMC7840385.pdf","51","52","Developmental origins of health and disease","mismatch","uncertain"
"pre.zip/PMC7840385.pdf","57","58","Maternal microbiome and metabolic health program microbiome development and health of the offspring","mismatch","real"
"pre.zip/PMC7840385.pdf","0","1","Immune dysfunction as a cause and consequence of malnutrition","verified",""
"pre.zip/PMC7840385.pdf","1","2","National, regional, and global trends in body-mass index since 1980: systematic analysis of health examination surveys and epidemiological studies with 960 country-years and 9·1 million participants","verified",""
"pre.zip/PMC7840385.pdf","8","9","Food insecurity and pediatric obesity: a double whammy in the era of COVID-19","verified",""
"pre.zip/PMC7840385.pdf","9","10","Fears grow of nutritional crisis in lockdown UK","verified",""
"pre.zip/PMC7840385.pdf","11","12","The early food insecurity impacts of COVID-19","verified",""
"pre.zip/PMC7840385.pdf","13","14","Impacts of COVID-19 on childhood malnutrition and nutrition-related mortality","verified",""
"pre.zip/PMC7840385.pdf","14","15","The COVID-19 nutrition crisis: what to expect and how to protect","verified",""
"pre.zip/PMC7840385.pdf","17","18","Dietary carbohydrate constituents related to gut dysbiosis and health","verified",""
"pre.zip/PMC7840385.pdf","19","20","Household food access and child malnutrition: results from the eight-country MAL-ED study","verified",""
"pre.zip/PMC7840385.pdf","20","21","Food insecurity is associated with obesity among US adults in 12 states","verified",""
"pre.zip/PMC7840385.pdf","21","22","Exploring mediators of food insecurity and obesity: a review of recent literature","verified",""
"pre.zip/PMC7840385.pdf","22","23","Understanding the double burden of malnutrition in food insecure households in Brazil","verified",""
"pre.zip/PMC7840385.pdf","23","24","Household food insecurity and children’s dietary diversity and nutrition in India","verified",""
"pre.zip/PMC7840385.pdf","24","25","Gut bacteria that rescue growth impairments transmitted by immature microbiota from undernourished children","verified",""
"pre.zip/PMC7840385.pdf","25","26","The effect of diet on the human gut microbiome: a metagenomic analysis in humanized gnotobiotic mice","verified",""
"pre.zip/PMC7840385.pdf","26","27","Gut microbiota in obesity and undernutrition","verified",""
"pre.zip/PMC7840385.pdf","27","28","Diet and specific microbial exposure trigger features of environmental enteropathy in a novel murine model","verified",""
"pre.zip/PMC7840385.pdf","28","29","The gut microbiome in child malnutrition","verified",""
"pre.zip/PMC7840385.pdf","29","30","Understanding the role of the gut microbiome and microbial metabolites in obesity and obesity-associated metabolic disorders: current evidence and perspectives","verified",""
"pre.zip/PMC7840385.pdf","30","31","Gut microbiomes of Malawian twin pairs discordant for kwashiorkor","verified",""
"pre.zip/PMC7840385.pdf","31","32","The impact of antibiotics on growth in children in low and middle income countries: systematic review and meta-analysis of randomised controlled trials","verified",""
"pre.zip/PMC7840385.pdf","32","33","The gut microbiome and metabolic syndrome","verified",""
"pre.zip/PMC7840385.pdf","33","34","Insights into the role of gut microbiota in obesity: pathogenesis, mechanisms, and therapeutic perspectives","verified",""
"pre.zip/PMC7840385.pdf","34","35","Gut microbiota from twins discordant for obesity modulate metabolism in mice","verified",""
"pre.zip/PMC7840385.pdf","35","36","Mechanisms underlying the resistance to diet-induced obesity in germ-free mice","verified",""
"pre.zip/PMC7840385.pdf","36","37","Evaluating causality of gut microbiota in obesity and diabetes in humans","verified",""
"pre.zip/PMC7840385.pdf","37","38","Altered gut microbiota and compositional changes in Firmicutes and proteobacteria in Mexican undernourished and obese children","verified",""
"pre.zip/PMC7840385.pdf","38","39","Infants from food insecure households have altered gut microbiota (OR01-03-19)","verified",""
"pre.zip/PMC7840385.pdf","39","40","Food insecurity, malnutrition, and the microbiome","verified",""
"pre.zip/PMC7840385.pdf","40","41","Depicting SARS-CoV-2 faecal viral activity in association with gut microbiota composition in patients with COVID-19","verified",""
"pre.zip/PMC7840385.pdf","41","42","Alterations of the gut microbiota in patients with coronavirus disease 2019 or H1N1 influenza","verified",""
"pre.zip/PMC7840385.pdf","42","43","The mechanism and treatment of gastrointestinal symptoms in patients with COVID-19","verified",""
"pre.zip/PMC7840385.pdf","44","45","Gut microbiota and Covid-19 - possible link and implications","verified",""
"pre.zip/PMC7840385.pdf","45","46","Considering the effects of microbiome and diet on SARS-CoV-2 infection: nanotechnology roles","verified",""
"pre.zip/PMC7840385.pdf","46","47","The potential application of probiotics and prebiotics for the prevention and treatment of COVID-19","verified",""
"pre.zip/PMC7840385.pdf","47","48","Childhood malnutrition and the intestinal microbiome","verified",""
"pre.zip/PMC7840385.pdf","48","49","Effects of prenatal exposure to the Dutch famine on adult disease in later life: an overview","verified",""
"pre.zip/PMC7840385.pdf","49","50","The Dutch Hunger Winter and the developmental origins of health and disease","verified",""
"pre.zip/PMC7840385.pdf","50","51","Developmental origins of health and disease: the relevance to developing nations","verified",""
"pre.zip/PMC7840385.pdf","52","53","The role of the microbiome in the developmental origins of health and disease","verified",""
"pre.zip/PMC7840385.pdf","55","56","The human microbiome and child growth – first 1000 days and beyond","verified",""
"pre.zip/PMC7840385.pdf","56","57","The role of gut microbiota in the effects of maternal obesity during pregnancy on offspring metabolism","verified",""
"pre.zip/PMC7840385.pdf","58","59","Maternal obesity is associated with alterations in the gut microbiome in toddlers","verified",""
"pre.zip/PMC7840385.pdf","59","60","Development of the gut microbiota in infancy and its impact on health in later life","verified",""
"pre.zip/PMC7840385.pdf","60","61","Maternal gut microbiota in pregnancy influences offspring metabolic phenotype in mice","verified",""
"pre.zip/PMC7840385.pdf","61","62","Understanding the role of the gut microbiome and microbial metabolites in obesity and obesity-associated metabolic disorders: current evidence and perspectives","verified",""
"pre.zip/PMC7854026.pdf","1","2","The basic reproduction number (R0) of measles: a systematic review","verified",""
"pre.zip/PMC7861965.pdf","0","1","The mental health consequences of COVID-19 and physical distance: the need for prevention and early intervention","not_found","real"
"pre.zip/PMC7861965.pdf","2","3","Pediatrics","not_found","real"
"pre.zip/PMC7861965.pdf","22","23","Canadian perspectives survey series 1: impacts of COVID-","not_found","uncertain"
"pre.zip/PMC7861965.pdf","35","36","Coronavirus disease 2019 (COVID-19): Epidemiology update","not_found","real"
"pre.zip/PMC7861965.pdf","5","6","Trauma does not quarantine: violence during the COVID-19 pandemic","mismatch","real"
"pre.zip/PMC7861965.pdf","6","7","Covid-19: EU states report 60% rise in emergency calls about domestic violence","mismatch","real"
"pre.zip/PMC7861965.pdf","10","11","Exacerbation of physical intimate partner violence during COVID-19 lockdown","mismatch","real"
"pre.zip/PMC7861965.pdf","11","12","Penetrating trauma during a global pandemic: changing patterns in interpersonal violence, self-harm and domestic violence in the Covid-19 outbreak","mismatch","real"
"pre.zip/PMC7861965.pdf","13","14","Experience of Hurricane Katrina and reported intimate partner violence","mismatch","real"
"pre.zip/PMC7861965.pdf","32","33","An increasing risk of family violence during the Covid-19 pandemic: strengthening community collaborations to save lives","mismatch","real"
"pre.zip/PMC7861965.pdf","33","34","HIV nonoccupational postexposure prophylaxis (nPEP) for sexual assault cases","mismatch","real"
"pre.zip/PMC7861965.pdf","37","38","Trends in emergency department visits and hospital admissions in health care systems in 5 states in the first months of the COVID-19 pandemic in the US","mismatch","real"
"pre.zip/PMC7861965.pdf","39","40","Changes in intimate partner violence during the early stages of the COVID-19 pandemic in the USA","mismatch","real"
"pre.zip/PMC7861965.pdf","40","41","Violence in the United States: status, challenges, and opportunities","mismatch","real"
"pre.zip/PMC7861965.pdf","41","42","Screening women for intimate partner violence in healthcare settings (review)","mismatch","real"
"pre.zip/PMC7861965.pdf","46","47","Prevalence of abuse and intimate partner violence surgical evaluation (PRAISE) in orthopaedic fracture clinics: a multinational prevalence study","mismatch","real"
"pre.zip/PMC7861965.pdf","1","2","COVID-19: a public health approach to manage domestic violence is needed","verified",""
"pre.zip/PMC7861965.pdf","4","5","Alarming trends in US domestic violence during the COVID-19 pandemic","verified",""
"pre.zip/PMC7861965.pdf","7","8","Health care practitioners’ responsibility to address intimate partner violence related to the COVID-19 pandemic","verified",""
"pre.zip/PMC7861965.pdf","8","9","A pandemic within a pandemic - intimate partner violence during COVID-19","verified",""
"pre.zip/PMC7861965.pdf","9","10","Violence against women during covid-19 pandemic restrictions","verified",""
"pre.zip/PMC7861965.pdf","12","13","Population mobility and adult orthopaedic trauma services during the COVID-19 pandemic: fragility fracture provision remains a priority","verified",""
"pre.zip/PMC7861965.pdf","14","15","Intimate partner violence and Hurricane Katrina: predictors and associated mental health outcomes","verified",""
"pre.zip/PMC7861965.pdf","15","16","The association between natural disasters and violence: a systematic review of the literature and a call for more epidemiological studies","verified",""
"pre.zip/PMC7861965.pdf","16","17","Association of combatant status and sexual violence with health and mental health outcomes in post-conflict Liberia","verified",""
"pre.zip/PMC7861965.pdf","17","18","The psychological impact of quarantine and how to reduce it: rapid review of the evidence","verified",""
"pre.zip/PMC7861965.pdf","18","19","Neighbourhood disadvantage, individual economic distress and violence against women in intimate relationships","verified",""
"pre.zip/PMC7861965.pdf","19","20","Experiences of domestic violence and mental disorders: a systematic review and meta-analysis","verified",""
"pre.zip/PMC7861965.pdf","20","21","Alcohol misuse and violence behaviour: findings from a 30-year longitudinal study","verified",""
"pre.zip/PMC7861965.pdf","21","22","Prevalence of depression symptoms in U.S. adults before and during the COVID-19 pandemic","verified",""
"pre.zip/PMC7861965.pdf","24","25","Impact of the societal response to COVID-19 on access to healthcare for non-COVID-19 health issues in slum communities of Bangladesh, Kenya, Nigeria and Pakistan: results of pre-COVID and COVID-19 lockdown stakeholder engagements","verified",""
"pre.zip/PMC7861965.pdf","25","26","Impact of the COVID-19 pandemic on emergency department visits - United States","verified",""
"pre.zip/PMC7861965.pdf","26","27","Reduced rate of hospital presentations for heart failure during the COVID-19 pandemic in Toronto, Canada","verified",""
"pre.zip/PMC7861965.pdf","27","28","The COVID-19 pandemic and the incidence of acute myocardial infarction","verified",""
"pre.zip/PMC7861965.pdf","28","29","Admissions to veterans affairs hospitals for emergency conditions during the COVID-19 pandemic","verified",""
"pre.zip/PMC7861965.pdf","34","35","Achieving just outcomes: forensic evidence collection in emergency department sexual assault cases","verified",""
"pre.zip/PMC7861965.pdf","38","39","Learning from the decrease in US emergency department visits in response to the coronavirus disease 2019 pandemic","verified",""
"pre.zip/PMC7861965.pdf","42","43","A 15-year population-based investigation of sexual assault cases across the province of Ontario, Canada","verified",""
"pre.zip/PMC7874493.pdf","1","2","J Am Coll Cardiol. 2017;70(1):1–25","not_found","real"
"pre.zip/PMC7874493.pdf","17","18","Ideal cardiovascular health and carotid atherosclerosis in a mixed cohort of Nonterah et al","not_found","uncertain"
"pre.zip/PMC7874493.pdf","21","22","Global recommendations on physical activity for health","not_found","real"
"pre.zip/PMC7874493.pdf","22","23","Physical status: the use and interpretation of anthropometry","not_found","real"
"pre.zip/PMC7874493.pdf","2","3","Diverse empirical evidence on epidemiological transition in low-and middle-income countries: population-based findings from INDE PTH network data","verified",""
"pre.zip/PMC7874493.pdf","3","4","The evolving demographic and health transition in four low-and middle-income countries: evidence from four sites in the INDEPTH network of longitudinal health and demographic surveillance systems","verified",""
"pre.zip/PMC7874493.pdf","4","5","General cardiovascular risk profile for use in primary care: the Framingham Heart Study","verified",""
"pre.zip/PMC7874493.pdf","5","6","2013 ACC/AHA guideline on the assessment of cardiovascular risk: a report of the American College of Cardiology/ American Heart Association Task Force on Practice Guidelines","verified",""
"pre.zip/PMC7874493.pdf","6","7","Cardiovascular disease risk prediction in sub-Saharan African populations - comparative analysis of risk algorithms in the RODAM study","verified",""
"pre.zip/PMC7874493.pdf","7","8","Defining and setting national goals for cardiovascular health promotion and disease reduction: the American Heart Association’s strategic Impact Goal through 2020 and beyond","verified",""
"pre.zip/PMC7874493.pdf","8","9","Understanding and improving cardiovascular health: an update on the American Heart Association’s concept of cardiovascular health","verified",""
"pre.zip/PMC7874493.pdf","9","10","Status of cardiovascular health in US adolescents: prevalence estimates from the National Health and Nutrition Examination Surveys (NHANES)","verified",""
"pre.zip/PMC7874493.pdf","10","11","Cardiovascular health behavior and health factor changes (1988-2008) and projections to 2020: results from the National Health and Nutrition Examination Surveys","verified",""
"pre.zip/PMC7874493.pdf","11","12","Assessment of subclinical atherosclerosis by carotid intima media thickness: technical issues","verified",""
"pre.zip/PMC7874493.pdf","12","13","Carotid intima-media thickness measurements: relations with atherosclerosis, risk of cardiovascular disease and application in randomized controlled trials","verified",""
"pre.zip/PMC7874493.pdf","13","14","Classical cardiovascular risk factors and HIV are associated with carotid intima-media thickness in adults from Sub-Saharan Africa: Findings From H3Africa AWI-Gen Study","verified",""
"pre.zip/PMC7874493.pdf","14","15","Association between ideal cardiovascular health and carotid intima-media thickness: a twin study","verified",""
"pre.zip/PMC7874493.pdf","15","16","Association of a favorable cardiovascular health profile with the presence of coronary artery calcification","verified",""
"pre.zip/PMC7874493.pdf","16","17","A systematic review of the prevalence and outcomes of ideal cardiovascular health in US and non-US populations","verified",""
"pre.zip/PMC7874493.pdf","18","19","Ideal cardiovascular health index and its determinants in a rural South African population","verified",""
"pre.zip/PMC7874493.pdf","19","20","H3Africa AWI-Gen Collaborative Centre: a resource to study the interplay between genomic and environmental risk factors for cardiometabolic diseases in four sub-Saharan African countries","verified",""
"pre.zip/PMC7874493.pdf","20","21","Genomic and environmental risk factors for cardiometabolic diseases in Africa: methods used for Phase 1 of the AWI-Gen population cross-sectional study","verified",""
"pre.zip/PMC7874493.pdf","23","24","South African dyslipidaemia guideline consensus statement","verified",""
"pre.zip/PMC7874493.pdf","24","25","Association of cardiovascular health with subclinical disease and incident events: the multi-ethnic study of atherosclerosis","verified",""
"pre.zip/PMC7874493.pdf","25","26","Socioeconomic status and poor health outcome at 10 years of follow-up in the multi-ethnic study of atherosclerosis","verified",""
"pre.zip/PMC7874493.pdf","26","27","Socioeconomic status and subclinical atherosclerosis: are we closing disparity gaps? Stroke. 2014;45(4):948–9","verified",""
"pre.zip/PMC7874493.pdf","27","28","Changes in cardiovascular health in the United States","verified",""
"pre.zip/PMC7874493.pdf","28","29","Ideal cardiovascular health among Ghanaian populations in three European countries and rural and urban Ghana: the RODAM study","verified",""
"pre.zip/PMC7874493.pdf","29","30","Prevalence of the cardiovascular health status in adults: a systematic review and meta-analysis","verified",""
"pre.zip/PMC7874493.pdf","30","31","Ideal cardiovascular health: associations with biomarkers and subclinical disease and impact on incidence of cardiovascular disease in the Framingham Offspring Study","verified",""
"pre.zip/PMC7874493.pdf","31","32","Association between ideal cardiovascular health and markers of subclinical cardiovascular disease","verified",""
"pre.zip/PMC7874493.pdf","32","33","Subclinical atherosclerosis, cardiovascular health, and disease risk: is there a case for the Cardiovascular Health Index in the primary prevention population? BMC Public Health. 2018;18(1):429","verified",""
"pre.zip/PMC7874493.pdf","33","34","Association between cardiovascular health score and carotid intima-media thickness: cross-sectional analysis of the Brazilian Longitudinal Study of Adult Health (ELSA-Brasil) baseline assessment","verified",""
"pre.zip/PMC7874493.pdf","34","35","Changes in cardiovascular health score and atherosclerosis progression in middle-aged and older persons in China: a cohort study","verified",""
"pre.zip/PMC7874493.pdf","35","36","Genetics of human cardiovascular disease","verified",""
"pre.zip/PMC7874493.pdf","36","37","Cardiovascular diseases in Sub-Saharan Africa compared to high-income countries: an epidemiological perspective","verified",""
"pre.zip/PMC7874493.pdf","37","38","Prevalence of dyslipidaemia among adults in Africa: a systematic review and meta-analysis","verified",""
"pre.zip/PMC7874493.pdf","38","39","Interethnic differences in serum lipids and implications for cardiometabolic disease risk in African ancestry populations","verified",""
"pre.zip/PMC7874493.pdf","39","40","HbA1c of 6.5% to diagnose diabetes mellitus -- does it work for us? -- the Bellville South Africa study","verified",""
"pre.zip/PMC7874493.pdf","40","41","Deriving an optimal threshold of waist circumference for detecting cardiometabolic risk in sub-Saharan Africa","verified",""
"pre.zip/PMC7874493.pdf","41","42","Body-mass index and all-cause mortality: individual-participant-data meta-analysis of 239 prospective studies in four continents","verified",""
"pre.zip/PMC7927373.pdf","1","2","19:62 Page 10 of 12 comparative modelling analysis in 78 low-income and lower-middle-income countries","not_found","uncertain"
"pre.zip/PMC7927373.pdf","5","6","Human papillomavirus and related diseases in China: HPV Information Centre; 2018","not_found","real"
"pre.zip/PMC7927373.pdf","14","15","Expert consensus on immunological prevention of human papillomavirus-related diseases","not_found","real"
"pre.zip/PMC7927373.pdf","32","33","Br J Cancer. 2004;91(3):530–6","not_found","real"
"pre.zip/PMC7927373.pdf","39","40","Lancet Glob Health. 2020;8(4): e536–e44","not_found","real"
"pre.zip/PMC7927373.pdf","46","47","China population and employment statistics yearbook 2016","not_found","real"
"pre.zip/PMC7927373.pdf","47","48","2016 China health statistics yearbook","not_found","real"
"pre.zip/PMC7927373.pdf","48","49","2018 China Cancer Registry Annual Report","not_found","real"
"pre.zip/PMC7927373.pdf","55","56","The study of social inequality in cervical cancer mortality and screening for efficient screening pattern in China","not_found","real"
"pre.zip/PMC7927373.pdf","0","1","Impact of scaled up human papillomavirus vaccination and cervical screening and the potential for global elimination of cervical cancer in 181 countries, 2020-99: a modelling study","verified",""
"pre.zip/PMC7927373.pdf","2","3","Mortality impact of achieving WHO cervical cancer elimination targets: a comparative modelling analysis in 78 low-income and lower-middle-income countries","verified",""
"pre.zip/PMC7927373.pdf","3","4","Trends of incidence rate and age at diagnosis for cervical cancer in China, from 2000 to 2014","verified",""
"pre.zip/PMC7927373.pdf","4","5","Changes in prevalence and clinical characteristics of cervical cancer in the People’s Republic of China: a study of 10,012 cases from a nationwide working group","verified",""
"pre.zip/PMC7927373.pdf","6","7","Cervical cancer prevention in China: a key to cancer control","verified",""
"pre.zip/PMC7927373.pdf","7","8","Study on the coverage of cervical and breast cancer screening among women aged 35-69 years and related impact of socioeconomic factors in China","verified",""
"pre.zip/PMC7927373.pdf","12","13","Reasons for optimism about eliminating cervical cancer in China","verified",""
"pre.zip/PMC7927373.pdf","13","14","Projections up to 2100 and a budget optimisation strategy towards cervical cancer elimination in China: a modelling study","verified",""
"pre.zip/PMC7927373.pdf","15","16","Efficacy, safety, and immunogenicity of an Escherichia coli-produced bivalent human papillomavirus vaccine: an interim analysis of a randomized clinical trial","verified",""
"pre.zip/PMC7927373.pdf","18","19","Routine immunization services costs and financing in China","verified",""
"pre.zip/PMC7927373.pdf","25","26","Cost-effectiveness analysis of cervical cancer screening strategies in urban China","verified",""
"pre.zip/PMC7927373.pdf","26","27","Prevalence of human papillomavirus and cervical intraepithelial neoplasia in China: a pooled analysis of 17 population-based studies","verified",""
"pre.zip/PMC7927373.pdf","27","28","Study on direct economic burden and influencing factors in patients with cervical cancer and precancerous lesions","verified",""
"pre.zip/PMC7927373.pdf","29","30","A dynamic Bayesian Markov model for health economic evaluations of interventions in infectious disease","verified",""
"pre.zip/PMC7927373.pdf","30","31","A dynamic Bayesian Markov model for health economic evaluations of interventions in infectious disease","verified",""
"pre.zip/PMC7927373.pdf","31","32","Effect of vaccination age on cost-effectiveness of human papillomavirus vaccination against cervical cancer in China","verified",""
"pre.zip/PMC7927373.pdf","33","34","A comprehensive natural history model of HPV infection and cervical cancer to estimate the clinical impact of a prophylactic HPV-16/18 vaccine","verified",""
"pre.zip/PMC7927373.pdf","34","35","Cost-effectiveness analysis of universal human papillomavirus vaccination using a dynamic Bayesian methodology: the BEST II study","verified",""
"pre.zip/PMC7927373.pdf","35","36","Mathematical model for the natural history of human papillomavirus infection and cervical carcinogenesis","verified",""
"pre.zip/PMC7927373.pdf","36","37","Prognostic factors associated with the clinical outcome of cervical intraepithelial neoplasia: a cohort study in Japan","verified",""
"pre.zip/PMC7927373.pdf","37","38","Estimated quality of life and economic outcomes associated with 12 cervical cancer screening strategies: a cost-effectiveness analysis","verified",""
"pre.zip/PMC7927373.pdf","38","39","Inference of type-specific HPV transmissibility, progression and clearance rates: a mathematical modelling approach","verified",""
"pre.zip/PMC7927373.pdf","40","41","Pooled analysis of the performance of liquid-based cytology in population-based cervical cancer screening studies in China","verified",""
"pre.zip/PMC7927373.pdf","41","42","Economic evaluation of cervical cancer screening strategies in urban China","verified",""
"pre.zip/PMC7927373.pdf","42","43","Cost-effectiveness of cervical cancer screening: cytology versus human papillomavirus DNA testing","verified",""
"pre.zip/PMC7927373.pdf","43","44","Quality of life in women with cervical precursor lesions and cancer: a prospective, 6-month, hospital-based study in China","verified",""
"pre.zip/PMC7927373.pdf","44","45","On discount rates for economic evaluations in global health","verified",""
"pre.zip/PMC7927373.pdf","45","46","National data","verified",""
"pre.zip/PMC7927373.pdf","49","50","A review of human carcinogens--part B: biological agents","verified",""
"pre.zip/PMC7927373.pdf","50","51","National data","verified",""
"pre.zip/PMC7927373.pdf","51","52","Simultaneously characterizing the comparative economics of routine female adolescent nonavalent human papillomavirus (HPV) vaccination and assortativity of sexual mixing in Hong Kong Chinese: a modeling analysis","verified",""
"pre.zip/PMC7927373.pdf","52","53","Changing cancer survival in China during 2003-15: a pooled analysis of 17 population-based cancer registries","verified",""
"pre.zip/PMC7927373.pdf","53","54","Human papillomavirus vaccine against cervical cancer: opportunity and challenge","verified",""
"pre.zip/PMC7927373.pdf","58","59","Measuring universal health coverage based on an index of effective coverage of health services in 204 countries and territories, 1990–2019: a systematic analysis for the Global Burden of Disease Study 2019","verified",""
"pre.zip/PMC7927373.pdf","59","60","HPV: WHO calls for countries to suspend vaccination of boys","verified",""
"pre.zip/PMC7927373.pdf","60","61","COVID-19: global consequences for oncology","verified",""
"pre.zip/PMC7927373.pdf","61","62","Effect of delays in the 2-week-wait cancer referral pathway during the COVID-19 pandemic on cancer survival in the UK: a modelling study","verified",""
"pre.zip/PMC7945668.pdf","6","7","Adverse effects on infant development associated with maternal folic acid deficiency","not_found","real"
"pre.zip/PMC7945668.pdf","13","14","Youtube: Who or What is MEG? 2014","not_found","real"
"pre.zip/PMC7945668.pdf","23","24","Dietary Reference Values for Nutrients: Summary Report","not_found","real"
"pre.zip/PMC7945668.pdf","26","27","","not_found","real"
"pre.zip/PMC7945668.pdf","37","38","19:73 Page 12 of 13 highlights a putative methylation-regulated control element at ZFP57","not_found","uncertain"
"pre.zip/PMC7945668.pdf","3","4","Imaging structural and functional brain development in early childhood","mismatch","real"
"pre.zip/PMC7945668.pdf","5","6","Maternal folate nutrition and offspring health: evidence and current controversies","mismatch","real"
"pre.zip/PMC7945668.pdf","21","22","Effect of area-level socioeconomic deprivation on risk of cognitive dysfunction in older adults","mismatch","real"
"pre.zip/PMC7945668.pdf","24","25","Dietary intake and biomarkers of folate and cobalamin status in Norwegian preschool children: the FINS-KIDS study","mismatch","real"
"pre.zip/PMC7945668.pdf","28","29","Maternal use of folic acid supplements during pregnancy and four-year-old neurodevelopment in a population-based birth cohort","mismatch","real"
"pre.zip/PMC7945668.pdf","0","1","Prevention of the first occurrence of neural-tube defects by periconceptional vitamin supplementation","verified",""
"pre.zip/PMC7945668.pdf","1","2","Prevention of neural tube defects: results of the Medical Research Council Vitamin Study","verified",""
"pre.zip/PMC7945668.pdf","2","3","Neuroprotective effects of prenatal folic acid supplementation: why timing matters","verified",""
"pre.zip/PMC7945668.pdf","4","5","The importance of maternal folate status for brain development and function of offspring","verified",""
"pre.zip/PMC7945668.pdf","7","8","Higher maternal plasma folate but not vitamin B-12 concentrations during pregnancy are associated with better cognitive function scores in 9-to 10-year-old children in South India","verified",""
"pre.zip/PMC7945668.pdf","8","9","Prenatal folate, homocysteine and Vitamin B12 levels and child brain volumes, cognitive development and psychological functioning: the Generation R Study","verified",""
"pre.zip/PMC7945668.pdf","9","10","Impact of continuing folic acid after the first trimester of pregnancy: findings of a randomized trial of folic acid supplementation in the second and third trimesters","verified",""
"pre.zip/PMC7945668.pdf","10","11","Effect of continued folic acid supplementation beyond the first trimester of pregnancy on cognitive performance in the child: a follow-up study from a randomized controlled trial (FASSTT Offspring Trial)","verified",""
"pre.zip/PMC7945668.pdf","11","12","A tool for functional brain imaging with lifespan compliance","verified",""
"pre.zip/PMC7945668.pdf","12","13","Wechsler Intelligence Scale for Children fourth UK edition","verified",""
"pre.zip/PMC7945668.pdf","14","15","Reading senseless sentences: brain potentials reflect semantic incongruity","verified",""
"pre.zip/PMC7945668.pdf","18","19","Riboflavin offers a targeted strategy for managing hypertension in patients with the MTHFR 677TT genotype: a 4-y follow-up","verified",""
"pre.zip/PMC7945668.pdf","19","20","Effect of a voluntary food fortification policy on folate, related B vitamin status, and homocysteine in healthy adults","verified",""
"pre.zip/PMC7945668.pdf","22","23","The development of gender differences in spatial reasoning: a meta-analytic review","verified",""
"pre.zip/PMC7945668.pdf","25","26","Folate, related B vitamins, and homocysteine in childhood and adolescence: potential implications for disease risk in later life","verified",""
"pre.zip/PMC7945668.pdf","27","28","Estimation of trends in serum and RBC folate in the U.S. population from pre-to postfortification using assay-adjusted data from the NHANES","verified",""
"pre.zip/PMC7945668.pdf","29","30","Folic acid supplements in pregnancy and severe language delay in children","verified",""
"pre.zip/PMC7945668.pdf","30","31","Investigating white matter development in infancy and early childhood using myelin water faction and relaxation time mapping","verified",""
"pre.zip/PMC7945668.pdf","31","32","Gene-specific DNA methylation in newborns in response to folic acid supplementation during the second and third trimesters of pregnancy: epigenetic analysis from a randomized controlled trial","verified",""
"pre.zip/PMC7945668.pdf","32","33","Training working memory in childhood enhances coupling between frontoparietal control network and task-related regions","verified",""
"pre.zip/PMC7945668.pdf","33","34","Association of prenatal exposure to population-wide folic acid fortification with altered cerebral cortex maturation in youths","verified",""
"pre.zip/PMC7945668.pdf","34","35","Cognitive ability in childhood and cognitive decline in mid-life: longitudinal birth cohort study","verified",""
"pre.zip/PMC7945668.pdf","35","36","The balance between cognitive reserve and brain imaging biomarkers of cerebrovascular and Alzheimer’s diseases","verified",""
"pre.zip/PMC7945668.pdf","36","37","Biomarkers of nutrition for development— folate review","verified",""
"pre.zip/PMC7945668.pdf","38","39","Association between breastfeeding and intelligence, educational attainment, and income at 30 years of age: a prospective birth cohort study from Brazil","verified",""
"pre.zip/PMC7977606.pdf","10","11","Effect of epidural analgesia on the duration of labour stages and delivery outcome [in Chinese]","not_found","uncertain"
"pre.zip/PMC7977606.pdf","14","15","Population and fertility by age and sex for 195 countries and territories, 1950-2017: a systematic analysis for the Global Burden of Disease Study 2017","not_found","real"
"pre.zip/PMC7977606.pdf","30","31","Analgesia: current situation and urgent problems [in Chinese]","not_found","real"
"pre.zip/PMC7977606.pdf","32","33","Present situation and solutions of labor analgesia in China","not_found","real"
"pre.zip/PMC7977606.pdf","33","34","Practice Bulletin No. 177: obstetric analgesia and Anesthesia","not_found","real"
"pre.zip/PMC7977606.pdf","34","35","Labor analgesia: we need to better understand and educate our obstetric patients","not_found","real"
"pre.zip/PMC7977606.pdf","39","40","Expert consensus on labour analgesia [in Chinese]","not_found","real"
"pre.zip/PMC7977606.pdf","44","45","Causal inference: what if","not_found","real"
"pre.zip/PMC7977606.pdf","49","50","Labour analgesia and patient safety in obstetrics [in Chinese]","not_found","uncertain"
"pre.zip/PMC7977606.pdf","0","1","Pain management for women in labour: an overview of systematic reviews","verified",""
"pre.zip/PMC7977606.pdf","1","2","Drivers of maternity care in high-income countries: can health systems support woman-centred care? Lancet. 2016; 388(10057):2282–95","verified",""
"pre.zip/PMC7977606.pdf","2","3","Necessity of promoting for labor analgesia technology and the challenges facing","verified",""
"pre.zip/PMC7977606.pdf","3","4","No Pain Labor & Delivery: a Global Health Initiative’s impact on clinical outcomes in China","verified",""
"pre.zip/PMC7977606.pdf","6","7","Epidural versus non-epidural or no analgesia for pain management in labour","verified",""
"pre.zip/PMC7977606.pdf","7","8","Challenges to evidence-based medicine: a comparison of patients and treatments in randomized controlled trials with patients and treatments in a practice research network","verified",""
"pre.zip/PMC7977606.pdf","8","9","Real world evidence: experience and lessons from China","verified",""
"pre.zip/PMC7977606.pdf","9","10","Impact of the introduction of neuraxial labor analgesia on mode of delivery at an urban maternity hospital in China","verified",""
"pre.zip/PMC7977606.pdf","11","12","Method of delivery and pregnancy outcomes in Asia: the WHO global survey on maternal and perinatal health","verified",""
"pre.zip/PMC7977606.pdf","12","13","Sociodemographic and obstetric characteristics of stillbirths in China: a census of nearly 4 million health facility births between 2012 and 2014","verified",""
"pre.zip/PMC7977606.pdf","13","14","Relaxation of the one child policy and trends in caesarean section rates and birth outcomes in China between 2012 and 2016: observational study of nearly seven million health facility births","verified",""
"pre.zip/PMC7977606.pdf","15","16","Regional anesthesia and analgesia for labor and delivery","verified",""
"pre.zip/PMC7977606.pdf","16","17","A review of the impact of obstetric anesthesia on maternal and neonatal outcomes","verified",""
"pre.zip/PMC7977606.pdf","17","18","Maternal near miss--towards a standard tool for monitoring quality of maternal health care","verified",""
"pre.zip/PMC7977606.pdf","20","21","Interrupted time series regression for the evaluation of public health interventions: a tutorial","verified",""
"pre.zip/PMC7977606.pdf","21","22","Conducting interrupted time-series analysis for single-and multiple-group comparisons","verified",""
"pre.zip/PMC7977606.pdf","22","23","A modified poisson regression approach to prospective studies with binary data","verified",""
"pre.zip/PMC7977606.pdf","23","24","Methods for estimating adjusted risk ratios","verified",""
"pre.zip/PMC7977606.pdf","24","25","The central role of the propensity score in observational studies for causal effects","verified",""
"pre.zip/PMC7977606.pdf","25","26","Propensity Score Analysis: Statistical Methods and Applications","verified",""
"pre.zip/PMC7977606.pdf","26","27","The propensity score","verified",""
"pre.zip/PMC7977606.pdf","27","28","Sensitivity analysis without assumptions","verified",""
"pre.zip/PMC7977606.pdf","28","29","Using the E-value to assess the potential effect of unmeasured confounding in observational studies","verified",""
"pre.zip/PMC7977606.pdf","29","30","Marginal effects-quantifying the effect of changes in risk factors in logistic regression models","verified",""
"pre.zip/PMC7977606.pdf","31","32","Popularizing labor analgesia in China","verified",""
"pre.zip/PMC7977606.pdf","35","36","Survey of labor epidural analgesia and patient education for women in Southwest China","verified",""
"pre.zip/PMC7977606.pdf","36","37","Survey of the factors associated with a woman’s choice to have an epidural for labor analgesia","verified",""
"pre.zip/PMC7977606.pdf","37","38","The effects of China’s universal two-child policy","verified",""
"pre.zip/PMC7977606.pdf","38","39","Neuraxial analgesia effects on labour progression: facts, fallacies, uncertainties and the future","verified",""
"pre.zip/PMC7977606.pdf","40","41","Does epidural analgesia affect the rate of spontaneous obstetric lacerations in normal births? J Midwifery Womens Health. 2007;52(1):31–6","verified",""
"pre.zip/PMC7977606.pdf","41","42","Relation between epidural analgesia and severe perineal laceration in childbearing women in Catalonia","verified",""
"pre.zip/PMC7977606.pdf","42","43","Effects of combined spinal-epidural analgesia during labor on postpartum electrophysiological function of maternal pelvic floor muscle: a randomized controlled trial","verified",""
"pre.zip/PMC7977606.pdf","43","44","Epidural analgesia and any vaginal laceration","verified",""
"pre.zip/PMC7977606.pdf","45","46","Analgesia during labor and vaginal birth among women with severe maternal morbidity: secondary analysis from the WHO multicountry survey on maternal and Newborn health","verified",""
"pre.zip/PMC7977606.pdf","46","47","Committee Opinion No. 687: approaches to limit intervention during labor and birth","verified",""
"pre.zip/PMC7977606.pdf","47","48","Epidural analgesia during labour, routinely or on request: a cost-effectiveness analysis","verified",""
"pre.zip/PMC7977606.pdf","48","49","Routine labour epidural analgesia versus labour analgesia on request: a randomised non-inferiority trial","verified",""
"pre.zip/PMC8103653.pdf","11","12","Less smoking, more snus using [in Swedish]; 2018","not_found","real"
"pre.zip/PMC8103653.pdf","34","35","Smokeless tobacco and the risk of stroke","not_found","real"
"pre.zip/PMC8103653.pdf","40","41","Does smokeless tobacco cause hypertension? South Med J. 1995;88(7):716–20","not_found","real"
"pre.zip/PMC8103653.pdf","46","47","Smokeless tobacco and cardiovascular disease","not_found","uncertain"
"pre.zip/PMC8103653.pdf","0","1","Tobacco smoking and risk of 36 cardiovascular disease subtypes: fatal and non-fatal outcomes in a large prospective Australian study","mismatch","real"
"pre.zip/PMC8103653.pdf","2","3","Alcohol consumption, cigarette smoking and incidence of aortic valve stenosis","mismatch","real"
"pre.zip/PMC8103653.pdf","4","5","Primary prevention of stroke by a healthy lifestyle in a high-risk group","mismatch","real"
"pre.zip/PMC8103653.pdf","15","16","Risk of hypertension amongst Swedish male snuff users: a prospective study","mismatch","real"
"pre.zip/PMC8103653.pdf","20","21","Smokeless tobacco (snus) and risk of heart failure: results from two Swedish cohorts","mismatch","real"
"pre.zip/PMC8103653.pdf","21","22","Two large prospective studies of mortality among men who use snuff or chewing tobacco (United States)","mismatch","real"
"pre.zip/PMC8103653.pdf","22","23","Snus (Swedish smokeless tobacco) use and risk of stroke: pooled analyses of incidence and survival","mismatch","real"
"pre.zip/PMC8103653.pdf","25","26","Combined impact of healthy lifestyle factors on risk of atrial fibrillation: prospective study in men and women","mismatch","real"
"pre.zip/PMC8103653.pdf","31","32","Global burden of all-cause and cause-specific mortality due to smokeless tobacco use: systematic review and meta-analysis","mismatch","real"
"pre.zip/PMC8103653.pdf","37","38","Brief exposure to Swedish snus causes divergent vascular responses in healthy male and female volunteers","mismatch","real"
"pre.zip/PMC8103653.pdf","39","40","Oral snuff impairs endothelial function in healthy snuff users","mismatch","real"
"pre.zip/PMC8103653.pdf","41","42","Nicotine and the renin-angiotensin system","mismatch","real"
"pre.zip/PMC8103653.pdf","42","43","Acute effects of nicotine on arterial stiffness and wave reflection in healthy young non-smokers","mismatch","real"
"pre.zip/PMC8103653.pdf","43","44","Cardiac arrhythmias following intravenous nicotine: experimental study in dogs","mismatch","real"
"pre.zip/PMC8103653.pdf","1","2","Healthy lifestyle and risk of heart failure: results from 2 prospective cohort studies","verified",""
"pre.zip/PMC8103653.pdf","3","4","Healthy diet and lifestyle and risk of stroke in a prospective cohort of women","verified",""
"pre.zip/PMC8103653.pdf","5","6","Low-risk diet and lifestyle habits in the primary prevention of myocardial infarction in men: a population-based prospective cohort study","verified",""
"pre.zip/PMC8103653.pdf","6","7","Sex differences in the association between smoking and abdominal aortic aneurysm","verified",""
"pre.zip/PMC8103653.pdf","7","8","Genetic predisposition to smoking in relation to 14 cardiovascular diseases","verified",""
"pre.zip/PMC8103653.pdf","8","9","Should doctors advocate snus and other nicotine replacements? Yes","verified",""
"pre.zip/PMC8103653.pdf","9","10","Snus: a compelling harm reduction alternative to cigarettes","verified",""
"pre.zip/PMC8103653.pdf","10","11","Swedish snus and the GothiaTek(R) standard","verified",""
"pre.zip/PMC8103653.pdf","12","13","Impact of smokeless tobacco products on cardiovascular disease: implications for policy, prevention, and treatment: a policy statement from the American Heart Association","verified",""
"pre.zip/PMC8103653.pdf","13","14","Nicotine chemistry, metabolism, kinetics and biomarkers","verified",""
"pre.zip/PMC8103653.pdf","14","15","Cardiovascular toxicity of nicotine: implications for electronic cigarette use","verified",""
"pre.zip/PMC8103653.pdf","16","17","Nicotine and sympathetic neurotransmission","verified",""
"pre.zip/PMC8103653.pdf","17","18","Use of snus and acute myocardial infarction: pooled analysis of eight prospective observational studies","verified",""
"pre.zip/PMC8103653.pdf","18","19","Smokeless tobacco use and circulatory disease risk: a systematic review and meta-analysis","verified",""
"pre.zip/PMC8103653.pdf","19","20","Risk of incident cardiovascular disease among users of smokeless tobacco in the Atherosclerosis Risk in Communities (ARIC) study","verified",""
"pre.zip/PMC8103653.pdf","23","24","Is moist snuff use associated with excess risk of IHD or stroke? A longitudinal follow-up of snuff users in Sweden","verified",""
"pre.zip/PMC8103653.pdf","24","25","Use of Scandinavian moist smokeless tobacco (snus) and the risk of atrial fibrillation","verified",""
"pre.zip/PMC8103653.pdf","26","27","DAGitty: a graphical tool for analyzing causal diagrams","verified",""
"pre.zip/PMC8103653.pdf","27","28","Primary prevention of cardiovascular disease: a review of contemporary guidance and literature","verified",""
"pre.zip/PMC8103653.pdf","28","29","Tobacco smoking: health impact, prevalence, correlates and interventions","verified",""
"pre.zip/PMC8103653.pdf","29","30","Association of smokeless tobacco use and oral cancer: a systematic global review and meta-analysis","verified",""
"pre.zip/PMC8103653.pdf","30","31","Use of smokeless tobacco and risk of cardiovascular disease: a systematic review and meta-analysis","verified",""
"pre.zip/PMC8103653.pdf","32","33","Long-term use of Swedish moist snuff and the risk of myocardial infarction amongst men","verified",""
"pre.zip/PMC8103653.pdf","33","34","Swedish snuff and incidence of cardiovascular disease","verified",""
"pre.zip/PMC8103653.pdf","35","36","Use of snus and risk for cardiovascular disease: results from the Swedish Twin Registry","verified",""
"pre.zip/PMC8103653.pdf","36","37","Differences in cardiovascular toxicities associated with cigarette smoking and snuff use revealed using novel zebrafish models","verified",""
"pre.zip/PMC8103653.pdf","38","39","Interindividual variability in the metabolism and cardiovascular effects of nicotine in man","verified",""
"pre.zip/PMC8103653.pdf","44","45","Chronic nicotine treatment enhances focal ischemic brain injury and depletes free pool of brain microvascular tissue plasminogen activator in rats","verified",""
"pre.zip/PMC8103653.pdf","45","46","Nicotine increases in vivo blood-brain barrier permeability and alters cerebral microvascular tight junction protein distribution","verified",""
"pre.zip/PMC8114973.pdf","5","6","Use of renin-angiotensin-aldosterone system inhibitors and risk of COVID-19 causing hospital admission: a case-population study","not_found","real"
"pre.zip/PMC8114973.pdf","12","13","","not_found","uncertain"
"pre.zip/PMC8114973.pdf","19","20","Angiontensin-converting enzyme inhibitors in hypertension – to use or not use? J Am Coll Cardiol. 2018;71(13):1474–82","not_found","real"
"pre.zip/PMC8114973.pdf","2","3","Are patients with hypertension and diabetes mellitus at increased risk for COVID-19 infection? Lancet Respir Med. 2020; 8(4):e21","mismatch","real"
"pre.zip/PMC8114973.pdf","6","7","Treatment with ACE inhibitors or ARBs and risk of severe/lethal COVID-19: a meta-analysis","mismatch","real"
"pre.zip/PMC8114973.pdf","10","11","Association of inpatient use of angiotensin converting enzyme inhibitors and angiotensin ii receptor blockers with mortality among patients with hypertension hospitalised with COVID-19","mismatch","real"
"pre.zip/PMC8114973.pdf","13","14","A hypothesis for pathobiology and treatment of COVID-19: the centrality of ACE1/ACE2 imbalance","mismatch","real"
"pre.zip/PMC8114973.pdf","15","16","Response by Cohen et al to letter regarding article, “association of inpatient use of angiotensin-converting enzyme inhibitors and angiotensin ii receptor blockers with mortality among patients with hypertension hospitalised with COVID-19”","mismatch","real"
"pre.zip/PMC8114973.pdf","20","21","Balance diagnostics for comparing the distribution of baseline covariates between treatment groups in propensity-score matched samples","mismatch","real"
"pre.zip/PMC8114973.pdf","26","27","Association of renin-angiotensin system inhibitors with severity or risk of death in patients with hypertension hospitalised for coronavirus disease 2019 (COVID-19) infection in Wuhan, de Abajo et al","mismatch","real"
"pre.zip/PMC8114973.pdf","32","33","Comparative impacts of ACE (angiotensin-converting enzyme) inhibitors versus angiotensin II receptor blockers on the risk of COVID-19 mortality","mismatch","real"
"pre.zip/PMC8114973.pdf","3","4","Renin-angiotensin-aldosterone system blockers and the risk of Covid-19","verified",""
"pre.zip/PMC8114973.pdf","4","5","Renin-angiotensin-aldosterone system inhibitors and risk of COVID-19","verified",""
"pre.zip/PMC8114973.pdf","7","8","Lack of association of antihypertensive drugs with the risk and severity of COVID-19: a meta-analysis","verified",""
"pre.zip/PMC8114973.pdf","8","9","Continuation versus discontinuation of ACE inhibitors or angiotensin II receptor blockers in COVID-19: effects on blood pressure control and mortality","verified",""
"pre.zip/PMC8114973.pdf","9","10","Continued in-hospital angiotensin converting enzyme inhibitor and angiotensin II receptor blocker use in hypertensive COVID-19 patients is associated with positive clinical outcome","verified",""
"pre.zip/PMC8114973.pdf","11","12","Outcomes associated with the use of renin-angiotensin-aldosterone system blockade in hospitalised patients with SARS-CoV-2 infection","verified",""
"pre.zip/PMC8114973.pdf","14","15","SARS-CoV-2 and ACE2: the biology and clinical data settling the ARB and ACEI controversy","verified",""
"pre.zip/PMC8114973.pdf","16","17","Association between renin-angiotensin-aldosterone system blockers and outcome in coronavirus disease 2019: analysing in-hopsital exposure generates a biased seemingly protective effect of treatment","verified",""
"pre.zip/PMC8114973.pdf","17","18","Effect of discontinuing vs continuing angiotensin-converting enzyme inhibitors and angiotensin ii receptor blockers on days alive and out of the hospital in patients admitted with COVID-19: a randomised clinical trial","verified",""
"pre.zip/PMC8114973.pdf","18","19","Continuation versus discontinuation of renin-angiotensin system inhibitors in patients admitted to hospital with COVID-19: a prospective, randomised, open-label trial","verified",""
"pre.zip/PMC8114973.pdf","21","22","An introduction to propensity score methods for reducing the effects of confounding in observational studies","verified",""
"pre.zip/PMC8114973.pdf","24","25","Mediation analysis in epidemiology: methods, interpretation and bias","verified",""
"pre.zip/PMC8114973.pdf","25","26","Interaction revisited: the difference between two estimates","verified",""
"pre.zip/PMC8114973.pdf","27","28","RAAS inhibitors are not associated with mortality in COVID-19 patients: findings from an observational multicenter study in Italy and a meta-analysis of 19 studies","verified",""
"pre.zip/PMC8114973.pdf","28","29","A retrospective study from 2 centers in China on the effects of continued use of angiotensin-converting enzyme inhibitors and angiotensin II receptor blockers in patients with hypertension and COVID-19","verified",""
"pre.zip/PMC8114973.pdf","29","30","Association of hypertension with all-cause mortality among hospitalised patients with COVID-19","verified",""
"pre.zip/PMC8114973.pdf","30","31","Effects of angiotensin receptor blockers (ARBs) on in-hospital outcomes of patients with hypertension and confirmed or clinically suspected COVID-19","verified",""
"pre.zip/PMC8114973.pdf","31","32","Influence of blood pressure control and application of renin-angiotensin-aldosterone system inhibitors on the outcomes in COVID-19 patients with hypertension","verified",""
"pre.zip/PMC8114973.pdf","33","34","Renin-angiotensin system inhibitors improve the clinical outcomes of COVID-19 patients with hypertension","verified",""
"pre.zip/PMC8114973.pdf","34","35","A mechanistic model and therapeutic interventions for COVID-19 involving a RAS-mediated bradykinin storm","verified",""
"pre.zip/PMC8114973.pdf","35","36","Kinins and cytokines in COVID-19: a comprehensive pathophysiological approach","verified",""
"pre.zip/PMC8117497.pdf","1","2","19:105 Page 13 of 16","not_found","uncertain"
"pre.zip/PMC8117497.pdf","4","5","19:105 Page 14 of 16","not_found","uncertain"
"pre.zip/PMC8117497.pdf","6","7","HIV infection is not associated with carotid intima-media thickness in Brazil: a cross-sectional analysis from the INI/ELSA-Brasil study","not_found","uncertain"
"pre.zip/PMC8117497.pdf","7","8","19:105 Page 15 of 16","not_found","uncertain"
"pre.zip/PMC8117497.pdf","9","10","19:105 Page 16 of 16","not_found","uncertain"
"pre.zip/PMC8117497.pdf","0","1","Comparison of overall and comorbidity-free life expectancy between insured adults with and without HIV infection","mismatch","uncertain"
"pre.zip/PMC8117497.pdf","3","4","Evidence of increased blood pressure and hypertension risk among people living with HIV on antiretroviral therapy: a systematic review with meta-analysis","mismatch","uncertain"
"pre.zip/PMC8117497.pdf","8","9","Recommendations for the use of mathematical modelling to support decision-making on integration of non-communicable diseases into HIV care","mismatch","uncertain"
"pre.zip/PMC8161608.pdf","0","1","Eliminating malaria in the Greater Mekong Subregion","not_found","real"
"pre.zip/PMC8161608.pdf","1","2","World Malaria Report 2018","not_found","real"
"pre.zip/PMC8161608.pdf","27","28","The Republic of the Union of Myanamar: national strategic plan 2016-2020 for intensifying malaria control and accelerating progress towards malaria elimination; 2017","not_found","real"
"pre.zip/PMC8161608.pdf","31","32","","not_found","real"
"pre.zip/PMC8161608.pdf","38","39","","not_found","real"
"pre.zip/PMC8161608.pdf","45","46","","not_found","real"
"pre.zip/PMC8161608.pdf","46","47","19:121 Page 11 of 12 blood retained in used RDTs","not_found","uncertain"
"pre.zip/PMC8161608.pdf","3","4","Asymptomatic and sub-microscopic malaria infection in Kayah State, eastern Myanmar","mismatch","real"
"pre.zip/PMC8161608.pdf","6","7","Infectivity of asymptomatic Plasmodium-infected human populations to Anopheles dirus mosquitoes in western Thailand","mismatch","real"
"pre.zip/PMC8161608.pdf","7","8","Substantial contribution of submicroscopical Plasmodium falciparum gametocyte carriage to the infectious reservoir in an area of seasonal transmission","mismatch","real"
"pre.zip/PMC8161608.pdf","29","30","Long-lived antibody and B cell memory responses to the human malaria parasites, Plasmodium falciparum and Plasmodium vivax","mismatch","real"
"pre.zip/PMC8161608.pdf","36","37","Priority use cases for antibody-detecting assays of recent malaria exposure as tools to achieve and sustain malaria elimination","mismatch","real"
"pre.zip/PMC8161608.pdf","2","3","The changing epidemiology of malaria elimination: new strategies for new challenges","verified",""
"pre.zip/PMC8161608.pdf","4","5","Novel cross-border approaches to optimise identification of asymptomatic and artemisinin-resistant Plasmodium infection in mobile populations crossing Cambodian borders","verified",""
"pre.zip/PMC8161608.pdf","5","6","Submicroscopic Plasmodium falciparum gametocyte densities frequently result in mosquito infection","verified",""
"pre.zip/PMC8161608.pdf","8","9","Factors determining the occurrence of submicroscopic malaria infections and their relevance for control","verified",""
"pre.zip/PMC8161608.pdf","9","10","Contribution of asymptomatic Plasmodium infections to the transmission of malaria in Kayin State, Myanmar","verified",""
"pre.zip/PMC8161608.pdf","10","11","Submicroscopic infection in Plasmodium falciparum-endemic populations: a systematic review and meta-analysis","verified",""
"pre.zip/PMC8161608.pdf","11","12","Research priorities for the development and implementation of serological tools for malaria surveillance","verified",""
"pre.zip/PMC8161608.pdf","12","13","Serological markers to measure recent changes in malaria at population level in Cambodia","verified",""
"pre.zip/PMC8161608.pdf","13","14","Development and validation of serological markers for detecting recent Plasmodium vivax infection","verified",""
"pre.zip/PMC8161608.pdf","14","15","Anopheles salivary biomarker as a proxy for estimating Plasmodium falciparum malaria exposure on the Thailand-Myanmar border","verified",""
"pre.zip/PMC8161608.pdf","15","16","Common asymptomatic and submicroscopic malaria infections in Western Thailand revealed in longitudinal molecular and serological studies: a challenge to malaria elimination","verified",""
"pre.zip/PMC8161608.pdf","16","17","Geographical patterns of malaria transmission based on serological markers for falciparum and vivax malaria in Ratanakiri, Cambodia","verified",""
"pre.zip/PMC8161608.pdf","17","18","Effectiveness of repellent delivered through village health volunteers on malaria incidence in villages in South-East Myanmar: a stepped-wedge cluster-randomised controlled trial protocol","verified",""
"pre.zip/PMC8161608.pdf","18","19","Evaluation of the effectiveness of topical repellent distributed by village health volunteer networks against Plasmodium spp","verified",""
"pre.zip/PMC8161608.pdf","19","20","The Mekong Malaria Elimination Programme: countries of the Greater Mekong are stepping up to end malaria","verified",""
"pre.zip/PMC8161608.pdf","20","21","High-throughput ultrasensitive molecular techniques for quantifying low-density malaria parasitemias","verified",""
"pre.zip/PMC8161608.pdf","21","22","Prevalence of clinical and subclinical Plasmodium falciparum and Plasmodium vivax malaria in two remote rural communities on the Myanmar-China border","verified",""
"pre.zip/PMC8161608.pdf","22","23","Malaria epidemiology in central Myanmar: identification of a multi-species asymptomatic reservoir of infection","verified",""
"pre.zip/PMC8161608.pdf","23","24","Maternal-foetal transfer of Plasmodium falciparum and Plasmodium vivax antibodies in a low transmission setting","verified",""
"pre.zip/PMC8161608.pdf","24","25","The temporal dynamics and infectiousness of subpatent Plasmodium falciparum infections in relation to parasite density","verified",""
"pre.zip/PMC8161608.pdf","25","26","Declining malaria transmission differentially impacts the maintenance of humoral immunity to Plasmodium falciparum in children","verified",""
"pre.zip/PMC8161608.pdf","26","27","New insights into acquisition, boosting, and longevity of immunity to malaria in pregnant women","verified",""
"pre.zip/PMC8161608.pdf","28","29","Malaria incidence in Myanmar 2005-2014: steady but fragile progress towards elimination","verified",""
"pre.zip/PMC8161608.pdf","30","31","Insights into the naturally acquired immune response to Plasmodium vivax malaria","verified",""
"pre.zip/PMC8161608.pdf","32","33","Novel serologic biomarkers provide accurate estimates of recent Plasmodium falciparum exposure for individuals and communities","verified",""
"pre.zip/PMC8161608.pdf","33","34","Using health facility-based serological surveillance to predict receptive areas at risk of malaria outbreaks in elimination areas","verified",""
"pre.zip/PMC8161608.pdf","34","35","Antibody Profiles to P. falciparum antigens over time characterize acute and long-term malaria exposure in an area of low and unstable transmission","verified",""
"pre.zip/PMC8161608.pdf","35","36","Antibody responses to merozoite antigens after natural Plasmodium falciparum infection: kinetics and longevity in absence of re-exposure","verified",""
"pre.zip/PMC8161608.pdf","37","38","Changing pattern of the genetic diversities of Plasmodium falciparum merozoite surface protein-1 and merozoite surface protein-2 in Myanmar isolates","verified",""
"pre.zip/PMC8161608.pdf","39","40","Host immunity to Plasmodium falciparum and the assessment of emerging artemisinin resistance in a multinational cohort","verified",""
"pre.zip/PMC8161608.pdf","40","41","Merozoite antigens of Plasmodium falciparum elicit strain-transcending opsonizing immunity","verified",""
"pre.zip/PMC8161608.pdf","41","42","The persistence and oscillations of submicroscopic Plasmodium falciparum and Plasmodium vivax infections over time in Vietnam: an open cohort study","verified",""
"pre.zip/PMC8161608.pdf","42","43","The relationship between anti-merozoite antibodies and incidence of Plasmodium falciparum malaria: a systematic review and meta-analysis","verified",""
"pre.zip/PMC8161608.pdf","43","44","Malaria elimination in remote communities requires integration of malaria control activities into general health care: an observational study and interrupted time series analysis in Myanmar","verified",""
"pre.zip/PMC8161608.pdf","44","45","Utility of Plasmodium falciparum DNA from rapid diagnostic test kits for molecular analysis and whole genome amplification","verified",""
"pre.zip/PMC8161608.pdf","47","48","Immunophoretic rapid diagnostic tests as a source of immunoglobulins for estimating malaria sero-prevalence and transmission intensity","verified",""
"pre.zip/PMC8210357.pdf","0","1","Depression and other common mental disorders global health estimates","not_found","uncertain"
"pre.zip/PMC8210357.pdf","37","38","","not_found","real"
"pre.zip/PMC8210357.pdf","47","48","","not_found","real"
"pre.zip/PMC8210357.pdf","51","52","Causal inference: What if","not_found","real"
"pre.zip/PMC8210357.pdf","56","57","Comput Geosci. 2008;34(4):320–38","not_found","real"
"pre.zip/PMC8210357.pdf","64","65","Study design comparison of sociodemographic and health-related characteristics of UK Biobank participants with those of the general population","not_found","real"
"pre.zip/PMC8210357.pdf","78","79","","not_found","real"
"pre.zip/PMC8210357.pdf","5","6","Physical activity and incident depression: a meta-analysis of prospective cohort studies","mismatch","real"
"pre.zip/PMC8210357.pdf","23","24","The effects of resistance exercise training on anxiety: a meta-analysis and meta-regression analysis of randomized controlled trials","mismatch","real"
"pre.zip/PMC8210357.pdf","25","26","Exercise as a treatment for depression: a meta-analysis adjusting for publication bias","mismatch","real"
"pre.zip/PMC8210357.pdf","30","31","Compositional data analysis for physical activity, sedentary time and sleep research","mismatch","real"
"pre.zip/PMC8210357.pdf","38","39","The current state of physical activity assessment tools","mismatch","real"
"pre.zip/PMC8210357.pdf","41","42","Size matters: Just how big is BIG?: Quantifying realistic sample size requirements for human genome epidemiology","mismatch","real"
"pre.zip/PMC8210357.pdf","54","55","Using the E-value to assess the potential effect of unmeasured confounding in observational studies","mismatch","real"
"pre.zip/PMC8210357.pdf","61","62","Physical activity and anxiety: a systematic review and meta-analysis of prospective cohort studies","mismatch","real"
"pre.zip/PMC8210357.pdf","66","67","Is Cohort Representativeness Passé? Poststratified associations of lifestyle risk factors with mortality in the UK Biobank","mismatch","real"
"pre.zip/PMC8210357.pdf","1","2","Scaling-up treatment of depression and anxiety: a global return on investment analysis","verified",""
"pre.zip/PMC8210357.pdf","2","3","Anxiety and new onset of cardiovascular disease: critical review and meta-analysis","verified",""
"pre.zip/PMC8210357.pdf","3","4","The association of depression and all-cause and cause-specific mortality: an umbrella review of systematic reviews and meta-analyses","verified",""
"pre.zip/PMC8210357.pdf","4","5","Mortality in mental disorders and global disease burden implications","verified",""
"pre.zip/PMC8210357.pdf","6","7","Sedentary behaviors and risk of depression: a meta-analysis of prospective studies","verified",""
"pre.zip/PMC8210357.pdf","7","8","Sedentary behaviour and risk of anxiety: a systematic review and meta-analysis","verified",""
"pre.zip/PMC8210357.pdf","8","9","Sedentary Behavior Research Network (SBRN) – terminology consensus project process and outcome","verified",""
"pre.zip/PMC8210357.pdf","9","10","Non-occupational sedentary behaviors population changes in the Netherlands","verified",""
"pre.zip/PMC8210357.pdf","10","11","Temporal trends in non-occupational sedentary behaviours from Australian Time Use Surveys 1992, 1997 and 2006","verified",""
"pre.zip/PMC8210357.pdf","11","12","Trends in Adherence to the Physical Activity Guidelines for Americans for aerobic activity and time spent on sedentary behavior among US adults, 2007 to 2016","verified",""
"pre.zip/PMC8210357.pdf","12","13","Device-measured physical activity, sedentary behaviour and cardiometabolic health and fitness across occupational groups: a systematic review and meta-analysis","verified",""
"pre.zip/PMC8210357.pdf","13","14","Sedentary time and its association with risk for disease incidence, mortality, and hospitalization in adults","verified",""
"pre.zip/PMC8210357.pdf","14","15","Sedentary behaviour and risk of all-cause, cardiovascular and cancer mortality, and incident type 2 diabetes: a systematic review and dose response meta-analysis","verified",""
"pre.zip/PMC8210357.pdf","15","16","Do the associations of sedentary behaviour with cardiovascular disease mortality and cancer mortality differ by physical activity level? A systematic review and harmonised meta-analysis of data from 850 060 participants","verified",""
"pre.zip/PMC8210357.pdf","16","17","Joint associations of accelerometer measured physical activity and sedentary time with all-cause mortality: a harmonised meta-analysis in more than 44 000 middle-aged and older individuals","verified",""
"pre.zip/PMC8210357.pdf","17","18","Does physical activity attenuate, or even eliminate, the detrimental association of sitting time with mortality? A harmonised meta-analysis of data from more than 1 million men and women","verified",""
"pre.zip/PMC8210357.pdf","18","19","The association between sedentary behaviour and risk of anxiety: a systematic review","verified",""
"pre.zip/PMC8210357.pdf","19","20","Sedentary behavior and depression among adults: a review","verified",""
"pre.zip/PMC8210357.pdf","20","21","Sedentary behaviour and the risk of depression: a meta-analysis","verified",""
"pre.zip/PMC8210357.pdf","21","22","Physical activity protects from incident anxiety: a meta-analysis of prospective cohort studies","verified",""
"pre.zip/PMC8210357.pdf","22","23","Assessment of bidirectional relationships between physical activity and depression among adults","verified",""
"pre.zip/PMC8210357.pdf","24","25","An examination of the anxiolytic effects of exercise for people with anxiety and stress-related disorders: a meta-analysis","verified",""
"pre.zip/PMC8210357.pdf","26","27","Treating depression with physical activity in adolescents and young adults: a systematic review and meta-analysis of randomised controlled trials","verified",""
"pre.zip/PMC8210357.pdf","27","28","A comparison of self-reported and device measured sedentary behaviour in adults: a systematic review and meta-analysis","verified",""
"pre.zip/PMC8210357.pdf","28","29","A comparison of direct versus self-report measures for assessing physical activity in adults: a systematic review","verified",""
"pre.zip/PMC8210357.pdf","29","30","Co-morbid major depression and generalized anxiety disorders in the National Comorbidity Survey follow-up","verified",""
"pre.zip/PMC8210357.pdf","31","32","The 24-hour activity cycle: a new paradigm for physical activity","verified",""
"pre.zip/PMC8210357.pdf","32","33","Combined effects of time spent in physical activity, sedentary behaviors and sleep on obesity and cardio-metabolic health markers: A novel compositional data analysis approach","verified",""
"pre.zip/PMC8210357.pdf","33","34","The association between time-use behaviors and physical and mental well-being in adults: a compositional isotemporal substitution analysis","verified",""
"pre.zip/PMC8210357.pdf","34","35","Sedentary behaviour is associated with depression symptoms: compositional data analysis from a representative sample of 3233 US adults and older adults assessed with accelerometers","verified",""
"pre.zip/PMC8210357.pdf","35","36","Compositional analysis of the associations between 24-h movement behaviours and health indicators among adults and older adults from the Canadian health measure survey","verified",""
"pre.zip/PMC8210357.pdf","36","37","A systematic review of the validity and reliability of sedentary behaviour measures used with children and adolescents","verified",""
"pre.zip/PMC8210357.pdf","39","40","Improving self-reports of active and sedentary behaviors in large epidemiologic studies","verified",""
"pre.zip/PMC8210357.pdf","40","41","What makes UK Biobank special? Lancet. 2012;379(9822):1173–4","verified",""
"pre.zip/PMC8210357.pdf","42","43","Large scale population assessment of physical activity using wrist worn accelerometers: the UK Biobank Study","verified",""
"pre.zip/PMC8210357.pdf","43","44","The PHQ-9: Validity of a brief depression severity measure","verified",""
"pre.zip/PMC8210357.pdf","44","45","A brief measure for assessing generalized anxiety disorder: the GAD-7","verified",""
"pre.zip/PMC8210357.pdf","45","46","Dichotomizing continuous predictors in multiple regression: a bad idea","verified",""
"pre.zip/PMC8210357.pdf","46","47","Adiposity and grip strength as long-Term predictors of objectively measured physical activity in 93 015 adults: The UK Biobank study","verified",""
"pre.zip/PMC8210357.pdf","48","49","Estimating energy expenditure from wrist and thigh accelerometry in free-living adults: a doubly labelled water study","verified",""
"pre.zip/PMC8210357.pdf","49","50","Driving status, travel modes and accelerometer-assessed physical activity in younger, middle-aged and older adults: a prospective study of 90 810 UK Biobank participants","verified",""
"pre.zip/PMC8210357.pdf","50","51","Device-measured sedentary behaviour and anxiety symptoms during adolescence: a 6-year prospective cohort study","verified",""
"pre.zip/PMC8210357.pdf","52","53","A 4-item measure of depression and anxiety: validation and standardization of the Patient Health Questionnaire-4 (PHQ-4) in the general population","verified",""
"pre.zip/PMC8210357.pdf","53","54","Modelling and analysis of compositional data","verified",""
"pre.zip/PMC8210357.pdf","55","56","Sensitivity analysis in observational research: introducing the E-value","verified",""
"pre.zip/PMC8210357.pdf","57","58","ZCompositions - R package for multivariate imputation of left-censored data under a compositional approach","verified",""
"pre.zip/PMC8210357.pdf","58","59","Long-term effects of exercise at different intensity levels on depression: a randomized controlled trial","verified",""
"pre.zip/PMC8210357.pdf","59","60","Depressive symptoms and objectively measured physical activity and sedentary behaviour throughout adolescence: a prospective cohort study","verified",""
"pre.zip/PMC8210357.pdf","60","61","Physical activity and depression: towards understanding the antidepressant mechanisms of physical activity","verified",""
"pre.zip/PMC8210357.pdf","62","63","Improving self-reports of active and sedentary behaviors in large epidemiologic studies","verified",""
"pre.zip/PMC8210357.pdf","63","64","Comparison of risk factor associations in UK Biobank against representative, general population based studies with conventional response rates: prospective cohort study and individual participant meta-analysis","verified",""
"pre.zip/PMC8210357.pdf","65","66","Collider scope: when selection bias can substantially influence observed associations","verified",""
"pre.zip/PMC8210357.pdf","68","69","Mental health in UK Biobank – development, implementation and results from an online questionnaire completed by 157 366 participants: a reanalysis","verified",""
"pre.zip/PMC8210357.pdf","69","70","Indicators of mental disorders in UK Biobank—A comparison of approaches","verified",""
"pre.zip/PMC8210357.pdf","70","71","Mental health and well-being in England: Adult Psychiatric Morbidity Survey 2014","verified",""
"pre.zip/PMC8210357.pdf","71","72","Feasibility of measuring sedentary time using data from a thigh-worn accelerometer","verified",""
"pre.zip/PMC8210357.pdf","72","73","Towards benchmarked sleep detection with wrist-worn sensing units","verified",""
"pre.zip/PMC8210357.pdf","73","74","Statistical machine learning of sleep and physical activity phenotypes from sensor data in 96,220 UK Biobank participants","verified",""
"pre.zip/PMC8210357.pdf","74","75","Reproducibility of accelerometer and posture-derived measures of physical activity","verified",""
"pre.zip/PMC8210357.pdf","75","76","Objectively measured daily steps and subsequent long term all-cause mortality: the tasped prospective cohort study","verified",""
"pre.zip/PMC8210357.pdf","76","77","Cross-sectional and prospective relationships of passive and mentally active sedentary behaviours and physical activity with depression","verified",""
"pre.zip/PMC8210357.pdf","77","78","Passive and mentally-active sedentary behaviors and incident major depressive disorder: a 13-year cohort study","verified",""
"pre.zip/PMC8210357.pdf","79","80","The pleasure and displeasure people feel when they exercise at different intensities: decennial update and progress towards a tripartite rationale for exercise intensity prescription","verified",""
"pre.zip/PMC8210357.pdf","80","81","Domain-specific physical activity and mental health: a meta-analysis","verified",""
"pre.zip/PMC8223394.pdf","7","8","","not_found","real"
"pre.zip/PMC8223394.pdf","8","9","Lancet Infect Dis. 2018;18(11):1211–28","not_found","real"
"pre.zip/PMC8223394.pdf","20","21","Prevalence of diarrhea and associated risk factors among children under-five years of age in Eastern Ethiopia: a cross-sectional study","not_found","real"
"pre.zip/PMC8223394.pdf","23","24","Bioinformatics. 2019;35(3):526–8","not_found","real"
"pre.zip/PMC8223394.pdf","29","30","Data descriptor: high resolution global gridded data for use in population studies","not_found","real"
"pre.zip/PMC8223394.pdf","9","10","Socioeconomic inequality in malnutrition in developing countries","mismatch","real"
"pre.zip/PMC8223394.pdf","28","29","Environmental predictors of diarrhoeal infection for rural and urban communities in south India in children and adults","mismatch","real"
"pre.zip/PMC8223394.pdf","2","3","Applying an equity lens to child health and mortality: more of the same is not enough","verified",""
"pre.zip/PMC8223394.pdf","3","4","Socioeconomic inequalities in child mortality: comparisons across nine developing countries","verified",""
"pre.zip/PMC8223394.pdf","4","5","Socioeconomic status and the prevalence of fever in children under age five: evidence from four sub-Saharan African countries","verified",""
"pre.zip/PMC8223394.pdf","5","6","Socioeconomic development as an intervention against malaria: a systematic review and meta-analysis","verified",""
"pre.zip/PMC8223394.pdf","6","7","Aetiology, outcome, and risk factors for mortality among adults with acute pneumonia in Kenya","verified",""
"pre.zip/PMC8223394.pdf","10","11","Assessing comorbidity of diarrhea and acute respiratory infections in children under 5 years: evidence from Kenya’s Demographic Health Survey 2014","verified",""
"pre.zip/PMC8223394.pdf","11","12","The effect of distance to health-care facilities on childhood mortality in rural Burkina Faso","verified",""
"pre.zip/PMC8223394.pdf","12","13","Inequality in early childhood: risk and protective factors for early child development","verified",""
"pre.zip/PMC8223394.pdf","14","15","Preventing hepatitis B though universal vaccination: reduction of inequalities through the GAVI China project","verified",""
"pre.zip/PMC8223394.pdf","16","17","Epidemiology and etiology of childhood pneumonia","verified",""
"pre.zip/PMC8223394.pdf","17","18","Incidence and severity of childhood pneumonia in the first year of life in a South African birth cohort: the Drakenstein Child Health Study","verified",""
"pre.zip/PMC8223394.pdf","18","19","Indoor air pollution from unprocessed solid fuel use and pneumonia risk in children aged under five years: a systematic review and meta-analysis","verified",""
"pre.zip/PMC8223394.pdf","19","20","Risk factors for the development of persistent diarrhoea and malnutrition in Burmese children","verified",""
"pre.zip/PMC8223394.pdf","21","22","Malaria risk factors in north-east Tanzania","verified",""
"pre.zip/PMC8223394.pdf","22","23","Social determinants of health in very poor ruralities","verified",""
"pre.zip/PMC8223394.pdf","24","25","Community prevalence of fever and relationship with malaria among infants and children in low-resource areas","verified",""
"pre.zip/PMC8223394.pdf","26","27","Estimating the distribution of morbidity and mortality of childhood diarrhea, measles, and pneumonia by wealth group in low-and middle-income countries","verified",""
"pre.zip/PMC8223394.pdf","30","31","A prospective validation study in South-West Nigeria on caregiver report of childhood pneumonia and antibiotic treatment using Demographic and Health Survey (DHS) and Multiple Indicator Cluster Survey (MICS) questions","verified",""
"pre.zip/PMC8223394.pdf","31","32","Evaluation of the optimal recall period for disease symptoms in home-based morbidity surveillance in rural and urban Kenya","verified",""
"pre.zip/PMC8247083.pdf","13","14","","not_found","real"
"pre.zip/PMC8247083.pdf","15","16","","not_found","real"
"pre.zip/PMC8247083.pdf","18","19","","not_found","real"
"pre.zip/PMC8247083.pdf","47","48","","not_found","real"
"pre.zip/PMC8247083.pdf","5","6","Association of socioeconomic position with health behaviors and mortality","mismatch","real"
"pre.zip/PMC8247083.pdf","10","11","Economic mobility under pressure","mismatch","real"
"pre.zip/PMC8247083.pdf","16","17","The lasting impact of childhood health and circumstance","mismatch","real"
"pre.zip/PMC8247083.pdf","19","20","The changing contribution of childhood social characteristics to mortality: a comparison of Finnish cohorts born in 1936–50 and","mismatch","real"
"pre.zip/PMC8247083.pdf","21","22","Systematic review of the influence of childhood socioeconomic circumstances on risk for cardiovascular disease in adulthood","mismatch","real"
"pre.zip/PMC8247083.pdf","22","23","The association of early life socioeconomic position on breast cancer incidence and mortality: a systematic review","mismatch","real"
"pre.zip/PMC8247083.pdf","27","28","Adverse childhood experiences and physiological wear-and-tear in midlife: findings from the 1958 British birth cohort","mismatch","real"
"pre.zip/PMC8247083.pdf","33","34","Diverging destinies: how children are faring under the second demographic transition","mismatch","real"
"pre.zip/PMC8247083.pdf","38","39","Understanding differences in health behaviors by education","mismatch","real"
"pre.zip/PMC8247083.pdf","40","41","Who retires early and why? Determinants of early retirement pension among Danish employees 57–62 years","mismatch","real"
"pre.zip/PMC8247083.pdf","41","42","Health, health insurance, and retirement: a survey","mismatch","real"
"pre.zip/PMC8247083.pdf","44","45","Sociodemographic predictors of non-attendance at invitational mammography screening – a population-based register study (Sweden)","mismatch","real"
"pre.zip/PMC8247083.pdf","49","50","Variations in primary care physicians’ sick leave prescribing practices","mismatch","real"
"pre.zip/PMC8247083.pdf","53","54","Diagnostic and genetic overlap of three common mental disorders in structured interviews and health registries","mismatch","real"
"pre.zip/PMC8247083.pdf","57","58","Changes in millennial adolescent mental health and health-related behaviours over 10 years: a population cohort comparison study","mismatch","real"
"pre.zip/PMC8247083.pdf","0","1","Socioeconomic status and health: dimensions and mechanisms [Internet]: National Bureau of Economic Research; 2008","verified",""
"pre.zip/PMC8247083.pdf","1","2","Socioeconomic inequalities in health in 22 European countries","verified",""
"pre.zip/PMC8247083.pdf","2","3","The association between income and life expectancy in the United States","verified",""
"pre.zip/PMC8247083.pdf","3","4","Trends in life expectancy by income from 1988 to 2007: decomposition by age and cause of death","verified",""
"pre.zip/PMC8247083.pdf","4","5","Socially disparate trends in lifespan variation: a trend study on income and mortality based on nationwide Danish register data","verified",""
"pre.zip/PMC8247083.pdf","6","7","The persistence of health inequalities in modern welfare states: the explanation of a paradox","verified",""
"pre.zip/PMC8247083.pdf","7","8","Inequalities in all-cause and cause-specific mortality across the life course by wealth and income in Sweden: a register-based cohort study","verified",""
"pre.zip/PMC8247083.pdf","8","9","Association of household income with life expectancy and cause-specific mortality in Norway","verified",""
"pre.zip/PMC8247083.pdf","9","10","Norway: Health System Review","verified",""
"pre.zip/PMC8247083.pdf","12","13","Social class differentials in health and mortality: patterns and explanations in comparative perspective","verified",""
"pre.zip/PMC8247083.pdf","14","15","The long arm of childhood: the influence of early-life social conditions on men’s mortality","verified",""
"pre.zip/PMC8247083.pdf","17","18","Inequality in mortality decreased among the young while increasing for older adults","verified",""
"pre.zip/PMC8247083.pdf","20","21","Mortality in adults aged 26-54 years related to socioeconomic conditions in childhood and adulthood: post war birth cohort study","verified",""
"pre.zip/PMC8247083.pdf","23","24","Adverse childhood experiences and premature all-cause mortality","verified",""
"pre.zip/PMC8247083.pdf","24","25","Family life history and late midlife mortality in Norway","verified",""
"pre.zip/PMC8247083.pdf","25","26","Childhood poverty and adult psychological well-being","verified",""
"pre.zip/PMC8247083.pdf","26","27","Early childhood poverty, immune-mediated disease processes, and adult productivity","verified",""
"pre.zip/PMC8247083.pdf","28","29","Association between children’s experience of socioeconomic disadvantage and adult health: a life-course study","verified",""
"pre.zip/PMC8247083.pdf","29","30","Trajectories of functional health: the ‘long arm’ of childhood health and socioeconomic factors","verified",""
"pre.zip/PMC8247083.pdf","30","31","Adverse events in childhood and chronic widespread pain in adult life: results from the 1958 British Birth Cohort Study","verified",""
"pre.zip/PMC8247083.pdf","31","32","Causes and consequences of early-life health","verified",""
"pre.zip/PMC8247083.pdf","32","33","The intergenerational transmission of inequality: maternal disadvantage and health at birth","verified",""
"pre.zip/PMC8247083.pdf","34","35","Do poor children become poor adults? Lessons from a cross-country comparison of generational earnings mobility","verified",""
"pre.zip/PMC8247083.pdf","35","36","The impact of family income on child achievement: evidence from the earned income tax credit","verified",""
"pre.zip/PMC8247083.pdf","36","37","The long-term effect of childhood poverty","verified",""
"pre.zip/PMC8247083.pdf","39","40","Mostly harmless econometrics: an empiricist’s companion, vol","verified",""
"pre.zip/PMC8247083.pdf","42","43","Early-childhood poverty and adult attainment, behavior, and health","verified",""
"pre.zip/PMC8247083.pdf","43","44","Socio-economic inequalities in Norwegian health care utilization over 3 decades: the HUNT Study","verified",""
"pre.zip/PMC8247083.pdf","45","46","Breast and cervical cancer screening: sociodemographic predictors among white, black, and Hispanic women","verified",""
"pre.zip/PMC8247083.pdf","48","49","Child poverty in upper-income countries: lessons from the Luxembourg Income Study","verified",""
"pre.zip/PMC8247083.pdf","50","51","Variations in sick-listing practice among male and female physicians of different specialities based on case vignettes","verified",""
"pre.zip/PMC8247083.pdf","51","52","Inequality in quality: addressing socioeconomic, racial and ethnic disparities in health care","verified",""
"pre.zip/PMC8247083.pdf","52","53","Prevalence, comorbidity, and service utilization for mood disorders in the United States at the beginning of the twenty-first century","verified",""
"pre.zip/PMC8247083.pdf","54","55","Cohort changes in educational disparities in smoking: France, Germany and the United States","verified",""
"pre.zip/PMC8247083.pdf","55","56","Adiposity among children in Norway by urbanity and maternal education: a nationally representative study","verified",""
"pre.zip/PMC8247083.pdf","56","57","Are child and adolescent mental health problems increasing in the 21st century? A systematic review","verified",""
"pre.zip/PMC8247083.pdf","58","59","Comparing observed and unobserved components of childhood: evidence from Finnish register data on midlife mortality from siblings and their parents","verified",""
"pre.zip/PMC8247083.pdf","59","60","Childhood family income, adolescent violent criminality and substance misuse: quasi-experimental total population study","verified",""
"pre.zip/PMC8247083.pdf","60","61","Incidence of injuries in Norway: linking primary and secondary care data","verified",""
"pre.zip/PMC8353868.pdf","3","4","","not_found","real"
"pre.zip/PMC8353868.pdf","20","21","","not_found","real"
"pre.zip/PMC8353868.pdf","27","28","Outcomes Registry for Better Informed Treatment of Atrial Fibrillation I and Patients","not_found","real"
"pre.zip/PMC8353868.pdf","34","35","19:179 Page 13 of 14 outcome","not_found","uncertain"
"pre.zip/PMC8353868.pdf","40","41","BMJ. 2013;346(may20 3):f2350","not_found","uncertain"
"pre.zip/PMC8353868.pdf","11","12","2018 ESC/ESH Guidelines for the management of arterial hypertension","mismatch","real"
"pre.zip/PMC8353868.pdf","14","15","Strengthening the Reporting of Observational Studies in Epidemiology (STROBE) statement: guidelines for reporting observational studies","mismatch","real"
"pre.zip/PMC8353868.pdf","21","22","Effects of prescribed antihypertensives and other cardiovascular drugs on mortality in patients with atrial fibrillation and hypertension: a cohort study from Sweden","mismatch","real"
"pre.zip/PMC8353868.pdf","24","25","The association of ischaemic stroke in patients with heart failure without atrial flutter/fibrillation","mismatch","real"
"pre.zip/PMC8353868.pdf","32","33","Age-and gender-related ventricular-vascular stiffening: a community-based study","mismatch","real"
"pre.zip/PMC8353868.pdf","33","34","Sex differences in arterial stiffness and ventricular-arterial interactions","mismatch","real"
"pre.zip/PMC8353868.pdf","39","40","Validation of chronic obstructive pulmonary disease recording in the Clinical Practice Research Datalink (CPRD-GOLD)","mismatch","real"
"pre.zip/PMC8353868.pdf","0","1","Atrial fibrillation and risks of cardiovascular disease, renal disease, and death: systematic review and meta-analysis","verified",""
"pre.zip/PMC8353868.pdf","1","2","Clinical course of atrial fibrillation in older adults: the importance of cardiovascular events beyond stroke","verified",""
"pre.zip/PMC8353868.pdf","2","3","The future of atrial fibrillation management: integrated care and stratified therapy","verified",""
"pre.zip/PMC8353868.pdf","4","5","Opportunistic screening for heart failure with natriuretic peptides in patients with atrial fibrillation: a meta-analysis of individual participant data of four screening studies","verified",""
"pre.zip/PMC8353868.pdf","5","6","The struggle towards a universal definition of heart failure—how to proceed? Eur Heart J. 2021;42(24):2331–43","verified",""
"pre.zip/PMC8353868.pdf","6","7","Symptoms and functional status of patients with atrial fibrillation: state of the art and future research opportunities","verified",""
"pre.zip/PMC8353868.pdf","7","8","Predictors of elevated B-type natriuretic peptide concentrations in dyspneic patients without heart failure: an analysis from the breathing not properly multinational study","verified",""
"pre.zip/PMC8353868.pdf","8","9","Serum N-terminal-pro-brain natriuretic peptide level and its clinical implications in patients with atrial fibrillation","verified",""
"pre.zip/PMC8353868.pdf","9","10","Is echocardiography valid and reproducible in patients with atrial fibrillation? A systematic review","verified",""
"pre.zip/PMC8353868.pdf","10","11","Data resource profile: clinical practice research datalink (CPRD)","verified",""
"pre.zip/PMC8353868.pdf","12","13","Comparability of the age and sex distribution of the UK Clinical Practice Research Datalink and the total Dutch population","verified",""
"pre.zip/PMC8353868.pdf","13","14","Goodness-of-fit and diagnostics for proportional hazards regression models","verified",""
"pre.zip/PMC8353868.pdf","15","16","Sex and Gender equity in research: rationale for the SAGER guidelines and recommended use","verified",""
"pre.zip/PMC8353868.pdf","16","17","Do discharge codes underestimate hospitalisation due to heart failure? Validation study of hospital discharge coding for heart failure","verified",""
"pre.zip/PMC8353868.pdf","17","18","Prevalence of markers of heart failure in patients with atrial fibrillation and the effects of ximelagatran compared to warfarin on the incidence of morbid and fatal events: a report from the SPORTIF III and V trials","verified",""
"pre.zip/PMC8353868.pdf","18","19","Lone atrial fibrillation: does it exist? J Am Coll Cardiol. 2014;63(17):1715–23","verified",""
"pre.zip/PMC8353868.pdf","19","20","Lone atrial fibrillation is associated with impaired left ventricular energetics that persists despite successful catheter ablation","verified",""
"pre.zip/PMC8353868.pdf","22","23","2020 ESC Guidelines for the diagnosis and management of atrial fibrillation developed in collaboration with the European Association for Cardio-Thoracic Surgery (EACTS)","verified",""
"pre.zip/PMC8353868.pdf","23","24","Risk of stroke in patients with heart failure: a population-based 30-year cohort study","verified",""
"pre.zip/PMC8353868.pdf","25","26","Sex differences and similarities in atrial fibrillation epidemiology, risk factors, and mortality in community cohorts: results from the BiomarCaRE Consortium (Biomarker for Cardiovascular Risk Assessment in Europe)","verified",""
"pre.zip/PMC8353868.pdf","26","27","Sex-related differences in presentation, treatment, and outcome of patients with atrial fibrillation in Europe: a report from the Euro Observational Research Programme Pilot survey on Atrial Fibrillation","verified",""
"pre.zip/PMC8353868.pdf","28","29","Atrial fibrillation as risk factor for cardiovascular disease and death in women compared with men: systematic review and meta-analysis of cohort studies","verified",""
"pre.zip/PMC8353868.pdf","29","30","Sex differences in new-onset heart failure","verified",""
"pre.zip/PMC8353868.pdf","30","31","Sex and race differences in lifetime risk of heart failure with preserved ejection fraction and heart failure with reduced ejection fraction","verified",""
"pre.zip/PMC8353868.pdf","31","32","Sex-related differences in myocardial remodeling","verified",""
"pre.zip/PMC8353868.pdf","35","36","Wireless pulmonary artery haemodynamic monitoring in chronic heart failure: a randomised controlled trial","verified",""
"pre.zip/PMC8353868.pdf","36","37","Unrecognized heart failure in elderly patients with stable chronic obstructive pulmonary disease","verified",""
"pre.zip/PMC8353868.pdf","37","38","Quality of morbidity coding in general practice computerized medical records: a systematic review","verified",""
"pre.zip/PMC8353868.pdf","38","39","Time for correct diagnosis and categorisation of heart failure in primary care","verified",""
"pre.zip/PMC8390112.pdf","2","3","19:211 Page 15 of 16","not_found","uncertain"
"pre.zip/PMC8390112.pdf","4","5","19:211 Page 16 of 16","not_found","uncertain"
"pre.zip/PMC8390112.pdf","0","1","Hospital-acquired SARS-CoV-2 infection: lessons for public health","mismatch","uncertain"
"pre.zip/PMC8390112.pdf","1","2","Serologic surveillance and phylogenetic analysis of SARS-CoV-2 infection in hospital health care workers","mismatch","uncertain"
"pre.zip/PMC8406735.pdf","33","34","Am Heart J. 2011;161(2):241–6","not_found","real"
"pre.zip/PMC8406735.pdf","39","40","","not_found","real"
"pre.zip/PMC8406735.pdf","48","49","Atrial fibrillation: national clinical guideline for management in primary and secondary care","not_found","uncertain"
"pre.zip/PMC8406735.pdf","13","14","Interrupted time series regression for the evaluation of public health interventions: a tutorial","mismatch","real"
"pre.zip/PMC8406735.pdf","14","15","Refining clinical risk stratification for predicting stroke and thromboembolism in atrial fibrillation using a novel risk factor-based approach: the euro heart survey on atrial fibrillation","mismatch","real"
"pre.zip/PMC8406735.pdf","15","16","A novel user-friendly score (HAS-BLED) to assess 1-year risk of major bleeding in patients with atrial fibrillation: the Euro Heart Survey","mismatch","real"
"pre.zip/PMC8406735.pdf","16","17","Evaluation of risk stratification schemes for ischaemic stroke and bleeding in 182 678 patients with atrial fibrillation: the Swedish Atrial Fibrillation cohort study","mismatch","real"
"pre.zip/PMC8406735.pdf","18","19","Risk of stroke and oral anticoagulant use in atrial fibrillation: a cross-sectional survey","mismatch","real"
"pre.zip/PMC8406735.pdf","20","21","Long-term trends in antithrombotic drug prescriptions among adults aged 80 years and over from primary care: a temporal trends analysis using electronic health records","mismatch","real"
"pre.zip/PMC8406735.pdf","29","30","Atrial fibrillation: improvement in identification and stroke preventive therapy - data from the UK Clinical Practice Research Datalink","mismatch","real"
"pre.zip/PMC8406735.pdf","32","33","Choosing antithrombotic therapy for elderly patients with atrial fibrillation who are at risk for falls","mismatch","real"
"pre.zip/PMC8406735.pdf","35","36","Attitudes of physicians regarding anticoagulation for atrial fibrillation: a systematic review","mismatch","real"
"pre.zip/PMC8406735.pdf","36","37","The importance of detecting and managing comorbidities in people with dementia? Age Ageing. 2014;43(6):741–3","mismatch","real"
"pre.zip/PMC8406735.pdf","47","48","Incidence of chronic atrial fibrillation in general practice and its treatment pattern","mismatch","real"
"pre.zip/PMC8406735.pdf","0","1","A population-based study of the long-term risks associated with atrial fibrillation: 20-year follow-up of the Renfrew/Paisley study","verified",""
"pre.zip/PMC8406735.pdf","1","2","Prevalence, incidence and lifetime risk of atrial fibrillation: the Rotterdam study","verified",""
"pre.zip/PMC8406735.pdf","2","3","Warfarin versus aspirin for stroke prevention in an elderly community population with atrial fibrillation (the Birmingham Atrial Fibrillation Treatment of the Aged Study, BAFTA): a randomised controlled trial","verified",""
"pre.zip/PMC8406735.pdf","3","4","2016 ESC Guidelines for the management of atrial fibrillation developed in collaboration with EACTS","verified",""
"pre.zip/PMC8406735.pdf","5","6","2019 AHA/ACC/HRS focused update of the 2014 AHA/ACC/HRS guideline for the management of patients with atrial fibrillation: a report of the American College of Cardiology/American Heart Association Task Force on Clinical Practice Guidelines and the Heart Rhythm Society","verified",""
"pre.zip/PMC8406735.pdf","10","11","Trends in the prescription of novel oral anticoagulants in UK primary care","verified",""
"pre.zip/PMC8406735.pdf","11","12","Use of oral anticoagulants in older people with atrial fibrillation in UK general practice: protocol for a cohort study using the Clinical Practice Research Datalink (CPRD) database","verified",""
"pre.zip/PMC8406735.pdf","12","13","Data resource profile: Clinical Practice Research Datalink (CPRD)","verified",""
"pre.zip/PMC8406735.pdf","17","18","Prevalence and treatment of atrial fibrillation in UK general practice from 2000 to 2016","verified",""
"pre.zip/PMC8406735.pdf","19","20","Evolving antithrombotic treatment patterns for patients with newly diagnosed atrial fibrillation","verified",""
"pre.zip/PMC8406735.pdf","21","22","Uptake of direct oral anticoagulants in primary care: an ecological and economic study","verified",""
"pre.zip/PMC8406735.pdf","24","25","Changes in anticoagulant utilization among United States nursing home residents with atrial fibrillation From 2011 to 2016","verified",""
"pre.zip/PMC8406735.pdf","25","26","Improved stroke prevention in atrial fibrillation after the introduction of non-vitamin K antagonist oral anticoagulants","verified",""
"pre.zip/PMC8406735.pdf","26","27","Effect of new oral anticoagulants on prescribing practices for atrial fibrillation in older adults","verified",""
"pre.zip/PMC8406735.pdf","27","28","Evolving landscape of stroke prevention in atrial fibrillation within the UK between 2012 and 2016: a cross-sectional analysis study using CPRD","verified",""
"pre.zip/PMC8406735.pdf","28","29","Anticoagulant prescribing for non-valvular atrial fibrillation in the veterans health administration","verified",""
"pre.zip/PMC8406735.pdf","30","31","Oral anticoagulant use in octogenarian European patients with atrial fibrillation: a subanalysis of PREFER in AF","verified",""
"pre.zip/PMC8406735.pdf","31","32","The role of contraindications in prescribing anticoagulants to patients with atrial fibrillation: a cross-sectional analysis of primary care data in the UK","verified",""
"pre.zip/PMC8406735.pdf","34","35","Direct oral anticoagulants do not worsen traumatic brain injury after low-level falls in the elderly","verified",""
"pre.zip/PMC8406735.pdf","37","38","Impact of anticoagulation in patients with dementia and atrial fibrillation","verified",""
"pre.zip/PMC8406735.pdf","38","39","Higher persistence in newly diagnosed nonvalvular atrial fibrillation patients treated with dabigatran versus warfarin","verified",""
"pre.zip/PMC8406735.pdf","40","41","Evaluating utilization patterns of oral anticoagulants in routine care","verified",""
"pre.zip/PMC8406735.pdf","41","42","Non-persistence risk and health care resource utilization of Italian patients with non-valvular atrial fibrillation","verified",""
"pre.zip/PMC8406735.pdf","42","43","Adherence and persistence to direct oral anticoagulants in atrial fibrillation: a population-based study","verified",""
"pre.zip/PMC8406735.pdf","43","44","Anticoagulation trends in adults aged 65 and over with atrial fibrillation; a cohort study","verified",""
"pre.zip/PMC8406735.pdf","44","45","Comparison of treatment persistence with different oral anticoagulants in patients with atrial fibrillation","verified",""
"pre.zip/PMC8406735.pdf","45","46","Oral anticoagulant persistence in patients with non-valvular atrial fibrillation: a cohort study using primary care data in Germany","verified",""
"pre.zip/PMC8406735.pdf","46","47","A systematic literature review comparing methods for the measurement of patient persistence and adherence","verified",""
"pre.zip/PMC8422631.pdf","10","11","KDIGO 2012 clinical practice guideline for the evaluation and management of chronic kidney disease","not_found","real"
"pre.zip/PMC8422631.pdf","23","24","Lancet Lond Engl. 2007;370","not_found","real"
"pre.zip/PMC8422631.pdf","25","26","Major lipids, apolipoproteins, and risk of vascular disease","not_found","real"
"pre.zip/PMC8422631.pdf","30","31","19:202 Page 11 of 12 uptake of serum cholesterol","not_found","uncertain"
"pre.zip/PMC8422631.pdf","37","38","New ophthalmologic imaging techniques for detection and monitoring of neurodegenerative changes in diabetes: a systematic review","not_found","real"
"pre.zip/PMC8422631.pdf","5","6","Systemic and ocular determinants of peripapillary retinal nerve fiber layer thickness measurements in the European Eye Epidemiology (E3) population","mismatch","real"
"pre.zip/PMC8422631.pdf","11","12","Effect of myopia on the thickness of the retinal nerve fiber layer measured by Cirrus HD optical coherence tomography","mismatch","real"
"pre.zip/PMC8422631.pdf","16","17","Bayes factors","mismatch","real"
"pre.zip/PMC8422631.pdf","18","19","Increased serum urea and creatinine levels correlate with decreased retinal nerve fibre layer thickness in diabetic retinopathy","mismatch","real"
"pre.zip/PMC8422631.pdf","19","20","Correlation between renal function and peripapillary choroidal thickness in treatment-naïve diabetic eyes using swept-source optical coherence tomography","mismatch","real"
"pre.zip/PMC8422631.pdf","20","21","Retinal nerve fiber layer loss is associated with urinary albumin excretion in patients with type 2 diabetes","mismatch","real"
"pre.zip/PMC8422631.pdf","27","28","Spatial distribution of the pathways of cholesterol homeostasis in human retina","mismatch","real"
"pre.zip/PMC8422631.pdf","29","30","Cholesterol homeostasis in the vertebrate retina: biology and pathobiology","mismatch","real"
"pre.zip/PMC8422631.pdf","39","40","The effects of cessation from cigarette smoking on the lipid and lipoprotein profiles: a meta-analysis","mismatch","real"
"pre.zip/PMC8422631.pdf","40","41","Peripapillary retinal nerve fiber layer changes in patients with diabetes mellitus: a case-control study","mismatch","real"
"pre.zip/PMC8422631.pdf","0","1","Clinical evaluation of nerve fiber layer atrophy as an indicator of glaucomatous optic nerve damage","verified",""
"pre.zip/PMC8422631.pdf","1","2","Combining nerve fiber layer parameters to optimize glaucoma diagnosis with optical coherence tomography","verified",""
"pre.zip/PMC8422631.pdf","2","3","Optical coherence tomography","verified",""
"pre.zip/PMC8422631.pdf","3","4","Sex-specific differences in circumpapillary retinal nerve fiber layer thickness","verified",""
"pre.zip/PMC8422631.pdf","4","5","Retinal nerve fiber layer thickness in a multiethnic normal Asian population","verified",""
"pre.zip/PMC8422631.pdf","6","7","Association of ocular, cardiovascular, morphometric and lifestyle parameters with retinal nerve fibre layer thickness","verified",""
"pre.zip/PMC8422631.pdf","7","8","The LIFE-Adult-study: objectives and design of a population-based cohort study with 10,000 deeply phenotyped adults in Germany","verified",""
"pre.zip/PMC8422631.pdf","8","9","Estimating glomerular filtration rate from serum creatinine and cystatin C","verified",""
"pre.zip/PMC8422631.pdf","9","10","Glomerular filtration rate by differing measures, albuminuria and prediction of cardiovascular disease, mortality and end-stage kidney disease","verified",""
"pre.zip/PMC8422631.pdf","12","13","Determination of axial length requiring adjustment of measured circumpapillary retinal nerve fiber layer thickness for ocular magnification","verified",""
"pre.zip/PMC8422631.pdf","13","14","Age, ocular magnification, and circumpapillary retinal nerve fiber layer thickness","verified",""
"pre.zip/PMC8422631.pdf","14","15","Measurement of optic disc size: equivalence of methods to correct for ocular magnification","verified",""
"pre.zip/PMC8422631.pdf","15","16","Climate reverses directionality in the richness– abundance relationship across the world’s main forest biomes","verified",""
"pre.zip/PMC8422631.pdf","17","18","Quantification of nerve fiber layer thickness in normal and glaucomatous eyes using optical coherence tomography: a pilot study","verified",""
"pre.zip/PMC8422631.pdf","21","22","Associations of kidney disease measures with mortality and end-stage renal disease in individuals with and without diabetes: a meta-analysis","verified",""
"pre.zip/PMC8422631.pdf","22","23","The association of chronic kidney disease with brain lesions on MRI or CT: a systematic review","verified",""
"pre.zip/PMC8422631.pdf","24","25","Low-density lipoproteins cause atherosclerotic cardiovascular disease","verified",""
"pre.zip/PMC8422631.pdf","26","27","Uptake of cholesterol by the retina occurs primarily via a low density lipoprotein receptor-mediated process","verified",""
"pre.zip/PMC8422631.pdf","28","29","Cholesterol in the retina: the best is yet to come","verified",""
"pre.zip/PMC8422631.pdf","31","32","Pathways of cholesterol homeostasis in mouse retina responsive to dietary and pharmacologic treatments [S]","verified",""
"pre.zip/PMC8422631.pdf","32","33","Apolipoprotein B-containing lipoproteins in retinal aging and age-related macular degeneration","verified",""
"pre.zip/PMC8422631.pdf","33","34","Improving our understanding, and detection, of glaucomatous damage: an approach based upon optical coherence tomography (OCT)","verified",""
"pre.zip/PMC8422631.pdf","34","35","Glaucomatous damage of the macula","verified",""
"pre.zip/PMC8422631.pdf","35","36","Retinal nerve fiber layer defect as an early manifestation of diabetic retinopathy","verified",""
"pre.zip/PMC8422631.pdf","36","37","Retinal neurodegeneration may precede microvascular changes characteristic of diabetic retinopathy in diabetes mellitus","verified",""
"pre.zip/PMC8422631.pdf","38","39","The effect of smoking on macular, choroidal, and retina nerve fiber layer thickness","verified",""
"pre.zip/PMC8431904.pdf","2","3","A study in Guguletu, Cape Town","not_found","real"
"pre.zip/PMC8431904.pdf","4","5","Regional and sex differences in the prevalence and awareness of hypertension: an H3Africa AWI-Gen study across 6 sites in sub-Saharan Africa","not_found","real"
"pre.zip/PMC8431904.pdf","5","6","C.o","not_found","real"
"pre.zip/PMC8431904.pdf","20","21","BMJ Open","not_found","real"
"pre.zip/PMC8431904.pdf","22","23","Consolidated Health Economic Evaluation Reporting Standards (CHEERS) statement","not_found","real"
"pre.zip/PMC8431904.pdf","1","2","Cardiovascular disease and hypertension in sub-Saharan Africa: burden, risk and interventions","mismatch","real"
"pre.zip/PMC8431904.pdf","7","8","Retention in care among older adults living with HIV in western Kenya: A retrospective observational cohort study","mismatch","real"
"pre.zip/PMC8431904.pdf","23","24","Analysis of cost data in randomized trials: an application of the non-parametric bootstrap","mismatch","real"
"pre.zip/PMC8431904.pdf","26","27","Efficiency evaluation of public hospitals in Saudi Arabia: an application of data envelopment analysis","mismatch","real"
"pre.zip/PMC8431904.pdf","31","32","Priorities for developing countries in the global response to non-communicable diseases","mismatch","real"
"pre.zip/PMC8431904.pdf","0","1","Diabetes in sub-Saharan Africa: from clinical care to health policy","verified",""
"pre.zip/PMC8431904.pdf","3","4","Cardiovascular disease in Africa: epidemiological profile and challenges","verified",""
"pre.zip/PMC8431904.pdf","6","7","Retention and mortality on antiretroviral therapy in sub-Saharan Africa: collaborative analyses of HIV treatment programmes","verified",""
"pre.zip/PMC8431904.pdf","8","9","Improved retention rates with low-cost interventions in hypertension and diabetes management in a rural African environment of nurse-led care: a cluster-randomised trial","verified",""
"pre.zip/PMC8431904.pdf","9","10","Task shifting to non-physician clinicians for integrated management of hypertension and diabetes in rural Cameroon: a programme assessment at two years","verified",""
"pre.zip/PMC8431904.pdf","10","11","Type 2 diabetes management in nurse-led primary healthcare settings in urban and rural Cameroon","verified",""
"pre.zip/PMC8431904.pdf","11","12","Integrating health services for HIV-infection, diabetes and hypertension in sub Saharan Africa: a cohort study","verified",""
"pre.zip/PMC8431904.pdf","13","14","Strengthening integration of chronic care in Africa: protocol for the qualitative process evaluation of integrated HIV, diabetes and hypertension care in a cluster randomised controlled trial in Tanzania and Uganda","verified",""
"pre.zip/PMC8431904.pdf","14","15","Strategies for integrating primary health services in low-and middle-income countries at the point of delivery","verified",""
"pre.zip/PMC8431904.pdf","15","16","Tackling socioeconomic inequalities and non-communicable diseases in low-income and middle-income countries under the Sustainable Development agenda","verified",""
"pre.zip/PMC8431904.pdf","16","17","Diabetic foot – an African perspective","verified",""
"pre.zip/PMC8431904.pdf","17","18","Cost of treating diabetic foot ulcers in five different countries","verified",""
"pre.zip/PMC8431904.pdf","18","19","Prevalence and healthcare costs associated with the management of diabetic foot ulcer in patients attending Ahmadu Bello University Teaching Hospital, Nigeria","verified",""
"pre.zip/PMC8431904.pdf","19","20","Cost of diabetes mellitus in Africa: a systematic review of existing literature","verified",""
"pre.zip/PMC8431904.pdf","21","22","Common methodological flaws in economic evaluations","verified",""
"pre.zip/PMC8431904.pdf","24","25","Some models for estimating technical and scale inefficiencies in data envelopment analysis","verified",""
"pre.zip/PMC8431904.pdf","25","26","Systematic review and meta-analysis of public hospital efficiency studies in Gulf region and selected countries in similar settings","verified",""
"pre.zip/PMC8431904.pdf","27","28","Challenges to hypertension and diabetes management in rural Uganda: a qualitative study with patients, village health team members, and health care professionals","verified",""
"pre.zip/PMC8431904.pdf","28","29","Costs of streamlined HIV care delivery in rural Ugandan and Kenyan clinics in the SEARCH Studys","verified",""
"pre.zip/PMC8431904.pdf","29","30","Epidemiology of multimorbidity and implications for health care, research, and medical education: a cross-sectional study","verified",""
"pre.zip/PMC8431904.pdf","30","31","Multimorbidity patterns: a systematic review","verified",""
"pre.zip/PMC8431904.pdf","32","33","Prevention and management of chronic disease: a litmus test for health-systems strengthening in low-income and middle-income countries","verified",""
"pre.zip/PMC8431904.pdf","33","34","The Strengthening the Reporting of Observational Studies in Epidemiology (STROBE) statement: guidelines for reporting observational studies","verified",""
"pre.zip/PMC8431904.pdf","34","35","Ethical issues in intervention studies on the prevention and management of diabetes and hypertension in sub-Saharan Africa","verified",""
"pre.zip/PMC8431923.pdf","4","5","19:231 Page 2 of 3 birth outcomes: a systematic review","not_found","uncertain"
"pre.zip/PMC8431923.pdf","1","2","Why is WHO failing women with falciparum malaria in the first trimester of pregnancy? Lancet. 2020;395(10226):779","mismatch","real"
"pre.zip/PMC8431923.pdf","5","6","Complement activation by the surface of Plasmodium falciparum infected erythrocytes","mismatch","real"
"pre.zip/PMC8431923.pdf","0","1","Reduced risk of placental parasitaemia associated with complement fixation on Plasmodium falciparum by antibodies among pregnant women","verified",""
"pre.zip/PMC8431923.pdf","2","3","Maternal antibodies block malaria","verified",""
"pre.zip/PMC8431923.pdf","3","4","HIV impairs opsonic phagocytic clearance of pregnancy-associated malaria parasites","verified",""
"pre.zip/PMC8431923.pdf","6","7","Host cell factor CD59 restricts complement lysis of Plasmodium falciparum-infected erythrocytes","verified",""
"pre.zip/PMC8431923.pdf","7","8","Evasion of classical complement pathway activation on Plasmodium falciparum-infected erythrocytes opsonized by PfEMP1-specific IgG","verified",""
"pre.zip/PMC8431923.pdf","8","9","Expression of large full-length PfEMP1 proteins in HEK293 cells","verified",""
"pre.zip/PMC8431923.pdf","9","10","PRIMVAC vaccine adjuvanted with Alhydrogel or GLA-SE to prevent placental malaria: a first-in-human, randomised, double-blind, placebo-controlled study","verified",""
"pre.zip/PMC8474859.pdf","1","2","Strategic review of health inequalities post 2010","not_found","real"
"pre.zip/PMC8474859.pdf","2","3","Marmot Review 10 years on","not_found","real"
"pre.zip/PMC8474859.pdf","17","18","The SCQF: Scotland's framework for lifelong learning","not_found","uncertain"
"pre.zip/PMC8474859.pdf","18","19","Children and young peoples' profile: Scotland overview report","not_found","real"
"pre.zip/PMC8474859.pdf","3","4","A life-course approach to health: synergy with sustainable development goals","mismatch","real"
"pre.zip/PMC8474859.pdf","8","9","Missed appointments and poor glycemic control: an opportunity to identify high-risk diabetic patients","mismatch","real"
"pre.zip/PMC8474859.pdf","14","15","Novel cross-sectoral linkage of routine health and education data at an all-Scotland level: a feasibility study","mismatch","real"
"pre.zip/PMC8474859.pdf","0","1","Closing the gap in a generation: health equity through action on the social determinants of health","verified",""
"pre.zip/PMC8474859.pdf","4","5","Educational and health outcomes of children treated for asthma: Scotland-wide record linkage study of 683716 children","verified",""
"pre.zip/PMC8474859.pdf","5","6","School absenteeism in children and adolescents","verified",""
"pre.zip/PMC8474859.pdf","6","7","Examining the association between educational attainment and life expectancy in MENA region: a panel data analysis","verified",""
"pre.zip/PMC8474859.pdf","7","8","Demographic and practice factors predicting repeated non-attendance in primary care: a national retrospective cohort analysis","verified",""
"pre.zip/PMC8474859.pdf","9","10","Understanding repeated non-attendance in health services: a pilot analysis of administrative data and full study protocol for a national retrospective cohort","verified",""
"pre.zip/PMC8474859.pdf","10","11","Morbidity, mortality and missed appointments in healthcare: a national retrospective data linkage study","verified",""
"pre.zip/PMC8474859.pdf","11","12","General practice recording of adverse childhood experiences: a retrospective cohort study of GP records","verified",""
"pre.zip/PMC8474859.pdf","13","14","‘Missingness’ in health care: associations between hospital utilization and missed appointments in general practice","verified",""
"pre.zip/PMC8474859.pdf","15","16","Record linkage in Scotland and its applications to health research","verified",""
"pre.zip/PMC8474859.pdf","21","22","Epidemiology of multi-morbidity and implications for health care, research and medical education: a cross sectional study","verified",""
"pre.zip/PMC8474859.pdf","22","23","Linking routinely collected social work, education and health data to enable monitoring of the health and health care of school-aged children in state care (‘looked after children’) in Scotland: a national demonstration project","verified",""
"pre.zip/PMC8549272.pdf","8","9","Springer; 2015","not_found","real"
"pre.zip/PMC8549272.pdf","11","12","AJCC cancer staging manual","not_found","uncertain"
"pre.zip/PMC8549272.pdf","26","27","Regional lymphatic metastasis of carcinoma of the stomach","not_found","real"
"pre.zip/PMC8549272.pdf","31","32","SAGE Open Med. 2017;5:2050312117727444","not_found","real"
"pre.zip/PMC8549272.pdf","2","3","Indocyanine green fluorescence lymphography during gastrectomy after initial endoscopic submucosal dissection for early gastric cancer","mismatch","real"
"pre.zip/PMC8549272.pdf","12","13","Classification of surgical complications: a new proposal with evaluation in a cohort of 6336 patients and results of a survey","mismatch","real"
"pre.zip/PMC8549272.pdf","16","17","Development and validation of a surgical workload measure: the surgery task load index (SURG-TLX)","mismatch","real"
"pre.zip/PMC8549272.pdf","25","26","Lectures on the lymphatic system of the stomach","mismatch","real"
"pre.zip/PMC8549272.pdf","27","28","Sentinel node mapping guided by indocyanine green fluorescence imaging in gastric cancer","mismatch","real"
"pre.zip/PMC8549272.pdf","33","34","Evaluation of laparoscopic total gastrectomy for advanced gastric cancer: results of a comparison with laparoscopic distal gastrectomy","mismatch","real"
"pre.zip/PMC8549272.pdf","36","37","Indocyanine green: historical context, current applications, and future considerations","mismatch","real"
"pre.zip/PMC8549272.pdf","0","1","Indocyanine green tracer-guided lymph node retrieval during radical dissection in gastric cancer surgery","verified",""
"pre.zip/PMC8549272.pdf","1","2","Application of near-infrared fluorescence imaging with indocyanine green in totally laparoscopic distal gastrectomy","verified",""
"pre.zip/PMC8549272.pdf","3","4","Safety and efficacy of indocyanine green tracer-guided lymph node dissection during laparoscopic radical gastrectomy in patients with gastric cancer: a randomized clinical trial","verified",""
"pre.zip/PMC8549272.pdf","4","5","Preoperative anxiety and implications on postoperative recovery: what can we do to change our history","verified",""
"pre.zip/PMC8549272.pdf","5","6","Initial report of near-infrared fluorescence imaging as an intraoperative adjunct for lymph node harvesting during robot-assisted laparoscopic gastrectomy","verified",""
"pre.zip/PMC8549272.pdf","6","7","Fluorescence-guided lymphadenectomy in gastric cancer: a prospective western series","verified",""
"pre.zip/PMC8549272.pdf","7","8","Japanese gastric cancer treatment guidelines 2018","verified",""
"pre.zip/PMC8549272.pdf","9","10","Japanese classification of gastric carcinoma: 3rd English edition","verified",""
"pre.zip/PMC8549272.pdf","10","11","Quality control of lymph node dissection in the Dutch Gastric Cancer Trial","verified",""
"pre.zip/PMC8549272.pdf","13","14","An international prospective study of the EORTC cancer in-patient satisfaction with care measure (EORTC IN-PATSAT32)","verified",""
"pre.zip/PMC8549272.pdf","14","15","Understanding the financial cost of robotic lobectomy: calculating the value of innovation? Ann Cardiothorac Surg. 2019;8(2):194–201","verified",""
"pre.zip/PMC8549272.pdf","15","16","Assessment of robotic versus laparoscopic distal gastrectomy for gastric cancer: a randomized controlled trial","verified",""
"pre.zip/PMC8549272.pdf","17","18","CONSORT 2010 statement: updated guidelines for reporting parallel group randomised trials","verified",""
"pre.zip/PMC8549272.pdf","18","19","Impact of total lymph node count on staging and survival after gastrectomy for gastric cancer: data from a large US-population database","verified",""
"pre.zip/PMC8549272.pdf","19","20","Clinical implication of an insufficient number of examined lymph nodes after curative resection for gastric cancer","verified",""
"pre.zip/PMC8549272.pdf","20","21","Lymphadenectomy with optimum of 29 lymph nodes retrieved associated with improved survival in advanced gastric cancer: a 25,000 patient international database study","verified",""
"pre.zip/PMC8549272.pdf","21","22","Surgicopathological quality control and protocol adherence to lymphadenectomy in the CRITICS gastric cancer trial","verified",""
"pre.zip/PMC8549272.pdf","22","23","Laparoscopy-assisted versus open D2 distal gastrectomy for advanced gastric cancer: results from a randomized phase II multicenter clinical trial (COACT 1001)","verified",""
"pre.zip/PMC8549272.pdf","23","24","How should tracers be injected to detect for sentinel nodes in gastric cancer--submucosally from inside or subserosally from outside of the stomach? J Exp Clin Cancer Res. 2008;27(1):79","verified",""
"pre.zip/PMC8549272.pdf","24","25","Comparative study of the subserosal versus submucosal dye injection method for sentinel node biopsy in gastric cancer","verified",""
"pre.zip/PMC8549272.pdf","28","29","Assessment of diagnostic value of fluorescent lymphography-guided lymphadenectomy for gastric cancer","verified",""
"pre.zip/PMC8549272.pdf","29","30","The clinical value of fluorescent lymphography with indocyanine green during robotic surgery for gastric cancer: a matched cohort study","verified",""
"pre.zip/PMC8549272.pdf","30","31","Surgical anatomy of gastric lymphatic drainage","verified",""
"pre.zip/PMC8549272.pdf","32","33","Cost-effectiveness of precision medicine: a scoping review","verified",""
"pre.zip/PMC8549272.pdf","34","35","Laparoscopic total gastrectomy for upper-middle advanced gastric cancer: analysis based on lymph node noncompliance","verified",""
"pre.zip/PMC8549272.pdf","35","36","Laparoscopy-assisted distal gastrectomy versus laparoscopy-assisted total gastrectomy with D2 lymph node dissection for middle-third advanced gastric cancer","verified",""
"pre.zip/PMC8567693.pdf","0","1","Birth weight and risk of type 2 diabetes mellitus, cardiovascular disease, and hypertension in adults: a meta-analysis of 7 646 267 participants from 135 studies","not_found","uncertain"
"pre.zip/PMC8567693.pdf","1","2","19:260 Page 12 of 13","not_found","uncertain"
"pre.zip/PMC8567693.pdf","3","4","30. Purcell S, Neale B, Todd-Brown K, Thomas L, Ferreira MA, Bender D, et al. PLINK: a tool set for whole-genome association and population-based linkage analyses","not_found","uncertain"
"pre.zip/PMC8567693.pdf","4","5","19:260 Page 13 of 13","not_found","uncertain"
"pre.zip/PMC8594228.pdf","26","27","Ann Clin Transl Neurol. 2015;2(9):894–905","not_found","real"
"pre.zip/PMC8594228.pdf","42","43","BH3 mimetics in AML therapy: death and beyond? Trends Pharmacol Sci. 2020;41(11):793–814","not_found","real"
"pre.zip/PMC8594228.pdf","44","45","d01-540.x","not_found","real"
"pre.zip/PMC8594228.pdf","1","2","Corticomedullary differentiation and maturational arrest in thymomas","mismatch","real"
"pre.zip/PMC8594228.pdf","3","4","Combined etoposide, ifosfamide, and cisplatin in the treatment of patients with advanced thymoma and thymic carcinoma: an intergroup trial","mismatch","real"
"pre.zip/PMC8594228.pdf","6","7","Cisplatin, doxorubicin, and cyclophosphamide plus thoracic radiation therapy for limited-stage unresectable thymoma: an intergroup trial","mismatch","real"
"pre.zip/PMC8594228.pdf","7","8","Chemotherapy for thymic tumors: induction, consolidation, palliation","mismatch","real"
"pre.zip/PMC8594228.pdf","10","11","Chromosomal imbalances in sporadic neuroendocrine tumours of the thymus","mismatch","real"
"pre.zip/PMC8594228.pdf","13","14","A specific missense mutation in GTF2I occurs at high frequency in thymic epithelial tumors","mismatch","real"
"pre.zip/PMC8594228.pdf","14","15","Drug-induced death signaling strategy rapidly predicts cancer response to chemotherapy","mismatch","real"
"pre.zip/PMC8594228.pdf","15","16","The MCL1 inhibitor S63845 is tolerable and effective in diverse cancer models","mismatch","real"
"pre.zip/PMC8594228.pdf","17","18","Control of apoptosis by the BCL-2 protein family: implications for physiology and therapy","mismatch","real"
"pre.zip/PMC8594228.pdf","18","19","Hallmarks of cancer: the next generation","mismatch","real"
"pre.zip/PMC8594228.pdf","21","22","Elevated expression of the apoptotic regulator Mcl-1 at the time of leukemic relapse","mismatch","real"
"pre.zip/PMC8594228.pdf","23","24","Systematic mapping of BCL-2 gene dependencies in cancer reveals molecular determinants of BH3 mimetic sensitivity","mismatch","real"
"pre.zip/PMC8594228.pdf","24","25","Identification of BCL-XL as highly active survival factor and promising therapeutic target in colorectal cancer","mismatch","real"
"pre.zip/PMC8594228.pdf","30","31","A review of 79 thymomas: modification of staging system and reappraisal of conventional division into invasive and non-invasive thymoma","mismatch","real"
"pre.zip/PMC8594228.pdf","31","32","Biomarker-driven strategy for MCL1 inhibition in T-cell lymphomas","mismatch","real"
"pre.zip/PMC8594228.pdf","33","34","Cell culture methods for the establishment of the NCI series of lung cancer cell lines","mismatch","real"
"pre.zip/PMC8594228.pdf","36","37","Overcoming MCL-1-driven adaptive resistance to targeted therapies","mismatch","real"
"pre.zip/PMC8594228.pdf","47","48","An inhibitor of Bcl-2 family proteins induces regression of solid tumours","mismatch","real"
"pre.zip/PMC8594228.pdf","49","50","A unified model of mammalian BCL-2 protein family interactions at the mitochondria","mismatch","real"
"pre.zip/PMC8594228.pdf","50","51","DT2216-a Bcl-xL-specific degrader is highly active against Bcl-xL-dependent T cell lymphomas","mismatch","real"
"pre.zip/PMC8594228.pdf","2","3","Cisplatin plus doxorubicin plus cyclophosphamide in metastatic or recurrent thymoma: final results of an intergroup trial","verified",""
"pre.zip/PMC8594228.pdf","4","5","Sunitinib in metastatic thymic carcinomas: laboratory findings and initial clinical experience","verified",""
"pre.zip/PMC8594228.pdf","5","6","Sunitinib in patients with chemotherapy-refractory thymoma and thymic carcinoma: an open-label phase 2 trial","verified",""
"pre.zip/PMC8594228.pdf","8","9","Establishment and characterization of a novel cell line derived from human thymoma AB tumor","verified",""
"pre.zip/PMC8594228.pdf","9","10","The integrated genomic landscape of thymic epithelial tumors","verified",""
"pre.zip/PMC8594228.pdf","11","12","Establishment, characterization and drug sensitivity testing in primary cultures of human thymoma and thymic carcinoma","verified",""
"pre.zip/PMC8594228.pdf","12","13","Thymic carcinoma: is it a separate entity? From molecular to clinical evidence","verified",""
"pre.zip/PMC8594228.pdf","16","17","Exploiting selective BCL-2 family inhibitors to dissect cell survival dependencies and define improved strategies for cancer therapy","verified",""
"pre.zip/PMC8594228.pdf","19","20","The BCL2 family: key mediators of the apoptotic response to targeted anticancer therapeutics","verified",""
"pre.zip/PMC8594228.pdf","20","21","Expression and regulation of Bcl-2, Bcl-xl, and Bax correlate with p53 status and sensitivity to apoptosis in childhood acute lymphoblastic leukemia","verified",""
"pre.zip/PMC8594228.pdf","22","23","Targeting BCL2 with venetoclax in relapsed chronic lymphocytic leukemia","verified",""
"pre.zip/PMC8594228.pdf","25","26","MCL-1 is a prognostic indicator and drug target in breast cancer","verified",""
"pre.zip/PMC8594228.pdf","27","28","Anti-apoptotic signature in thymic squamous cell carcinomas - functional relevance of anti-apoptotic BIRC3 expression in the thymic carcinoma cell line 1889c","verified",""
"pre.zip/PMC8594228.pdf","28","29","A critical epithelial survival axis regulated by MCL-1 maintains thymic function in mice","verified",""
"pre.zip/PMC8594228.pdf","29","30","Copy number aberrations of BCL2 and CDKN2A/B identified by array-CGH in thymic epithelial tumors","verified",""
"pre.zip/PMC8594228.pdf","32","33","Cutoff Finder: a comprehensive and straightforward Web application enabling rapid biomarker cutoff optimization","verified",""
"pre.zip/PMC8594228.pdf","34","35","A landscape of pharmacogenomic interactions in cancer","verified",""
"pre.zip/PMC8594228.pdf","35","36","Distribution of Bim determines Mcl-1 dependence or codependence with Bcl-xL/Bcl-2 in Mcl-1-expressing myeloma cells","verified",""
"pre.zip/PMC8594228.pdf","37","38","BCL-XL and MCL-1 are the key BCL-2 family proteins in melanoma cell survival","verified",""
"pre.zip/PMC8594228.pdf","38","39","MCL1 inhibition is effective against a subset of small-cell lung cancer with high MCL1 and low BCL-XL expression","verified",""
"pre.zip/PMC8594228.pdf","39","40","Inhibition of Mcl-1 enhances cell death induced by the Bcl-2-selective inhibitor ABT-199 in acute myeloid leukemia cells","verified",""
"pre.zip/PMC8594228.pdf","40","41","Noxa determines localization and stability of MCL-1 and consequently ABT-737 sensitivity in small cell lung cancer","verified",""
"pre.zip/PMC8594228.pdf","41","42","Destabilization of NOXA mRNA as a common resistance mechanism to targeted therapies","verified",""
"pre.zip/PMC8594228.pdf","43","44","Increased cFLIP expression in thymic epithelial tumors blocks autophagy via NF-kappaB signalling","verified",""
"pre.zip/PMC8594228.pdf","45","46","Recurrent genetic aberrations in thymoma and thymic carcinoma","verified",""
"pre.zip/PMC8594228.pdf","46","47","Targeting BCL-2 with the BH3 mimetic ABT-199 in estrogen receptor-positive breast cancer","verified",""
"pre.zip/PMC8594228.pdf","48","49","Dual inhibition of BCL-XL and MCL-1 is required to induce tumour regression in lung squamous cell carcinomas sensitive to FGFR inhibition","verified",""
"pre.zip/PMC8603496.pdf","11","12","NIHR collection: multiple long-term conditions (multimorbidity): making sense of the evidence; 2021","not_found","real"
"pre.zip/PMC8603496.pdf","24","25","Members* for the KDIGOCKDGDWG","not_found","real"
"pre.zip/PMC8603496.pdf","26","27","Biobank on behalf of UK","not_found","real"
"pre.zip/PMC8603496.pdf","31","32","J Soc Policy. 1987;16(2):125–46","not_found","real"
"pre.zip/PMC8603496.pdf","33","34","Mapping inpatient hospital data across England , Scotland and Wales; 2014","not_found","real"
"pre.zip/PMC8603496.pdf","34","35","Elixhauser Comorbidity Software Refined for ICD-10-CM Healthcare Cost and Utilization Project (HCUP)","not_found","real"
"pre.zip/PMC8603496.pdf","1","2","Chronic kidney disease and the risks of death, cardiovascular events, and hospitalization","mismatch","real"
"pre.zip/PMC8603496.pdf","4","5","The burden of comorbidity in people with chronic kidney disease stage 3: a cohort study","mismatch","real"
"pre.zip/PMC8603496.pdf","7","8","Thinking about the burden of treatment","mismatch","real"
"pre.zip/PMC8603496.pdf","8","9","Associations between multimorbidity and adverse clinical outcomes in patients with chronic kidney disease: a systematic review and meta-analysis","mismatch","real"
"pre.zip/PMC8603496.pdf","10","11","Meta-analysis of the relation of body mass index to all-cause and cardiovascular mortality and hospitalization in patients with chronic heart failure","mismatch","real"
"pre.zip/PMC8603496.pdf","18","19","Patterns of multimorbidity and their effects on adverse outcomes in rheumatoid arthritis: a study of 5658 UK Biobank participants","mismatch","real"
"pre.zip/PMC8603496.pdf","19","20","Association between childhood maltreatment and the prevalence and complexity of multimorbidity: a cross-sectional analysis of 157,357 UK Biobank participants","mismatch","real"
"pre.zip/PMC8603496.pdf","20","21","UK Biobank: an open access resource for identifying the causes of a wide range of complex diseases of middle and old age","mismatch","real"
"pre.zip/PMC8603496.pdf","23","24","A new equation to estimate glomerular filtration rate","mismatch","real"
"pre.zip/PMC8603496.pdf","25","26","Validity of estimated prevalence of decreased kidney function and renal replacement therapy from primary care electronic health records compared with national survey and registry data in the United Kingdom","mismatch","real"
"pre.zip/PMC8603496.pdf","36","37","Likelihood ratio tests for model selection and non-nested hypotheses","mismatch","real"
"pre.zip/PMC8603496.pdf","38","39","Multiple imputation using chained equations: issues and guidance for practice","mismatch","real"
"pre.zip/PMC8603496.pdf","42","43","Measuring multimorbidity beyond counting diseases: systematic review of community and population studies and guide to index choice","mismatch","real"
"pre.zip/PMC8603496.pdf","44","45","Integrated primary care for patients with mental and physical multimorbidity: cluster randomised controlled trial of collaborative care for patients with depression comorbid with diabetes or cardiovascular disease","mismatch","real"
"pre.zip/PMC8603496.pdf","45","46","Alternative strategies to inpatient hospitalization for acute medical conditions: a systematic review","mismatch","real"
"pre.zip/PMC8603496.pdf","47","48","Hospital at home: feasibility and outcomes of a program to provide hospital-level care at home for acutely ill older patients","mismatch","real"
"pre.zip/PMC8603496.pdf","50","51","Readmissions, observation, and the hospital readmissions reduction program","mismatch","real"
"pre.zip/PMC8603496.pdf","52","53","Data resource profile: hospital episode statistics admitted patient care (HES APC)","mismatch","real"
"pre.zip/PMC8603496.pdf","59","60","Defining and measuring multimorbidity: a systematic review of systematic reviews","mismatch","real"
"pre.zip/PMC8603496.pdf","0","1","Global, regional, and national disability-adjusted life-years (DALYs) for 333 diseases and injuries and healthy life expectancy (HALE) for 195 countries and territories, 1990-2016: a systematic analysis for the Global Burden of Disease Study 2016","verified",""
"pre.zip/PMC8603496.pdf","2","3","Risk of hospital-acquired complications in patients with chronic kidney disease","verified",""
"pre.zip/PMC8603496.pdf","3","4","Risks of subsequent hospitalization and death in patients with kidney disease","verified",""
"pre.zip/PMC8603496.pdf","5","6","Rising to the challenge of multimorbidity","verified",""
"pre.zip/PMC8603496.pdf","6","7","Multimorbidity in people with chronic kidney disease: implications for outcomes and treatment","verified",""
"pre.zip/PMC8603496.pdf","9","10","Social deprivation increases cardiac hospitalisations in chronic heart failure independent of disease severity and diuretic non-adherence","verified",""
"pre.zip/PMC8603496.pdf","12","13","Association of cardiometabolic multimorbidity with mortality","verified",""
"pre.zip/PMC8603496.pdf","13","14","Examining different measures of multimorbidity, using a large prospective cross-sectional study in Australian general practice","verified",""
"pre.zip/PMC8603496.pdf","14","15","The effect of physical multimorbidity, mental health conditions and socioeconomic deprivation on unplanned admissions to hospital: a retrospective cohort study","verified",""
"pre.zip/PMC8603496.pdf","15","16","Relationship between multimorbidity, demographic factors and mortality: findings from the UK Biobank cohort","verified",""
"pre.zip/PMC8603496.pdf","16","17","Frailty and pre-frailty in middle-aged and older adults and its association with multimorbidity and mortality: a prospective analysis of 493,737 UK Biobank participants","verified",""
"pre.zip/PMC8603496.pdf","17","18","Multimorbidity, mortality, and HbA1c in type 2 diabetes: a cohort study with UK and Taiwanese cohorts","verified",""
"pre.zip/PMC8603496.pdf","21","22","The SAIL databank: linking multiple health and social care datasets","verified",""
"pre.zip/PMC8603496.pdf","22","23","Representation of people with comorbidity and multimorbidity in clinical trials of novel drug therapies: an individual-level participant data analysis","verified",""
"pre.zip/PMC8603496.pdf","28","29","Expressing the modification of diet in renal disease study equation for estimating glomerular filtration rate with standardized serum creatinine values","verified",""
"pre.zip/PMC8603496.pdf","29","30","Chronic kidney disease and cause-specific hospitalisation: a matched cohort study using primary and secondary care patient data","verified",""
"pre.zip/PMC8603496.pdf","30","31","Epidemiology of multimorbidity and implications for health care, research, and medical education: a cross-sectional study","verified",""
"pre.zip/PMC8603496.pdf","35","36","Statistical modeling for biomedical researchers: a simple introduction to the analysis of complex data","verified",""
"pre.zip/PMC8603496.pdf","37","38","Problem of immortal time bias in cohort studies: example using statins for preventing progression of diabetes","verified",""
"pre.zip/PMC8603496.pdf","39","40","Influence of chronic kidney disease on hospitalization, chronic dialysis, and mortality in Japanese men: a longitudinal analysis","verified",""
"pre.zip/PMC8603496.pdf","40","41","Comorbidity as a driver of adverse outcomes in people with chronic kidney disease","verified",""
"pre.zip/PMC8603496.pdf","41","42","Dapagliflozin in patients with chronic kidney disease","verified",""
"pre.zip/PMC8603496.pdf","46","47","Increasing outpatient treatment of mild community-acquired pneumonia: systematic review and meta-analysis","verified",""
"pre.zip/PMC8603496.pdf","48","49","Anticipatory care planning and integration: a primary care pilot study aimed at reducing unplanned hospitalisation","verified",""
"pre.zip/PMC8603496.pdf","49","50","Health care hotspotting — a randomized, controlled trial","verified",""
"pre.zip/PMC8603496.pdf","51","52","Comparison of sociodemographic and health-related characteristics of UK Biobank participants with those of the general population","verified",""
"pre.zip/PMC8603496.pdf","53","54","Estimation of glomerular filtration rate with vs without including patient race","verified",""
"pre.zip/PMC8603496.pdf","54","55","Agreement between self-report questionnaires and medical record data was substantial for diabetes, hypertension, myocardial infarction and stroke but not for heart failure","verified",""
"pre.zip/PMC8603496.pdf","55","56","Validation of a self-report comorbidity questionnaire for multiple sclerosis","verified",""
"pre.zip/PMC8603496.pdf","56","57","Accuracy of patient self-report of stroke: a systematic review from the UK Biobank Stroke Outcomes Group","verified",""
"pre.zip/PMC8603496.pdf","57","58","Systematic review on the instruments used for measuring the association of the level of multimorbidity and clinically important outcomes","verified",""
"pre.zip/PMC8603496.pdf","58","59","Measures of multimorbidity and morbidity burden for use in primary care and community settings: a systematic review and guide","verified",""
"pre.zip/PMC8608564.pdf","0","1","Susceptibility to SARS-CoV-2 infection among children and adults: a seroprevalence study of family households in the Barcelona Metropolitan Region, Spain","not_found","real"
"pre.zip/PMC8608564.pdf","33","34","A mucosal antibody response is induced by intramuscular SARS-CoV-2 mRNA vaccination","not_found","real"
"pre.zip/PMC8608564.pdf","6","7","COVID-19 in children: the link in the transmission chain","mismatch","real"
"pre.zip/PMC8608564.pdf","8","9","How do children spread the coronavirus? The science still isn’t clear","mismatch","real"
"pre.zip/PMC8608564.pdf","12","13","SARS-CoV-2 receptor ACE2 protein expression in serum is significantly associated with age","mismatch","real"
"pre.zip/PMC8608564.pdf","13","14","Similarities and differences between the immunopathogenesis of COVID-19-related pediatric inflammatory multisystem syndrome and Kawasaki disease","mismatch","real"
"pre.zip/PMC8608564.pdf","14","15","COVID-19 diagnosis -a review of current methods","mismatch","real"
"pre.zip/PMC8608564.pdf","20","21","Highly sensitive and specific multiplex antibody assays to quantify immunoglobulins M, A and G against SARS-CoV-2 antigens","mismatch","real"
"pre.zip/PMC8608564.pdf","22","23","Oral fluids as an alternative to serum for measurement of markers of immune activation","mismatch","real"
"pre.zip/PMC8608564.pdf","24","25","Transmission of SARS-CoV-2 infection among children in summer schools applying stringent control measures in Barcelona, Spain","mismatch","real"
"pre.zip/PMC8608564.pdf","37","38","Persistence and baseline determinants of seropositivity in health care workers up to nine months after COVID-19","mismatch","real"
"pre.zip/PMC8608564.pdf","38","39","Seven-month kinetics of SARS-CoV-2 antibodies and protective role of pre-existing antibodies to seasonal human coronaviruses on COVID-19","mismatch","real"
"pre.zip/PMC8608564.pdf","1","2","COVID-19 in children: initial characterization of the pediatric disease","verified",""
"pre.zip/PMC8608564.pdf","2","3","SARS-CoV-2 infection in children","verified",""
"pre.zip/PMC8608564.pdf","3","4","Children are unlikely to be the main drivers of the COVID-19 pandemic - a systematic review","verified",""
"pre.zip/PMC8608564.pdf","4","5","Epidemiology and transmission of COVID-19 in 391 cases and 1286 of their close contacts in Shenzhen, China: a retrospective cohort study","verified",""
"pre.zip/PMC8608564.pdf","5","6","SARS-CoV-2 infection in children: Transmission dynamics and clinical characteristics","verified",""
"pre.zip/PMC8608564.pdf","7","8","SARS-COV-2 infection in children and newborns: a systematic review","verified",""
"pre.zip/PMC8608564.pdf","9","10","Age-dependent effects in the transmission and control of COVID-19 epidemics","verified",""
"pre.zip/PMC8608564.pdf","10","11","Distinct antibody repertoires against endemic human coronaviruses in children and adults","verified",""
"pre.zip/PMC8608564.pdf","11","12","How kids’ immune systems can evade COVID","verified",""
"pre.zip/PMC8608564.pdf","15","16","Nasal swab sampling for SARS-CoV-2: a convenient alternative in times of nasopharyngeal swab shortage","verified",""
"pre.zip/PMC8608564.pdf","16","17","Saliva is more sensitive than nasopharyngeal or nasal swabs for diagnosis of asymptomatic and mild COVID-19 infection","verified",""
"pre.zip/PMC8608564.pdf","17","18","Application of salivary antibody immunoassays for the detection of incident infections with Norwalk virus in a group of volunteers","verified",""
"pre.zip/PMC8608564.pdf","18","19","Application of a multiplex salivary immunoassay to detect sporadic incident norovirus infections","verified",""
"pre.zip/PMC8608564.pdf","19","20","COVID-19 serology at population scale: SARS-CoV-2-specific antibody responses in saliva","verified",""
"pre.zip/PMC8608564.pdf","21","22","IgA dominates the early neutralizing antibody response to SARS-CoV-2","verified",""
"pre.zip/PMC8608564.pdf","23","24","Novel methods for the detection of microbial antibodies in oral fluid","verified",""
"pre.zip/PMC8608564.pdf","25","26","Immunogenicity and crossreactivity of antibodies to the nucleocapsid protein of SARS-CoV-2: utility and limitations in seroprevalence and immunity studies","verified",""
"pre.zip/PMC8608564.pdf","26","27","Transmission of COVID-19 in 282 clusters in Catalonia, Spain: a cohort study","verified",""
"pre.zip/PMC8608564.pdf","27","28","SARS-CoV-2 viral load kinetics in symptomatic children, adolescents and adults","verified",""
"pre.zip/PMC8608564.pdf","28","29","Comparison of upper respiratory viral load distributions in asymptomatic and symptomatic children diagnosed with SARS-CoV-2 infection in pediatric hospital testing programs","verified",""
"pre.zip/PMC8608564.pdf","29","30","Comparison of SARS-CoV-2 detection in nasopharyngeal swab and saliva","verified",""
"pre.zip/PMC8608564.pdf","30","31","Immune responses to SARS-CoV-2 in three children of parents with symptomatic COVID-19","verified",""
"pre.zip/PMC8608564.pdf","31","32","Association of Age With SARS-CoV-2 Antibody Response","verified",""
"pre.zip/PMC8608564.pdf","32","33","Mucosal immunity in COVID-19: a neglected but critical aspect of SARS-CoV-2 infection","verified",""
"pre.zip/PMC8608564.pdf","34","35","Systemic and mucosal antibody secretion specific to SARS-CoV-2 during mild versus severe COVID-19","verified",""
"pre.zip/PMC8608564.pdf","35","36","Persistence of serum and saliva antibody responses to SARS-CoV-2 spike antigens in COVID-19 patients","verified",""
"pre.zip/PMC8608564.pdf","36","37","Immunological memory to SARS-CoV-2 assessed for up to eight months after infection","verified",""
"pre.zip/PMC8629697.pdf","10","11","Could vitamins help in the fight against COVID-19? Nutrients. 2020;12:2550","not_found","real"
"pre.zip/PMC8629697.pdf","11","12","Eur J Clin Nutr","not_found","uncertain"
"pre.zip/PMC8629697.pdf","13","14","JMIR Public Health Surveill. 2021;7:e22717","not_found","real"
"pre.zip/PMC8629697.pdf","22","23","J Acad Nutr Diet. 2016;116:427–38","not_found","real"
"pre.zip/PMC8629697.pdf","37","38","Crit Rev Oncol Hematol. 2013;88:637–54","not_found","real"
"pre.zip/PMC8629697.pdf","38","39","Vitamin K deficiency and covid-19","not_found","real"
"pre.zip/PMC8629697.pdf","42","43","Crit Rev Food Sci Nutr. 2020;60:2174–211","not_found","real"
"pre.zip/PMC8629697.pdf","4","5","Dietary behaviors and incident COVID-19 in the UK Biobank","mismatch","real"
"pre.zip/PMC8629697.pdf","6","7","Vitamin C for preventing and treating pneumonia","mismatch","real"
"pre.zip/PMC8629697.pdf","8","9","Vitamin C for preventing and treating the common cold","mismatch","real"
"pre.zip/PMC8629697.pdf","15","16","The efficiency and safety of high-dose vitamin C in patients with COVID-19: a retrospective cohort study","mismatch","real"
"pre.zip/PMC8629697.pdf","0","1","Coronavirus disease (COVID-19) pandemic","verified",""
"pre.zip/PMC8629697.pdf","1","2","Nutritional perspectives for the prevention and mitigation of COVID-19","verified",""
"pre.zip/PMC8629697.pdf","2","3","Importance of dietary changes during the coronavirus pandemic: how to upgrade your immune response","verified",""
"pre.zip/PMC8629697.pdf","3","4","Mediterranean diet and the risk of COVID-19 in the “Seguimiento Universidad de Navarra” cohort","verified",""
"pre.zip/PMC8629697.pdf","5","6","The role of micronutrients in support of the immune response against viral infections","verified",""
"pre.zip/PMC8629697.pdf","7","8","Vitamin C supplementation slightly improves physical activity levels and reduces cold incidence in men with marginal vitamin C Status: a randomized controlled trial","verified",""
"pre.zip/PMC8629697.pdf","9","10","Probiotics and vitamin C for the prevention of respiratory tract infections in children attending preschool: a randomised controlled pilot study","verified",""
"pre.zip/PMC8629697.pdf","12","13","Fruit and vegetable intake and risk of upper respiratory tract infection in pregnant women","verified",""
"pre.zip/PMC8629697.pdf","14","15","Selenium deficiency is associated with mortality risk from COVID-19","verified",""
"pre.zip/PMC8629697.pdf","16","17","Reduced vitamin K status as a potentially modifiable risk factor of severe coronavirus disease 2019","verified",""
"pre.zip/PMC8629697.pdf","17","18","The folate concentration and/or folic acid metabolites in plasma as factor for COVID-19 infection","verified",""
"pre.zip/PMC8629697.pdf","18","19","Serum vitamin D, calcium, and zinc levels in patients with COVID-19","verified",""
"pre.zip/PMC8629697.pdf","19","20","Diet and immune function","verified",""
"pre.zip/PMC8629697.pdf","20","21","The Nutrinet-Santé Study: a web-based prospective study on the relationship between nutrition and health and determinants of dietary patterns and nutritional status","verified",""
"pre.zip/PMC8629697.pdf","21","22","Comparison between an interactive web-based self-administered 24 h dietary record and an interview by a dietitian for large-scale epidemiological studies","verified",""
"pre.zip/PMC8629697.pdf","23","24","Validation of a web-based, self-administered, non-consecutive-day dietary record tool against urinary biomarkers","verified",""
"pre.zip/PMC8629697.pdf","24","25","Critical evaluation of energy intake using the Goldberg cut-off for energy intake:basal metabolic rate","verified",""
"pre.zip/PMC8629697.pdf","25","26","Incidence and risk factors of COVID-19-like symptoms in the French general population during the lockdown period: a multi-cohort study","verified",""
"pre.zip/PMC8629697.pdf","26","27","Seroprevalence of SARS-CoV-2 among adults in three regions of France following the lockdown and associated risk factors: a multicohort study","verified",""
"pre.zip/PMC8629697.pdf","27","28","Ultraprocessed Food Consumption and Risk of Type 2 Diabetes Among Participants of the NutriNet-Santé Prospective Cohort","verified",""
"pre.zip/PMC8629697.pdf","28","29","Alternative dietary indices both strongly predict risk of chronic disease","verified",""
"pre.zip/PMC8629697.pdf","29","30","Alternate Healthy Eating Index 2010 and risk of chronic obstructive pulmonary disease among US women and men: prospective study","verified",""
"pre.zip/PMC8629697.pdf","30","31","Programme National Nutrition Santé – guidelines score 2 (PNNS-GS2): development and validation of a diet quality score reflecting the 2017 French dietary guidelines","verified",""
"pre.zip/PMC8629697.pdf","31","32","Dose-response analyses using restricted cubic spline functions in public health research","verified",""
"pre.zip/PMC8629697.pdf","32","33","Ultra-processed foods: what they are and how to identify them","verified",""
"pre.zip/PMC8629697.pdf","33","34","Vitamin C and immune function","verified",""
"pre.zip/PMC8629697.pdf","34","35","COVID-19: the inflammation link and the role of nutrition in potential mitigation","verified",""
"pre.zip/PMC8629697.pdf","35","36","Serum levels of vitamin C and vitamin D in a cohort of critically ill COVID-19 patients of a North American community hospital intensive care unit in May 2020: a pilot study","verified",""
"pre.zip/PMC8629697.pdf","36","37","Can an anti-inflammatory diet be effective in preventing or treating viral respiratory diseases? A systematic narrative review","verified",""
"pre.zip/PMC8629697.pdf","39","40","Diet, gut microbiota and immune responses","verified",""
"pre.zip/PMC8629697.pdf","40","41","Strengthening the immune system and reducing inflammation and oxidative stress through diet and nutrition: considerations during the COVID-19 crisis","verified",""
"pre.zip/PMC8629697.pdf","41","42","Intestinal flora as a potential strategy to fight SARS-CoV-2 infection","verified",""
"pre.zip/PMC8629697.pdf","43","44","Relation of dietary factors with infection and mortality rates of COVID-19 across the world","verified",""
"pre.zip/PMC8629697.pdf","44","45","Cow’s milk and immune function in the respiratory tract: potential mechanisms","verified",""
"pre.zip/PMC8629697.pdf","45","46","Why the lower reported prevalence of asthma in patients diagnosed with COVID-19 validates repurposing EDTA solutions to prevent and manage treat COVID-19 disease","verified",""
"pre.zip/PMC8629697.pdf","46","47","A review of micronutrients and the immune system–working in harmony to reduce the risk of infection","verified",""
"pre.zip/PMC8629697.pdf","47","48","Vitamin D supplementation and Covid-19 outcomes: a systematic review, meta-analysis and meta-regression","verified",""
"pre.zip/PMC8629697.pdf","48","49","The link between COVID-19 and VItamin D (VIVID): a systematic review and meta-analysis","verified",""
"pre.zip/PMC8629697.pdf","49","50","Comparative performance of five commercially available serologic assays to detect antibodies to SARS-CoV-2 and identify individuals with high neutralizing titers","verified",""
"pre.zip/PMC8629697.pdf","50","51","Performance of nucleocapsid and spike-based SARS-CoV-2 serologic assays","verified",""
"pre.zip/PMC8629697.pdf","51","52","Vitamin K metabolism as the potential missing link between lung damage and thromboembolism in Coronavirus disease 2019","verified",""
"pre.zip/PMC8629697.pdf","52","53","Global burden of 87 risk factors in 204 countries and territories, 1990–2019: a systematic analysis for the Global Burden of Disease Study 2019","verified",""
"pre.zip/PMC8632563.pdf","11","12","","not_found","real"
"pre.zip/PMC8632563.pdf","17","18","","not_found","real"
"pre.zip/PMC8632563.pdf","25","26","","not_found","real"
"pre.zip/PMC8632563.pdf","28","29","Res Square","not_found","real"
"pre.zip/PMC8632563.pdf","39","40","Res Square","not_found","real"
"pre.zip/PMC8632563.pdf","42","43","Saadi et al","not_found","uncertain"
"pre.zip/PMC8632563.pdf","44","45","","not_found","real"
"pre.zip/PMC8632563.pdf","48","49","Lancet. 2021; 397(10278):1023–934","not_found","real"
"pre.zip/PMC8632563.pdf","7","8","Agetargeted dose allocation can halve COVID-19 vaccine requirements","mismatch","real"
"pre.zip/PMC8632563.pdf","16","17","Comparing COVID-19 vaccine allocation strategies in India: a mathematical modelling study","mismatch","real"
"pre.zip/PMC8632563.pdf","18","19","Health impact and cost-effectiveness of COVID-19 vaccination in Sindh Province Pakistan","mismatch","real"
"pre.zip/PMC8632563.pdf","26","27","Vaccine optimization for COVID-19, who to vaccinate first? medRxiv","mismatch","real"
"pre.zip/PMC8632563.pdf","32","33","The Optimal Allocation of Covid-19 Vaccines","mismatch","real"
"pre.zip/PMC8632563.pdf","33","34","Dynamic Prioritization of COVID-19 Vaccines When Social Distancing is Limited for Essential Workers","mismatch","real"
"pre.zip/PMC8632563.pdf","37","38","Optimality in COVID-19 vaccination strategies determined by heterogeneity in humanhuman interaction networks","mismatch","real"
"pre.zip/PMC8632563.pdf","40","41","Significance of SARS-CoV-2 Specific Antibody Testing during COVID-19 Vaccine Allocation","mismatch","real"
"pre.zip/PMC8632563.pdf","41","42","COVID-19 Spreading Dynamics with Vaccination – Allocation Strategy, Return to Normalcy and Vaccine Hesitancy","mismatch","real"
"pre.zip/PMC8632563.pdf","46","47","Optimal strategies for combining vaccine prioritization and social distancing to reduce hospitalizations and mitigate COVID19 progression","mismatch","real"
"pre.zip/PMC8632563.pdf","1","2","WHO SAGE values framework for the allocation and prioritization of COVID-19 vaccination","verified",""
"pre.zip/PMC8632563.pdf","3","4","The PRISMA statement for reporting systematic reviews and meta-analyses of studies that evaluate healthcare interventions: explanation and elaboration","verified",""
"pre.zip/PMC8632563.pdf","4","5","Guidance on the Conduct of Narrative Synthesis in Systematic Reviews","verified",""
"pre.zip/PMC8632563.pdf","6","7","Prioritising COVID-19 vaccination in changing social and epidemiological landscapes","verified",""
"pre.zip/PMC8632563.pdf","8","9","Report 33: Modelling the allocation and impact of a COVID-19 vaccine","verified",""
"pre.zip/PMC8632563.pdf","9","10","Allocation of COVID-19 Vaccines Under Limited Supply","verified",""
"pre.zip/PMC8632563.pdf","13","14","COVID-19 Agent-Based Model with Multiobjective Optimization for Vaccine Distribution","verified",""
"pre.zip/PMC8632563.pdf","14","15","Optimizing SARS-CoV-2 vaccination strategies in France: Results from a stochastic agent-based model","verified",""
"pre.zip/PMC8632563.pdf","15","16","Optimal SARS-CoV-2 vaccine allocation using real-time seroprevalence estimates in Rhode Island and Massachusetts","verified",""
"pre.zip/PMC8632563.pdf","19","20","The importance of non-pharmaceutical interventions during the COVID-19 vaccine rollout","verified",""
"pre.zip/PMC8632563.pdf","20","21","The impact of vaccination strategies for COVID-19 in the context of emerging variants and increasing social mixing in Bogotá, Colombia: a mathematical modelling study","verified",""
"pre.zip/PMC8632563.pdf","21","22","India's pragmatic vaccination strategy against COVID-19: a mathematical modelling-based analysis","verified",""
"pre.zip/PMC8632563.pdf","22","23","Multi-generational SIR modeling: Determination of parameters, epidemiological forecasting and age-dependent vaccination policies","verified",""
"pre.zip/PMC8632563.pdf","23","24","Lives Saved from Age-Prioritized Covid-19 Vaccination","verified",""
"pre.zip/PMC8632563.pdf","24","25","Dynamic optimization of COVID-19 vaccine prioritization in the context of limited supply","verified",""
"pre.zip/PMC8632563.pdf","27","28","Optimal Allocation of the Limited COVID-19 Vaccine Supply in South Korea","verified",""
"pre.zip/PMC8632563.pdf","29","30","Covid-19 vaccination strategies with limited resources -- a model based on social network graphs","verified",""
"pre.zip/PMC8632563.pdf","30","31","Impact of personalized-dose vaccination in Covid-19 with a limited vaccine supply in a 100 day period in the U.S.A. medRxiv","verified",""
"pre.zip/PMC8632563.pdf","31","32","Modelling of COVID-19 vaccination strategies and herd immunity, in scenarios of limited and full vaccine supply in NSW, Australia","verified",""
"pre.zip/PMC8632563.pdf","35","36","Optimal time to return to normality: parallel use of COVID-19 vaccines and circuit breakers","verified",""
"pre.zip/PMC8632563.pdf","36","37","Prioritizing allocation of COVID-19 vaccines based on social contacts increases vaccination effectiveness","verified",""
"pre.zip/PMC8632563.pdf","38","39","Optimal vaccine strategy to control COVID-19 pandemic in middle-income countries: Modelling case study of Thailand","verified",""
"pre.zip/PMC8632563.pdf","43","44","Epidemiological impact of prioritizing SARS-CoV-2 vaccination by antibody status: Mathematical modeling analyses","verified",""
"pre.zip/PMC8632563.pdf","45","46","Targeted Vaccine Allocation Could Increase the COVID-19 Vaccine Benefits Amidst Its Lack of Availability: A Mathematical Modeling Study in Indonesia","verified",""
"pre.zip/PMC8632563.pdf","47","48","A Net Benefit Approach for the Optimal Allocation of a COVID-19 Vaccine","verified",""
"pre.zip/PMC8632563.pdf","49","50","WHO guide for standardization of economic evaluations of immunization programmes","verified",""
"pre.zip/PMC8638543.pdf","50","51","Stereocilia defects in the sensory hair cells of the inner ear in mice deficient in integrin α8β1","not_found","real"
"pre.zip/PMC8638543.pdf","62","63","Yeo K-HC Byung-Do Suh, Tai-Gyu Kim, Hoon Han","not_found","real"
"pre.zip/PMC8638543.pdf","109","110","Curr Protoc Hum Genet","not_found","real"
"pre.zip/PMC8638543.pdf","155","156","The development of a new English sentence in noise test and an English number recognition test","not_found","real"
"pre.zip/PMC8638543.pdf","164","165","The GTEx Consortium atlas of genetic regulatory effects across human tissues","not_found","real"
"pre.zip/PMC8638543.pdf","173","174","GWAS Catalog: A combined genome-wide association and molecular study of age-related hearing loss in H. sapiens; 2021","not_found","uncertain"
"pre.zip/PMC8638543.pdf","2","3","Genetic and environmental influences on self-reported reduced hearing in the old and oldest old","mismatch","real"
"pre.zip/PMC8638543.pdf","1","2","Description and primary results from an audiometric study of male twins","verified",""
"pre.zip/PMC8638543.pdf","3","4","The role of genetic factors for hearing deterioration across 20 years: a twin study","verified",""
"pre.zip/PMC8638543.pdf","4","5","Heritability of age-related hearing loss in middle-aged and elderly Chinese: a population-based twin study","verified",""
"pre.zip/PMC8638543.pdf","5","6","A twin-study of genetic contributions to hearing acuity in late middle age","verified",""
"pre.zip/PMC8638543.pdf","6","7","GWAS identifies 44 independent associated genomic loci for self-reported adult hearing difficulty in UK Biobank","verified",""
"pre.zip/PMC8638543.pdf","7","8","Connexin 26 mutations in hereditary non-syndromic sensorineural deafness","verified",""
"pre.zip/PMC8638543.pdf","8","9","Prestin, a cochlear motor protein, is defective in non-syndromic hearing loss","verified",""
"pre.zip/PMC8638543.pdf","9","10","Distribution of melanocytes in the human cochlea","verified",""
"pre.zip/PMC8638543.pdf","10","11","Melanin precursors prevent premature age-related and noise-induced hearing loss in albino mice","verified",""
"pre.zip/PMC8638543.pdf","11","12","Hearing vulnerability after noise exposure in a mouse model of reactive oxygen species overproduction","verified",""
"pre.zip/PMC8638543.pdf","12","13","Mutations in the transcriptional activator EYA4 cause late-onset deafness at the DFNA10 locus","verified",""
"pre.zip/PMC8638543.pdf","13","14","Novel EYA4 variant in Slovak family with late onset autosomal dominant hearing loss: a case report","verified",""
"pre.zip/PMC8638543.pdf","14","15","A 4-bp insertion in the eya-homologous region (eyaHR) of EYA4 causes hearing impairment in a Hungarian family linked to DFNA10","verified",""
"pre.zip/PMC8638543.pdf","15","16","Mutation in the transcriptional coactivator EYA4 causes dilated cardiomyopathy and sensorineural hearing loss","verified",""
"pre.zip/PMC8638543.pdf","16","17","Nonsyndromic hearing loss DFNA10 and a novel mutation of EYA4: evidence for correlation of normal cardiac phenotype with truncating mutations of the Eya domain","verified",""
"pre.zip/PMC8638543.pdf","17","18","A novel splice site mutation in EYA4 causes DFNA10 hearing loss","verified",""
"pre.zip/PMC8638543.pdf","18","19","Identification of I411K, a novel missense EYA4 mutation causing autosomal dominant non-syndromic hearing loss","verified",""
"pre.zip/PMC8638543.pdf","19","20","Evaluation of the contribution of the EYA4 and GRHL2 genes in Korean patients with autosomal dominant non-syndromic hearing loss","verified",""
"pre.zip/PMC8638543.pdf","20","21","Exome sequencing identifies a mutation in EYA4 as a novel cause of autosomal dominant non-syndromic hearing loss","verified",""
"pre.zip/PMC8638543.pdf","21","22","A novel EYA4 mutation causing hearing loss in a Chinese DFNA family and genotype-phenotype review of EYA4 in deafness","verified",""
"pre.zip/PMC8638543.pdf","22","23","Phenotypic variability in a seven-generation Swedish family segregating autosomal dominant hearing impairment due to a novel EYA4 frameshift mutation","verified",""
"pre.zip/PMC8638543.pdf","23","24","A novel mutation of EYA4 in a large Chinese family with autosomal dominant middle-frequency sensorineural hearing loss by targeted exome sequencing","verified",""
"pre.zip/PMC8638543.pdf","24","25","Associations of genetic variations in EYA4, GRHL2 and DFNA5 with noise-induced hearing loss in Chinese population: A case-control study","verified",""
"pre.zip/PMC8638543.pdf","25","26","Genetic variation in EYA4 on the risk of noise-induced hearing loss in Chinese steelworks firm sample","verified",""
"pre.zip/PMC8638543.pdf","26","27","Association between eye absent homolog 4 gene polymorphisms and occupational noise-induced hearing loss","verified",""
"pre.zip/PMC8638543.pdf","27","28","Screening of noise-induced hearing loss (NIHL)-associated SNPs and the assessment of its genetic susceptibility","verified",""
"pre.zip/PMC8638543.pdf","28","29","Identification of a novel truncation mutation of EYA4 in moderate degree hearing loss by targeted exome sequencing","verified",""
"pre.zip/PMC8638543.pdf","29","30","A novel mutation of the EYA4 gene associated with post-lingual hearing loss in a proband is co-segregating with a novel PAX3 mutation in two congenitally deaf family members","verified",""
"pre.zip/PMC8638543.pdf","30","31","Sensorineural hearing loss and mild cardiac phenotype caused by an EYA4 mutation","verified",""
"pre.zip/PMC8638543.pdf","31","32","Expression pattern of EYA4 in the common marmoset (Callithrix jacchus) cochlea","verified",""
"pre.zip/PMC8638543.pdf","32","33","Mutations in TRIOBP, which encodes a putative cytoskeletal-organizing protein, are associated with nonsyndromic recessive deafness","verified",""
"pre.zip/PMC8638543.pdf","33","34","Mutations in a novel isoform of TRIOBP that encodes a filamentous-actin binding protein are responsible for DFNB28 recessive nonsyndromic hearing loss","verified",""
"pre.zip/PMC8638543.pdf","34","35","Whole-exome sequencing efficiently detects rare mutations in autosomal recessive nonsyndromic hearing loss","verified",""
"pre.zip/PMC8638543.pdf","35","36","Targeted next-generation sequencing of a deafness gene panel (MiamiOtoGenes) analysis in families unsuitable for linkage analysis","verified",""
"pre.zip/PMC8638543.pdf","36","37","Autosomal recessive nonsyndromic hearing loss: a case report with a mutation in TRIOBP gene","verified",""
"pre.zip/PMC8638543.pdf","37","38","Genetic testing for sporadic hearing loss using targeted massively parallel sequencing identifies 10 novel mutations","verified",""
"pre.zip/PMC8638543.pdf","38","39","Broadening the phenotype of DFNB28: mutations in TRIOBP are associated with moderate, stable hereditary hearing impairment","verified",""
"pre.zip/PMC8638543.pdf","39","40","Identification of a nonsense mutation in the STRC gene in a Korean family with moderate hearing loss","verified",""
"pre.zip/PMC8638543.pdf","40","41","Spectrum of DNA variants for non-syndromic deafness in a large cohort from multiple continents","verified",""
"pre.zip/PMC8638543.pdf","41","42","Actin-bundling protein TRIOBP forms resilient rootlets of hair cell stereocilia essential for hearing","verified",""
"pre.zip/PMC8638543.pdf","42","43","Prestin and the cochlear amplifier","verified",""
"pre.zip/PMC8638543.pdf","43","44","A mutation in synaptojanin 2 causes progressive hearing loss in the ENU-mutagenised mouse strain Mozart","verified",""
"pre.zip/PMC8638543.pdf","44","45","Progressive deafness–dystonia due to SERAC1 mutations: a study of 67 cases","verified",""
"pre.zip/PMC8638543.pdf","45","46","The expanding MEGDEL phenotype: optic nerve atrophy, microcephaly, and myoclonic epilepsy in a child with SERAC1 mutations","verified",""
"pre.zip/PMC8638543.pdf","46","47","MEGDEL syndrome in a child from Palestine: report of a novel mutation in SERAC1 gene","verified",""
"pre.zip/PMC8638543.pdf","47","48","Congenital cochlear deafness in mitochondrial diseases related to RRM2B and SERAC1 gene defects","verified",""
"pre.zip/PMC8638543.pdf","48","49","New perspective in diagnostics of mitochondrial disorders: two years’ experience with whole-exome sequencing at a national paediatric centre","verified",""
"pre.zip/PMC8638543.pdf","49","50","The expression of AGO2 and DGCR8 in idiopathic sudden sensorineural hearing loss","verified",""
"pre.zip/PMC8638543.pdf","51","52","A candidate gene for the mouse mutation tubby","verified",""
"pre.zip/PMC8638543.pdf","52","53","Mouse model for Usher syndrome: linkage mapping suggests homology to Usher type I reported at human chromosome llpl5","verified",""
"pre.zip/PMC8638543.pdf","53","54","Progression of cochlear and retinal degeneration in the tubby (rd5) Mouse","verified",""
"pre.zip/PMC8638543.pdf","54","55","Kaufman oculo-cerebro-facial syndrome in a child with small and absent terminal phalanges and absent nails","verified",""
"pre.zip/PMC8638543.pdf","55","56","Loss of function of the E3 ubiquitin-protein ligase UBE3B causes Kaufman oculocerebrofacial syndrome","verified",""
"pre.zip/PMC8638543.pdf","56","57","Differential display and gene arrays to examine auditory plasticity","verified",""
"pre.zip/PMC8638543.pdf","57","58","Molecular characterization of a 12q22-q24 deletion associated with congenital deafness: confirmation and refinement of the DFNA25 locus","verified",""
"pre.zip/PMC8638543.pdf","58","59","DFNA25, a novel locus for dominant nonsyndromic hereditary hearing impairment, maps to 12q21-24","verified",""
"pre.zip/PMC8638543.pdf","59","60","Impairment of SLC17A8 encoding vesicular glutamate transporter-3, VGLUT3, underlies nonsyndromic deafness DFNA25 and inner hair cell dysfunction in null mice","verified",""
"pre.zip/PMC8638543.pdf","60","61","HLA-DRB1*1101 allele may be associated with bilateral Méniére’s disease in Southern European population","verified",""
"pre.zip/PMC8638543.pdf","61","62","Human leukocyte antigen-DQB1 and -DRB1 associations in patients with idiopathic sudden sensorineural hearing loss from a defined population of Northwest Spain","verified",""
"pre.zip/PMC8638543.pdf","63","64","Different distribution of HLA class II alleles according to response to corticosteroid therapy in sudden sensorineural hearing loss","verified",""
"pre.zip/PMC8638543.pdf","64","65","A 47-year-old man with sudden onset of blindness, pleocytosis, and temporary hearing loss","verified",""
"pre.zip/PMC8638543.pdf","65","66","Possible toxicity of tuberculostatic agents in a patient with a novel TYMP mutation leading to mitochondrial neurogastrointestinal encephalomyopathy","verified",""
"pre.zip/PMC8638543.pdf","66","67","Mitochondrial neurogastrointestinal encephalomyopathy disease in three siblings from Pakistan with a novel mutation","verified",""
"pre.zip/PMC8638543.pdf","67","68","Mutanlallemand (mtl) and belly spot and deafness (bsd) are two new mutations of Lmx1a causing severe cochlear and vestibular defects","verified",""
"pre.zip/PMC8638543.pdf","68","69","Understanding molecular evolution and development of the organ of Corti can provide clues for hearing restoration","verified",""
"pre.zip/PMC8638543.pdf","69","70","LncRNA AW112010 promotes mitochondrial biogenesis and hair cell survival: implications for age-related hearing loss","verified",""
"pre.zip/PMC8638543.pdf","70","71","Matrix metalloproteinase-2 and -9 contribute to functional integrity and noise-induced damage to the blood-labyrinth-barrier","verified",""
"pre.zip/PMC8638543.pdf","71","72","Changes in gene expression and hearing thresholds after cochlear implantation","verified",""
"pre.zip/PMC8638543.pdf","72","73","Aminoglycoside increases permeability of osseous spiral laminae of cochlea by interrupting MMP-2 and MMP-9 balance","verified",""
"pre.zip/PMC8638543.pdf","73","74","Matrix metalloproteinase inhibitor attenuates cochlear lateral wall damage induced by intratympanic instillation of endotoxin","verified",""
"pre.zip/PMC8638543.pdf","74","75","Tissue remodeling in the acute otitis media mouse model","verified",""
"pre.zip/PMC8638543.pdf","75","76","Matrix imbalance by inducing expression of metalloproteinase and oxidative stress in cochlea of hyperhomocysteinemic mice","verified",""
"pre.zip/PMC8638543.pdf","76","77","A novel autosomal dominant deafness locus (DFNA58) maps to 2p12-p21","verified",""
"pre.zip/PMC8638543.pdf","77","78","Critical role of spectrin in hearing development and deafness","verified",""
"pre.zip/PMC8638543.pdf","78","79","Transcriptome analysis reveals enrichment of genes associated with auditory system in swimbladder of channel catfish","verified",""
"pre.zip/PMC8638543.pdf","79","80","LMO7 deficiency reveals the significance of the cuticular plate for hearing function","verified",""
"pre.zip/PMC8638543.pdf","80","81","Mutation of foxo3 causes adult onset auditory neuropathy and alters cochlear synapse architecture in mice","verified",""
"pre.zip/PMC8638543.pdf","81","82","Association of genetic variations in FOXO3 gene with susceptibility to noise induced hearing loss in a Chinese population","verified",""
"pre.zip/PMC8638543.pdf","82","83","Correlation between FOXO3 gene polymorphisms and susceptibility to occupational noise-induced deafness","verified",""
"pre.zip/PMC8638543.pdf","83","84","Oxidative stress and ROS metabolism via down-regulation of sirtuin 3 expression in Cmah-null mice affect hearing loss","verified",""
"pre.zip/PMC8638543.pdf","84","85","Wnt activation protects against neomycin-induced hair cell damage in the mouse cochlea","verified",""
"pre.zip/PMC8638543.pdf","85","86","Severe hearing loss and outer hair cell death in homozygous Foxo3 knockout mice after moderate noise exposure","verified",""
"pre.zip/PMC8638543.pdf","86","87","Interstitial 6q25 microdeletion syndrome: ARID1B is the key gene","verified",""
"pre.zip/PMC8638543.pdf","87","88","Multiple congenital anomalies and global developmental delay in a patient with interstitial 6q25.2q26 deletion: a diagnostic odyssey","verified",""
"pre.zip/PMC8638543.pdf","88","89","Metabotropic glutamate receptors subtype 5 are necessary for the enhancement of auditory evoked potentials in the lateral nucleus of the amygdala by tetanic stimulation of the auditory thalamus","verified",""
"pre.zip/PMC8638543.pdf","89","90","Perceived location specificity in perceptual separation-induced but not fear conditioning-induced enhancement of prepulse inhibition in rats","verified",""
"pre.zip/PMC8638543.pdf","90","91","A novel autosomal recessive non-syndromic hearing impairment locus (DFNB47) maps to chromosome 2p25.1-p24","verified",""
"pre.zip/PMC8638543.pdf","91","92","Homozygosity mapping in a family presenting with schizophrenia, epilepsy and hearing impairment","verified",""
"pre.zip/PMC8638543.pdf","92","93","A de novo 4.4-Mb microdeletion in 2p24.3 →p24.2 in a girl with bilateral hearing impairment, microcephaly, digit abnormalities and Feingold syndrome","verified",""
"pre.zip/PMC8638543.pdf","93","94","Hearing function and thresholds: a genome-wide association study in European isolated populations identifies new loci and pathways","verified",""
"pre.zip/PMC8638543.pdf","94","95","Expression and replication studies to identify new candidate genes involved in normal hearing function","verified",""
"pre.zip/PMC8638543.pdf","96","97","Targeted capture and next-generation sequencing identifies C9orf75, encoding taperin, as the mutated gene in nonsyndromic deafness DFNB79","verified",""
"pre.zip/PMC8638543.pdf","97","98","Null mutation of the Fascin2 Gene by TALEN leading to progressive hearing loss and retinal degeneration in C57BL/6 J mice","verified",""
"pre.zip/PMC8638543.pdf","98","99","Genome-wide association study for age-related hearing loss (AHL) in the mouse: a meta-analysis","verified",""
"pre.zip/PMC8638543.pdf","99","100","Correlation of actin crosslinker and capper expression levels with stereocilia growth phases","verified",""
"pre.zip/PMC8638543.pdf","100","101","DFNB79: reincarnation of a nonsyndromic deafness locus on chromosome 9q34","verified",""
"pre.zip/PMC8638543.pdf","101","102","Mutations in TPRN cause a progressive form of autosomal-recessive nonsyndromic hearing loss","verified",""
"pre.zip/PMC8638543.pdf","102","103","Complex distribution patterns of voltagegated calcium channel α-subunits in the spiral ganglion","verified",""
"pre.zip/PMC8638543.pdf","103","104","Noise exposure immediately activates cochlear mitogen-activated protein kinase signaling","verified",""
"pre.zip/PMC8638543.pdf","104","105","Clarin-2 is essential for hearing by maintaining stereocilia integrity and function","verified",""
"pre.zip/PMC8638543.pdf","105","106","Altered expression of genes regulating inflammation and synaptogenesis during regrowth of afferent neurons to cochlear hair cells","verified",""
"pre.zip/PMC8638543.pdf","106","107","Usher syndrome IIIA gene clarin-1 is essential for hair cell function and associated neural activation","verified",""
"pre.zip/PMC8638543.pdf","107","108","Loss of Baiap2l2 destabilizes the transducing stereocilia of cochlear hair cells and leads to deafness","verified",""
"pre.zip/PMC8638543.pdf","108","109","SIFT: predicting amino acid changes that affect protein function","verified",""
"pre.zip/PMC8638543.pdf","110","111","Noise induced changes in the expression of p38/MAPK signaling proteins in the sensory epithelium of the inner ear","verified",""
"pre.zip/PMC8638543.pdf","111","112","Matrix metalloproteinases 2 and 9 in the cochlea: expression and activity after aminoglycoside exposition","verified",""
"pre.zip/PMC8638543.pdf","112","113","Notch-mediated lateral induction is necessary to maintain vestibular prosensory identity during inner ear development","verified",""
"pre.zip/PMC8638543.pdf","113","114","Synaptojanin2 mutation causes progressive high-frequency hearing loss in mice","verified",""
"pre.zip/PMC8638543.pdf","115","116","PLINK: a tool set for whole-genome association and population-based linkage analyses","verified",""
"pre.zip/PMC8638543.pdf","116","117","Spike generators and cell signaling in the human auditory nerve: an ultrastructural, super-resolution, and gene hybridization study","verified",""
"pre.zip/PMC8638543.pdf","117","118","TRIOBP-5 sculpts stereocilia rootlets and stiffens supporting cells enabling hearing","verified",""
"pre.zip/PMC8638543.pdf","118","119","The eyes absent proteins in development and disease","verified",""
"pre.zip/PMC8638543.pdf","119","120","Eya4-deficient mice are a model for heritable otitis media","verified",""
"pre.zip/PMC8638543.pdf","120","121","Recycling and EH domain proteins at the synapse","verified",""
"pre.zip/PMC8638543.pdf","122","123","UBE3B is a calmodulin-regulated, mitochondrion-associated E3 ubiquitin ligase","verified",""
"pre.zip/PMC8638543.pdf","123","124","Metabotropic glutamate subtype 5 receptors modulate fear-conditioning induced enhancement of prepulse inhibition in rats","verified",""
"pre.zip/PMC8638543.pdf","124","125","Mechanisms underlying enhancement of spontaneous glutamate release by group I mGluRs at a central auditory synapse","verified",""
"pre.zip/PMC8638543.pdf","125","126","Yes, there is a medial nucleus of the trapezoid body in humans","verified",""
"pre.zip/PMC8638543.pdf","126","127","Single-cell RNA analysis of type I spiral ganglion neurons reveals a Lmx1a population in the cochlea","verified",""
"pre.zip/PMC8638543.pdf","127","128","Complex primary afferents: what the distribution of electrophysiologically-relevant phenotypes within the spiral ganglion tells us about peripheral neural coding","verified",""
"pre.zip/PMC8638543.pdf","128","129","Cell fate determination, neuronal maintenance and disease state: the emerging role of transcription factors Lmx1a and Lmx1b","verified",""
"pre.zip/PMC8638543.pdf","129","130","Lmx1a maintains proper neurogenic, sensory, and non-sensory domains in the mammalian inner ear","verified",""
"pre.zip/PMC8638543.pdf","130","131","Interaction with ectopic cochlear crista sensory epithelium disrupts basal cochlear sensory epithelium development in Lmx1a mutant mice","verified",""
"pre.zip/PMC8638543.pdf","131","132","Reciprocal negative regulation between Lmx1a and Lmo4 is required for inner ear formation","verified",""
"pre.zip/PMC8638543.pdf","132","133","Lmx1a is required for segregation of sensory epithelia and normal ear histogenesis and morphogenesis","verified",""
"pre.zip/PMC8638543.pdf","133","134","The defense and signaling role of NADPH oxidases in eukaryotic cells: review","verified",""
"pre.zip/PMC8638543.pdf","135","136","Efficient Bayesian mixed-model analysis increases association power in large cohorts","verified",""
"pre.zip/PMC8638543.pdf","136","137","Cadherin 23 and protocadherin 15 interact to form tip-link filaments in sensory hair cells","verified",""
"pre.zip/PMC8638543.pdf","137","138","Usher syndrome 1D and nonsyndromic autosomal recessive deafness DFNB12 are caused by allelic mutations of the novel cadherin-like gene CDH23","verified",""
"pre.zip/PMC8638543.pdf","138","139","Survival of spiral ganglion cells in profound sensorineural hearing loss: implications for cochlear implantation","verified",""
"pre.zip/PMC8638543.pdf","139","140","Adding insult to injury: cochlear nerve degeneration after “temporary” noise-induced hearing loss","verified",""
"pre.zip/PMC8638543.pdf","140","141","AAV-mediated NT-3 overexpression protects cochleae against noise-induced synaptopathy","verified",""
"pre.zip/PMC8638543.pdf","141","142","Round-window delivery of neurotrophin 3 regenerates cochlear synapses after acoustic overexposure","verified",""
"pre.zip/PMC8638543.pdf","142","143","Applying neurotrophins to the round window rescues auditory function and reduces inner hair cell synaptopathy after noise-induced hearing loss","verified",""
"pre.zip/PMC8638543.pdf","143","144","Cells Expressing mRNA for neurotrophins and their receptors during embryonic rat development","verified",""
"pre.zip/PMC8638543.pdf","144","145","Neurotrophic factors in the auditory periphery","verified",""
"pre.zip/PMC8638543.pdf","145","146","Coordinated expression and function of neurotrophins and their receptors in the rat inner ear during target innervation","verified",""
"pre.zip/PMC8638543.pdf","146","147","Expression patterns of neurotrophin and their receptor mRNAs in the rat inner ear","verified",""
"pre.zip/PMC8638543.pdf","147","148","Expression of neurotrophins and Trk receptors in the developing, adult, and regenerating avian cochlea","verified",""
"pre.zip/PMC8638543.pdf","148","149","Anterograde transport of TrkB in axons is mediated by direct interaction with Slp1 and Rab27","verified",""
"pre.zip/PMC8638543.pdf","149","150","The R109H variant of fascin-2, a developmentally regulated actin crosslinker in hair-cell stereocilia, underlies early-onset hearing loss of DBA/ 2 J mice","verified",""
"pre.zip/PMC8638543.pdf","150","151","Genetic associations in age-related hearing thresholds","verified",""
"pre.zip/PMC8638543.pdf","151","152","Structural recovery from sound and aminoglycoside damage in the avian cochlea","verified",""
"pre.zip/PMC8638543.pdf","153","154","Sex differences in genetic architecture in the UK Biobank","verified",""
"pre.zip/PMC8638543.pdf","154","155","UK Biobank: an open access resource for identifying the causes of a wide range of complex diseases of middle and old age","verified",""
"pre.zip/PMC8638543.pdf","157","158","GenABEL: an R library for genome-wide association analysis","verified",""
"pre.zip/PMC8638543.pdf","158","159","R: A language and environment for statistical computing","verified",""
"pre.zip/PMC8638543.pdf","159","160","Novel insights into the genetics of smoking behaviour, lung function, and chronic obstructive pulmonary disease (UK BiLEVE): a genetic association study in UK Biobank","verified",""
"pre.zip/PMC8638543.pdf","160","161","Genome-wide genetic data on ~ 500,000 UK Biobank participants","verified",""
"pre.zip/PMC8638543.pdf","161","162","A reference panel of 64,976 haplotypes for genotype imputation","verified",""
"pre.zip/PMC8638543.pdf","162","163","LD score regression distinguishes confounding from polygenicity in genome-wide association studies","verified",""
"pre.zip/PMC8638543.pdf","163","164","The Database of Short Genetic Variation (dbSNP)","verified",""
"pre.zip/PMC8638543.pdf","165","166","The new NHGRI-EBI Catalog of published genome-wide association studies (GWAS Catalog)","verified",""
"pre.zip/PMC8638543.pdf","166","167","Shared genetic origin of asthma, hay fever and eczema elucidates allergic disease biology","verified",""
"pre.zip/PMC8638543.pdf","167","168","The human “cochlear battery” – Claudin-11 barrier and ion transport proteins in the lateral wall of the cochlea","verified",""
"pre.zip/PMC8638543.pdf","168","169","Neural interaction in the human spiral ganglion: a TEM study","verified",""
"pre.zip/PMC8638543.pdf","169","170","Unique expression of connexins in the human cochlea","verified",""
"pre.zip/PMC8638543.pdf","170","171","Molecular composition and distribution of gap junctions in the sensory epithelium of the human cochlea—a super-resolution structured illumination microscopy (SR-SIM) study","verified",""
"pre.zip/PMC8638543.pdf","171","172","Controls for immunocytochemistry: an update","verified",""
"pre.zip/PMC8638543.pdf","172","173","Three-dimensional resolution doubling in wide-field fluorescence microscopy by structured illumination","verified",""
"pre.zip/PMC8653610.pdf","5","6","Best Pract Res Cl En. 2019;33(3):101260","not_found","real"
"pre.zip/PMC8653610.pdf","9","10","Toxicol Appl Pharmacol. 2018;352:77–86","not_found","real"
"pre.zip/PMC8653610.pdf","16","17","Toxicol Appl Pharmacol. 2018;344:1–12","not_found","real"
"pre.zip/PMC8653610.pdf","35","36","C1596","not_found","real"
"pre.zip/PMC8653610.pdf","49","50","19:311 Page 19 of 20 women from southern Poland","not_found","uncertain"
"pre.zip/PMC8653610.pdf","4","5","Independent effects of weight gain and fetal programming on metabolic complications in adults born small for gestational age","mismatch","real"
"pre.zip/PMC8653610.pdf","12","13","Dysregulation of 11beta-hydroxysteroid dehydrogenases; implications during pregnancy and beyond","mismatch","real"
"pre.zip/PMC8653610.pdf","15","16","Caffeine-induced activated glucocorticoid metabolism in the hippocampus causes hypothalamic-pituitary-adrenal axis inhibition in fetal rats","mismatch","real"
"pre.zip/PMC8653610.pdf","17","18","Physiology and pathophysiology of steroid biosynthesis, transport and metabolism in the human placenta","mismatch","real"
"pre.zip/PMC8653610.pdf","21","22","Biases inherent in studies of coffee consumption in early pregnancy and the risks of subsequent events","mismatch","real"
"pre.zip/PMC8653610.pdf","30","31","Impact of maternal prenatal stress by glucocorticoids on metabolic and cardiovascular outcomes in their offspring: a systematic scoping review","mismatch","real"
"pre.zip/PMC8653610.pdf","39","40","Prenatal xenobiotic exposure and intrauterine hypothalamus-pituitary-adrenal axis programming alteration","mismatch","real"
"pre.zip/PMC8653610.pdf","48","49","Caffeine intake during pregnancy and neonatal anthropometric parameters","mismatch","real"
"pre.zip/PMC8653610.pdf","50","51","Maternal total caffeine intake, mainly from Japanese and Chinese tea, during pregnancy was associated with risk of preterm birth: the Osaka Maternal and Child Health Study","mismatch","real"
"pre.zip/PMC8653610.pdf","57","58","Optical mapping of sarcoplasmic reticulum Ca2 + in the intact heart: ryanodine receptor refractoriness during alternans and fibrillation","mismatch","real"
"pre.zip/PMC8653610.pdf","69","70","PBMCs reflect the immune component of the WAT transcriptome--implications as biomarkers of metabolic health in the postprandial state","mismatch","real"
"pre.zip/PMC8653610.pdf","70","71","Gene deficiency and pharmacological inhibition of caspase-1 confers resilience to chronic social defeat stress via regulating the stability of surface AMPARs","mismatch","real"
"pre.zip/PMC8653610.pdf","0","1","Intrauterine growth retardation (IUGR) as a novel condition of insulin-like growth factor-1 (IGF-1) deficiency","verified",""
"pre.zip/PMC8653610.pdf","1","2","Fetal growth restriction: current perspectives","verified",""
"pre.zip/PMC8653610.pdf","2","3","Fetal growth restriction","verified",""
"pre.zip/PMC8653610.pdf","3","4","Estimates of burden and consequences of infants born small for gestational age in low and middle income countries with INTERGROWTH-21(st) standard: analysis of CHERG datasets","verified",""
"pre.zip/PMC8653610.pdf","6","7","Association of intrauterine growth restriction and small for gestational age status with childhood cognitive outcomes: a systematic review and meta-analysis","verified",""
"pre.zip/PMC8653610.pdf","7","8","Immune dysfunction in developmental programming of type 2 diabetes mellitus","verified",""
"pre.zip/PMC8653610.pdf","8","9","Murine maternal dietary restriction affects neural humanin expression and cellular profile","verified",""
"pre.zip/PMC8653610.pdf","10","11","Intrauterine growth restriction combined with a maternal high-fat diet increased adiposity and serum corticosterone levels in adult rat offspring","verified",""
"pre.zip/PMC8653610.pdf","11","12","Mechanisms of glucocorticoid action during development","verified",""
"pre.zip/PMC8653610.pdf","13","14","The hypothalamic-pituitary-adrenal axis: development, programming actions of hormones, and maternal-fetal interactions","verified",""
"pre.zip/PMC8653610.pdf","14","15","Glucocorticoids and fetal programming part 2: mechanisms","verified",""
"pre.zip/PMC8653610.pdf","18","19","Maternal caffeine consumption and small for gestational age births: results from a population-based case-control study","verified",""
"pre.zip/PMC8653610.pdf","19","20","Prenatal caffeine exposure and child IQ at age 5.5 years: the EDEN mother-child cohort","verified",""
"pre.zip/PMC8653610.pdf","20","21","Dose-dependent associations between prenatal caffeine consumption and small for gestational age, preterm birth, and reduced birthweight in the Japan environment and children’s study","verified",""
"pre.zip/PMC8653610.pdf","22","23","High-fat diet and chronic stress aggravate adrenal function abnormality induced by prenatal caffeine exposure in male offspring rats","verified",""
"pre.zip/PMC8653610.pdf","23","24","Intrauterine endogenous high glucocorticoids program ovarian dysfunction in female offspring secondary to prenatal caffeine exposure","verified",""
"pre.zip/PMC8653610.pdf","24","25","Prenatal caffeine exposure induced high susceptibility to metabolic syndrome in adult female offspring rats and its underlying mechanisms","verified",""
"pre.zip/PMC8653610.pdf","25","26","Prenatal caffeine exposure increases adult female offspring rat’s susceptibility to osteoarthritis via low-functional programming of cartilage IGF-1 with histone acetylation","verified",""
"pre.zip/PMC8653610.pdf","26","27","JNK1/2 activation by an extract from the roots of Morus alba L. reduces the viability of multidrug-resistant MCF-7/Dox cells by inhibiting YB-1-dependent MDR1 expression","verified",""
"pre.zip/PMC8653610.pdf","27","28","The communication between the PI3K/AKT/mTOR pathway and Y-box binding protein-1 in gynecological cancer","verified",""
"pre.zip/PMC8653610.pdf","28","29","Intrauterine growth restriction: new insight from the metabolomic approach","verified",""
"pre.zip/PMC8653610.pdf","29","30","Evidence for central hypercortisolism and elevated blood pressure in adolescent offspring of mothers with pre-eclampsia","verified",""
"pre.zip/PMC8653610.pdf","31","32","Prenatal nicotine exposure enhances the susceptibility to metabolic syndrome in adult offspring rats fed high-fat diet via alteration of HPA axis-associated neuroendocrine metabolic programming","verified",""
"pre.zip/PMC8653610.pdf","32","33","Prenatal caffeine exposure induced a lower level of fetal blood leptin mainly via placental mechanism","verified",""
"pre.zip/PMC8653610.pdf","33","34","Purification, characterization, and in vitro differentiation of cytotrophoblasts from human term placentae","verified",""
"pre.zip/PMC8653610.pdf","34","35","Permeability properties of monolayers of the human trophoblast cell line BeWo","verified",""
"pre.zip/PMC8653610.pdf","36","37","Classification analysis of P-glycoprotein substrate specificity","verified",""
"pre.zip/PMC8653610.pdf","37","38","Anti-HIV and anti-hepatitis C virus drugs inhibit P-glycoprotein efflux activity in Caco-2 cells and precision-cut rat and human intestinal slices","verified",""
"pre.zip/PMC8653610.pdf","38","39","Nanoparticle-induced neuronal toxicity across placental barriers is mediated by autophagy and dependent on astrocytes","verified",""
"pre.zip/PMC8653610.pdf","40","41","Glucocorticoid receptor gene (NR3C1) methylation during the first thousand days: environmental exposures and developmental outcomes","verified",""
"pre.zip/PMC8653610.pdf","41","42","Rodent studies of developmental programming and ageing mechanisms: special issue: in utero and early life programming of ageing and disease","verified",""
"pre.zip/PMC8653610.pdf","42","43","Prenatal glucocorticoids exposure and fetal adrenal developmental programming","verified",""
"pre.zip/PMC8653610.pdf","43","44","Interplay of drug transporters P-glycoprotein (MDR1), MRP1, OATP1A2 and OATP1B3 in passage of maraviroc across human placenta","verified",""
"pre.zip/PMC8653610.pdf","44","45","An update on expression and function of p-gp/ abcb1 and bcrp/abcg2 in the placenta and fetus","verified",""
"pre.zip/PMC8653610.pdf","45","46","Changes in the placental glucocorticoid barrier during rat pregnancy: impact on placental corticosterone levels and regulation by progesterone","verified",""
"pre.zip/PMC8653610.pdf","46","47","Structure and function of multidrug resistance protein 1","verified",""
"pre.zip/PMC8653610.pdf","47","48","P-glycoprotein (P-gp)/ABCB1 plays a functional role in extravillous trophoblast (EVT) invasion and is decreased in the pre-eclamptic placenta","verified",""
"pre.zip/PMC8653610.pdf","51","52","Teratogen update: evaluation of the reproductive and developmental risks of caffeine","verified",""
"pre.zip/PMC8653610.pdf","52","53","The world health report 2002—reducing risks, promoting healthy life","verified",""
"pre.zip/PMC8653610.pdf","53","54","P-glycoprotein restricts access of cortisol and dexamethasone to the glucocorticoid receptor in placental BeWo cells","verified",""
"pre.zip/PMC8653610.pdf","54","55","Multidrug resistance proteins affect drug transmission across the placenta","verified",""
"pre.zip/PMC8653610.pdf","55","56","Role of p53-dependent placental apoptosis in the reproductive and developmental toxicities of caffeine in rodents","verified",""
"pre.zip/PMC8653610.pdf","56","57","Intrauterine programming mechanism for hypercholesterolemia in prenatal caffeine-exposed female adult rat offspring","verified",""
"pre.zip/PMC8653610.pdf","58","59","The sarcoplasmic reticulum and arrhythmogenic calcium release","verified",""
"pre.zip/PMC8653610.pdf","59","60","Ozone (O3) elicits neurotoxicity in spinal cord neurons (SCNs) by inducing ER Ca2 + release and activating the CaMKII/MAPK signaling pathway","verified",""
"pre.zip/PMC8653610.pdf","60","61","Chemical molecular-based approach to overcome multidrug resistance in cancer by targeting P-glycoprotein (P-gp)","verified",""
"pre.zip/PMC8653610.pdf","61","62","Human AP endonuclease (APE1/ Ref-1) and its acetylation regulate YB-1-p300 recruitment and RNA polymerase II loading in the drug-induced activation of multidrug resistance gene MDR1","verified",""
"pre.zip/PMC8653610.pdf","62","63","Enhancement of placental antioxidative function and P-gp expression by sodium ferulate mediated its protective effect on rat IUGR induced by prenatal tobacco/alcohol exposure","verified",""
"pre.zip/PMC8653610.pdf","63","64","Tadalafil alleviates preeclampsia and fetal growth restriction in RUPP model of preeclampsia in mice","verified",""
"pre.zip/PMC8653610.pdf","64","65","A versatile genetic control system in mammalian cells and mice responsive to clinically licensed sodium ferulate","verified",""
"pre.zip/PMC8653610.pdf","65","66","Placenta transcriptome profiling in intrauterine growth restriction (IUGR)","verified",""
"pre.zip/PMC8653610.pdf","66","67","Regions of variable DNA methylation in human placenta associated with newborn neurobehavior","verified",""
"pre.zip/PMC8653610.pdf","67","68","Exposure to ambient air pollution in the first 1000 days of life and alterations in the DNA methylome and telomere length in children: a systematic review","verified",""
"pre.zip/PMC8653610.pdf","68","69","Early-pregnancy transcriptome signatures of preeclampsia: from peripheral blood to placenta","verified",""
"pre.zip/PMC8656040.pdf","9","10","Annu Rev Nutr. 2006;26:1","not_found","real"
"pre.zip/PMC8656040.pdf","15","16","J Clin Invest. 1971;50:1536","not_found","real"
"pre.zip/PMC8656040.pdf","20","21","Ketone-based metabolic therapy: is increased NAD(+) a primary mechanism? Front Mol Neurosci. 2017;10:377","not_found","real"
"pre.zip/PMC8656040.pdf","22","23","19:313 Page 12 of 15 protein kinase in primary cultured rat hepatocytes: role of oxidative stress","not_found","uncertain"
"pre.zip/PMC8656040.pdf","23","24","Cell Physiol Biochem. 2014;33:920","not_found","real"
"pre.zip/PMC8656040.pdf","27","28","Exp Mol Med. 2020;52:548","not_found","real"
"pre.zip/PMC8656040.pdf","37","38","The interplay between mitochondrial reactive oxygen species, endoplasmic reticulum stress, and Nrf2 signaling in cardiometabolic health","not_found","real"
"pre.zip/PMC8656040.pdf","58","59","Polyphenols by generating H2O2, affect cell redox signaling, inhibit PTPs and activate Nrf2 axis for adaptation and cell surviving: in vitro, in vivo and human health","not_found","real"
"pre.zip/PMC8656040.pdf","89","90","Nutrition as metabolic treatment for anxiety","not_found","real"
"pre.zip/PMC8656040.pdf","102","103","Int J Cardiol. 2006;110:212","not_found","real"
"pre.zip/PMC8656040.pdf","110","111","Curr Nutr Rep. 2018;7:97","not_found","real"
"pre.zip/PMC8656040.pdf","124","125","ROS and redox signaling in myocardial ischemia-reperfusion injury and cardioprotection","not_found","real"
"pre.zip/PMC8656040.pdf","144","145","SGLT2 inhibitors as calorie restriction mimetics: insights on longevity pathways and age-related diseases","not_found","real"
"pre.zip/PMC8656040.pdf","0","1","Insulin translates unfavourable lifestyle into obesity","verified",""
"pre.zip/PMC8656040.pdf","1","2","Insulin: too much of a good thing is bad","verified",""
"pre.zip/PMC8656040.pdf","2","3","Energy metabolism in feasting and fasting","verified",""
"pre.zip/PMC8656040.pdf","3","4","Ketone bodies: a review of physiology, pathophysiology and application of monitoring to diabetes","verified",""
"pre.zip/PMC8656040.pdf","4","5","The biochemistry of ketogenesis and its role in weight management, neurological disease and oxidative stress","verified",""
"pre.zip/PMC8656040.pdf","5","6","Multi-dimensional roles of ketone bodies in fuel metabolism, signaling, and therapeutics","verified",""
"pre.zip/PMC8656040.pdf","6","7","Contribution of triglyceride-rich lipoproteins to plasma free fatty acids","verified",""
"pre.zip/PMC8656040.pdf","7","8","Chylomicron-derived fatty acid spillover in adipose tissue: a signature of metabolic health? J Clin Endocrinol Metab. 2018;103:25","verified",""
"pre.zip/PMC8656040.pdf","8","9","Ketone bodies mimic the life span extending properties of caloric restriction","verified",""
"pre.zip/PMC8656040.pdf","10","11","Concentrations of acetone in venous blood samples from drunk drivers, type-I diabetic outpatients, and healthy blood donors","verified",""
"pre.zip/PMC8656040.pdf","11","12","Blood ketone bodies and breath acetone analysis and their correlations in type 2 diabetes mellitus","verified",""
"pre.zip/PMC8656040.pdf","12","13","Studies in human lactation: milk volume and nutrient composition during weaning and lactogenesis","verified",""
"pre.zip/PMC8656040.pdf","13","14","The diabetic heart utilizes ketone bodies as an energy source","verified",""
"pre.zip/PMC8656040.pdf","14","15","Comprehensive quantification of fuel use by the failing and nonfailing human heart","verified",""
"pre.zip/PMC8656040.pdf","16","17","Metabolism of ketone bodies during exercise and training: physiological basis for exogenous supplementation","verified",""
"pre.zip/PMC8656040.pdf","17","18","Topology of superoxide production from different sites in the mitochondrial electron transport chain","verified",""
"pre.zip/PMC8656040.pdf","18","19","Induction of endogenous uncoupling protein 3 suppresses mitochondrial oxidant emission during fatty acid-supported respiration","verified",""
"pre.zip/PMC8656040.pdf","19","20","Nutritional ketosis and mitohormesis: potential implications for mitochondrial function and human health","verified",""
"pre.zip/PMC8656040.pdf","21","22","Ketosis (acetoacetate) can generate oxygen radicals and cause increased lipid peroxidation and growth inhibition in human endothelial cells","verified",""
"pre.zip/PMC8656040.pdf","24","25","Acetoacetic acid induces oxidative stress to inhibit the assembly of very low density lipoprotein in bovine hepatocytes","verified",""
"pre.zip/PMC8656040.pdf","25","26","Hyperketonemia (acetoacetate) upregulates NADP H oxidase 4 and elevates oxidative stress, ICAM-1, and monocyte adhesivity in endothelial cells","verified",""
"pre.zip/PMC8656040.pdf","26","27","Prominent action of butyrate over beta-hydroxybutyrate as histone deacetylase inhibitor, transcriptional modulator and anti-inflammatory molecule","verified",""
"pre.zip/PMC8656040.pdf","28","29","Acute oxidative stress and systemic Nrf2 activation by the ketogenic diet","verified",""
"pre.zip/PMC8656040.pdf","29","30","Ketogenic diet attenuates oxidative stress and inflammation after spinal cord injury by activating Nrf2 and suppressing the NF-kappaB signaling pathways","verified",""
"pre.zip/PMC8656040.pdf","30","31","The ketone metabolite beta-hydroxybutyrate blocks NLRP3 inflammasome-mediated inflammatory disease","verified",""
"pre.zip/PMC8656040.pdf","31","32","Metabolic responses in endothelial cells following exposure to ketone bodies","verified",""
"pre.zip/PMC8656040.pdf","32","33","Ketone body 3-hydroxybutyrate mimics calorie restriction via the Nrf2 activator, fumarate","verified",""
"pre.zip/PMC8656040.pdf","33","34","Nrf2 mediates cancer protection but not prolongevity induced by caloric restriction","verified",""
"pre.zip/PMC8656040.pdf","34","35","Two neurons mediate diet-restriction-induced longevity in C. elegans","verified",""
"pre.zip/PMC8656040.pdf","35","36","Mechanisms of activation of the transcription factor Nrf2 by redox stressors, nutrient cues, and energy status and the pathways through which it attenuates degenerative disease","verified",""
"pre.zip/PMC8656040.pdf","36","37","Emerging evidence for crosstalk between Nrf2 and mitochondria in physiological homeostasis and in heart disease","verified",""
"pre.zip/PMC8656040.pdf","38","39","Cis-element architecture of Nrf2-sMaf heterodimer binding sites and its relation to diseases","verified",""
"pre.zip/PMC8656040.pdf","39","40","Nrf2 activation and its coordination with the protective defense systems in response to electrophilic stress","verified",""
"pre.zip/PMC8656040.pdf","40","41","The molecular mechanisms regulating the KEAP1-NRF2 pathway","verified",""
"pre.zip/PMC8656040.pdf","41","42","Sirtuin signaling in cellular senescence and aging","verified",""
"pre.zip/PMC8656040.pdf","42","43","Multi-regulatory network of ROS: the interconnection of ROS, PGC-1 alpha, and AMPK-SIRT1 during exercise","verified",""
"pre.zip/PMC8656040.pdf","43","44","A ketogenic diet improves mitochondrial biogenesis and bioenergetics via the PGC1alpha-SIRT3-UCP2 axis","verified",""
"pre.zip/PMC8656040.pdf","44","45","Ketones improves apolipoprotein E4-related memory deficiency via sirtuin 3","verified",""
"pre.zip/PMC8656040.pdf","45","46","Sirtuin 3 mediates neuroprotection of ketones against ischemic stroke","verified",""
"pre.zip/PMC8656040.pdf","46","47","Mechanism of action of ketogenic diet treatment: impact of decanoic acid and beta-hydroxybutyrate on sirtuins and energy metabolism in hippocampal murine neurons","verified",""
"pre.zip/PMC8656040.pdf","47","48","AMPK-associated signaling to bridge the gap between fuel metabolism and hepatocyte viability","verified",""
"pre.zip/PMC8656040.pdf","48","49","Ketogenic diets, mitochondria, and neurological diseases","verified",""
"pre.zip/PMC8656040.pdf","50","51","Beta-hydroxybutyric acid attenuates neuronal damage in epileptic mice","verified",""
"pre.zip/PMC8656040.pdf","51","52","BHBA influences bovine hepatic lipid metabolism via AMPK signaling pathway","verified",""
"pre.zip/PMC8656040.pdf","52","53","A ketone ester diet increases brain malonyl-CoA and uncoupling proteins 4 and 5 while decreasing food intake in the normal Wistar Rat","verified",""
"pre.zip/PMC8656040.pdf","53","54","Mitochondrial biogenesis and increased uncoupling protein 1 in brown adipose tissue of mice fed a ketone ester diet","verified",""
"pre.zip/PMC8656040.pdf","54","55","The occurrence of hormetic dose responses in the toxicological literature, the hormesis database: an overview","verified",""
"pre.zip/PMC8656040.pdf","55","56","Nuclear factor erythroid-derived 2-like 2 (NFE2L2, Nrf2) mediates exercise-induced mitochondrial biogenesis and the anti-oxidant response in mice","verified",""
"pre.zip/PMC8656040.pdf","56","57","Partial involvement of Nrf2 in skeletal muscle mitohormesis as an adaptive response to mitochondrial uncoupling","verified",""
"pre.zip/PMC8656040.pdf","57","58","Multiple regulations of Keap1/Nrf2 system by dietary phytochemicals","verified",""
"pre.zip/PMC8656040.pdf","59","60","SIRT3 deacetylates mitochondrial 3-hydroxy-3-methylglutaryl CoA synthase 2 and regulates ketone body production","verified",""
"pre.zip/PMC8656040.pdf","60","61","Metabolic regulation of gene expression by histone lysine beta-hydroxybutyrylation","verified",""
"pre.zip/PMC8656040.pdf","61","62","Short-chain fatty acids and ketones directly regulate sympathetic nervous system via G protein-coupled receptor 41 (GPR41)","verified",""
"pre.zip/PMC8656040.pdf","62","63","(D)-beta-hydroxybutyrate inhibits adipocyte lipolysis via the nicotinic acid receptor PUMA-G","verified",""
"pre.zip/PMC8656040.pdf","63","64","Deorphanization of GPR109B as a receptor for the beta-oxidation intermediate 3-OH-octanoic acid and its role in the regulation of lipolysis","verified",""
"pre.zip/PMC8656040.pdf","64","65","The potential roles of very low calorie, very low calorie ketogenic diets and very low carbohydrate diets on the gut microbiota composition","verified",""
"pre.zip/PMC8656040.pdf","65","66","Microbial ecology: human gut microbes associated with obesity","verified",""
"pre.zip/PMC8656040.pdf","66","67","Reduced dietary intake of carbohydrates by obese subjects results in decreased concentrations of butyrate and butyrate-producing bacteria in feces","verified",""
"pre.zip/PMC8656040.pdf","67","68","Human colonic microbiota associated with diet, obesity and weight loss","verified",""
"pre.zip/PMC8656040.pdf","68","69","Effectiveness and safety of a novel care model for the management of type 2 diabetes at 1 year: an open-label, non-randomized, controlled study","verified",""
"pre.zip/PMC8656040.pdf","69","70","Cardiovascular disease risk factor responses to a type 2 diabetes care model including nutritional ketosis induced by sustained carbohydrate restriction at 1 year: an open label, non-randomized, controlled study","verified",""
"pre.zip/PMC8656040.pdf","70","71","Long-term effects of a novel continuous remote care intervention including nutritional ketosis for the management of type 2 diabetes: a 2-year non-randomized clinical trial","verified",""
"pre.zip/PMC8656040.pdf","71","72","Fasting: molecular mechanisms and clinical applications","verified",""
"pre.zip/PMC8656040.pdf","72","73","European guidelines for obesity management in adults with a very low-calorie ketogenic diet: a systematic review and meta-analysis","verified",""
"pre.zip/PMC8656040.pdf","73","74","Understanding the mechanisms of reversal of type 2 diabetes","verified",""
"pre.zip/PMC8656040.pdf","74","75","Serious analytical inconsistencies challenge the validity of the energy balance theory","verified",""
"pre.zip/PMC8656040.pdf","75","76","A randomized trial comparing a very low carbohydrate diet and a calorie-restricted low fat diet on body weight and cardiovascular risk factors in healthy women","verified",""
"pre.zip/PMC8656040.pdf","76","77","A low-carbohydrate as compared with a low-fat diet in severe obesity","verified",""
"pre.zip/PMC8656040.pdf","77","78","Comparison of a very low-calorie-ketogenic diet with a standard low-calorie diet in the treatment of obesity","verified",""
"pre.zip/PMC8656040.pdf","78","79","Obesity treatment by very low-calorie-ketogenic diet at two years: reduction in visceral fat and on the burden of disease","verified",""
"pre.zip/PMC8656040.pdf","79","80","Short-term safety, tolerability and efficacy of a very low-calorie-ketogenic diet interventional weight loss program versus hypocaloric diet in patients with type 2 diabetes mellitus","verified",""
"pre.zip/PMC8656040.pdf","80","81","Ketogenic diet-induced weight loss is associated with an increase in vitamin D levels in obese adults","verified",""
"pre.zip/PMC8656040.pdf","81","82","Effect of a very-low-calorie ketogenic diet on circulating myokine levels compared with the effect of bariatric surgery or a low-calorie diet in patients with obesity","verified",""
"pre.zip/PMC8656040.pdf","82","83","A randomized double-blind, cross-over trial of very low-calorie diet in overweight migraine patients: a possible role for ketones? Nutrients. 2019;11","verified",""
"pre.zip/PMC8656040.pdf","83","84","Efficacy of a 2-month very low-calorie ketogenic diet (VLCKD) compared to a standard low-calorie diet in reducing visceral and liver fat accumulation in patients with obesity","verified",""
"pre.zip/PMC8656040.pdf","84","85","Very-low-calorie ketogenic diet as a safe and valuable tool for long-term glycemic management in patients with obesity and type 2 diabetes","verified",""
"pre.zip/PMC8656040.pdf","85","86","Ketogenic diets for drug-resistant epilepsy","verified",""
"pre.zip/PMC8656040.pdf","86","87","Use of ketogenic diet therapy in infants with epilepsy: a systematic review and meta-analysis","verified",""
"pre.zip/PMC8656040.pdf","87","88","Metabolic control of epilepsy: a promising therapeutic target for epilepsy","verified",""
"pre.zip/PMC8656040.pdf","88","89","Effects of ketone bodies on brain metabolism and function in neurodegenerative diseases","verified",""
"pre.zip/PMC8656040.pdf","90","91","To keto or not to keto? A systematic review of randomized controlled trials assessing the effects of ketogenic therapy on Alzheimer disease","verified",""
"pre.zip/PMC8656040.pdf","91","92","Ketogenic diet reduces alcohol withdrawal symptoms in humans and alcohol intake in rodents","verified",""
"pre.zip/PMC8656040.pdf","92","93","Dietary glycemic index: health implications","verified",""
"pre.zip/PMC8656040.pdf","93","94","Comparison of the Atkins, Zone, Ornish, and LEARN diets for change in weight and related risk factors among overweight premenopausal women: the A TO Z Weight Loss Study: a randomized trial","verified",""
"pre.zip/PMC8656040.pdf","94","95","Randomised controlled trial of four commercial weight loss programmes in the UK: initial findings from the BBC “diet trials”","verified",""
"pre.zip/PMC8656040.pdf","95","96","Short-term effects of severe dietary carbohydrate-restriction advice in type 2 diabetes--a randomized controlled trial","verified",""
"pre.zip/PMC8656040.pdf","97","98","Effects of a high-protein ketogenic diet on hunger, appetite, and weight loss in obese men feeding ad libitum","verified",""
"pre.zip/PMC8656040.pdf","98","99","Resistance training in overweight women on a ketogenic diet conserved lean body mass while reducing body fat","verified",""
"pre.zip/PMC8656040.pdf","99","100","A ketogenic diet reduces central obesity and serum insulin in women with ovarian or endometrial cancer","verified",""
"pre.zip/PMC8656040.pdf","100","101","The effect of an 8 week prescribed exercise and low-carbohydrate diet on cardiorespiratory fitness, body composition and cardiometabolic risk factors in obese individuals: a randomised controlled trial","verified",""
"pre.zip/PMC8656040.pdf","101","102","Impact of a ketogenic diet on metabolic parameters in patients with obesity or overweight and with or without type 2 diabetes: a meta-analysis of randomized controlled trials","verified",""
"pre.zip/PMC8656040.pdf","103","104","Dietary carbohydrate restriction induces a unique metabolic state positively affecting atherogenic dyslipidemia, fatty acid partitioning, and metabolic syndrome","verified",""
"pre.zip/PMC8656040.pdf","104","105","Regulation of low-density lipoprotein subfractions by carbohydrates","verified",""
"pre.zip/PMC8656040.pdf","105","106","Dietary carbohydrate restriction improves metabolic syndrome independent of weight loss","verified",""
"pre.zip/PMC8656040.pdf","106","107","Effect of carbohydrate-restricted dietary interventions on LDL particle size and number in adults in the context of weight loss or weight maintenance: a systematic review and meta-analysis","verified",""
"pre.zip/PMC8656040.pdf","107","108","Differential metabolic effects of saturated versus polyunsaturated fats in ketogenic diets","verified",""
"pre.zip/PMC8656040.pdf","108","109","Effects of dietary macronutrients on liver fat content in adults: a systematic review and meta-analysis of randomized controlled trials","verified",""
"pre.zip/PMC8656040.pdf","111","112","Effect of a sodium and calcium DL-beta-hydroxybutyrate salt in healthy adults","verified",""
"pre.zip/PMC8656040.pdf","112","113","Kinetics, safety and tolerability of (R)-3-hydroxybutyl (R)-3-hydroxybutyrate in healthy adult subjects","verified",""
"pre.zip/PMC8656040.pdf","113","114","Safety and tolerability of sustained exogenous ketosis using ketone monoester drinks for 28 days in healthy adults","verified",""
"pre.zip/PMC8656040.pdf","114","115","Association of beta-hydroxybutyrate with development of heart failure: sex differences in a Dutch population cohort","verified",""
"pre.zip/PMC8656040.pdf","115","116","Insulin, ketone bodies, and mitochondrial energy transduction","verified",""
"pre.zip/PMC8656040.pdf","116","117","Ketones can become the major fuel source for the heart but do not increase cardiac efficiency","verified",""
"pre.zip/PMC8656040.pdf","117","118","The failing heart relies on ketone bodies as a fuel","verified",""
"pre.zip/PMC8656040.pdf","118","119","Evidence for intramyocardial disruption of lipid metabolism and increased myocardial ketone utilization in advanced human heart failure","verified",""
"pre.zip/PMC8656040.pdf","119","120","Low carbohydrate ketogenic diet enhances cardiac tolerance to global ischaemia","verified",""
"pre.zip/PMC8656040.pdf","120","121","Short-term fasting reduces the extent of myocardial infarction and incidence of reperfusion arrhythmias in rats","verified",""
"pre.zip/PMC8656040.pdf","121","122","DL-3-Hydroxybutyrate administration prevents myocardial damage after coronary occlusion in rat hearts","verified",""
"pre.zip/PMC8656040.pdf","122","123","Treatment with D-beta-hydroxybutyrate protects heart from ischemia/reperfusion injury in mice","verified",""
"pre.zip/PMC8656040.pdf","123","124","The failing heart utilizes 3-hydroxybutyrate as a metabolic stress defense","verified",""
"pre.zip/PMC8656040.pdf","125","126","The Nrf-2/HO-1 signaling axis: a ray of hope in cardiovascular diseases","verified",""
"pre.zip/PMC8656040.pdf","126","127","Cardioprotective roles of beta-hydroxybutyrate against doxorubicin induced cardiotoxicity","verified",""
"pre.zip/PMC8656040.pdf","127","128","SGLT2 inhibitors may predispose to ketoacidosis","verified",""
"pre.zip/PMC8656040.pdf","128","129","Shift to fatty substrate utilization in response to sodium-glucose cotransporter 2 inhibition in subjects without diabetes and patients with type 2 diabetes","verified",""
"pre.zip/PMC8656040.pdf","129","130","Sodium-glucose transporter inhibition in heart failure: from an unexpected side effect to a novel treatment possibility","verified",""
"pre.zip/PMC8656040.pdf","130","131","Dapagliflozin and cardiovascular outcomes in type 2 diabetes","verified",""
"pre.zip/PMC8656040.pdf","131","132","Canagliflozin and cardiovascular and renal events in type 2 diabetes","verified",""
"pre.zip/PMC8656040.pdf","132","133","Empagliflozin, cardiovascular outcomes, and mortality in type 2 diabetes","verified",""
"pre.zip/PMC8656040.pdf","133","134","Cardiovascular benefits of SGLT2 inhibitors in patients with heart failure: a meta-analysis of small and large randomized controlled trials","verified",""
"pre.zip/PMC8656040.pdf","134","135","Cardioprotective effects of sirtuin-1 and its downstream effectors: potential role in mediating the heart failure benefits of SGLT2 (sodium-glucose cotransporter 2) inhibitors","verified",""
"pre.zip/PMC8656040.pdf","135","136","CV protection in the EMPA-REG OUTCOME Trial: a “thrifty substrate” hypothesis","verified",""
"pre.zip/PMC8656040.pdf","136","137","Empagliflozin increases cardiac energy production in diabetes: novel translational insights into the heart failure benefits of SGLT2 inhibitors","verified",""
"pre.zip/PMC8656040.pdf","137","138","SGLT2 inhibition with empagliflozin attenuates myocardial oxidative stress and fibrosis in diabetic mice heart","verified",""
"pre.zip/PMC8656040.pdf","138","139","Empagliflozin ameliorates obesity-related cardiac dysfunction by regulating Sestrin2-mediated AMPK-mTOR signaling and redox homeostasis in high-fat diet-induced obese mice","verified",""
"pre.zip/PMC8656040.pdf","139","140","Activation of autophagy and suppression of apoptosis by dapagliflozin attenuates experimental inflammatory bowel disease in rats: targeting AMPK/mTOR, HMGB1/RAGE and Nrf2/HO-1 pathways","verified",""
"pre.zip/PMC8656040.pdf","140","141","The Na+/glucose cotransporter inhibitor canagliflozin activates AMPK by inhibiting mitochondrial function and increasing cellular AMP levels","verified",""
"pre.zip/PMC8656040.pdf","141","142","Empagliflozin rescues diabetic myocardial microvascular injury via AMPK-mediated inhibition of mitochondrial fission","verified",""
"pre.zip/PMC8656040.pdf","142","143","Empagliflozin protects heart from inflammation and energy depletion via AMPK activation","verified",""
"pre.zip/PMC8656040.pdf","143","144","Dapagliflozin and ticagrelor have additive effects on the attenuation of the activation of the NLRP3 inflammasome and the progression of diabetic cardiomyopathy: an AMPK-mTOR interplay","verified",""
"pre.zip/PMC8656040.pdf","145","146","Sodium-glucose cotransporter-2 inhibitor empagliflozin ameliorates sunitinib-induced cardiac dysfunction via regulation of AMPK-mTOR signaling pathway-mediated autophagy","verified",""
"pre.zip/PMC8656040.pdf","146","147","Ipragliflozin, an SGLT2 inhibitor, ameliorates high-fat diet-induced metabolic changes by upregulating energy expenditure through activation of the AMPK/SIRT1 pathway","verified",""
"pre.zip/PMC8656040.pdf","147","148","SGLT-2 inhibition with dapagliflozin reduces the activation of the Nlrp3/ASC inflammasome and attenuates the development of diabetic cardiomyopathy in mice with type 2 diabetes","verified",""
"pre.zip/PMC8656040.pdf","148","149","The SGLT2 inhibitor dapagliflozin attenuates the activity of ROS-NLRP3 inflammasome axis in steatohepatitis with diabetes mellitus","verified",""
"pre.zip/PMC8656040.pdf","149","150","Empagliflozin prevents doxorubicin-induced myocardial dysfunction","verified",""
"pre.zip/PMC8656040.pdf","151","152","Effects of ketogenic diet and ketone bodies on the cardiovascular system: concentration matters","verified",""
"pre.zip/PMC8656040.pdf","152","153","Euglycemic diabetic ketoacidosis: a predictable, detectable, and preventable safety concern with SGLT2 inhibitors","verified",""
"pre.zip/PMC8656040.pdf","154","155","Sodium-glucose cotransporter type 2 inhibitors for the treatment of type 2 diabetes mellitus","verified",""
"pre.zip/PMC8656040.pdf","155","156","Hyperketonemia can increase lipid peroxidation and lower glutathione levels in human erythrocytes in vitro and in type 1 diabetic patients","verified",""
"pre.zip/PMC8750764.pdf","3","4","Fiscal year 2013 annual report","not_found","real"
"pre.zip/PMC8750764.pdf","5","6","MMWR Surveill Summ. 2013;62(6):1–19","not_found","real"
"pre.zip/PMC8750764.pdf","15","16","AOG.0000194079.66834.d5","not_found","real"
"pre.zip/PMC8750764.pdf","18","19","Plast Reconstr Surg. 2000;105(2):485–91","not_found","real"
"pre.zip/PMC8750764.pdf","32","33","Multiple malformations and maternal smoking","not_found","real"
"pre.zip/PMC8750764.pdf","41","42","","not_found","real"
"pre.zip/PMC8750764.pdf","4","5","Current cigarette smoking among adults - United States","mismatch","real"
"pre.zip/PMC8750764.pdf","7","8","Smoking cessation in pregnancy: a continuing challenge in the United States","mismatch","real"
"pre.zip/PMC8750764.pdf","10","11","Maternal smoking and the risk of still birth: systematic review and meta-analysis","mismatch","real"
"pre.zip/PMC8750764.pdf","13","14","Maternal smoking and congenital heart defects in the Baltimore-Washington Infant Study","mismatch","real"
"pre.zip/PMC8750764.pdf","20","21","Increased risk of congenital heart disease in twins in the North of England between 1998 and 2010","mismatch","real"
"pre.zip/PMC8750764.pdf","30","31","Tomato juice protects the lungs of the offspring of female rats exposed to nicotine during gestation and lactation","mismatch","real"
"pre.zip/PMC8750764.pdf","33","34","Maternal cigarette smoking during pregnancy and risk of oral clefts in newborns","mismatch","real"
"pre.zip/PMC8750764.pdf","36","37","The influence of misclassification bias on the reported rates of congenital anomalies on the birth certificates for West Virginia--a consequence of an open-ended query","mismatch","real"
"pre.zip/PMC8750764.pdf","1","2","March of Dimes global report on birth defects: the hidden toll of dying and disabled children","verified",""
"pre.zip/PMC8750764.pdf","2","3","Infant mortality in the United States, 2017: data from the period linked birth/infant death file","verified",""
"pre.zip/PMC8750764.pdf","6","7","National, regional, and global prevalence of smoking during pregnancy in the general population: a systematic review and meta-analysis","verified",""
"pre.zip/PMC8750764.pdf","8","9","Independent and combined effects of maternal smoking and solid fuel on infant and child mortality in sub-Saharan Africa","verified",""
"pre.zip/PMC8750764.pdf","9","10","Maternal cigarette smoking before and during pregnancy and the risk of preterm birth: a dose-response analysis of 25 million mother-infant pairs","verified",""
"pre.zip/PMC8750764.pdf","11","12","Smoking and orofacial clefts: a United Kingdom-based case-control study","verified",""
"pre.zip/PMC8750764.pdf","12","13","Maternal smoking in pregnancy and risk for congenital malformations: results of a Danish register-based cohort study","verified",""
"pre.zip/PMC8750764.pdf","14","15","Smoking habits, nicotine use, and congenital malformations","verified",""
"pre.zip/PMC8750764.pdf","16","17","Maternal smoking during pregnancy: no association with congenital malformations in Missouri","verified",""
"pre.zip/PMC8750764.pdf","17","18","Role of maternal smoking and maternal reproductive history in the etiology of hypospadias in the offspring","verified",""
"pre.zip/PMC8750764.pdf","21","22","Chronic hypertension in pregnancy and the risk of congenital malformations: a cohort study","verified",""
"pre.zip/PMC8750764.pdf","22","23","Association of maternal prepregnancy diabetes and gestational diabetes mellitus with congenital anomalies of the newborn","verified",""
"pre.zip/PMC8750764.pdf","24","25","Multiple imputation of discrete and continuous data by fully conditional specification","verified",""
"pre.zip/PMC8750764.pdf","25","26","Current concepts on the effect of environmental factors on cleft lip and palate","verified",""
"pre.zip/PMC8750764.pdf","26","27","Maternal smoking in pregnancy and birth defects: a systematic review based on 173 687 malformed cases and 11.7 million controls","verified",""
"pre.zip/PMC8750764.pdf","27","28","Is maternal smoking during pregnancy associated with an increased risk of congenital heart defects among offspring? A systematic review and meta-analysis of observational studies","verified",""
"pre.zip/PMC8750764.pdf","28","29","The effects of cigarette smoke extract on ovulation, oocyte morphology and ovarian gene expression in mice","verified",""
"pre.zip/PMC8750764.pdf","29","30","Nicotine metabolism and elimination kinetics in newborns","verified",""
"pre.zip/PMC8750764.pdf","31","32","Women’s perspectives on smoking and pregnancy and graphic warning labels","verified",""
"pre.zip/PMC8750764.pdf","34","35","Systematic review and meta-analysis of miscarriage and maternal exposure to tobacco smoke during pregnancy","verified",""
"pre.zip/PMC8750764.pdf","35","36","Assessing the quality of medical and health data from the 2003 birth certificate revision: results from New York city","verified",""
"pre.zip/PMC8750764.pdf","37","38","Maternal smoking and birth defects: validity of birth certificate data for effect estimation","verified",""
"pre.zip/PMC8750764.pdf","38","39","Self-reported smoking, cotinine levels, and patterns of smoking in pregnancy","verified",""
"pre.zip/PMC8750764.pdf","39","40","Impact of passive smoking on uterine, umbilical, and fetal middle cerebral artery blood flows","verified",""
"pre.zip/PMC8750764.pdf","40","41","Maternal periconceptional smoking and alcohol consumption and risk for select congenital anomalies","verified",""
"pre.zip/PMC8750764.pdf","42","43","Treating tobacco use and dependence: an evidence-based clinical practice guideline for tobacco cessation","verified",""
"pre.zip/PMC8753858.pdf","9","10","Gold MR; Panel on Cost-Effectiveness in Health and Medicine","not_found","real"
"pre.zip/PMC8753858.pdf","11","12","Am J Obstet Gynecol. 2004; 191(4):1070–6","not_found","real"
"pre.zip/PMC8753858.pdf","16","17","BMJ. 2011;342(apr07 2):d1548","not_found","real"
"pre.zip/PMC8753858.pdf","17","18","BMJ. 2011;342(apr11 1):d1766","not_found","real"
"pre.zip/PMC8753858.pdf","32","33","","not_found","real"
"pre.zip/PMC8753858.pdf","39","40","Consolidated Health Economic Evaluation Reporting Standards 2022 (CHEERS 2022) Explanation and Elaboration: A report of the ISPOR CHEERS II Good Practices Task Force","not_found","real"
"pre.zip/PMC8753858.pdf","50","51","Translation and validation of study instruments for cross-cultural research","not_found","uncertain"
"pre.zip/PMC8753858.pdf","4","5","Reporting guidelines of health research studies are frequently used inappropriately","mismatch","real"
"pre.zip/PMC8753858.pdf","21","22","Recommendations for conduct, methodological practices, and reporting of cost-effectiveness analyses: second panel on cost-effectiveness in health and medicine","mismatch","real"
"pre.zip/PMC8753858.pdf","26","27","Developing open-source models for the US health system: practical experiences and challenges to date with the open-source value project","mismatch","real"
"pre.zip/PMC8753858.pdf","33","34","The International Decision Support Initiative reference case for economic evaluation: an aid to thought","mismatch","real"
"pre.zip/PMC8753858.pdf","35","36","Distributional cost-effectiveness analysis comes of age","mismatch","real"
"pre.zip/PMC8753858.pdf","46","47","Principles for deliberative processes in health technology assessment","mismatch","real"
"pre.zip/PMC8753858.pdf","0","1","Economic evaluation in global perspective: a bibliometric analysis of the recent literature","verified",""
"pre.zip/PMC8753858.pdf","1","2","The changing face of the cost-utility literature","verified",""
"pre.zip/PMC8753858.pdf","2","3","Growth and capacity for cost-effectiveness analysis in Africa","verified",""
"pre.zip/PMC8753858.pdf","3","4","Consolidated Health Economic Evaluation Reporting Standards (CHEERS)-- explanation and elaboration: a report of the ISPOR Health Economic Evaluation Publication Guidelines Good Reporting Practices Task Force","verified",""
"pre.zip/PMC8753858.pdf","5","6","Adherence to the iDSI reference case among published cost-per-DALY averted studies","verified",""
"pre.zip/PMC8753858.pdf","6","7","Economic analysis of health care technology","verified",""
"pre.zip/PMC8753858.pdf","7","8","Cost-effectiveness in health and medicine","verified",""
"pre.zip/PMC8753858.pdf","8","9","Guidelines for authors and peer reviewers of economic submissions to the BMJ","verified",""
"pre.zip/PMC8753858.pdf","10","11","Reporting format for economic evaluation","verified",""
"pre.zip/PMC8753858.pdf","12","13","Increasing the generalizability of economic evaluations: recommendations for the design, analysis, and reporting of studies","verified",""
"pre.zip/PMC8753858.pdf","13","14","Cost-effectiveness analysis alongside clinical trials II-An ISPOR Good Research Practices Task Force report","verified",""
"pre.zip/PMC8753858.pdf","14","15","Evidence and Value: Impact on DEcisionMaking--the EVIDEM framework and potential applications","verified",""
"pre.zip/PMC8753858.pdf","15","16","Guidelines for conducting and reporting economic evaluation of fall prevention strategies","verified",""
"pre.zip/PMC8753858.pdf","18","19","Adapting the CHEERS Statement for reporting cost-benefit analysis","verified",""
"pre.zip/PMC8753858.pdf","19","20","Best practices for conducting economic evaluations in health care: a systematic review of quality assessment tools","verified",""
"pre.zip/PMC8753858.pdf","20","21","The hazards of scoring the quality of clinical trials for meta-analysis","verified",""
"pre.zip/PMC8753858.pdf","24","25","Health economics analysis plans: Where are we now? Value Health","verified",""
"pre.zip/PMC8753858.pdf","25","26","Benefits, challenges and potential strategies of open source health economic models","verified",""
"pre.zip/PMC8753858.pdf","27","28","Making health economic models Shiny: A tutorial","verified",""
"pre.zip/PMC8753858.pdf","29","30","A call for open-source cost-effectiveness analysis","verified",""
"pre.zip/PMC8753858.pdf","30","31","WHO guide for standardization of economic evaluations of immunization programmes","verified",""
"pre.zip/PMC8753858.pdf","31","32","Economic analysis of vaccination programs: An ISPOR Good Practices for Outcomes Research Task Force Report","verified",""
"pre.zip/PMC8753858.pdf","34","35","Explicit incorporation of equity considerations into economic evaluation of public health interventions","verified",""
"pre.zip/PMC8753858.pdf","36","37","Patient and public involvement in health economics and outcomes research","verified",""
"pre.zip/PMC8753858.pdf","37","38","Contribution of stakeholder engagement to the impact of a health technology assessment: an Irish case study","verified",""
"pre.zip/PMC8753858.pdf","38","39","Involving patients in health economics research: “The PACTS Principles”","verified",""
"pre.zip/PMC8753858.pdf","40","41","Criteria and Process for Initiating and Developing an ISPOR Good Practices Task Force Report","verified",""
"pre.zip/PMC8753858.pdf","41","42","Guidance for developers of health research reporting guidelines","verified",""
"pre.zip/PMC8753858.pdf","42","43","GRIPP2 reporting checklists: tools to improve reporting of patient and public involvement in research","verified",""
"pre.zip/PMC8753858.pdf","43","44","Methods for the economic evaluation of health care programmes","verified",""
"pre.zip/PMC8753858.pdf","44","45","Budget impact analysis-principles of good practice: report of the ISPOR 2012 Budget Impact Analysis Good Practice II Task Force","verified",""
"pre.zip/PMC8753858.pdf","45","46","Constrained optimization methods in health services research-an introduction: Report 1 of the ISPOR Optimization Methods Emerging Good Practices Task Force","verified",""
"pre.zip/PMC8753858.pdf","48","49","A history of the evolution of guidelines for reporting medical research: the long road to the EQUATOR Network","verified",""
"pre.zip/PMC8753858.pdf","49","50","Reproducible research practices, openness and transparency in health economic evaluations: study protocol for a cross-sectional comparative analysis","verified",""
"pre.zip/PMC8762859.pdf","2","3","Fast and Slow","not_found","real"
"pre.zip/PMC8762859.pdf","36","37","The psychology of social class: how socioeconomic status impacts thought, feelings, and behaviour","not_found","real"
"pre.zip/PMC8762859.pdf","37","38","","not_found","real"
"pre.zip/PMC8762859.pdf","10","11","The efficacy of 'high in' warning labels, health star and traffic light front-of-package labelling: an online randomised control trial","mismatch","real"
"pre.zip/PMC8762859.pdf","26","27","Reporting of Multi-Arm Parallel-Group Randomized Trials: Extension of the CONSORT 2010 Statement","mismatch","real"
"pre.zip/PMC8762859.pdf","29","30","Designing a healthy food-store intervention; a co-creative process between interventionists and supermarket actors","mismatch","real"
"pre.zip/PMC8762859.pdf","1","2","The contribution of health behaviors to socioeconomic inequalities in health: a systematic review","verified",""
"pre.zip/PMC8762859.pdf","3","4","Why are some population interventions for diet and obesity more equitable and effective than others? The role of individual agency","verified",""
"pre.zip/PMC8762859.pdf","4","5","The effects of nudges on purchases, food choice, and energy intake or content of purchases in real-life food purchasing environments: a systematic review and evidence synthesis","verified",""
"pre.zip/PMC8762859.pdf","5","6","The TIPPME intervention typology for changing environments to change behaviour","verified",""
"pre.zip/PMC8762859.pdf","6","7","Randomised controlled trial in an experimental online supermarket testing the effects of front-of-pack nutrition labelling on food purchasing intentions in a low-income population","verified",""
"pre.zip/PMC8762859.pdf","7","8","Randomized trial evaluating the effectiveness of within versus across-category front-of-package lower-calorie labelling on food demand","verified",""
"pre.zip/PMC8762859.pdf","8","9","A randomized controlled trial testing the effects of a positive front-of-pack label with or without a physical activity equivalent label on food purchases","verified",""
"pre.zip/PMC8762859.pdf","9","10","The Effect of Dynamic Food Labels with Real-Time Feedback on Diet Quality: Results from a Randomized Controlled Trial","verified",""
"pre.zip/PMC8762859.pdf","11","12","Effectiveness of different front-of-pack nutrition labels among Italian consumers: results from an online randomized controlled trial","verified",""
"pre.zip/PMC8762859.pdf","12","13","A randomized controlled trial evaluating the relative effectiveness of the multiple traffic light and nutri-score front of package nutrition labels","verified",""
"pre.zip/PMC8762859.pdf","13","14","Point-of-decision prompts increase dietary fiber content of consumers’ food choices in an online grocery shopping simulation","verified",""
"pre.zip/PMC8762859.pdf","14","15","Influence of front-of-pack labelling and regulated nutrition claims on consumers' perceptions of product healthfulness and purchase intentions: A randomized controlled trial","verified",""
"pre.zip/PMC8762859.pdf","15","16","Impact of different front-of-pack nutrition labels on consumer purchasing intentions a randomized controlled trial","verified",""
"pre.zip/PMC8762859.pdf","16","17","Prominent positioning and food swaps are effective interventions to reduce the saturated fat content of the shopping basket in an experimental online supermarket: a randomized controlled trial","verified",""
"pre.zip/PMC8762859.pdf","17","18","Optimising swaps to reduce the salt content of food purchases in a virtual online supermarket: a randomised controlled trial","verified",""
"pre.zip/PMC8762859.pdf","18","19","Effectiveness of instore displays in a virtual store environment","verified",""
"pre.zip/PMC8762859.pdf","19","20","Shelf sequence and proximity effects on online grocery choices","verified",""
"pre.zip/PMC8762859.pdf","20","21","Nudging while online grocery shopping: A randomized feasibility trial to enhance nutrition in individuals with food insecurity","verified",""
"pre.zip/PMC8762859.pdf","21","22","Effects of labelling and increasing the proportion of lower-energy density products on online food shopping: a randomised control trial in high-and low-socioeconomic position participants","verified",""
"pre.zip/PMC8762859.pdf","22","23","Offering within-category food swaps to reduce energy density of food purchases: a study using an experimental online supermarket","verified",""
"pre.zip/PMC8762859.pdf","23","24","Effects of front-of-pack labels on the nutritional quality of supermarket food purchases: evidence from a large-scale randomized controlled trial","verified",""
"pre.zip/PMC8762859.pdf","24","25","Impact of 'traffic-light' nutrition information on online food purchases in Australia","verified",""
"pre.zip/PMC8762859.pdf","25","26","Improving cardiometabolic health through nudging dietary behaviours and physical activity in low SES adults: design of the Supreme Nudge project","verified",""
"pre.zip/PMC8762859.pdf","28","29","Reducing cardiometabolic risk in adults with a low socioeconomic position: protocol of the Supreme Nudge parallel cluster-randomised controlled supermarket trial","verified",""
"pre.zip/PMC8762859.pdf","30","31","Determinants of food choice and perceptions of supermarket-based nudging interventions among adults with low socioeconomic position: the SUPREME NUDGE Project","verified",""
"pre.zip/PMC8762859.pdf","31","32","The 2015 Dutch food-based dietary guidelines","verified",""
"pre.zip/PMC8762859.pdf","32","33","Development of healthy and sustainable food-based dietary guidelines for the Netherlands","verified",""
"pre.zip/PMC8762859.pdf","33","34","Nonparametric bootstrapping for hierarchical data","verified",""
"pre.zip/PMC8762859.pdf","34","35","Adjusting for multiple testing--when and how? J Clin Epidemiol. 2001;54(4):343–9","verified",""
"pre.zip/PMC8762859.pdf","35","36","Understanding psychological reactance new developments and findings","verified",""
"pre.zip/PMC8762859.pdf","38","39","Influence of front-of-pack labelling and regulated nutrition claims on consumers' perceptions of product healthfulness and purchase intentions: a randomized controlled trial (vol 149, 104629, 2020)","verified",""
"pre.zip/PMC8762859.pdf","39","40","Impact of different front-of-pack nutrition labels on consumer purchasing intentions: results of a randomized controlled trial","verified",""
"pre.zip/PMC8762859.pdf","40","41","An in-store experiment on the effect of accessibility on sales of wholegrain and white bread in supermarkets","verified",""
"pre.zip/PMC8762859.pdf","41","42","Shifting toward a healthier dietary pattern through nudging and pricing strategies: a secondary analysis of a randomized virtual supermarket experiment","verified",""
"pre.zip/PMC8762859.pdf","42","43","Online grocery shopping: promise and pitfalls for healthier food and beverage purchases","verified",""
"pre.zip/PMC8767669.pdf","17","18","Age as a risk factor","not_found","real"
"pre.zip/PMC8767669.pdf","18","19","","not_found","real"
"pre.zip/PMC8767669.pdf","19","20","Committees MIa: Arrhythmia and sudden death in hemodialysis patients: protocol and baseline characteristics of the monitoring in dialysis study","not_found","real"
"pre.zip/PMC8767669.pdf","30","31","Endorsed by: Association for European Paediatric and Congenital Cardiology (AEPC)","not_found","real"
"pre.zip/PMC8767669.pdf","32","33","Endorsed by the International Society for Computerized Electrocardiology","not_found","real"
"pre.zip/PMC8767669.pdf","39","40","Br J Pharmacol. 2020;177(14):3273–90","not_found","real"
"pre.zip/PMC8767669.pdf","47","48","Exp Gerontol 2017, 87(Pt B):156-159","not_found","real"
"pre.zip/PMC8767669.pdf","48","49","Aging Clin Exp Res. 2016;28(1):69–76","not_found","real"
"pre.zip/PMC8767669.pdf","54","55","Clin J Am Soc Nephrol. 2016;11(12):2210–7","not_found","real"
"pre.zip/PMC8767669.pdf","56","57","","not_found","real"
"pre.zip/PMC8767669.pdf","69","70","Associations of serum and dialysate electrolytes with QT interval and prolongation in incident hemodialysis: the Predictors of Arrhythmic and Navarro-García et al","not_found","uncertain"
"pre.zip/PMC8767669.pdf","85","86","Calcitriol, the bioactive metabolite of vitamin D, increases ventricular K. Front Physiol. 2018;9:1186","not_found","real"
"pre.zip/PMC8767669.pdf","89","90","Circ Res. 1996;79(4):669–75","not_found","real"
"pre.zip/PMC8767669.pdf","93","94","Exp Biol Med (Maywood). 2020;245(1):66–78","not_found","real"
"pre.zip/PMC8767669.pdf","1","2","Cardiovascular disease in chronic kidney disease","mismatch","real"
"pre.zip/PMC8767669.pdf","2","3","The heart and vascular system in dialysis","mismatch","real"
"pre.zip/PMC8767669.pdf","5","6","Fibroblast growth factor 23 and risks of mortality and end-stage renal disease in patients with chronic kidney disease","mismatch","real"
"pre.zip/PMC8767669.pdf","9","10","Klotho converts canonical FGF receptor into a specific receptor for FGF23","mismatch","real"
"pre.zip/PMC8767669.pdf","12","13","Soluble Klotho protects against uremic cardiomyopathy independently of fibroblast growth factor 23 and phosphate","mismatch","real"
"pre.zip/PMC8767669.pdf","24","25","Changes in QTc interval in long-term hemodialysis patients","mismatch","real"
"pre.zip/PMC8767669.pdf","35","36","Enhanced Klotho availability protects against cardiac dysfunction induced by uraemic cardiomyopathy by regulating Ca","mismatch","real"
"pre.zip/PMC8767669.pdf","40","41","Prolonged T peak - T end interval is a risk factor for sudden cardiac death in adults with congenital heart disease","mismatch","real"
"pre.zip/PMC8767669.pdf","43","44","Association between soluble Klotho and change in kidney function: the health aging and body composition study","mismatch","real"
"pre.zip/PMC8767669.pdf","46","47","Transformation of adult rat cardiac myocytes in primary culture","mismatch","real"
"pre.zip/PMC8767669.pdf","52","53","Sudden cardiac death in haemodialysis: clinical epidemiology and mechanisms","mismatch","real"
"pre.zip/PMC8767669.pdf","53","54","A personalized approach to chronic kidney disease and cardiovascular disease: JACC Review Topic of the Week","mismatch","real"
"pre.zip/PMC8767669.pdf","57","58","Plasma Klotho and cardiovascular disease in adults","mismatch","real"
"pre.zip/PMC8767669.pdf","59","60","SOLUBLE Klotho and mortality: the Ludwigshafen Risk and Cardiovascular Health Study","mismatch","real"
"pre.zip/PMC8767669.pdf","62","63","Induction of cardiac FGF23/FGFR4 expression is associated with left ventricular hypertrophy in patients with chronic kidney disease","mismatch","real"
"pre.zip/PMC8767669.pdf","63","64","Fibroblast growth factor-23 and incident atrial fibrillation: the Multi-Ethnic Study of Atherosclerosis (MESA) and the Cardiovascular Health Study (CHS)","mismatch","real"
"pre.zip/PMC8767669.pdf","76","77","Fibroblast growth factor 23 and left ventricular mass index in maintenance hemodialysis patients: standard versus long nocturnal hemodialysis","mismatch","real"
"pre.zip/PMC8767669.pdf","78","79","Tpeak-Tend interval and Tpeak-Tend/QT ratio in patients with Brugada syndrome","mismatch","real"
"pre.zip/PMC8767669.pdf","80","81","Comparison of Tpe changing on ECG, in pre and post dialysis and post transplantation","mismatch","real"
"pre.zip/PMC8767669.pdf","83","84","Arrhythmogenic ion-channel remodeling in the heart: heart failure, myocardial infarction, and atrial fibrillation","mismatch","real"
"pre.zip/PMC8767669.pdf","84","85","Functional knockout of the transient outward current, long-QT syndrome, and cardiac remodeling in mice expressing a dominant-negative Kv4 alpha subunit","mismatch","real"
"pre.zip/PMC8767669.pdf","92","93","FGF23 induced left ventricular hypertrophy mediated by FGFR4 signaling in the myocardium is attenuated by soluble Klotho in mice","mismatch","real"
"pre.zip/PMC8767669.pdf","0","1","Chronic kidney disease and the risks of death, cardiovascular events, and hospitalization","verified",""
"pre.zip/PMC8767669.pdf","3","4","Mineral metabolism, mortality, and morbidity in maintenance hemodialysis","verified",""
"pre.zip/PMC8767669.pdf","4","5","Longitudinal FGF23 trajectories and mortality in patients with CKD","verified",""
"pre.zip/PMC8767669.pdf","6","7","Fibroblast growth factor 23 and mortality among patients undergoing hemodialysis","verified",""
"pre.zip/PMC8767669.pdf","7","8","Update on fibroblast growth factor 23 in chronic kidney disease","verified",""
"pre.zip/PMC8767669.pdf","8","9","Fibroblast growth factor-23 and risks of cardiovascular and noncardiovascular diseases: a meta-analysis","verified",""
"pre.zip/PMC8767669.pdf","10","11","Mutation of the mouse klotho gene leads to a syndrome resembling ageing","verified",""
"pre.zip/PMC8767669.pdf","11","12","Insulin stimulates the cleavage and release of the extracellular domain of Klotho by ADAM10 and ADAM17","verified",""
"pre.zip/PMC8767669.pdf","13","14","Secreted Klotho and FGF23 in chronic kidney disease Stage 1 to 5: a sequence suggested from a cross-sectional study","verified",""
"pre.zip/PMC8767669.pdf","14","15","Out of control: accelerated aging in uremia","verified",""
"pre.zip/PMC8767669.pdf","15","16","Chronic kidney disease: a clinical model of premature aging","verified",""
"pre.zip/PMC8767669.pdf","16","17","Clinical epidemiology of cardiovascular disease in chronic renal disease","verified",""
"pre.zip/PMC8767669.pdf","20","21","Martinez de Francisco AL, Ortega I et al: Role of genetic and electrolyte abnormalities in prolonged QTc interval and sudden cardiac death in end-stage renal disease patients","verified",""
"pre.zip/PMC8767669.pdf","21","22","Task force on sudden cardiac death of the European Society of Cardiology","verified",""
"pre.zip/PMC8767669.pdf","22","23","QT interval prolongation, torsade de pointes and renal disease","verified",""
"pre.zip/PMC8767669.pdf","23","24","Prolonged QT interval is linked to all-cause and cardiac mortality in chronic peritoneal dialysis patients","verified",""
"pre.zip/PMC8767669.pdf","25","26","A case series of chronic haemodialysis patients: mortality, sudden death, and QT interval","verified",""
"pre.zip/PMC8767669.pdf","26","27","Value of corrected QT interval dispersion in identifying patients initiating dialysis at increased risk of total and cardiovascular mortality","verified",""
"pre.zip/PMC8767669.pdf","27","28","Changes in QT interval before and after hemodialysis","verified",""
"pre.zip/PMC8767669.pdf","28","29","Cardiac repolarization abnormalities among patients with various stages of chronic kidney disease","verified",""
"pre.zip/PMC8767669.pdf","29","30","Nursing AHACPCotCoCCaCoCaS: Drug-induced arrhythmias: a scientific statement from the American Heart Association","verified",""
"pre.zip/PMC8767669.pdf","31","32","Determination and Interpretation of the QT Interval","verified",""
"pre.zip/PMC8767669.pdf","33","34","Will QT dispersion play a role in clinical decision-making? J Cardiovasc Electrophysiol. 1996;7(8):777–84","verified",""
"pre.zip/PMC8767669.pdf","34","35","Optimal method of measuring the T-peak to T-end interval for risk stratification in primary prevention","verified",""
"pre.zip/PMC8767669.pdf","36","37","Recombinant α-Klotho may be prophylactic and therapeutic for acute to chronic kidney disease progression and uremic cardiomyopathy","verified",""
"pre.zip/PMC8767669.pdf","37","38","Measurement of heart rate and Q-T interval in the conscious mouse","verified",""
"pre.zip/PMC8767669.pdf","38","39","Reconciling depressed Ca2+ sparks occurrence with enhanced RyR2 activity in failing mice cardiomyocytes","verified",""
"pre.zip/PMC8767669.pdf","41","42","Predictive value of Tpeak-Tend interval for ventricular arrhythmia and mortality in heart failure patients with an implantable cardioverter-defibrillator: a cohort study","verified",""
"pre.zip/PMC8767669.pdf","42","43","Characterization of a mouse model of chronic uremia","verified",""
"pre.zip/PMC8767669.pdf","44","45","FGF23 induces left ventricular hypertrophy","verified",""
"pre.zip/PMC8767669.pdf","45","46","Fibroblast growth factor-23 promotes rhythm alterations and contractile dysfunction in adult ventricular cardiomyocytes","verified",""
"pre.zip/PMC8767669.pdf","49","50","Age as a modifiable risk factor for cardiovascular disease","verified",""
"pre.zip/PMC8767669.pdf","50","51","Deaths: leading causes for 2017","verified",""
"pre.zip/PMC8767669.pdf","51","52","Chronic kidney disease and mortality risk: a systematic review","verified",""
"pre.zip/PMC8767669.pdf","55","56","Impact of altered mineral metabolism on pathological cardiac remodeling in elevated fibroblast growth factor 23","verified",""
"pre.zip/PMC8767669.pdf","58","59","Plasma Klotho and mortality risk in older community-dwelling adults","verified",""
"pre.zip/PMC8767669.pdf","60","61","An overview of FGF-23 as a novel candidate biomarker of cardiovascular risk","verified",""
"pre.zip/PMC8767669.pdf","61","62","Activation of cardiac fibroblast growth factor receptor 4 causes left ventricular hypertrophy","verified",""
"pre.zip/PMC8767669.pdf","64","65","Circulating fibroblast growth factor-23 and the incidence of atrial fibrillation: the Atherosclerosis Risk in Communities study","verified",""
"pre.zip/PMC8767669.pdf","65","66","Discovery of new biomarkers for atrial fibrillation using a custom-made proteomics chip","verified",""
"pre.zip/PMC8767669.pdf","66","67","FGF-23 dysregulates calcium homeostasis and electrophysiological properties in HL-1 atrial cells","verified",""
"pre.zip/PMC8767669.pdf","67","68","Fibroblast growth factor-23 promotes rhythm alterations and contractile dysfunction in adult ventricular cardiomyocytes","verified",""
"pre.zip/PMC8767669.pdf","68","69","Fibroblast growth factor 23 decreases PDE4 expression in heart increasing the risk of cardiac arrhythmia; Klotho opposes these effects","verified",""
"pre.zip/PMC8767669.pdf","70","71","Electrical inhomogeneity in left ventricular hypertrophy","verified",""
"pre.zip/PMC8767669.pdf","71","72","Tp-e interval and Tp-e/QT ratio and their association with left ventricular diastolic dysfunction in Fabry disease without left ventricular hypertrophy","verified",""
"pre.zip/PMC8767669.pdf","72","73","Fibroblast growth factor 23 (FGF23) induces ventricular arrhythmias and prolongs QTc interval in mice in an FGF receptor 4-dependent manner","verified",""
"pre.zip/PMC8767669.pdf","73","74","Association of corrected QT and QT dispersion with echocardiographic and laboratory findings in uremic patients under chronic hemodialysis","verified",""
"pre.zip/PMC8767669.pdf","74","75","Fibroblast growth factor 23 and left ventricular hypertrophy in children on dialysis","verified",""
"pre.zip/PMC8767669.pdf","75","76","Association of serum intact fibroblast growth factor 23 with left ventricular mass and different echocardiographic findings in patients on hemodialysis","verified",""
"pre.zip/PMC8767669.pdf","77","78","Does Tpeak-Tend provide an index of transmural dispersion of repolarization? Heart Rhythm. 2007;4(8):1114–6; author reply","verified",""
"pre.zip/PMC8767669.pdf","79","80","Differences in repolarization heterogeneity among heart failure with preserved ejection fraction phenotypic subgroups","verified",""
"pre.zip/PMC8767669.pdf","81","82","Structures illuminate cardiac ion channel functions in health and in long QT syndrome","verified",""
"pre.zip/PMC8767669.pdf","82","83","KCNE4 and KCNE5: K(+) channel regulation and cardiac arrhythmogenesis","verified",""
"pre.zip/PMC8767669.pdf","86","87","Electronegative LDL-mediated cardiac electrical remodeling in a rat model of chronic kidney disease","verified",""
"pre.zip/PMC8767669.pdf","87","88","The role of action potential prolongation and altered intracellular calcium handling in the pathogenesis of heart failure","verified",""
"pre.zip/PMC8767669.pdf","90","91","Electrical remodeling and cardiotoxicity precedes structural and functional remodeling of mouse hearts under hyperoxia treatment","verified",""
"pre.zip/PMC8767669.pdf","91","92","Cardioprotection by Klotho through downregulation of TRPC6 channels in the mouse heart","verified",""
"pre.zip/PMC8767669.pdf","94","95","Guidelines for reporting experiments involving animals: the ARRIVE guidelines","verified",""
"pre.zip/PMC8805338.pdf","10","11","","not_found","real"
"pre.zip/PMC8805338.pdf","39","40","","not_found","real"
"pre.zip/PMC8805338.pdf","46","47","20:48 Page 12 of 13 splice variant-7-expressing metastatic castration-resistant prostate cancer","not_found","uncertain"
"pre.zip/PMC8805338.pdf","3","4","The cyclin-dependent kinases pathway as a target for prostate cancer treatment: rationale and future perspectives","mismatch","real"
"pre.zip/PMC8805338.pdf","4","5","Docetaxel plus prednisone or mitoxantrone plus prednisone for advanced prostate cancer","mismatch","real"
"pre.zip/PMC8805338.pdf","6","7","Taxane mechanisms of action: potential implications for treatment sequencing in metastatic castration-resistant prostate cancer","mismatch","real"
"pre.zip/PMC8805338.pdf","8","9","Plasma AR status and cabazitaxel in heavily treated metastatic castration-resistant prostate cancer","mismatch","real"
"pre.zip/PMC8805338.pdf","14","15","Androgen receptor gene status in plasma DNA associates with worse outcome on enzalutamide or abiraterone for castration-resistant prostate cancer: a multi-institution correlative biomarker study","mismatch","real"
"pre.zip/PMC8805338.pdf","18","19","Androgen pathway resistance in prostate cancer and therapeutic implications","mismatch","real"
"pre.zip/PMC8805338.pdf","21","22","The significance of epithelial-to-mesenchymal transition for circulating tumor cells","mismatch","real"
"pre.zip/PMC8805338.pdf","27","28","Establishment of a multimarker qPCR panel for the molecular characterization of circulating tumor cells in blood samples of metastatic breast cancer patients during the course of palliative treatment","mismatch","real"
"pre.zip/PMC8805338.pdf","28","29","AR-V7 and resistance to enzalutamide and abiraterone in prostate cancer","mismatch","real"
"pre.zip/PMC8805338.pdf","31","32","Circulating tumor cells mirror bone metastatic phenotype in prostate cancer","mismatch","real"
"pre.zip/PMC8805338.pdf","40","41","Truncation and constitutive activation of the androgen receptor by diverse genomic rearrangements in prostate cancer","mismatch","real"
"pre.zip/PMC8805338.pdf","41","42","Efficacy of cabazitaxel in castration-resistant prostate cancer is independent of the presence of AR-V7 in circulating tumor cells","mismatch","real"
"pre.zip/PMC8805338.pdf","43","44","Androgen receptor splice variants determine taxane sensitivity in prostate cancer","mismatch","real"
"pre.zip/PMC8805338.pdf","0","1","Global cancer statistics 2018: GLOBOCAN estimates of incidence and mortality worldwide for 36 cancers in 185 countries","verified",""
"pre.zip/PMC8805338.pdf","1","2","Molecular states underlying androgen receptor activation: a framework for therapeutics targeting androgen signaling in prostate cancer","verified",""
"pre.zip/PMC8805338.pdf","2","3","Update on systemic prostate cancer therapies: management of metastatic castration-resistant prostate cancer in the era of precision oncology","verified",""
"pre.zip/PMC8805338.pdf","5","6","Prednisone plus cabazitaxel or mitoxantrone for metastatic castration-resistant prostate cancer progressing after docetaxel treatment: a randomised open-label trial","verified",""
"pre.zip/PMC8805338.pdf","7","8","Androgen receptor splice variant 7 and efficacy of taxane chemotherapy in patients with metastatic castration-resistant prostate cancer","verified",""
"pre.zip/PMC8805338.pdf","9","10","Design and end points of clinical trials for patients with progressive prostate cancer and castrate levels of testosterone: recommendations of the Prostate Cancer Clinical Trials Working Group","verified",""
"pre.zip/PMC8805338.pdf","11","12","Eligibility and response guidelines for phase II clinical trials in androgen-independent prostate cancer: recommendations from the Prostate-Specific Antigen Working Group","verified",""
"pre.zip/PMC8805338.pdf","12","13","Plasma AR and abiraterone-resistant prostate cancer","verified",""
"pre.zip/PMC8805338.pdf","13","14","Circulating tumor DNA genomics correlate with resistance to abiraterone and enzalutamide in prostate cancer","verified",""
"pre.zip/PMC8805338.pdf","15","16","Circulating tumor cell genomic evolution and hormone therapy outcomes in men with metastatic castration-resistant prostate cancer","verified",""
"pre.zip/PMC8805338.pdf","16","17","Molecular analysis of circulating tumour cells-biology and biomarkers","verified",""
"pre.zip/PMC8805338.pdf","17","18","Interplay between desmoglein2 and hypoxia controls metastasis in breast cancer","verified",""
"pre.zip/PMC8805338.pdf","19","20","Emerging mechanisms of resistance to androgen receptor inhibitors in prostate cancer","verified",""
"pre.zip/PMC8805338.pdf","20","21","Detection of AR-V7 using cell-free RNA (cfRNA) in prostate cancer","verified",""
"pre.zip/PMC8805338.pdf","22","23","Longitudinal CTCs gene expression analysis on metastatic castration-resistant prostate cancer patients treated with docetaxel reveals new potential prognosis markers","verified",""
"pre.zip/PMC8805338.pdf","23","24","Epithelial cell adhesion molecule (EpCAM) is associated with prostate cancer metastasis and chemo/radioresistance via the PI3K/Akt/mTOR signaling pathway","verified",""
"pre.zip/PMC8805338.pdf","24","25","HER2 and EGFR overexpression support metastatic progression of prostate cancer to bone","verified",""
"pre.zip/PMC8805338.pdf","25","26","A mechanism for hormone-independent prostate cancer through modulation of androgen receptor signaling by the HER-2/neu tyrosine kinase","verified",""
"pre.zip/PMC8805338.pdf","26","27","Epidermal growth factor receptor expression escapes androgen regulation in prostate cancer: a potential molecular switch for tumour growth","verified",""
"pre.zip/PMC8805338.pdf","29","30","Distinct patterns of dysregulated expression of enzymes involved in androgen synthesis and metabolism in metastatic prostate cancer tumors","verified",""
"pre.zip/PMC8805338.pdf","30","31","Multigene model for predicting metastatic prostate cancer using circulating tumor cells by microfluidic magnetophoresis","verified",""
"pre.zip/PMC8805338.pdf","32","33","Enrichment, isolation and molecular characterization of EpCAM-negative circulating tumor cells","verified",""
"pre.zip/PMC8805338.pdf","33","34","EpCAMhigh and EpCAMlow circulating tumor cells in metastatic prostate and breast cancer patients","verified",""
"pre.zip/PMC8805338.pdf","34","35","Gene expression signatures in circulating tumor cells correlate with response to therapy in metastatic breast cancer","verified",""
"pre.zip/PMC8805338.pdf","35","36","Falling from grace: HPRT is not suitable as an endogenous control for cancer-related studies","verified",""
"pre.zip/PMC8805338.pdf","36","37","Overexpression and surface localization of HPRT in prostate cancer provides a potential target for cancer specific antibody mediated cellular cytotoxicity","verified",""
"pre.zip/PMC8805338.pdf","37","38","Ligand-independent androgen receptor variants derived from splicing of cryptic exons signify hormone-refractory prostate cancer","verified",""
"pre.zip/PMC8805338.pdf","38","39","Castration resistance in human prostate cancer is conferred by a frequently occurring androgen receptor splice variant","verified",""
"pre.zip/PMC8805338.pdf","42","43","AR-V7 and prostate cancer: the watershed for treatment selection? Cancer Treat Rev. 2016;43:27–35","verified",""
"pre.zip/PMC8805338.pdf","44","45","Androgen receptor splice variants circumvent AR blockade by microtubule-targeting agents","verified",""
"pre.zip/PMC8805338.pdf","45","46","Serial blood-based analysis of AR-V7 in men with advanced prostate cancer","verified",""
"pre.zip/PMC8805338.pdf","47","48","Phase III study comparing a reduced dose of cabazitaxel (20 mg/m2) and the currently approved dose (25 mg/m2) in postdocetaxel patients with metastatic castration-resistant prostate cancer-PROSELICA","verified",""
"pre.zip/PMC8805338.pdf","48","49","Prohibitin-2 negatively regulates AKT2 expression to promote prostate cancer cell migration","verified",""
"pre.zip/PMC8805338.pdf","49","50","Circulating tumor cells predict survival benefit from treatment in metastatic castration-resistant prostate cancer","verified",""
"pre.zip/PMC8819971.pdf","7","8","Screening and prostate cancer mortality: Results of the European Randomised Study of Screening for Prostate Cancer (ERSPC) at 13 years of follow-up","not_found","real"
"pre.zip/PMC8819971.pdf","13","14","Cochrane Database Syst Rev","not_found","real"
"pre.zip/PMC8819971.pdf","27","28","20:54 Page 10 of 11 diagnosis of prostate cancer","not_found","uncertain"
"pre.zip/PMC8819971.pdf","29","30","Detection rate of prostate cancer according to prostate-specific antigen and digital rectal examination in korean men: a nationwide multicenter study","not_found","real"
"pre.zip/PMC8819971.pdf","31","32","Significance of prostate specific antigen and prostate volume in the diagnosis of prostatic diseases","not_found","real"
"pre.zip/PMC8819971.pdf","36","37","Do men with lower urinary tract symptoms have an increased risk of advanced prostate cancer? BMJ. 2018; 361(1202):1–6","not_found","real"
"pre.zip/PMC8819971.pdf","40","41","","not_found","real"
"pre.zip/PMC8819971.pdf","43","44","EAU - ESTRO - ESUR - SIOG Guidelines on Prostate Cancer","not_found","real"
"pre.zip/PMC8819971.pdf","50","51","Population-based prostate cancer screening with magnetic resonance or ultrasound imaging: the IP1-PROSTAGRAM study","not_found","real"
"pre.zip/PMC8819971.pdf","3","4","Screening for Prostate Cancer: US Preventive Services Task Force Recommendation Statement","mismatch","real"
"pre.zip/PMC8819971.pdf","5","6","Prostate cancer screening with prostate-specific antigen (PSA) test: a systematic review and meta-analysis","mismatch","real"
"pre.zip/PMC8819971.pdf","8","9","Lower urinary tract symptoms and prostate cancer: is PSA testing in men with symptoms wise? Br J Gen Pract. 2018; 68(676):541–2","mismatch","real"
"pre.zip/PMC8819971.pdf","17","18","Diagnostic role of serum free-to-total prostate specific antigen (PSA) ratio in prostate cancer with serum total concentration of PSA below 4 ng/mL","mismatch","real"
"pre.zip/PMC8819971.pdf","25","26","The diagnostic value of abdominal ultrasound, urine cytology and prostate-specific antigen testing in the lower urinary tract symptoms clinic","mismatch","real"
"pre.zip/PMC8819971.pdf","26","27","Prevalence and clinical significance of prostate cancer among 12,682 men with normal digital rectal examination, low PSA levels (<= 4 ng/ml) and percent free PSA cutoff values of 15 and 20%","mismatch","real"
"pre.zip/PMC8819971.pdf","28","29","Effect of patient age on early detection of prostate cancer with serum prostate-specific antigen and digital rectal examination","mismatch","real"
"pre.zip/PMC8819971.pdf","45","46","The diagnostic performance of CA125 for the detection of ovarian and non-ovarian cancer in primary care: a population-based cohort study","mismatch","real"
"pre.zip/PMC8819971.pdf","49","50","What should doctors say to men asking for a PSA test? BMJ. 2018;3702:k3702","mismatch","real"
"pre.zip/PMC8819971.pdf","0","1","Prostate-specific antigen (PSA) testing of men in UK general practice: A 10-year longitudinal cohort study","verified",""
"pre.zip/PMC8819971.pdf","4","5","EAU-EANM-ESTRO-ESUR-ISUP-SIOG Guidelines on Prostate Cancer","verified",""
"pre.zip/PMC8819971.pdf","6","7","Mortality results from the Göteborg randomised population-based prostate-cancer screening trial","verified",""
"pre.zip/PMC8819971.pdf","9","10","A systematic review of the diagnostic accuracy of prostate specific antigen","verified",""
"pre.zip/PMC8819971.pdf","10","11","QUADAS-2: a revised tool for the quality assessment of diagnostic accuracy studies","verified",""
"pre.zip/PMC8819971.pdf","11","12","Chapter 8 meta-analysis of test performance when there is a “gold standard","verified",""
"pre.zip/PMC8819971.pdf","12","13","The PRISMA statement for reporting systematic reviews and meta-analyses of studies that evaluate health care interventions: explanation and elaboration","verified",""
"pre.zip/PMC8819971.pdf","14","15","Significance of serum total prostate specific antigen and digital rectal examination in the diagnosis of prostate cancer","verified",""
"pre.zip/PMC8819971.pdf","15","16","Raising cut-off value of prostate specific antigen (PSA) for biopsy in symptomatic men in India to reduce unnecessary biopsy","verified",""
"pre.zip/PMC8819971.pdf","16","17","Incidence of prostate cancer in Sicily: results of a multicenter case-findings protocol","verified",""
"pre.zip/PMC8819971.pdf","18","19","Detection rate of prostate cancer using prostate specific antigen in patients presenting with lower urinary tract symptoms: a retrospective study","verified",""
"pre.zip/PMC8819971.pdf","19","20","Comparison of digital rectal examination and prostate specific antigen in early detection of prostate cancer","verified",""
"pre.zip/PMC8819971.pdf","20","21","Value of free prostate-specific antigen (Hybritech Tandem-R) in symptomatic patients consulting the urologist","verified",""
"pre.zip/PMC8819971.pdf","21","22","The diagnostic significance of abnormal findings on transrectal ultrasonography in patients with serum prostate-specific antigen levels equal or less than 4.0ng/ml","verified",""
"pre.zip/PMC8819971.pdf","22","23","The significance of a high preoperative PSA level for the detection of incidental prostate cancer in LUTS patients with large prostates","verified",""
"pre.zip/PMC8819971.pdf","23","24","Interpreting results of prostate-specific antigen testing for early detection of prostate cancer","verified",""
"pre.zip/PMC8819971.pdf","24","25","Identifying prostate cancer among men with lower urinary tract symptoms","verified",""
"pre.zip/PMC8819971.pdf","30","31","Prostate-specific antigen and prostate-specific antigen density cutoff points among Indonesian population suspected for prostate cancer","verified",""
"pre.zip/PMC8819971.pdf","32","33","Clinical implications of free-to-total immunoreactive prostate-specific antigen ratios","verified",""
"pre.zip/PMC8819971.pdf","33","34","Systematic review of clinical features of suspected prostate cancer in primary care","verified",""
"pre.zip/PMC8819971.pdf","34","35","Modern-day prostate cancer is not meaningfully associated with lower urinary tract symptoms: analysis of a propensity score-matched cohort","verified",""
"pre.zip/PMC8819971.pdf","35","36","Presence and severity of lower urinary tract symptoms are inversely correlated with the risk of prostate cancer on prostate biopsy","verified",""
"pre.zip/PMC8819971.pdf","37","38","Quality of life among symptomatic compared to PSA-detected prostate cancer survivors-results from a UK wide patient-reported outcomes study","verified",""
"pre.zip/PMC8819971.pdf","38","39","Clinical features of prostate cancer before diagnosis: a population-based, case-control study","verified",""
"pre.zip/PMC8819971.pdf","39","40","Pathways to the diagnosis of prostate cancer in a British city","verified",""
"pre.zip/PMC8819971.pdf","41","42","Diagnostic accuracy of multi-parametric MRI and TRUS biopsy in prostate cancer (PROMIS): a paired validating confirmatory study","verified",""
"pre.zip/PMC8819971.pdf","44","45","Early detection of prostate cancer: Aua Guideline","verified",""
"pre.zip/PMC8819971.pdf","46","47","Definition of outcome-based prostate-specific antigen (Psa) thresholds for advanced prostate cancer risk prediction","verified",""
"pre.zip/PMC8819971.pdf","47","48","Prediction models for prostate cancer to be used in the primary care setting: a systematic review","verified",""
"pre.zip/PMC8819971.pdf","48","49","It’s a maybe test’: men’s experiences of prostate specific antigen testing in primary care","verified",""
"pre.zip/PMC8819971.pdf","51","52","Clinical utility and cost modelling of the phi test to triage referrals into image-based diagnostic services for suspected prostate cancer: the PRIM (Phi to RefIne Mri) study","verified",""
"pre.zip/PMC8822710.pdf","2","3","20:64 Page 16 of 17","not_found","uncertain"
"pre.zip/PMC8822710.pdf","3","4","JAMA Oncol. 2020;6(6):888–94","not_found","uncertain"
"pre.zip/PMC8822710.pdf","4","5","20:64 Page 17 of 17","not_found","uncertain"
"pre.zip/PMC8822710.pdf","0","1","Molecular targeted therapies: ready for “prime time” in biliary tract cancer","mismatch","real"
"pre.zip/PMC8822710.pdf","1","2","Epigenetic biomarkers in gallbladder cancer","mismatch","real"
"pre.zip/PMC8984671.pdf","0","1","Changes in physical activity, diet, and body weight across the education and employment transitions of early adulthood: a systematic review and meta-analysis","verified",""
"pre.zip/PMC8984671.pdf","1","2","The consequences of unemployment on diet composition and purchase behaviour: a longitudinal study from Denmark","verified",""
"pre.zip/PMC8984671.pdf","2","3","A couple-level analysis of participation in physical activity during unemployment","verified",""
"pre.zip/PMC8984671.pdf","3","4","Unemployment disrupts sleep","verified",""
"pre.zip/PMC8984671.pdf","6","7","The challenges for labour market policy during the Covid-19 pandemic","verified",""
"pre.zip/PMC8984671.pdf","9","10","Furloughing*","verified",""
"pre.zip/PMC8984671.pdf","10","11","The UK COVID-19 furlough scheme and associations with smoking, alcohol consumption and vaping: evidence from 8 UK longitudinal population surveys","verified",""
"pre.zip/PMC8984671.pdf","11","12","The Millennium Cohort Study: the making of a multi-purpose resource for social science and policy","verified",""
"pre.zip/PMC8984671.pdf","13","14","Cohort profile: the ‘children of the 90s’-the index offspring of the Avon longitudinal study of parents and children","verified",""
"pre.zip/PMC8984671.pdf","15","16","The Avon longitudinal study of parents and children - a resource for COVID-19 research: questionnaire data capture May-July 2020","verified",""
"pre.zip/PMC8984671.pdf","16","17","Next Steps (formerly known as the Longitudinal Study of Young People in England)","verified",""
"pre.zip/PMC8984671.pdf","17","18","Cohort profile: 1970 British birth cohort (BCS70)","verified",""
"pre.zip/PMC8984671.pdf","18","19","Cohort profile: 1958 British birth cohort (National Child Development Study)","verified",""
"pre.zip/PMC8984671.pdf","21","22","Cohort profile: the English longitudinal study of ageing","verified",""
"pre.zip/PMC8984671.pdf","23","24","Cohort profile: Generation Scotland: Scottish Family Health Study (GS:SFHS)","verified",""
"pre.zip/PMC8984671.pdf","24","25","CovidLife: a resource to understand mental health, well-being and behaviour during the COVID-19 pandemic in the UK","verified",""
"pre.zip/PMC8984671.pdf","25","26","Cohort profile: the Avon Longitudinal Study of Parents and Children: ALSPAC mothers cohort","verified",""
"pre.zip/PMC8984671.pdf","26","27","UK state pension deferral incentives and sustainability","verified",""
"pre.zip/PMC8984671.pdf","28","29","Fruit and vegetable intake and the risk of cardiovascular disease, total cancer and all-cause mortality-a systematic review and dose-response meta-analysis of prospective studies","verified",""
"pre.zip/PMC8984671.pdf","31","32","A modified Poisson regression approach to prospective studies with binary data","verified",""
"pre.zip/PMC8984671.pdf","32","33","Studying noncollapsibility of the odds ratio with marginal structural and logistic regression models","verified",""
"pre.zip/PMC8984671.pdf","34","35","Empirical comparison of univariate and multivariate meta-analyses in Cochrane Pregnancy and Childbirth reviews with multiple binary outcomes","verified",""
"pre.zip/PMC8984671.pdf","35","36","The impact of active labour market policies on health outcomes: a scoping review","verified",""
"pre.zip/PMC8984671.pdf","36","37","Is utility related to employment status? Employment, unemployment, labor market policies and subjective well-being among Swedish youth","verified",""
"pre.zip/PMC8984671.pdf","37","38","Changes in the behavioural determinants of health during the COVID-19 pandemic: gender, socioeconomic and ethnic inequalities in five British cohort studies","verified",""
"pre.zip/PMC8984671.pdf","38","39","Mental health and health behaviours before and during the initial phase of the COVID-19 lockdown: longitudinal analyses of the UK Household Longitudinal Study","verified",""
"pre.zip/PMC8984671.pdf","41","42","Is an insecure job better for health than having no job at all? A systematic review of studies investigating the health-related risks of both job insecurity and unemployment","verified",""
"pre.zip/PMC8984671.pdf","43","44","Losing life and livelihood: a systematic review and meta-analysis of unemployment and all-cause mortality","verified",""
"pre.zip/PMC8984671.pdf","44","45","Economic conditions and health behaviours during the “Great Recession”","verified",""
"pre.zip/PMC8984671.pdf","45","46","Missing at random assumption made more plausible: evidence from the 1958 British birth cohort","verified",""
"pre.zip/PMC9019964.pdf","1","2","Hum Mutat. 2005;26(4):374–83","not_found","real"
"pre.zip/PMC9019964.pdf","0","1","Pictorial review of tuberous sclerosis in various organs","verified",""
"pre.zip/PMC9019964.pdf","2","3","The tuberous sclerosis complex","verified",""
"pre.zip/PMC9019964.pdf","3","4","Comprehensive mutation analysis of TSC1 and TSC2-and phenotypic correlations in 150 families with tuberous sclerosis","verified",""
"pre.zip/PMC9019964.pdf","4","5","Mutational analysis of the TSC1 and TSC2 genes in a diagnostic setting: genotype-phenotype correlations and comparison of diagnostic DNA techniques in tuberous sclerosis complex","verified",""
"pre.zip/PMC9019964.pdf","5","6","TSC1 and TSC2 gene mutations and their implications for treatment in tuberous sclerosis complex: a review","verified",""
"pre.zip/PMC9019964.pdf","6","7","Molecular analysis of TSC1 and TSC2 genes and phenotypic correlations in Brazilian families with tuberous sclerosis","verified",""
"pre.zip/PMC9019964.pdf","7","8","Tuberous sclerosis complex","verified",""
"pre.zip/PMC9069762.pdf","3","4","Psychotic symptoms in frontotemporal dementia: a diagnostic dilemma? Int Psychogeri-atr. 2015;27(4):531–9","not_found","real"
"pre.zip/PMC9069762.pdf","9","10","Study of 1,414 family members","not_found","real"
"pre.zip/PMC9069762.pdf","20","21","Mol Psychiatry. 2018;23(5):1181–8","not_found","real"
"pre.zip/PMC9069762.pdf","33","34","The Genotype-Tissue Expression (GTEx) pilot analysis: multitissue gene regulation in humans","not_found","real"
"pre.zip/PMC9069762.pdf","42","43","Schizophrenia and frontotemporal dementia: shared causation? Int Rev Psychiatry. 2013;25(2):168–77","not_found","real"
"pre.zip/PMC9069762.pdf","57","58","Alzheimers Res Ther 2019","not_found","real"
"pre.zip/PMC9069762.pdf","81","82","Brain-derived neurotrophic factor in neurodegen-erative diseases","not_found","real"
"pre.zip/PMC9069762.pdf","1","2","The social and economic burden of frontotemporal degeneration","verified",""
"pre.zip/PMC9069762.pdf","2","3","Development of disease-modifying drugs for frontotemporal dementia spectrum disorders","verified",""
"pre.zip/PMC9069762.pdf","4","5","Clinical approach to the differential diagnosis between behavioral variant fron-totemporal dementia and primary psychiatric disorders","verified",""
"pre.zip/PMC9069762.pdf","5","6","Psychiatric symptoms in frontotemporal dementia: epidemiology, phenotypes, and differential diagnosis","verified",""
"pre.zip/PMC9069762.pdf","6","7","Psychosis in frontotemporal dementia","verified",""
"pre.zip/PMC9069762.pdf","7","8","Cognitive deficits in schizophrenia: understanding the biological correlates and remediation strategies","verified",""
"pre.zip/PMC9069762.pdf","8","9","Molecular pathways bridging frontotemporal lobar degeneration and psychiatric disorders","verified",""
"pre.zip/PMC9069762.pdf","10","11","Improved detection of common variants associated with schizophrenia by leveraging pleiotropy with cardiovascular-disease risk factors","verified",""
"pre.zip/PMC9069762.pdf","11","12","Genome-wide genetic links between amyotrophic lateral sclerosis and autoimmune diseases","verified",""
"pre.zip/PMC9069762.pdf","12","13","Shared genetic links between amyotrophic lateral sclerosis and obesity-related traits: a genome-wide association study","verified",""
"pre.zip/PMC9069762.pdf","13","14","Genome-wide pleiotropy between Parkinson disease and autoimmune diseases","verified",""
"pre.zip/PMC9069762.pdf","14","15","Frontotemporal dementia and its subtypes: a genome-wide association study","verified",""
"pre.zip/PMC9069762.pdf","15","16","Discovery of the first genome-wide significant risk loci for attention deficit/hyperactivity disorder","verified",""
"pre.zip/PMC9069762.pdf","16","17","Identification of common genetic risk variants for autism spectrum disorder","verified",""
"pre.zip/PMC9069762.pdf","17","18","Genome-wide association study meta-analysis of the Alcohol Use Disorders Identification Test (AUDIT) in two population-based cohorts","verified",""
"pre.zip/PMC9069762.pdf","18","19","Genome-wide association study identifies 30 loci associated with bipolar disorder","verified",""
"pre.zip/PMC9069762.pdf","19","20","Genome-wide association study of depression phenotypes in UK Biobank identifies variants in excitatory synaptic pathways","verified",""
"pre.zip/PMC9069762.pdf","21","22","International meta-analysis of PTSD genome-wide association studies identifies sex-and ancestry-specific genetic risk loci","verified",""
"pre.zip/PMC9069762.pdf","22","23","Comparative genetic architectures of schizophrenia in East Asian and European populations","verified",""
"pre.zip/PMC9069762.pdf","23","24","Interrogating the genetic determinants of Tourette’s syndrome and other tic disorders through genome-wide association studies","verified",""
"pre.zip/PMC9069762.pdf","24","25","A powerful approach to estimating annotation-stratified genetic covariance via GWAS summary statistics","verified",""
"pre.zip/PMC9069762.pdf","25","26","An atlas of genetic correlations across human diseases and traits","verified",""
"pre.zip/PMC9069762.pdf","26","27","Integrative approaches for large-scale transcriptome-wide association studies","verified",""
"pre.zip/PMC9069762.pdf","27","28","Integrating gene expression with summary association statistics to identify genes associated with 30 complex traits","verified",""
"pre.zip/PMC9069762.pdf","28","29","Genomic inflation factors under polygenic inheritance","verified",""
"pre.zip/PMC9069762.pdf","29","30","PLINK: a tool set for whole-genome association and population-based linkage analyses","verified",""
"pre.zip/PMC9069762.pdf","30","31","Functional mapping and annotation of genetic associations with FUMA","verified",""
"pre.zip/PMC9069762.pdf","31","32","MAGMA: generalized gene-set analysis of GWAS data","verified",""
"pre.zip/PMC9069762.pdf","32","33","Genetic variability in the regulation of gene expression in ten regions of the human brain","verified",""
"pre.zip/PMC9069762.pdf","34","35","Impact of admixture and ancestry on eQTL analysis and GWAS colocalization in GTEx","verified",""
"pre.zip/PMC9069762.pdf","35","36","Con-sensusPathDB: toward a more complete picture of cell biology","verified",""
"pre.zip/PMC9069762.pdf","36","37","Rheumatoid arthritis decreases risk for Parkinson’s disease: a Mendelian randomization study","verified",""
"pre.zip/PMC9069762.pdf","37","38","Detection of widespread horizontal pleiotropy in causal relationships inferred from Mendelian randomization between complex traits and diseases","verified",""
"pre.zip/PMC9069762.pdf","38","39","Interpreting findings from Mendelian randomization using the MR-Egger method","verified",""
"pre.zip/PMC9069762.pdf","39","40","Bias due to participant overlap in two-sample Mendelian randomization","verified",""
"pre.zip/PMC9069762.pdf","40","41","Calculating statistical power in Mendelian randomization studies","verified",""
"pre.zip/PMC9069762.pdf","41","42","The MR-Base platform supports systematic causal inference across the human phenome","verified",""
"pre.zip/PMC9069762.pdf","43","44","Impact of alcohol abuse on susceptibility to rare neurodegenerative diseases","verified",""
"pre.zip/PMC9069762.pdf","44","45","Genetic correlation between amyotrophic lateral sclerosis and schizophrenia","verified",""
"pre.zip/PMC9069762.pdf","46","47","The neurodevelopmental origins of schizophrenia in the penumbra of genomic medicine","verified",""
"pre.zip/PMC9069762.pdf","47","48","Neurodevelopmental and neurodegenerative models of schizophrenia: white matter at the center stage","verified",""
"pre.zip/PMC9069762.pdf","48","49","Divergent trajectories of physical, cognitive, and psychosocial aging in schizophrenia","verified",""
"pre.zip/PMC9069762.pdf","49","50","Is schizophrenia a neurodegenerative disorder? A clinical and neurobiological perspective","verified",""
"pre.zip/PMC9069762.pdf","50","51","What is schizophrenia: a neurodevelopmental or neurodegenerative disorder or a combination of both? A critical analysis","verified",""
"pre.zip/PMC9069762.pdf","51","52","Genome-wide association analysis of Parkinson’s disease and schizophrenia reveals shared genetic architecture and identifies novel risk loci","verified",""
"pre.zip/PMC9069762.pdf","52","53","Schizophrenia and risk of dementia: a meta-analysis study","verified",""
"pre.zip/PMC9069762.pdf","53","54","Functional brain imaging in schizophrenia: selected results and methods","verified",""
"pre.zip/PMC9069762.pdf","55","56","Morbid risk for schizophrenia in first-degree relatives of people with frontotemporal dementia","verified",""
"pre.zip/PMC9069762.pdf","56","57","Advances in the science and treatment of alcohol use disorder","verified",""
"pre.zip/PMC9069762.pdf","58","59","Alcohol consumption and dementia risk: a dose-response meta-analysis of prospective studies","verified",""
"pre.zip/PMC9069762.pdf","59","60","Amount and type of alcohol and risk of dementia: the Copenhagen City Heart Study","verified",""
"pre.zip/PMC9069762.pdf","60","61","Alcohol consumption as a risk factor for dementia and cognitive decline: meta-analysis of prospective studies","verified",""
"pre.zip/PMC9069762.pdf","61","62","Contribution of alcohol use disorders to the burden of dementia in France 2008-13: a nationwide retrospective cohort study","verified",""
"pre.zip/PMC9069762.pdf","62","63","Neuroinflammation in frontotemporal dementia","verified",""
"pre.zip/PMC9069762.pdf","63","64","TDP-43 frontotemporal lobar degeneration and autoimmune disease","verified",""
"pre.zip/PMC9069762.pdf","64","65","Increased prevalence of autoimmune disease within C9 and FTD/ MND cohorts: completing the picture","verified",""
"pre.zip/PMC9069762.pdf","65","66","Autoimmune diseases and psychotic disorders","verified",""
"pre.zip/PMC9069762.pdf","68","69","Gut microbiota in neurodegenerative disorders","verified",""
"pre.zip/PMC9069762.pdf","69","70","Invited review: Frontotemporal dementia caused by microtubule-associated protein tau gene (MAPT) mutations: a chameleon for neuropathol-ogy and neuroimaging","verified",""
"pre.zip/PMC9069762.pdf","70","71","Schizophrenia or neurodegenerative disease prodrome? Outcome of a first psychotic episode in a 35-year-old woman","verified",""
"pre.zip/PMC9069762.pdf","71","72","Familial early onset frontotemporal dementia caused by a novel S356T MAPT mutation, initially diagnosed as schizophrenia","verified",""
"pre.zip/PMC9069762.pdf","72","73","Study of 300,486 individuals identifies 148 independent genetic loci influencing general cognitive function","verified",""
"pre.zip/PMC9069762.pdf","73","74","Gene discovery and polygenic prediction from a genome-wide association study of educational attainment in 1.1 million individuals","verified",""
"pre.zip/PMC9069762.pdf","74","75","Common obesity risk alleles in childhood attention-deficit/ hyperactivity disorder","verified",""
"pre.zip/PMC9069762.pdf","75","76","The role of interleukin-6 signaling in nervous tissue","verified",""
"pre.zip/PMC9069762.pdf","76","77","Loss of function mutations in the progranulin gene are related to pro-inflammatory cytokine dysregulation in frontotemporal lobar degeneration patients","verified",""
"pre.zip/PMC9069762.pdf","77","78","Integrating Interleukin-6 into depression diagnosis and treatment","verified",""
"pre.zip/PMC9069762.pdf","78","79","Interleukin-6 in schizophrenia-is there a therapeutic relevance? Front Psychiatry. 2017;8:221","verified",""
"pre.zip/PMC9069762.pdf","79","80","Synapse pathology in psychiatric and neurologic disease","verified",""
"pre.zip/PMC9069762.pdf","80","81","Serum brain-derived neurotrophic factor levels in different neurological diseases","verified",""
"pre.zip/PMC9069762.pdf","82","83","Brain-derived neurotrophic factor and mental disorders","verified",""
"pre.zip/PMC9082871.pdf","8","9","Migration data in Eastern Africa","not_found","real"
"pre.zip/PMC9082871.pdf","27","28","East Africa Trachoma/NTD cross-border partnership strengthening cross-border collaborations and partnerships to achieving Trachoma/NTD elimination","not_found","real"
"pre.zip/PMC9082871.pdf","28","29","East Africa NTD / Trachoma Cross-Border Partnership","not_found","real"
"pre.zip/PMC9082871.pdf","29","30","East Africa NTD/Trachoma Cross-Border Partnership","not_found","real"
"pre.zip/PMC9082871.pdf","30","31","East Africa NTD/Trachoma Cross Border Partnership","not_found","hallucinated"
"pre.zip/PMC9082871.pdf","31","32","East Africa NTD/Trachoma Cross Border Partnership","not_found","real"
"pre.zip/PMC9082871.pdf","32","33","How the NNN can address stronger advocacy for improved health care","not_found","real"
"pre.zip/PMC9082871.pdf","33","34","Equitable access to Mass Drug Administration for trachoma elimination: an ethnographic study to understand factors associated with low coverage in Kenya and Tanzania","not_found","real"
"pre.zip/PMC9082871.pdf","49","50","Refining the approach of ICTC to special populations","not_found","real"
"pre.zip/PMC9082871.pdf","56","57","Southeast Asian J Trop Med Public Health","not_found","real"
"pre.zip/PMC9082871.pdf","66","67","Int J Infect Dis. 2016;53:12","not_found","real"
"pre.zip/PMC9082871.pdf","87","88","Integrating spatial analysis in mixed methods approach to improve MDA access by reaching underserved and vulnerable populations of Mali in NTD elimination framework","not_found","real"
"pre.zip/PMC9082871.pdf","88","89","Flow chart to determine inclusion of refugee communities in annual Zithromax® requests for Trachoma Mass Drug Administration","not_found","real"
"pre.zip/PMC9082871.pdf","93","94","Big Data Sampling Design; 2020","not_found","real"
"pre.zip/PMC9082871.pdf","98","99","Glob Health Commun. 2016;2(1):11–8","not_found","real"
"pre.zip/PMC9082871.pdf","119","120","Neglected Tropical Diseases: Epidemiology and Global Burden","not_found","real"
"pre.zip/PMC9082871.pdf","3","4","The elimination of neglected tropical diseases: a case study exemplifying how foreign assistance funding can be catalytic in reducing the burden of major global health conditions","verified",""
"pre.zip/PMC9082871.pdf","4","5","Population movement: a key factor in the epidemiology of neglected tropical diseases","verified",""
"pre.zip/PMC9082871.pdf","5","6","Health services uptake among nomadic pastoralist populations in Africa: a systematic review of the literature","verified",""
"pre.zip/PMC9082871.pdf","9","10","The Consequences of Internal Migration in Sub-Saharan Africa: A Case Study","verified",""
"pre.zip/PMC9082871.pdf","13","14","A comparison of health complaints of settled and Nomadic Turkana men","verified",""
"pre.zip/PMC9082871.pdf","14","15","Knowledge, perceptions and experiences of trachoma among Maasai in Tanzania: implications for prevention and control","verified",""
"pre.zip/PMC9082871.pdf","16","17","Pastoralist health care in Kenya","verified",""
"pre.zip/PMC9082871.pdf","17","18","Malaria on the move: human population movement and malaria transmission","verified",""
"pre.zip/PMC9082871.pdf","18","19","Ethnicity and child health in northern Tanzania: Maasai pastoralists are disadvantaged compared to neighbouring ethnic groups","verified",""
"pre.zip/PMC9082871.pdf","19","20","The demographics of human and malaria movement and migration patterns in East Africa","verified",""
"pre.zip/PMC9082871.pdf","20","21","Discovery of the meanings, expressions, and practices related to malaria care among the Maasai","verified",""
"pre.zip/PMC9082871.pdf","21","22","Quantifying cross-border movements and migrations for guiding the strategic planning of malaria control and elimination","verified",""
"pre.zip/PMC9082871.pdf","22","23","Understanding hard-to-reach communities: local perspectives and experiences of trachoma control among the pastoralist Maasai in northern Tanzania","verified",""
"pre.zip/PMC9082871.pdf","24","25","Population migration: implications for lymphatic filariasis elimination programmes","verified",""
"pre.zip/PMC9082871.pdf","25","26","Migration and urban schistosomiasis","verified",""
"pre.zip/PMC9082871.pdf","26","27","Risk of infection with Chlamydia trachomatis from migrants to communities undergoing mass drug administration for trachoma control","verified",""
"pre.zip/PMC9082871.pdf","34","35","Border parasites: schistosomiasis control among Uganda’s fisherfolk","verified",""
"pre.zip/PMC9082871.pdf","35","36","Investigation on migration regularity and schistosome infection of migrant population in mountainous regions","verified",""
"pre.zip/PMC9082871.pdf","36","37","Monitoring migrant groups as a post-validation surveillance approach to contain the potential reemergence of lymphatic filariasis in Togo","verified",""
"pre.zip/PMC9082871.pdf","37","38","Neglected tropical disease control and elimination: is human displacement an Achilles heel? PLoS Negl Trop Dis. 2015;9(3):e0003535","verified",""
"pre.zip/PMC9082871.pdf","38","39","The East Africa Trachoma/NTD Cross-border Partnership","verified",""
"pre.zip/PMC9082871.pdf","39","40","Prevalence of neglected tropical diseases (Leishmaniasis and Lymphatic Filariasis) and malaria among a migrant labour settlement in Kerala, India","verified",""
"pre.zip/PMC9082871.pdf","40","41","Assessment of trachoma prevalence in a mobile population in Central Australia","verified",""
"pre.zip/PMC9082871.pdf","41","42","Exposure of seasonal migrant workers to Onchocerca volvulus on coffee plantations in Guatemala","verified",""
"pre.zip/PMC9082871.pdf","43","44","Rural-urban population movement, community context and impact on DEC fortified salt program to eliminate lymphatic filariasis","verified",""
"pre.zip/PMC9082871.pdf","44","45","Onchocerciasis prevalence, human migration and risks for onchocer-ciasis elimination in the Upper Mouhoun, Nakambe and Nazinon river basins in Burkina Faso","verified",""
"pre.zip/PMC9082871.pdf","45","46","Where health care has no access: the nomadic populations of sub-Saharan Africa","verified",""
"pre.zip/PMC9082871.pdf","46","47","A Cross-Sectional Population-Based Survey of Trachoma among Migrant School Aged Children in Shanghai","verified",""
"pre.zip/PMC9082871.pdf","50","51","A venue-based survey of malaria, anemia and mobility patterns among migrant farm workers in Amhara Region, Ethiopia","verified",""
"pre.zip/PMC9082871.pdf","51","52","Notes about the impact of human seasonal migration on malaria spreading in rural Venezuela","verified",""
"pre.zip/PMC9082871.pdf","60","61","Malaria infection and life-style factors among hilltribes along the Thai-Myanmar border area, northern Thailand","verified",""
"pre.zip/PMC9082871.pdf","61","62","The use of respondent-driven sampling to assess malaria knowledge, treatment-seeking behaviors and preventive practices among mobile and migrant populations in an artemisinin resistance setting in western Cambodia","verified",""
"pre.zip/PMC9082871.pdf","62","63","Malaria prevalence, prevention and treatment seeking practices among nomadic pastoralists in northern Senegal","verified",""
"pre.zip/PMC9082871.pdf","67","68","Pastoralists’ vulnerability to trypanosomiasis in Maasai Steppe","verified",""
"pre.zip/PMC9082871.pdf","68","69","Improvements in polio vaccination status and knowledge about polio vaccination in the CORE Group Polio Project Implementation Areas in Pastoralist and Semi-Pastoralist Regions in Ethiopia","verified",""
"pre.zip/PMC9082871.pdf","69","70","Under vaccination of children among Maasai nomadic pastoralists in Kenya: is the issue geographic mobility, social demographics or missed opportunities? BMC Public Health. 2018;18(1):1389","verified",""
"pre.zip/PMC9082871.pdf","73","74","Detecting tents to estimate the displaced populations for post-disaster relief using high resolution satellite imagery","verified",""
"pre.zip/PMC9082871.pdf","74","75","Trends in health surveillance and joint service delivery for pastoralists in West and Central Africa","verified",""
"pre.zip/PMC9082871.pdf","76","77","Centre sampling technique in foreign migration surveys: a methodological note","verified",""
"pre.zip/PMC9082871.pdf","77","78","Transboundary nomadic population movement: a potential for import-export of poliovirus","verified",""
"pre.zip/PMC9082871.pdf","78","79","Approche novatrice des vaccinations en santé publique et en méde-cine vétérinaire chez les pasteurs nomades au Tchad: Expériences et coûts","verified",""
"pre.zip/PMC9082871.pdf","79","80","Control of lymphatic filariasis in a hunter-gatherer group in Madang Province","verified",""
"pre.zip/PMC9082871.pdf","80","81","Integrated human and animal vaccination delivery to Nomadic Fulani communities in Northern Nigeria 2015","verified",""
"pre.zip/PMC9082871.pdf","83","84","Health and demographic surveillance systems: contributing to an understanding of the dynamics in migration and health","verified",""
"pre.zip/PMC9082871.pdf","84","85","Information extraction from very high resolution satellite imagery over Lukole refugee camp, Tanzania","verified",""
"pre.zip/PMC9082871.pdf","85","86","Malaria and the mobile and migrant population in Cambodia: a population movement framework to inform strategies for malaria control and elimination","verified",""
"pre.zip/PMC9082871.pdf","86","87","Does introducing an immunization package of services for migrant children improve the coverage, service quality and understanding? An evidence from an intervention study among 1548 migrant children in eastern China","verified",""
"pre.zip/PMC9082871.pdf","91","92","Assessment of net lending strategy to better reach mobile and migrant populations in malaria endemic areas of Cambodia","verified",""
"pre.zip/PMC9082871.pdf","94","95","Polio outbreak among nomads in Chad: outbreak response and lessons learned","verified",""
"pre.zip/PMC9082871.pdf","96","97","Multi-sensor feature fusion for very high spatial resolution built-up area extraction in temporary settlements","verified",""
"pre.zip/PMC9082871.pdf","100","101","Designing malaria surveillance strategies for mobile and migrant populations in Nepal: a mixed-methods study","verified",""
"pre.zip/PMC9082871.pdf","103","104","Long-term population migration: an important aspect to be considered during mass drug administration for elimination of lymphatic filariasis","verified",""
"pre.zip/PMC9082871.pdf","105","106","Migration statistics relevant for malaria transmission in Senegal derived from mobile phone data and used in an agent-based migration model","verified",""
"pre.zip/PMC9082871.pdf","106","107","Nomadic route identification and polio vaccination activities for unreached mobile population in Borno State, Northeast Nigeria","verified",""
"pre.zip/PMC9082871.pdf","107","108","Human population movement can impede the elimination of soil-transmitted helminth transmission in regions with heterogeneity in mass drug administration coverage and transmission potential between villages: a metapopulation analysis","verified",""
"pre.zip/PMC9082871.pdf","108","109","Respondent-driven sampling on the Thailand-Cambodia border","verified",""
"pre.zip/PMC9082871.pdf","109","110","Making pastoralists count: geospatial methods for the health surveillance of nomadic populations","verified",""
"pre.zip/PMC9082871.pdf","110","111","Measures of human mobility using mobile phone records enhanced with GIS data","verified",""
"pre.zip/PMC9082871.pdf","112","113","Disease persistence in epidemiological models: the interplay between vaccination and migration","verified",""
"pre.zip/PMC9082871.pdf","120","121","The causes and impacts of neglected tropical and zoonotic diseases: opportunities for integrated intervention strategies","verified",""
"pre.zip/PMC9158152.pdf","28","29","Introduction to Meta-Analysis. 2009;77(3):217–24","not_found","real"
"pre.zip/PMC9158152.pdf","32","33","Prognostic and Diagnostic Tests","not_found","real"
"pre.zip/PMC9158152.pdf","33","34","Diagnostic and Statistical Manual of Mental Disorders (DSM-5)","not_found","real"
"pre.zip/PMC9158152.pdf","51","52","The epidemiology of traumatic brain injury: a review","not_found","real"
"pre.zip/PMC9158152.pdf","0","1","A history of pediatric critical care medicine","verified",""
"pre.zip/PMC9158152.pdf","1","2","Three decades of pediatric intensive care: Who was admitted, what happened in intensive care, and what happened afterward","verified",""
"pre.zip/PMC9158152.pdf","2","3","Outcome of paediatric intensive care survivors","verified",""
"pre.zip/PMC9158152.pdf","3","4","Risk factors for acquiring functional and cognitive disabilities during admission to a PICU*","verified",""
"pre.zip/PMC9158152.pdf","4","5","Pediatric intensive care outcomes: development of new morbidities during pediatric critical care","verified",""
"pre.zip/PMC9158152.pdf","5","6","Long-Term Function After Pediatric Critical Illness: Results From the Survivor Outcomes Study","verified",""
"pre.zip/PMC9158152.pdf","6","7","Life after Critical Illness in Children-Toward an Understanding of Pediatric Post-intensive Care Syndrome","verified",""
"pre.zip/PMC9158152.pdf","7","8","Conceptualizing Post Intensive Care Syndrome in Children-The PICS-p Framework","verified",""
"pre.zip/PMC9158152.pdf","8","9","Childhood IQ and adult mental disorders: a test of the cognitive reserve hypothesis","verified",""
"pre.zip/PMC9158152.pdf","9","10","Why g Matters: The Complexity of Everyday Life","verified",""
"pre.zip/PMC9158152.pdf","10","11","Intelligence and Achievement: A Behavioral Genetic Perspective","verified",""
"pre.zip/PMC9158152.pdf","11","12","Intelligence and socioeconomic success: A meta-analytic review of longitudinal research","verified",""
"pre.zip/PMC9158152.pdf","13","14","Excitotoxicity in perinatal brain injury","verified",""
"pre.zip/PMC9158152.pdf","14","15","Long-term neurocognitive function after critical illness","verified",""
"pre.zip/PMC9158152.pdf","15","16","Developmental and functional outcomes at school entry in children with congenital heart defects","verified",""
"pre.zip/PMC9158152.pdf","16","17","Survivors of septic shock caused by Neisseria meningitidis in childhood: psychosocial outcomes in young adulthood","verified",""
"pre.zip/PMC9158152.pdf","17","18","Neurodevelopmental Outcome of ECMO Survivors at Five Years of Age: The Potential for Academic and Motor Difficulties","verified",""
"pre.zip/PMC9158152.pdf","18","19","A Systematic Review of Risk Factors Associated With Cognitive Impairment After Pediatric Critical Illness","verified",""
"pre.zip/PMC9158152.pdf","19","20","Preferred reporting items for systematic reviews and meta-analyses: the PRISMA statement","verified",""
"pre.zip/PMC9158152.pdf","21","22","Optimally estimating the sample mean from the sample size, median, mid-range, and/or mid-quartile range","verified",""
"pre.zip/PMC9158152.pdf","22","23","Estimating the sample mean and standard deviation from the sample size, median, range and/or interquartile range","verified",""
"pre.zip/PMC9158152.pdf","23","24","The Newcastle-Ottawa Scale (NOS) for assessing the quality of nonran-domised studies in meta-analyses","verified",""
"pre.zip/PMC9158152.pdf","24","25","Parental socioeconomic status and child intellectual functioning in a Norwegian sample","verified",""
"pre.zip/PMC9158152.pdf","25","26","Socioeconomic status (SES) and children’s intelligence (IQ): in a UK-representative sample SES moderates the environmental, not genetic, effect on IQ","verified",""
"pre.zip/PMC9158152.pdf","27","28","Using Effect Size-or Why the P Value Is Not Enough","verified",""
"pre.zip/PMC9158152.pdf","29","30","Quantifying heterogeneity in a meta-analysis","verified",""
"pre.zip/PMC9158152.pdf","30","31","Bias in meta-analysis detected by a simple, graphical test","verified",""
"pre.zip/PMC9158152.pdf","31","32","Statistical versus traditional procedures for summarizing research findings","verified",""
"pre.zip/PMC9158152.pdf","34","35","The impact of childhood intelligence on later life: following up the Scottish mental surveys of 1932 and 1947","verified",""
"pre.zip/PMC9158152.pdf","35","36","Neurocognitive Outcome After Treatment With(out) ECMO for Neonatal Critical Respiratory or Cardiac Failure","verified",""
"pre.zip/PMC9158152.pdf","36","37","Pediatric Post-Cardiac Arrest Care: A Scientific Statement From the American Heart Association","verified",""
"pre.zip/PMC9158152.pdf","37","38","Neurodevelopmental outcome of solid organ transplantation in children","verified",""
"pre.zip/PMC9158152.pdf","39","40","Intelligence after traumatic brain injury: meta-analysis of outcomes and prognosis","verified",""
"pre.zip/PMC9158152.pdf","40","41","Developmental outcomes after early surgery for complex congenital heart disease: a systematic review and meta-analysis","verified",""
"pre.zip/PMC9158152.pdf","41","42","Cognitive and Executive Function in Congenital Heart Disease: A Meta-analysis","verified",""
"pre.zip/PMC9158152.pdf","42","43","Mortality associated with congenital heart defects in the United States: trends and racial disparities","verified",""
"pre.zip/PMC9158152.pdf","43","44","A systematic review of the impact of intensive care admissions on post discharge cognition in children","verified",""
"pre.zip/PMC9158152.pdf","44","45","Sex differences in neurodevelopmental and neurodegenerative disorders: Focus on microglial function and neuroinflammation during development","verified",""
"pre.zip/PMC9158152.pdf","45","46","Sex differences in early-life programming of the hypothalamic-pituitary-adrenal axis in humans suggest increased vulnerability in females: a systematic review","verified",""
"pre.zip/PMC9158152.pdf","46","47","Sex Differences in Vulnerability and Resilience to Stress Across the Life Span","verified",""
"pre.zip/PMC9158152.pdf","47","48","Sex and gender: modifiers of health, disease, and medicine","verified",""
"pre.zip/PMC9158152.pdf","48","49","A need for speed? Bypass time and outcomes after isolated aortic valve replacement surgery","verified",""
"pre.zip/PMC9158152.pdf","49","50","Registry for the International Society for Heart and Lung Transplantation: seventh official pediatric report","verified",""
"pre.zip/PMC9158152.pdf","50","51","Impact of congenital heart disease on cerebrovascular blood flow dynamics in the fetus","verified",""
"pre.zip/PMC9158152.pdf","52","53","Impact of congenital heart disease on brain development and neurodevelopmental outcome","verified",""
"pre.zip/PMC9158152.pdf","53","54","Congenital diaphragmatic hernia with(out) ECMO: impaired development at 8 years","verified",""
"pre.zip/PMC9169327.pdf","3","4","J Natl Compr Cancer Netw. 2015;13(5):515–24","not_found","real"
"pre.zip/PMC9169327.pdf","23","24","Latent class growth mdelling: a tutorial; 2009","not_found","real"
"pre.zip/PMC9169327.pdf","42","43","J Thorac Oncol. 2019;14(11):2024","not_found","real"
"pre.zip/PMC9169327.pdf","57","58","Cell Physiol Biochem. 2018;50(3):924–35","not_found","real"
"pre.zip/PMC9169327.pdf","0","1","Relation between body mass index and lung cancer risk in men and women never and former smokers","verified",""
"pre.zip/PMC9169327.pdf","1","2","Body mass index and risk of lung cancer among never, former, and current smokers","verified",""
"pre.zip/PMC9169327.pdf","2","3","Global cancer statistics 2018: GLOBOCAN estimates of incidence and mortality worldwide for 36 cancers in 185 countries","verified",""
"pre.zip/PMC9169327.pdf","4","5","Obesity and cancer risk: a public health crisis","verified",""
"pre.zip/PMC9169327.pdf","5","6","Weight change across adulthood in relation to all cause and cause specific mortality: prospective cohort study","verified",""
"pre.zip/PMC9169327.pdf","6","7","Overall and central obesity and risk of lung cancer: a pooled analysis","verified",""
"pre.zip/PMC9169327.pdf","7","8","Body mass index and risk of lung cancer: Systematic review and dose-response meta-analysis","verified",""
"pre.zip/PMC9169327.pdf","8","9","Body mass index (BMI) trajectories and risk of colorectal cancer in the PLCO cohort","verified",""
"pre.zip/PMC9169327.pdf","9","10","Body weight trajectories and risk of oesophageal and gastric cardia adenocarcinomas: a pooled analysis of NIH-AARP and PLCO Studies","verified",""
"pre.zip/PMC9169327.pdf","10","11","Pre-diagnostic body mass index trajectory in relationship to lung cancer incidence and mortality; findings from the PLCO trial","verified",""
"pre.zip/PMC9169327.pdf","11","12","Environmental and heritable factors in the causation of cancer- -analyses of cohorts of twins from Sweden, Denmark, and Finland","verified",""
"pre.zip/PMC9169327.pdf","12","13","Genetics of lung-cancer susceptibility","verified",""
"pre.zip/PMC9169327.pdf","13","14","Estimation of heritability for nine common cancers using data from genome-wide association studies in Chinese population","verified",""
"pre.zip/PMC9169327.pdf","14","15","Analysis of heritability and shared heritability based on genome-wide association studies for thirteen cancer types","verified",""
"pre.zip/PMC9169327.pdf","15","16","A decade of GWAS results in lung cancer","verified",""
"pre.zip/PMC9169327.pdf","16","17","Identification of risk loci and a polygenic risk score for lung cancer: a large-scale prospective cohort study in Chinese populations","verified",""
"pre.zip/PMC9169327.pdf","17","18","Missing heritability in genome-wide association study research","verified",""
"pre.zip/PMC9169327.pdf","19","20","Implications of CYP2A6 genetic variation for smoking behaviors and nicotine dependence","verified",""
"pre.zip/PMC9169327.pdf","22","23","Prediagnostic body mass index trajectories in relation to prostate cancer incidence and mortality in the PLCO Cancer Screening Trial","verified",""
"pre.zip/PMC9169327.pdf","24","25","Identifying developmental trajectories of body mass index in childhood using latent class growth (mixture) modelling: associations with dietary, sedentary and physical activity behaviors: a longitudinal study","verified",""
"pre.zip/PMC9169327.pdf","25","26","Latent class growth modelling for the evaluation of intervention outcomes: example from a physical activity intervention","verified",""
"pre.zip/PMC9169327.pdf","26","27","Group-based trajectory modeling in clinical research","verified",""
"pre.zip/PMC9169327.pdf","27","28","NCBI’s Database of Genotypes and Phenotypes: dbGaP","verified",""
"pre.zip/PMC9169327.pdf","28","29","The NCBI dbGaP database of genotypes and phenotypes","verified",""
"pre.zip/PMC9169327.pdf","29","30","Discovery of common and rare genetic risk variants for colorectal cancer","verified",""
"pre.zip/PMC9169327.pdf","30","31","Common genetic variation in ETV6 is associated with colorectal cancer susceptibility","verified",""
"pre.zip/PMC9169327.pdf","31","32","A flexible and accurate genotype imputation method for the next generation of genome-wide association studies","verified",""
"pre.zip/PMC9169327.pdf","32","33","Large-scale association analysis identifies new lung cancer susceptibility loci and heterogeneity in genetic susceptibility across histological subtypes","verified",""
"pre.zip/PMC9169327.pdf","33","34","Multiancestry genome-wide association study of lipid levels incorporating gene-alcohol interactions","verified",""
"pre.zip/PMC9169327.pdf","34","35","Genetic effects on gene expression across human tissues","verified",""
"pre.zip/PMC9169327.pdf","35","36","Genetic studies of body mass index yield new insights for obesity biology","verified",""
"pre.zip/PMC9169327.pdf","37","38","HaploReg v4: systematic mining of putative causal variants, cell types, regulators and target genes for human complex traits and disease","verified",""
"pre.zip/PMC9169327.pdf","38","39","Proportional hazards tests and diagnostics based on weighted residuals","verified",""
"pre.zip/PMC9169327.pdf","39","40","Effect of enteral lipid supplement on severe retinopathy of pre-maturity: a randomized clinical trial","verified",""
"pre.zip/PMC9169327.pdf","40","41","Obesity is associated with long-term improved survival in definitively treated locally advanced non-small cell lung cancer (NSCLC)","verified",""
"pre.zip/PMC9169327.pdf","41","42","Association between body mass index and cancer survival in a pooled analysis of 22 clinical trials","verified",""
"pre.zip/PMC9169327.pdf","43","44","The inverse association of body mass index with lung cancer: exploring residual confounding, metabolic aberrations and within-person variability in smoking","verified",""
"pre.zip/PMC9169327.pdf","44","45","Do patients with weight loss have a worse outcome when undergoing chemotherapy for lung cancers? Br J Cancer. 2004;90(10):1905–11","verified",""
"pre.zip/PMC9169327.pdf","45","46","Tracking the evolution of non-small-cell lung cancer","verified",""
"pre.zip/PMC9169327.pdf","46","47","Clinical features and outcome of patients with non-small-cell lung cancer harboring BRAF mutations","verified",""
"pre.zip/PMC9169327.pdf","47","48","Vitamin C kills thyroid cancer cells through ROS-dependent inhibition of MAPK/ERK and PI3K/AKT pathways via distinct mechanisms","verified",""
"pre.zip/PMC9169327.pdf","48","49","The role of MAPKs in adipocyte differentiation and obesity","verified",""
"pre.zip/PMC9169327.pdf","49","50","Sequential phosphorylation of CCAAT enhancer-binding protein beta by MAPK and glycogen synthase kinase 3beta is required for adipogenesis","verified",""
"pre.zip/PMC9169327.pdf","50","51","Meta-analysis of public microar-ray datasets reveals voltagegated calcium gene signatures in clinical cancer patients","verified",""
"pre.zip/PMC9169327.pdf","51","52","Ion channels in cell proliferation and apoptotic cell death","verified",""
"pre.zip/PMC9169327.pdf","52","53","Dietary calcium and dairy modulation of adiposity and obesity risk","verified",""
"pre.zip/PMC9169327.pdf","53","54","Clasps are CLIP-115 and -170 associating proteins involved in the regional regulation of microtubule dynamics in motile fibroblasts","verified",""
"pre.zip/PMC9169327.pdf","54","55","High-throughput loss-of-heterozygosity study of chromosome 3p in lung cancer using single-nucleotide polymorphism markers","verified",""
"pre.zip/PMC9169327.pdf","55","56","The SLC16 gene family – structure, role and regulation in health and disease","verified",""
"pre.zip/PMC9169327.pdf","56","57","MCT1 regulates aggressive and metabolic phenotypes in bladder cancer","verified",""
"pre.zip/PMC9169327.pdf","58","59","Tumor-stroma metabolic relationship based on lactate shuttle can sustain prostate cancer progression","verified",""
"pre.zip/PMC9169327.pdf","59","60","Coffee consumption and incident tachyarrhythmias reported behavior, Mendelian randomization, and their interactions","verified",""
"pre.zip/PMC9169327.pdf","60","61","Differences in obesity prevalence by demographic characteristics and urbanization level among adults in the United States","verified",""
"pre.zip/PMC9169327.pdf","61","62","Mendelian randomization studies of coffee and caffeine consumption","verified",""
"pre.zip/PMC9175359.pdf","0","1","Malaria immunity in infants: a special case of a general phenomenon? Trends Parasitol. 2004;20(2):66–72","not_found","real"
"pre.zip/PMC9175359.pdf","7","8","Guidelines for the treatment of malaria. 3rd ed. Geneva: WHO; 2015","not_found","real"
"pre.zip/PMC9175359.pdf","29","30","Anemia in infancy","not_found","real"
"pre.zip/PMC9175359.pdf","30","31","Malaria rapid diagnostic tests in elimination settings--can they find the last parasite? Clin Microbiol Infect. 2011;17(11):1624–31","not_found","real"
"pre.zip/PMC9175359.pdf","32","33","Impact of intermittent preventive treatment of malaria in pregnancy with dihydroartemisinin-piperaquine versus sulfadoxine-pyrimethamine on the incidence of malaria in infancy: a randomized controlled trial","not_found","real"
"pre.zip/PMC9175359.pdf","1","2","Vivax malaria: a major cause of morbidity in early infancy","verified",""
"pre.zip/PMC9175359.pdf","2","3","Plasmodium falciparum malaria in the first year of life in an area of intense and perennial transmission","verified",""
"pre.zip/PMC9175359.pdf","3","4","Malaria infection in infancy in rural Malawi","verified",""
"pre.zip/PMC9175359.pdf","4","5","Early and late mortality after malaria in young children in Papua, Indonesia","verified",""
"pre.zip/PMC9175359.pdf","5","6","Unsupervised primaquine for the treatment of Plasmodium vivax malaria relapses in southern Papua: a hospital-based cohort study","verified",""
"pre.zip/PMC9175359.pdf","6","7","The risk of morbidity and mortality following recurrent malaria in Papua, Indonesia: a retrospective cohort study","verified",""
"pre.zip/PMC9175359.pdf","8","9","Intermittent treatment for malaria and anaemia control at time of routine vaccinations in Tanzanian infants: a randomised, placebo-controlled trial","verified",""
"pre.zip/PMC9175359.pdf","9","10","Intermittent preventive treatment for malaria in infants","verified",""
"pre.zip/PMC9175359.pdf","11","12","Protective efficacy and safety of three antimalarial regimens for the prevention of malaria in young Ugandan children: a randomized controlled trial","verified",""
"pre.zip/PMC9175359.pdf","12","13","Efficacy and safety of intermittent preventive treatment and intermittent screening and treatment versus single screening and treatment with dihydroartemisinin-piperaquine for the control of malaria in pregnancy in Indonesia: a cluster-randomised, open-label, superiority trial","verified",""
"pre.zip/PMC9175359.pdf","13","14","Intermittent screening and treatment or intermittent preventive treatment compared to current policy of single screening and treatment for the prevention of malaria in pregnancy in Eastern Indonesia: acceptability among health providers and pregnant women","verified",""
"pre.zip/PMC9175359.pdf","16","17","Impact of intermittent screening and treatment for malaria among school children in Kenya: a cluster randomised trial","verified",""
"pre.zip/PMC9175359.pdf","17","18","Therapeutic response of multidrug-resistant Plasmodium falciparum and P. vivax to chloroquine and sulfadoxine-pyrimethamine in southern Papua, Indonesia","verified",""
"pre.zip/PMC9175359.pdf","19","20","A genus-and species-specific nested polymerase chain reaction malaria detection assay for epidemiologic studies","verified",""
"pre.zip/PMC9175359.pdf","20","21","Comparison of three molecular methods for the detection and speciation of Plasmodium vivax and Plasmodium falciparum","verified",""
"pre.zip/PMC9175359.pdf","22","23","Randomized trial of piperaquine with sulfadoxine-pyrimethamine or dihydroarte-misinin for malaria intermittent preventive treatment in children","verified",""
"pre.zip/PMC9175359.pdf","23","24","Congenital malaria: the least known consequence of malaria in pregnancy","verified",""
"pre.zip/PMC9175359.pdf","24","25","Maternal placental infection with Plasmodium falciparum and malaria morbidity during the first 2 years of life","verified",""
"pre.zip/PMC9175359.pdf","25","26","Infections in infants during the first 12 months of life: role of placental malaria and environmental factors","verified",""
"pre.zip/PMC9175359.pdf","26","27","Can prenatal malaria exposure produce an immune tolerant phenotype? A prospective birth cohort study in Kenya","verified",""
"pre.zip/PMC9175359.pdf","27","28","Changes in haemoglobin levels in infants in Malawi: effect of low birth weight and fetal anaemia","verified",""
"pre.zip/PMC9175359.pdf","28","29","Poorer behavioral and developmental outcome more than 10 years after treatment for iron deficiency in infancy","verified",""
"pre.zip/PMC9175359.pdf","31","32","Impact of Plasmodium falciparum malaria and intermittent preventive treatment of malaria in pregnancy on the risk of malaria in infants: a systematic review","verified",""
"pre.zip/PMC9175359.pdf","33","34","The risk of malaria in Ghanaian infants born to women managed in pregnancy with intermittent screening and treatment for malaria or intermittent preventive treatment with sulfadoxine/pyrimethamine","verified",""
"pre.zip/PMC9190073.pdf","5","6","Plasma tau, neurofilament light chain and amyloid-beta levels and risk of dementia; a population-based cohort study","not_found","real"
"pre.zip/PMC9190073.pdf","31","32","Instructions for completing the cause-of-death section of the death certificate","not_found","real"
"pre.zip/PMC9190073.pdf","44","45","Statistics/data analysis: release 16","not_found","real"
"pre.zip/PMC9190073.pdf","0","1","Utility of plasma neurofilament light and total tau for clinical trials in Alzheimer’s disease","verified",""
"pre.zip/PMC9190073.pdf","1","2","Neurofilament gene expression: a major determinant of axonal caliber","verified",""
"pre.zip/PMC9190073.pdf","2","3","Elevated neurofilament levels in neurological diseases","verified",""
"pre.zip/PMC9190073.pdf","3","4","Blood-based NfL: a biomarker for differential diagnosis of parkinsonian disorder","verified",""
"pre.zip/PMC9190073.pdf","4","5","Serum neurofilament dynamics predicts neurodegeneration and clinical progression in presymptomatic Alzheimer’s disease","verified",""
"pre.zip/PMC9190073.pdf","6","7","Association between longitudinal plasma neurofilament light and neurodegeneration in patients with Alzheimer disease","verified",""
"pre.zip/PMC9190073.pdf","7","8","Serum neurofilament light in familial Alzheimer disease: a marker of early neuro-degeneration","verified",""
"pre.zip/PMC9190073.pdf","8","9","Serum neurofilament light levels in normal aging and their association with morphologic brain changes","verified",""
"pre.zip/PMC9190073.pdf","9","10","Cerebrospinal fluid neurofilament concentration reflects disease severity in frontotemporal degeneration","verified",""
"pre.zip/PMC9190073.pdf","10","11","Serum neurofilament light protein predicts clinical outcome in traumatic brain injury","verified",""
"pre.zip/PMC9190073.pdf","11","12","Biological markers in CSF and blood for axonal degeneration in multiple sclerosis","verified",""
"pre.zip/PMC9190073.pdf","12","13","Dementia, cognitive impairment and mortality in persons aged 65 and over living in the community: a systematic review of the literature","verified",""
"pre.zip/PMC9190073.pdf","13","14","Plasma neurofilament light predicts mortality in patients with stroke","verified",""
"pre.zip/PMC9190073.pdf","14","15","NfL (neurofilament light chain) levels as a predictive marker for long-term outcome after ischemic stroke","verified",""
"pre.zip/PMC9190073.pdf","15","16","Association of blood and cerebrospinal fluid tau level and other biomarkers with survival time in sporadic Creutzfeldt-Jakob disease","verified",""
"pre.zip/PMC9190073.pdf","16","17","Plasma neurofilament light chain is associated with mortality after spontaneous intracerebral hemorrhage","verified",""
"pre.zip/PMC9190073.pdf","17","18","Plasma neurofilament light chain is associated with poor functional outcome and mortality rate after spontaneous subarachnoid hemorrhage","verified",""
"pre.zip/PMC9190073.pdf","18","19","Serum neurofilament light and tau as prognostic markers for all-cause mortality in the elderly general population-an analysis from the MEMO study","verified",""
"pre.zip/PMC9190073.pdf","19","20","A neuronal blood marker is associated with mortality in old age","verified",""
"pre.zip/PMC9190073.pdf","20","21","Sex differences in adult lifespan and aging rates of mortality across wild mammals","verified",""
"pre.zip/PMC9190073.pdf","21","22","Confounding effect of blood volume and body mass index on blood neurofilament light chain levels","verified",""
"pre.zip/PMC9190073.pdf","22","23","Renal function is associated with blood neurofilament light chain level in older adults","verified",""
"pre.zip/PMC9190073.pdf","23","24","Body mass index and allostatic load are directly associated with longitudinal increase in plasma neurofilament light among urban middle-aged adults","verified",""
"pre.zip/PMC9190073.pdf","25","26","Differential associations of socioeconomic status with global brain volumes and white matter lesions in African American and White adults: the HANDLS SCAN Study","verified",""
"pre.zip/PMC9190073.pdf","26","27","Association between epigenetic age acceleration and depressive symptoms in a prospective cohort study of urban-dwelling adults","verified",""
"pre.zip/PMC9190073.pdf","27","28","Accelerated epigenetic age and cognitive decline among urban-dwelling adults","verified",""
"pre.zip/PMC9190073.pdf","28","29","Novel age-associated DNA methylation changes and epige-netic age acceleration in middle-aged African Americans and whites","verified",""
"pre.zip/PMC9190073.pdf","30","31","Applying mixed regression models to the analysis of repeated-measures data in psychosomatic medicine","verified",""
"pre.zip/PMC9190073.pdf","32","33","Education, income and ethnic differences in cumulative biological risk profiles in a national sample of US adults: NHANES III","verified",""
"pre.zip/PMC9190073.pdf","33","34","Definition, diagnosis and classification of diabetes mellitus and its complications","verified",""
"pre.zip/PMC9190073.pdf","34","35","Lower serum albumin concentration and change in muscle mass: the Health, Aging and Body Composition Study","verified",""
"pre.zip/PMC9190073.pdf","36","37","Executive summary of the third report of the National Cholesterol Education Program (NCEP) Expert Panel on detection, evaluation, and treatment of high blood cholesterol in adults (Adult Treatment Panel III)","verified",""
"pre.zip/PMC9190073.pdf","37","38","Use of glycated hemoglobin and microalbuminuria in the monitoring of diabetes mellitus","verified",""
"pre.zip/PMC9190073.pdf","39","40","Is glycosylated hemoglobin A1c a surrogate for metabolic syndrome in nondiabetic, first-degree relatives of African-American patients with type 2 diabetes? J Clin Endocrinol Metab. 2003;88(10):4596–601","verified",""
"pre.zip/PMC9190073.pdf","40","41","Heart rate as a predictor of mortality: the MATISS project","verified",""
"pre.zip/PMC9190073.pdf","43","44","Red cell distribution width is directly associated with poor cognitive performance among nonanemic, middle-aged, urban adults","verified",""
"pre.zip/PMC9190073.pdf","45","46","Mediating-moderating effect of allostatic load on the association between dietary approaches to stop hypertension diet and all-cause and cause-specific mortality: 2001-2010 National Health and Nutrition Examination Surveys","verified",""
"pre.zip/PMC9190073.pdf","46","47","Racial disparities in adult all-cause and cause-specific mortality among us adults: mediating and moderating factors","verified",""
"pre.zip/PMC9190073.pdf","47","48","Med4way: a Stata command to investigate mediating and interactive mechanisms using the four-way effect decomposition","verified",""
"pre.zip/PMC9190073.pdf","48","49","Combining estimates of interest in prognostic modelling studies after multiple imputation: current practice and guidelines","verified",""
"pre.zip/PMC9190073.pdf","49","50","Sample selection bias as a specification error","verified",""
"pre.zip/PMC9190073.pdf","50","51","Longitudinal measurement of serum neurofilament light in presymptomatic familial Alzheimer’s disease","verified",""
"pre.zip/PMC9190073.pdf","51","52","Serum neurofilament light levels correlate with severity measures and neurodegeneration markers in autosomal dominant Alzheimer’s disease","verified",""
"pre.zip/PMC9190073.pdf","52","53","Plasma neurofilament light chain is associated with cognitive decline in non-dementia older adults","verified",""
"pre.zip/PMC9190073.pdf","53","54","Depression as a risk for cancer morbidity and mortality in a nationally representative sample","verified",""
"pre.zip/PMC9190073.pdf","54","55","Race and poverty status as a risk for overall mortality in community-dwelling middle-aged adults","verified",""
"pre.zip/PMC9190073.pdf","55","56","The accelerated aging phenotype: the role of race and social determinants of health on aging","verified",""
"pre.zip/PMC9190073.pdf","56","57","Changes in midlife death rates across racial and ethnic groups in the United States: systematic analysis of vital statistics","verified",""
"pre.zip/PMC9214990.pdf","13","14","Chapter 7 - Lewy body dementia","not_found","real"
"pre.zip/PMC9214990.pdf","0","1","The prognosis of dementia with Lewy bodies","verified",""
"pre.zip/PMC9214990.pdf","1","2","Lewy body dementias","verified",""
"pre.zip/PMC9214990.pdf","2","3","The prevalence and incidence of dementia with Lewy bodies: a systematic review","verified",""
"pre.zip/PMC9214990.pdf","3","4","Challenges and opportunities for improving the landscape for Lewy body dementia clinical trials","verified",""
"pre.zip/PMC9214990.pdf","4","5","Ethnoracial differences in Lewy body diseases with cognitive impairment","verified",""
"pre.zip/PMC9214990.pdf","5","6","Diagnosis and management of dementia with Lewy bodies: fourth consensus report of the DLB Consortium","verified",""
"pre.zip/PMC9214990.pdf","6","7","Long-term mortality in a cohort of home-dwelling elderly with mild Alzheimer’s disease and Lewy body dementia","verified",""
"pre.zip/PMC9214990.pdf","7","8","GBA and APOE epsilon4 associate with sporadic dementia with Lewy bodies in European Genome Wide Association Study","verified",""
"pre.zip/PMC9214990.pdf","8","9","Investigating the genetic architecture of dementia with Lewy bodies: a two-stage genome-wide association study","verified",""
"pre.zip/PMC9214990.pdf","9","10","Genome sequencing analysis identifies new loci associated with Lewy body dementia and provides insights into its genetic architecture","verified",""
"pre.zip/PMC9214990.pdf","16","17","Systematic review of genetic association studies in people with Lewy body dementia","verified",""
"pre.zip/PMC9214990.pdf","17","18","LD Score regression distinguishes confounding from polygenicity in genome-wide association studies","verified",""
"pre.zip/PMC9214990.pdf","18","19","Multi-trait analysis of genome-wide association summary statistics using MTAG","verified",""
"pre.zip/PMC9214990.pdf","19","20","A subset-based approach improves power and interpretation for the combined analysis of genetic association studies of heterogeneous traits","verified",""
"pre.zip/PMC9214990.pdf","21","22","A genome-wide association study with 1,126,563 individuals identifies new risk loci for Alzheimer’s disease","verified",""
"pre.zip/PMC9214990.pdf","23","24","Identification of novel risk loci, causal insights, and heritable risk for Parkinson’s disease: a meta-analysis of genome-wide association studies","verified",""
"pre.zip/PMC9214990.pdf","25","26","CrossMap: a versatile tool for coordinate conversion between genome assemblies","verified",""
"pre.zip/PMC9214990.pdf","28","29","Integration of summary data from GWAS and eQTL studies predicts complex trait gene targets","verified",""
"pre.zip/PMC9214990.pdf","31","32","Functional mapping and annotation of genetic associations with FUMA","verified",""
"pre.zip/PMC9214990.pdf","33","34","ANNOVAR: functional annotation of genetic variants from high-throughput sequencing data","verified",""
"pre.zip/PMC9214990.pdf","34","35","A general framework for estimating the relative pathogenicity of human genetic variants","verified",""
"pre.zip/PMC9214990.pdf","35","36","Annotation of functional variation in personal genomes using Regu-lomeDB","verified",""
"pre.zip/PMC9214990.pdf","36","37","Conditional and joint multiple-SNP analysis of GWAS summary statistics identifies additional variants influencing complex traits","verified",""
"pre.zip/PMC9214990.pdf","37","38","GCTA: a tool for genome-wide complex trait analysis","verified",""
"pre.zip/PMC9214990.pdf","39","40","Bayesian test for colocalisation between pairs of genetic association studies using summary statistics","verified",""
"pre.zip/PMC9214990.pdf","42","43","Fast set-based association analysis using summary data from GWAS identifies novel gene loci for human complex traits","verified",""
"pre.zip/PMC9214990.pdf","43","44","A gene-based association method for mapping traits using reference transcriptome data","verified",""
"pre.zip/PMC9214990.pdf","44","45","Integrative approaches for large-scale transcriptome-wide association studies","verified",""
"pre.zip/PMC9214990.pdf","45","46","Exploring the phenotypic consequences of tissue specific gene expression variation inferred from GWAS summary statistics","verified",""
"pre.zip/PMC9214990.pdf","46","47","A unified framework for joint-tissue transcriptome-wide association and Mendelian randomization analysis","verified",""
"pre.zip/PMC9214990.pdf","47","48","Exploiting the GTEx resources to decipher the mechanisms at GWAS loci","verified",""
"pre.zip/PMC9214990.pdf","51","52","LocusZoom: regional visualization of genome-wide association scan results","verified",""
"pre.zip/PMC9214990.pdf","53","54","Large-scale cis-and trans-eQTL analyses identify thousands of genetic loci and polygenic scores that regulate blood gene expression","verified",""
"pre.zip/PMC9214990.pdf","54","55","Association between alpha-synuclein (SNCA) rs11931074 variability and susceptibility to Parkinson’s disease: an updated meta-analysis of 41,811 patients","verified",""
"pre.zip/PMC9214990.pdf","55","56","SNCA rs11931074 polymorphism correlates with spontaneous brain activity and motor symptoms in Chinese patients with Parkinson’s disease","verified",""
"pre.zip/PMC9214990.pdf","56","57","Multiple organ involvement by alpha-synuclein pathology in Lewy body disorders","verified",""
"pre.zip/PMC9214990.pdf","57","58","Transneuronal propagation of pathologic alpha-synuclein from the gut to the brain models Parkinson’s disease","verified",""
"pre.zip/PMC9214990.pdf","58","59","Brain-to-stomach transfer of alpha-synuclein via vagal preganglionic projections","verified",""
"pre.zip/PMC9214990.pdf","59","60","View point: etiology in Parkinson’s disease","verified",""
"pre.zip/PMC9214990.pdf","60","61","Extracellular clusterin limits the uptake of alpha-synuclein fibrils by murine and human astrocytes","verified",""
"pre.zip/PMC9214990.pdf","61","62","Clusterin in Alzheimer’s disease: mechanisms, genetics, and lessons from other pathologies","verified",""
"pre.zip/PMC9214990.pdf","62","63","SEdb: a comprehensive human super-enhancer database","verified",""
"pre.zip/PMC9214990.pdf","64","65","Association of MAPT haplotypes with Alzheimer’s disease risk and MAPT brain gene expression levels","verified",""
"pre.zip/PMC9214990.pdf","65","66","MAPT haplotype-stratified GWAS reveals differential association for AD risk variants","verified",""
"pre.zip/PMC9214990.pdf","66","67","MAPT haplotype H1G is associated with increased risk of dementia with Lewy bodies","verified",""
"pre.zip/PMC9214990.pdf","67","68","Templated alpha-synuclein inclusion formation is independent of endogenous tau","verified",""
"pre.zip/PMC9214990.pdf","68","69","Tau oligomers mediate alpha-synuclein toxicity and can be targeted by immunotherapy","verified",""
"pre.zip/PMC9214990.pdf","69","70","Age and age-related diseases: role of inflammation triggers and cytokines","verified",""
"pre.zip/PMC9214990.pdf","70","71","Therapeutic opportunities of interleukin-33 in the central nervous system","verified",""
"pre.zip/PMC9214990.pdf","71","72","F-box protein FBXL19-mediated ubiquitination and degradation of the receptor for IL-33 limits pulmonary inflammation","verified",""
"pre.zip/PMC9214990.pdf","72","73","Unique alpha-synuclein pathology within the amygdala in Lewy body dementia: implications for disease initiation and progression","verified",""
"pre.zip/PMC9214990.pdf","73","74","Aggregation of alpha-synuclein in Lewy bodies of sporadic Parkinson’s disease and dementia with Lewy bodies","verified",""
"pre.zip/PMC9214990.pdf","74","75","Increased expression of alpha-synuclein reduces neurotransmitter release by inhibiting synaptic vesicle reclustering after endocytosis","verified",""
"pre.zip/PMC9214990.pdf","75","76","Alzheimer disease with amygdala Lewy bodies: a distinct form of alpha-synucleinopathy","verified",""
"pre.zip/PMC9214990.pdf","76","77","Colocalization of tau and alpha-synuclein epitopes in Lewy bodies","verified",""
"pre.zip/PMC9214990.pdf","78","79","Neurofibrillary tangles, amyloid, and memory in aging and mild cognitive impairment","verified",""
"pre.zip/PMC9214990.pdf","80","81","The contribution of tau, amyloid-beta and alpha-synuclein pathology to dementia in Lewy body disorders","verified",""
"pre.zip/PMC9214990.pdf","81","82","Prevalence and clinical associations of tau in Lewy body dementias: a systematic review and meta-analysis","verified",""
"pre.zip/PMC9301821.pdf","4","5","Cell-mediated protec‑ tion in influenza infection","not_found","real"
"pre.zip/PMC9301821.pdf","8","9","J Immunol. 1998;160(1):322–7","not_found","real"
"pre.zip/PMC9301821.pdf","34","35","Severe pandemic H1N1 2009 infection is associated with tran‑ sient NK and T deficiency and aberrant CD8 responses","not_found","real"
"pre.zip/PMC9301821.pdf","0","1","Estimates of global seasonal influenza-associated respiratory mortal‑ ity: a modelling study","verified",""
"pre.zip/PMC9301821.pdf","1","2","The 1918 influenza pandemic: insights for the 21st century","verified",""
"pre.zip/PMC9301821.pdf","2","3","Variable influenza vaccine effectiveness by subtype: a systematic review and meta-analysis of test-negative design studies","verified",""
"pre.zip/PMC9301821.pdf","3","4","Current and future influenza vaccines","verified",""
"pre.zip/PMC9301821.pdf","5","6","The hurdles from bench to bedside in the realization and implementation of a universal influenza vaccine","verified",""
"pre.zip/PMC9301821.pdf","6","7","Combined NKT cell activation and influenza virus vaccination boosts memory CTL generation and protective immunity","verified",""
"pre.zip/PMC9301821.pdf","7","8","Vaccination with DNA encoding internal proteins of influenza virus does not require ­CD8+ cytotoxic T lymphocytes: either ­CD4+ or ­CD8+ T cells can promote survival and recovery after challenge","verified",""
"pre.zip/PMC9301821.pdf","9","10","Vaccination with whole inactivated virus vaccine affects the induction of heterosubtypic immunity against influenza virus A/H5N1 and immunodominance of virus-specific CD8+ T-cell responses in mice","verified",""
"pre.zip/PMC9301821.pdf","10","11","Cross-reactive CD8+ T-cell immunity between the pandemic H1N1-2009 and H1N1-1918 influenza A viruses","verified",""
"pre.zip/PMC9301821.pdf","11","12","Pre‑ existing influenza-specific CD4+ T cells correlate with disease protection against influenza challenge in humans","verified",""
"pre.zip/PMC9301821.pdf","12","13","Cytotoxic T-cell immunity to influenza","verified",""
"pre.zip/PMC9301821.pdf","13","14","Recovery from severe H7N9 disease is associated with diverse response mechanisms dominated by CD8(+) T cells","verified",""
"pre.zip/PMC9301821.pdf","14","15","Natural T cell-mediated protection against seasonal and pandemic influenza","verified",""
"pre.zip/PMC9301821.pdf","15","16","Cellular immune correlates of protection against symptomatic pandemic influenza","verified",""
"pre.zip/PMC9301821.pdf","16","17","Protective efficacy of seasonal influenza vaccination against seasonal and pandemic influenza virus infection during 2009 in Hong Kong","verified",""
"pre.zip/PMC9301821.pdf","17","18","Protective efficacy against pandemic influenza of seasonal influenza vaccination in children in Hong Kong: a randomized controlled trial","verified",""
"pre.zip/PMC9301821.pdf","18","19","Compara‑ tive epidemiology of pandemic and seasonal influenza A in households","verified",""
"pre.zip/PMC9301821.pdf","19","20","Cytotoxic T lympho‑ cytes established by seasonal human influenza cross-react against 2009 pandemic H1N1 influenza virus","verified",""
"pre.zip/PMC9301821.pdf","20","21","Humoral and cellular immune responses in children given annual immuniza‑ tion with trivalent inactivated influenza vaccine","verified",""
"pre.zip/PMC9301821.pdf","21","22","Dendritic and T cell response to influenza is normal in the patients with X-linked agammaglobulinemia","verified",""
"pre.zip/PMC9301821.pdf","22","23","Cellular immune responses in children and adults receiving inactivated or live attenuated influenza vaccines","verified",""
"pre.zip/PMC9301821.pdf","23","24","Interpreting sero-epidemiologic studies of influenza in a context of non-bracketing sera","verified",""
"pre.zip/PMC9301821.pdf","25","26","Determinants of influenza transmission in South East Asia: insights from a household cohort study in Vietnam","verified",""
"pre.zip/PMC9301821.pdf","26","27","Life course exposures continually shape antibody profiles and risk of seroconversion to influenza","verified",""
"pre.zip/PMC9301821.pdf","27","28","Hemagglutination inhibiting antibodies and protection against seasonal and pandemic influenza infection","verified",""
"pre.zip/PMC9301821.pdf","28","29","Human monoclonal antibodies to pandemic 1957 H2N2 and pandemic 1968 H3N2 influenza viruses","verified",""
"pre.zip/PMC9301821.pdf","29","30","Potential antigenic explanation for atypical H1N1 infections among middle-aged adults during the 2013-2014 influenza season","verified",""
"pre.zip/PMC9301821.pdf","30","31","Novel correlates of protection against pandemic H1N1 influenza A virus infection","verified",""
"pre.zip/PMC9301821.pdf","31","32","The role of serum haemagglutination-inhibiting antibody in protection against challenge infection with influenza A2 and B viruses","verified",""
"pre.zip/PMC9301821.pdf","32","33","Interferongamma: an overview of signals, mechanisms and functions","verified",""
"pre.zip/PMC9301821.pdf","33","34","Hallmarks of CD4 T cell immunity against influenza","verified",""
"pre.zip/PMC9301821.pdf","35","36","Ab and T cell epitopes of influenza A virus, knowledge and opportunities","verified",""
"pre.zip/PMC9301821.pdf","36","37","CD4 T cells in protec‑ tion from influenza virus: viral antigen specificity and functional potential","verified",""
"pre.zip/PMC9301821.pdf","37","38","Cytotoxic T lymphocytes recognize a fragment of influenza virus matrix protein in association with HLA-A2","verified",""
"pre.zip/PMC9301821.pdf","38","39","Influenza A virus nucleoprotein is a major target antigen for cross-reactive anti-influenza A virus cytotoxic T lymphocytes","verified",""
"pre.zip/PMC9301821.pdf","39","40","Prior H1N1 influenza infection and susceptibility of Cleveland Family Study participants during the H2N2 pandemic of 1957: an experi‑ ment of nature","verified",""
"pre.zip/PMC9301821.pdf","40","41","The effect of a previous attack of A1 influenza on suscep‑ tibility to A2 virus during the 1957 outbreak","verified",""
"pre.zip/PMC9301821.pdf","41","42","CD4 CTL, a cytotoxic subset of CD4(+) T cells, their differentiation and function","verified",""
"pre.zip/PMC9301821.pdf","42","43","Cytolytic CD4 cells: direct mediators in infectious disease and malignancy","verified",""
"pre.zip/PMC9301821.pdf","43","44","Increased transmissibility explains the third wave of infection by the 2009 H1N1 pandemic virus in England","verified",""
"pre.zip/PMC9301821.pdf","44","45","Cross-reac‑ tive antibody responses to the 2009 pandemic H1N1 influenza virus","verified",""
"pre.zip/PMC9301821.pdf","45","46","Age-specific differences in the dynamics of protective immunity to influenza","verified",""
"pre.zip/PMC9301821.pdf","46","47","Har‑ nessing the power of T cells: the promising hope for a universal influenza vaccine","verified",""
"pre.zip/PMC9301821.pdf","47","48","A universal influenza vaccine: the strategic plan for the National Institute of Allergy and Infectious Diseases","verified",""
"pre.zip/PMC9301821.pdf","48","49","Influenza infection rates, measurement errors and the interpretation of paired serology","verified",""
"pre.zip/PMC9301821.pdf","49","50","Selective accumulation of differentiated CD8+ T cells specific for respira‑ tory viruses in the human lung","verified",""
"pre.zip/PMC9338472.pdf","4","5","Results in additional files 1, 3 and 4 have been updated","not_found","uncertain"
"pre.zip/PMC9398500.pdf","0","1","Living arrangements of older adults in the Netherlands and Italy: coresidence values and behaviour and their consequences for loneliness","not_found","real"
"pre.zip/PMC9398500.pdf","7","8","Accessed 20 October 2021","not_found","real"
"pre.zip/PMC9398500.pdf","9","10","From origins to opportunities","not_found","real"
"pre.zip/PMC9398500.pdf","15","16","Making it work for GPs and patients","not_found","real"
"pre.zip/PMC9398500.pdf","16","17","Accessed 09 May 2022","not_found","real"
"pre.zip/PMC9398500.pdf","26","27","Accessed 09 May 2022","not_found","real"
"pre.zip/PMC9398500.pdf","30","31","Creative and cultural activities and wellbeing in later life","not_found","real"
"pre.zip/PMC9398500.pdf","32","33","Effect of art museum activity program for the elderly on health: a pilot observational study","not_found","real"
"pre.zip/PMC9398500.pdf","36","37","Museums, health and social care service","not_found","real"
"pre.zip/PMC9398500.pdf","37","38","Aging Ment Health. 2014;18:161–8","not_found","real"
"pre.zip/PMC9398500.pdf","40","41","Short report: How creativity and culture has been supporting people who are shielding or vulnerable during Covid-19","not_found","real"
"pre.zip/PMC9398500.pdf","43","44","20:260 early-stage Alzheimer’s disease and their family caregivers","not_found","uncertain"
"pre.zip/PMC9398500.pdf","45","46","Evaluation of the house of memories family carers awareness day","not_found","real"
"pre.zip/PMC9398500.pdf","63","64","Int J Disabil Hum Dev. 2011;10:123–9","not_found","real"
"pre.zip/PMC9398500.pdf","66","67","Museums on prescription: a guide to working with older people","not_found","real"
"pre.zip/PMC9398500.pdf","67","68","A handbook for cultural engagement with older men","not_found","real"
"pre.zip/PMC9398500.pdf","68","69","Gallery and beyond: training to transform good times","not_found","real"
"pre.zip/PMC9398500.pdf","72","73","Exchange networks and the analysis of complex organizations","not_found","real"
"pre.zip/PMC9398500.pdf","77","78","Supporting vulnerable populations during the pandemic: Stakeholders’ experiences and perceptions of social prescribing in Scotland during Covid-19","not_found","real"
"pre.zip/PMC9398500.pdf","83","84","Accessed 09 May 2022","not_found","real"
"pre.zip/PMC9398500.pdf","1","2","Loneliness, health, and mortality in old age: a national longitudinal study","verified",""
"pre.zip/PMC9398500.pdf","3","4","Loneliness in later life","verified",""
"pre.zip/PMC9398500.pdf","4","5","The impact of sheltering in place during the COVID-19 pandemic on older adults’ social and mental well-being","verified",""
"pre.zip/PMC9398500.pdf","5","6","Impact of the COVID-19 pandemic on loneliness among older adults","verified",""
"pre.zip/PMC9398500.pdf","10","11","Social prescribing in the U.S. and England: emerging interventions to address patients’ social needs","verified",""
"pre.zip/PMC9398500.pdf","11","12","Social isolation and loneliness in later life: a parallel convergent mixed-methods case study of older adults and their residential contexts in the Minneapolis metropolitan area, USA","verified",""
"pre.zip/PMC9398500.pdf","12","13","Social prescribing for individuals living with mental Illness in an Australian community setting: a pilot study","verified",""
"pre.zip/PMC9398500.pdf","14","15","Current understanding and implementation of ‘care navigation’ across England: a cross-sectional study of NHS clinical commissioning groups","verified",""
"pre.zip/PMC9398500.pdf","17","18","Non-clinical community interventions: a systematised review of social prescribing schemes","verified",""
"pre.zip/PMC9398500.pdf","21","22","The science of evaluation: a realist manifesto","verified",""
"pre.zip/PMC9398500.pdf","23","24","Evidence-based policy: a realist perspective","verified",""
"pre.zip/PMC9398500.pdf","24","25","A time-responsive tool for informing policy making: Rapid realist review","verified",""
"pre.zip/PMC9398500.pdf","25","26","Redefining rapid reviews: a flexible framework for restricted systematic reviews","verified",""
"pre.zip/PMC9398500.pdf","28","29","Using computer assisted qualitative data analysis software (CAQDAS; NVivo) to assist in the complex process of realist theory generation, refinement and testing","verified",""
"pre.zip/PMC9398500.pdf","31","32","Using museum objects to improve wellbeing in mental health service users and neurological rehabilitation clients","verified",""
"pre.zip/PMC9398500.pdf","34","35","Outdoor environments at three nursing homes: semantic environmental descriptions","verified",""
"pre.zip/PMC9398500.pdf","35","36","Art therapy in art museums: Promoting social connectedness and psychological well-being of older adults","verified",""
"pre.zip/PMC9398500.pdf","38","39","Museum object handling: a health-promoting community-based activity for dementia care","verified",""
"pre.zip/PMC9398500.pdf","39","40","Arts and cultural activity: A vital part of the health and care system","verified",""
"pre.zip/PMC9398500.pdf","42","43","Community engagement and dementia risk: time-to-event analyses from a national cohort study","verified",""
"pre.zip/PMC9398500.pdf","44","45","Enriching life with creative expression","verified",""
"pre.zip/PMC9398500.pdf","47","48","How can contemporary art contribute toward the development of social and cultural capital for people aged 64 and older","verified",""
"pre.zip/PMC9398500.pdf","48","49","Implementation and impact of unforgettable: an interactive art program for people with dementia and their caregivers","verified",""
"pre.zip/PMC9398500.pdf","49","50","How do people with dementia respond to different types of art? An explorative study into interactive museum programs","verified",""
"pre.zip/PMC9398500.pdf","50","51","Social prescribing: a ‘natural’ community-based solution","verified",""
"pre.zip/PMC9398500.pdf","51","52","Museum activities in dementia care: Using visual analog scales to measure subjective wellbeing","verified",""
"pre.zip/PMC9398500.pdf","52","53","City Memories: Reminiscence as creative therapy","verified",""
"pre.zip/PMC9398500.pdf","53","54","Humor and laughter in persons with cognitive impairment and their caregivers","verified",""
"pre.zip/PMC9398500.pdf","55","56","Green spaces, dementia and a meaningful life in the community: a mixed studies review","verified",""
"pre.zip/PMC9398500.pdf","57","58","Coffee, cake and culture: Evaluation of an art for health programme for older people in the community","verified",""
"pre.zip/PMC9398500.pdf","58","59","Art museum-based intervention to promote emotional well-being and improve quality of life in people with dementia: The ARTEMIS project","verified",""
"pre.zip/PMC9398500.pdf","59","60","Development of the “Museum Health and Social Care Service” to promote the use of arts and cultural activities by health and social care professionals caring for older people","verified",""
"pre.zip/PMC9398500.pdf","60","61","Well-being with objects: Evaluating a museum object-handling intervention for older adults in health care settings","verified",""
"pre.zip/PMC9398500.pdf","61","62","Effects of a museum-based social prescription intervention on quantitative measures of psychological wellbeing in older adults","verified",""
"pre.zip/PMC9398500.pdf","62","63","Museum-based programs for socially isolated older adults: understanding what works","verified",""
"pre.zip/PMC9398500.pdf","64","65","Viewing art on a tablet computer: a well-being intervention for people with dementia and their caregivers","verified",""
"pre.zip/PMC9398500.pdf","65","66","Longitudinal associations between short-term, repeated, and sustained arts engagement and well-being outcomes in older adults","verified",""
"pre.zip/PMC9398500.pdf","69","70","What is the impact of using outdoor spaces such as gardens on the physical and mental well-being of those with dementia? A systematic review of quantitative and qualitative evidence","verified",""
"pre.zip/PMC9398500.pdf","70","71","Social behavior as exchange","verified",""
"pre.zip/PMC9398500.pdf","71","72","Power, equity and commitment in exchange networks","verified",""
"pre.zip/PMC9398500.pdf","74","75","The dark side of coproduction: do the costs outweigh the benefits for health research? Health Res Policy Syst. 2019;17:33","verified",""
"pre.zip/PMC9398500.pdf","75","76","Coproduction of healthcare service","verified",""
"pre.zip/PMC9398500.pdf","76","77","Coproduction and health: public and clinicians’ perceptions of the barriers and facilitators","verified",""
"pre.zip/PMC9398500.pdf","78","79","Impact of COVID-19 on social prescribing across an Integrated Care System: a researcher in residence study","verified",""
"pre.zip/PMC9398500.pdf","79","80","Social prescribing during the COVID-19 pandemic: a qualitative study of service providers’ and clients’ experiences","verified",""
"pre.zip/PMC9398500.pdf","80","81","Italian state museums during the COVID-19 crisis: from onsite closure to online openness","verified",""
"pre.zip/PMC9398500.pdf","81","82","The impact of the COVID-19 pandemic on the creative industries: a literature review and future research agenda","verified",""
"pre.zip/PMC9398500.pdf","82","83","Heritage in lockdown: digital provision of memory institutions in the UK and US of America during the COVID-19 pandemic","verified",""
"pre.zip/PMC9398500.pdf","84","85","Supporting social prescribing in primary care by linking people to local assets: A realist review","verified",""
"pre.zip/PMC9449300.pdf","0","1","Progress report on the elimination of human onchocerciasis","not_found","real"
"pre.zip/PMC9449300.pdf","23","24","Bayesian spatial Modelling with R-INLA","not_found","real"
"pre.zip/PMC9449300.pdf","1","2","Growth, challenges, and solutions over 25 years of mectizan and the impact on onchocercia-sis control","verified",""
"pre.zip/PMC9449300.pdf","2","3","The disappearance of onchocerciasis from the Itwara focus, western Uganda after elimination of the vector Simulium neavei and 19 years of annual ivermectin treatments","verified",""
"pre.zip/PMC9449300.pdf","3","4","The first confirmed elimination of an onchocerciasis focus in Africa: Abu Hamed, Sudan","verified",""
"pre.zip/PMC9449300.pdf","4","5","Progress toward elimination of onchocerciasis in the Americas","verified",""
"pre.zip/PMC9449300.pdf","5","6","Successful interruption of transmission of Onchocerca volvulus in the Escuintla-Guatemala focus, Guatemala","verified",""
"pre.zip/PMC9449300.pdf","6","7","Elimination of African onchocerciasis: modeling the impact of increasing the frequency of ivermectin mass treatment","verified",""
"pre.zip/PMC9449300.pdf","7","8","How can onchocerciasis elimination in Africa be accelerated? Modeling the impact of increased ivermectin treatment frequency and complementary vector control","verified",""
"pre.zip/PMC9449300.pdf","8","9","Onchocerciasis: the beginning of the end","verified",""
"pre.zip/PMC9449300.pdf","10","11","A test-and-not-treat strategy for onchocerciasis in Loa loa– endemic areas","verified",""
"pre.zip/PMC9449300.pdf","11","12","Projected number of people with onchocerciasis–loiasis coinfection in Africa, 1995 to 2025","verified",""
"pre.zip/PMC9449300.pdf","13","14","The global distribution of lymphatic filariasis, 2000–18: a geospatial analysis","verified",""
"pre.zip/PMC9449300.pdf","14","15","Model-based geostatistical mapping of the prevalence of Onchocerca volvulus in West Africa","verified",""
"pre.zip/PMC9449300.pdf","15","16","The geographic distribution of onchocerciasis in the 20 participating countries of the African Programme for Onchocerciasis control: (2) pre-control endemicity levels and estimated number infected","verified",""
"pre.zip/PMC9449300.pdf","16","17","Rapid epidemiological mapping of onchocerciasis (REMO): its application by the African Programme for Onchocerciasis control (APOC)","verified",""
"pre.zip/PMC9449300.pdf","18","19","Predicting the environmental suitability for onchocer-ciasis in Africa as an aid to elimination planning","verified",""
"pre.zip/PMC9449300.pdf","19","20","Linear models with R","verified",""
"pre.zip/PMC9449300.pdf","20","21","Mapping under-5 and neonatal mortality in Africa, 2000–15: a baseline analysis for the sustainable development goals","verified",""
"pre.zip/PMC9449300.pdf","21","22","Mapping child growth failure in Africa between 2000 and 2015","verified",""
"pre.zip/PMC9449300.pdf","22","23","Approximate Bayesian inference for latent Gaussian models by using integrated nested Laplace approximations","verified",""
"pre.zip/PMC9449300.pdf","24","25","An explicit link between Gaussian fields and Gaussian Markov random fields: the stochastic partial differential equation approach","verified",""
"pre.zip/PMC9449300.pdf","28","29","Interruption of Onchocerca volvulus transmission in the Abu Hamed focus, Sudan","verified",""
"pre.zip/PMC9449300.pdf","29","30","After 70 years of fighting an age-old scourge, onchocercia-sis in Uganda, the end is in sight","verified",""
"pre.zip/PMC9449300.pdf","30","31","Mapping 123 million neonatal, infant and child deaths between 2000 and 2017","verified",""
"pre.zip/PMC9449300.pdf","31","32","Onchocerciasis: the pre-control association between prevalence of palpable nodules and skin microfilariae","verified",""
"pre.zip/PMC9449300.pdf","33","34","Studies on the flight range and dispersal of Simulium damnosum (Diptera: Simuliidae) in the rain-forest of Cameroon","verified",""
"pre.zip/PMC9449300.pdf","35","36","Drug coverage surveys for neglected tropical diseases: 10 years of field experience","verified",""
"pre.zip/PMC9502889.pdf","10","11","Risk of cardiovascular disease and death in individuals with prediabe-tes defined by different criteria: the Whitehall II study","not_found","real"
"pre.zip/PMC9502889.pdf","26","27","Glucose tolerance and cardiovascular mortality: comparison of fasting and 2-hour diagnostic criteria","not_found","real"
"pre.zip/PMC9502889.pdf","0","1","Progression to type 2 diabetes in women with a known history of gestational diabetes: systematic review and meta-analysis","verified",""
"pre.zip/PMC9502889.pdf","1","2","The absolute and relative risk of type 2 diabetes after gestational diabetes: a systematic review and meta-analysis of 129 studies","verified",""
"pre.zip/PMC9502889.pdf","2","3","Ethnic predisposition of diabetes mellitus in the patients with previous history of gestational diabetes mellitus: a review","verified",""
"pre.zip/PMC9502889.pdf","3","4","Prevalence of gestational diabetes and risk of progression to type 2 diabetes: a global perspective","verified",""
"pre.zip/PMC9502889.pdf","4","5","Impact of ethnicity on gestational diabetes identified with the WHO and the modified International Association of Diabetes and Pregnancy Study Groups criteria: a population-based cohort study","verified",""
"pre.zip/PMC9502889.pdf","5","6","Long term (>1 year) postpartum glucose tolerance status among Indian women with history of gestational diabetes mellitus (GDM) diagnosed by IADPSG criteria","verified",""
"pre.zip/PMC9502889.pdf","9","10","Glycemic thresholds for diabetes-specific retinopathy: implications for diagnostic criteria for diabetes","verified",""
"pre.zip/PMC9502889.pdf","11","12","Glycated hemoglobin measurement and prediction of cardiovascular disease","verified",""
"pre.zip/PMC9502889.pdf","12","13","ATLANTIC DIP: simplifying the follow-up of women with previous gestational diabetes","verified",""
"pre.zip/PMC9502889.pdf","13","14","Conversion of gestational diabetes mellitus to future type 2 diabetes mellitus and the predictive value of HbA1c in an Indian cohort","verified",""
"pre.zip/PMC9502889.pdf","14","15","Current guidelines on the management of gestational diabetes mellitus: a content analysis and appraisal","verified",""
"pre.zip/PMC9502889.pdf","16","17","International Expert Committee Report on the role of the A1C assay in the diagnosis of diabetes","verified",""
"pre.zip/PMC9502889.pdf","20","21","Long term prognosis of women with gestational diabetes in a multiethnic population","verified",""
"pre.zip/PMC9502889.pdf","21","22","Appropriate body-mass index for Asian populations and its implications for policy and intervention strategies","verified",""
"pre.zip/PMC9502889.pdf","22","23","Hemoglobin A1c versus oral glucose tolerance test in postpartum diabetes screening","verified",""
"pre.zip/PMC9502889.pdf","23","24","Role of HbA1c in postpartum screening of women with gestational diabetes mellitus","verified",""
"pre.zip/PMC9502889.pdf","24","25","The utility of diagnostic tests in the detection and prediction of glucose intolerance in the early and late postpartum period in women after gestational diabetes: a longitudinal cohort study","verified",""
"pre.zip/PMC9502889.pdf","27","28","Fasting and postch-allenge glycemia and cardiovascular disease risk: the Framingham Offspring Study","verified",""
"pre.zip/PMC9502889.pdf","28","29","Incidence rate of type 2 diabetes mellitus after gestational diabetes mellitus: a systematic review and meta-analysis of 170,139 women","verified",""
"pre.zip/PMC9502889.pdf","29","30","Long-term changes in glucose metabolism after gestational diabetes: a double cohort study","verified",""
"pre.zip/PMC9502889.pdf","30","31","Hemoglobin A1c for diagnosis of postpartum abnormal glucose tolerance among women with gestational diabetes mellitus: diagnostic meta-analysis","verified",""
"pre.zip/PMC9502889.pdf","31","32","Differences in A1C by race and ethnicity among patients with impaired glucose tolerance in the Diabetes Prevention Program","verified",""
"pre.zip/PMC9502889.pdf","32","33","Hyperglycemia and adverse pregnancy outcomes","verified",""
"pre.zip/PMC9502889.pdf","33","34","Paradigm shifts in the management of diabetes in pregnancy: the importance of type 2 diabetes and early hyperglycemia in pregnancy","verified",""
"pre.zip/PMC9502889.pdf","34","35","Gestational diabetes and ultrasound-assessed fetal growth in South Asian and White European women: findings from a prospective pregnancy cohort","verified",""
"pre.zip/PMC9502889.pdf","35","36","Prediction of glucose intolerance in early postpartum in women with gestational diabetes mellitus based on the 2013 WHO criteria","verified",""
"pre.zip/PMC9502889.pdf","36","37","Quantification of the type 2 diabetes risk in women with gestational diabetes: a systematic review and meta-analysis of 95,750 women","verified",""
"pre.zip/PMC9502889.pdf","37","38","Prevention of type 2 diabetes in women with previous gestational diabetes","verified",""
"pre.zip/PMC9502889.pdf","38","39","Metabolic culprits in obese pregnancies and gestational diabetes mellitus: big babies, big twists, big picture","verified",""
"pre.zip/PMC9502889.pdf","39","40","The prevalence of gestational diabetes mellitus recurrence—effect of ethnicity and parity: a metaanalysis","verified",""
"pre.zip/PMC9502889.pdf","40","41","Type 2 diabetes in migrant south Asians: mechanisms, mitigation, and management","verified",""
"pre.zip/PMC9502889.pdf","41","42","Young onset diabetes in Asian Indians is associated with lower measured and genetically determined beta-cell function: An INSPIRED study","verified",""
"pre.zip/PMC9502889.pdf","42","43","Reduction in the incidence of type 2 diabetes with lifestyle intervention or metformin","verified",""
"pre.zip/PMC9502889.pdf","43","44","Primary care-led weight management for remission of type 2 diabetes (DiRECT): an open-label, cluster-randomised trial","verified",""
"pre.zip/PMC9502889.pdf","44","45","Understanding the mechanisms of reversal of type 2 diabetes","verified",""
"pre.zip/PMC9502889.pdf","45","46","Effect of intensive lifestyle intervention on bodyweight and glycaemia in early type 2 diabetes (DIADEM-I): an open-label, parallel-group, ran-domised controlled trial","verified",""
"pre.zip/PMC9548386.pdf","21","22","Improving Global Outcomes Diabetes Work Group","not_found","real"
"pre.zip/PMC9548386.pdf","24","25","N Engl J Med. 2021;385:1804–6","not_found","real"
"pre.zip/PMC9548386.pdf","26","27","Improving Global Outcomes Diabetes Work Group","not_found","real"
"pre.zip/PMC9548386.pdf","30","31","Association of estimated glomerular filtration rate and albuminuria with all-cause and cardiovascular mortality in general population cohorts: a collaborative meta-analysis","not_found","uncertain"
"pre.zip/PMC9548386.pdf","38","39","Mechanisms and characteristics of sulfonylu-reas and glinides","not_found","real"
"pre.zip/PMC9548386.pdf","62","63","Intensive blood-glucose control with sulphonylureas or insulin compared with conventional treatment and risk of complications in patients with type 2 diabetes (UKPDS 33)","not_found","real"
"pre.zip/PMC9548386.pdf","0","1","IDF Diabetes Atlas","verified",""
"pre.zip/PMC9548386.pdf","1","2","Prevalence of diagnosed type 1 and type 2 diabetes among US adults in 2016 and 2017: population based study","verified",""
"pre.zip/PMC9548386.pdf","3","4","Changing epidemiology of type 2 diabetes mellitus and associated chronic kidney disease","verified",""
"pre.zip/PMC9548386.pdf","4","5","Diabetic kidney disease: world wide difference of prevalence and risk factors","verified",""
"pre.zip/PMC9548386.pdf","5","6","Diabetic kidney diseases revisited: a new perspective for a new era","verified",""
"pre.zip/PMC9548386.pdf","6","7","Changing epidemiology of chronic kidney disease as a result of type 2 diabetes mellitus from 1990 to 2017: estimates from Global Burden of Disease 2017","verified",""
"pre.zip/PMC9548386.pdf","7","8","GLP-1 receptor agonists and diabetic kidney disease: a call of attention to nephrologists","verified",""
"pre.zip/PMC9548386.pdf","8","9","Risk factors, mortality, and cardiovascular outcomes in patients with type 2 diabetes","verified",""
"pre.zip/PMC9548386.pdf","9","10","Inflammatory mechanisms as new biomarkers and therapeutic targets for diabetic kidney disease","verified",""
"pre.zip/PMC9548386.pdf","10","11","Diabetic kidney disease: challenges, progress, and possibilities","verified",""
"pre.zip/PMC9548386.pdf","11","12","Immunity and inflammation in diabetic kidney disease: translating mechanisms to biomarkers and treatment targets","verified",""
"pre.zip/PMC9548386.pdf","12","13","The TGF-β profibrotic cascade targets ecto-5’-nucleotidase gene in proximal tubule epithelial cells and is a traceable marker of progressive diabetic kidney disease","verified",""
"pre.zip/PMC9548386.pdf","13","14","Obesity-induced glomerular hyperfiltration: its involvement in the pathogenesis of tubular sodium reabsorption","verified",""
"pre.zip/PMC9548386.pdf","14","15","Insights into glomerular filtration and albuminuria","verified",""
"pre.zip/PMC9548386.pdf","15","16","Clinical significance of nonalbuminuric renal impairment in type 2 diabetes","verified",""
"pre.zip/PMC9548386.pdf","16","17","Renal dysfunction in the presence of normoalbuminuria in type 2 diabetes: Results from the DEMAND study","verified",""
"pre.zip/PMC9548386.pdf","17","18","Update on pathogenesis and diagnosis flow of normoalbuminuric diabetes with renal insufficiency","verified",""
"pre.zip/PMC9548386.pdf","18","19","Pathologic classification of diabetic nephropathy","verified",""
"pre.zip/PMC9548386.pdf","19","20","Cardiovascular risk prediction in ckd","verified",""
"pre.zip/PMC9548386.pdf","22","23","Microalbuminuria and the risk for early progressive renal function decline in type 1 diabetes","verified",""
"pre.zip/PMC9548386.pdf","23","24","A unifying approach for gfr estimation: recommendations of the NKF-ASN task force on reassessing the inclusion of race in diagnosing kidney disease","verified",""
"pre.zip/PMC9548386.pdf","25","26","New creatinine-and cystatin c-based equations to estimate gfr without race","verified",""
"pre.zip/PMC9548386.pdf","27","28","Association of intraindividual difference in estimated glomerular filtration rate by creatinine vs cystatin c and end-stage kidney disease and mortality","verified",""
"pre.zip/PMC9548386.pdf","28","29","Multicenter evaluation of cystatin c measurement after assay standardization","verified",""
"pre.zip/PMC9548386.pdf","29","30","Relation between kidney function, proteinuria, and adverse outcomes","verified",""
"pre.zip/PMC9548386.pdf","32","33","Diagnosis and management of type 2 diabetic kidney disease","verified",""
"pre.zip/PMC9548386.pdf","33","34","KDIGO 2021 clinical practice guideline for the management of blood pressure in chronic kidney disease","verified",""
"pre.zip/PMC9548386.pdf","35","36","KDIGO clinical practice guideline for lipid management in chronic kidney disease","verified",""
"pre.zip/PMC9548386.pdf","36","37","Tight blood pressure control and risk of macrovascular and microvascular complications in type 2 diabetes: UKPDS 38. UK Prospective Diabetes Study Group","verified",""
"pre.zip/PMC9548386.pdf","37","38","Understanding the glucoregulatory mechanisms of metformin in type 2 diabetes mellitus","verified",""
"pre.zip/PMC9548386.pdf","39","40","An update on SGLT2 inhibitors for the treatment of diabetes mellitus","verified",""
"pre.zip/PMC9548386.pdf","40","41","Canagliflozin and renal outcomes in type 2 diabetes and nephropathy","verified",""
"pre.zip/PMC9548386.pdf","41","42","Dulaglutide and renal outcomes in type 2 diabetes: an exploratory analysis of the REWIND randomised, placebo-controlled trial","verified",""
"pre.zip/PMC9548386.pdf","42","43","Dapagliflozin in patients with chronic kidney disease","verified",""
"pre.zip/PMC9548386.pdf","43","44","Empagliflozin and progression of kidney disease in type 2 diabetes","verified",""
"pre.zip/PMC9548386.pdf","45","46","Canagliflozin and cardiovascular and renal events in type 2 diabetes","verified",""
"pre.zip/PMC9548386.pdf","46","47","Dapa-gliflozin and cardiovascular outcomes in type 2 diabetes","verified",""
"pre.zip/PMC9548386.pdf","47","48","Cardiovascular outcomes with ertugliflozin in type 2 diabetes","verified",""
"pre.zip/PMC9548386.pdf","48","49","Cardiovascular and renal outcomes with empagliflozin in heart failure","verified",""
"pre.zip/PMC9548386.pdf","49","50","Differential chemistry (structure), mechanism of action, and pharmacology of GLP-1 receptor agonists and DPP-4 inhibitors","verified",""
"pre.zip/PMC9548386.pdf","50","51","Liraglutide and renal outcomes in type 2 diabetes","verified",""
"pre.zip/PMC9548386.pdf","51","52","Albiglutide and cardiovascular outcomes in patients with type 2 diabetes and cardiovascular disease (Harmony Outcomes): a double-blind, randomised placebo-controlled trial","verified",""
"pre.zip/PMC9548386.pdf","52","53","Semaglutide and cardiovascular outcomes in patients with type 2 diabetes","verified",""
"pre.zip/PMC9548386.pdf","53","54","Effects of exenatide and open-label SGLT2 inhibitor treatment, given in parallel or sequentially, on mortality and cardiovascular and renal outcomes in type 2 diabetes: insights from the EXSCEL trial","verified",""
"pre.zip/PMC9548386.pdf","54","55","Incretin drugs in diabetic kidney disease: biological mechanisms and clinical evidence","verified",""
"pre.zip/PMC9548386.pdf","55","56","Dulaglutide versus insulin glargine in patients with type 2 diabetes and moderate-to-severe chronic kidney disease (AWARD-7): a multicentre, open-label, randomised trial","verified",""
"pre.zip/PMC9548386.pdf","56","57","Cardiovascular and kidney outcomes with finerenone in patients with type 2 diabetes and chronic kidney disease: the FIDELITY pooled analysis","verified",""
"pre.zip/PMC9548386.pdf","57","58","Lixisenatide in patients with type 2 diabetes and acute coronary syndrome","verified",""
"pre.zip/PMC9548386.pdf","58","59","Clinical manifestations of kidney disease among US adults with diabetes","verified",""
"pre.zip/PMC9548386.pdf","59","60","Cardiovascular and renal outcomes with efpeglenatide in type 2 diabetes","verified",""
"pre.zip/PMC9548386.pdf","60","61","Mechanism of action of inhibitors of dipeptidyl-peptidase-4 (DPP-4)","verified",""
"pre.zip/PMC9548386.pdf","61","62","Thiazolidinediones in type 2 diabetes mellitus: current clinical evidence","verified",""
"pre.zip/PMC9548386.pdf","63","64","Intensive glycemic control and the risk of end-stage renal disease: an ADVANCE in the management of diabetes? Kidney Int. 2016;90:8–10","verified",""
"pre.zip/PMC9548386.pdf","66","67","Effect of finerenone on chronic kidney disease outcomes in type 2 diabetes","verified",""
"pre.zip/PMC9548386.pdf","67","68","Cardiovascular Events with Finerenone in Kidney Disease and Type 2 Diabetes","verified",""
"pre.zip/PMC9548386.pdf","68","69","Glucose control and vascular complications in veterans with type 2 diabetes","verified",""
"pre.zip/PMC9548386.pdf","69","70","Effect of intensive treatment of hyperglycaemia on microvascular outcomes in type 2 diabetes: an analysis of the ACCORD randomised trial","verified",""
"pre.zip/PMC9548386.pdf","70","71","SGLT-2 inhibitors as cardio-renal protective agents","verified",""
"pre.zip/PMC9548386.pdf","71","72","Mineralocorticoid receptor antagonists and kidney diseases: pathophysiological basis","verified",""
"pre.zip/PMC9548386.pdf","72","73","Selective mineralocorticoid receptor cofactor modulation as ,molecular basis for finerenone’s antifibrotic activity","verified",""
"pre.zip/PMC9548386.pdf","73","74","Steroidal and non-steroidal mineralocorticoid receptor antagonists in cardiorenal medicine","verified",""
"pre.zip/PMC9548386.pdf","74","75","Mitigating risk of aldosterone in diabetic kidney disease","verified",""
"pre.zip/PMC9553295.pdf","1","2","World Health Organization coronavirus disease 2019 (COVID-19) situation report","not_found","real"
"pre.zip/PMC9553295.pdf","24","25","Stata Statistical Software: Release 16","not_found","real"
"pre.zip/PMC9553295.pdf","0","1","An interactive web-based dashboard to track COVID-19 in real time","verified",""
"pre.zip/PMC9553295.pdf","3","4","The relatively young and rural population may limit the spread and severity of COVID-19 in Africa: a modelling study","verified",""
"pre.zip/PMC9553295.pdf","4","5","Addressing Africa’s pandemic puzzle: Perspectives on COVID-19 transmission and mortality in sub-Saharan Africa","verified",""
"pre.zip/PMC9553295.pdf","5","6","Effective transmission across the globe: the role of climate in COVID-19 mitigation strategies","verified",""
"pre.zip/PMC9553295.pdf","6","7","Two years of COVID-19 in Africa: lessons for the world","verified",""
"pre.zip/PMC9553295.pdf","10","11","What types of contacts are important for the spread of infections?: using contact survey data to explore European mixing patterns","verified",""
"pre.zip/PMC9553295.pdf","11","12","Projecting social contact matrices in 152 countries using contact surveys and demographic data","verified",""
"pre.zip/PMC9553295.pdf","12","13","The impact of COVID-19 control measures on social contacts and transmission in Kenyan informal settlements","verified",""
"pre.zip/PMC9553295.pdf","13","14","Impact of social distancing regulations and epidemic risk perception on social contact and SARS-CoV-2 transmission potential in rural South Africa: analysis of repeated cross-sectional surveys","verified",""
"pre.zip/PMC9553295.pdf","15","16","Quantifying age-related rates of social contact using diaries in a rural coastal population of Kenya","verified",""
"pre.zip/PMC9553295.pdf","16","17","Quantifying social contacts in a household setting of rural Kenya using wearable proximity sensors","verified",""
"pre.zip/PMC9553295.pdf","17","18","Characteristics of human encounters and social mixing patterns relevant to infectious diseases spread by close contact: a survey in Southwest Uganda","verified",""
"pre.zip/PMC9553295.pdf","18","19","Networks of face-to-face social contacts in Niakhar, Senegal","verified",""
"pre.zip/PMC9553295.pdf","19","20","Social mixing patterns within a South African township community: implications for respiratory disease transmission and control","verified",""
"pre.zip/PMC9553295.pdf","20","21","A cross-sectional study measuring contact patterns using diaries in an urban and a rural community in South Africa","verified",""
"pre.zip/PMC9553295.pdf","21","22","Social Contact Structures and Time Use Patterns in the Manicaland Province of Zimbabwe","verified",""
"pre.zip/PMC9553295.pdf","23","24","A language and environment for statistical computing","verified",""
"pre.zip/PMC9553295.pdf","27","28","A global panel database of pandemic policies (Oxford COVID-19 Government Response Tracker)","verified",""
"pre.zip/PMC9553295.pdf","29","30","The effect of social contacts on the spreads of covid-19 in Indonesia","verified",""
"pre.zip/PMC9553295.pdf","30","31","Changes in social contacts in England during the COVID-19 pandemic between March 2020 and March 2021 as measured by the CoMix survey: A repeated cross-sectional study","verified",""
"pre.zip/PMC9553295.pdf","32","33","Quantifying the impact of physical distance measures on the transmission of COVID-19 in the UK","verified",""
"pre.zip/PMC9553295.pdf","33","34","A Systematic Review of Social Contact Surveys to Inform Transmission Models of Close-contact Infections","verified",""
"pre.zip/PMC9555073.pdf","29","30","Does a history-indicated cerclage affect gestational age at delivery in women with evidence of recurrent cervical insufficiency? J Reprod Med. 2015;60(9-10):389–91 [published Online First: 2015/11/26]","not_found","uncertain"
"pre.zip/PMC9555073.pdf","1","2","Amniotic fluid proteomic signatures of cervical insufficiency and their association with length of latency","verified",""
"pre.zip/PMC9555073.pdf","3","4","Cerclage for sonographic short cervix in singleton gestations without prior spontaneous preterm birth: systematic review and meta-analysis of randomized controlled trials using individual patient-level data","verified",""
"pre.zip/PMC9555073.pdf","4","5","No. 373-cervical insufficiency and cervical cerclage","verified",""
"pre.zip/PMC9555073.pdf","5","6","Risk factors for cervical insufficiency after term delivery","verified",""
"pre.zip/PMC9555073.pdf","6","7","Length of second stage of labor and preterm birth in a subsequent pregnancy","verified",""
"pre.zip/PMC9555073.pdf","7","8","Co-morbidity of cervical incompetence with polycystic ovarian syndrome (PCOS) negatively impacts prognosis: a retrospective analysis of 178 patients","verified",""
"pre.zip/PMC9555073.pdf","8","9","Prevalence of cervical insufficiency in polycystic ovarian syndrome","verified",""
"pre.zip/PMC9555073.pdf","10","11","Cervical stitch (cerclage) for preventing preterm birth in singleton pregnancy","verified",""
"pre.zip/PMC9555073.pdf","11","12","Cervical cerclage application algorithm in continued cervical shortening cases despite vaginal progesterone","verified",""
"pre.zip/PMC9555073.pdf","12","13","Pregnancy complications following fertility treatment-disentangling the role of multiple gestation","verified",""
"pre.zip/PMC9555073.pdf","13","14","Complications and adverse outcomes in pregnancy and childbirth among women who conceived by assisted reproductive technologies: a nationwide birth cohort study of Japan environment and children’s study","verified",""
"pre.zip/PMC9555073.pdf","16","17","The risk of spontaneous preterm birth according to maternal pre-pregnancy body mass index in twin gestations","verified",""
"pre.zip/PMC9555073.pdf","17","18","Development and validation of a model for individualized prediction of cervical insufficiency risks in patients undergoing IVF/ICSI treatment","verified",""
"pre.zip/PMC9555073.pdf","18","19","Physical examination-indicated cerclage in twin pregnancy: a randomized controlled trial","verified",""
"pre.zip/PMC9555073.pdf","19","20","Preterm and term labour in multiple pregnancies","verified",""
"pre.zip/PMC9555073.pdf","20","21","Progesterone for the prevention of preterm birth in twin pregnancy (STOPPIT): a randomised, double-blind, placebo-controlled study and meta-analysis","verified",""
"pre.zip/PMC9555073.pdf","21","22","Outcomes of ultrasound-indicated cerclage in twin pregnancies with a short cervical length","verified",""
"pre.zip/PMC9555073.pdf","22","23","The placement of a cerclage in patients with twin pregnancies and a short cervix is associated with increased risk of preterm birth and adverse perinatal outcome","verified",""
"pre.zip/PMC9555073.pdf","23","24","Preterm birth prevention in twin pregnancies with progesterone, pessary, or cerclage: a systematic review and meta-analysis","verified",""
"pre.zip/PMC9555073.pdf","24","25","Cervical cerclage: green-top guideline No","verified",""
"pre.zip/PMC9555073.pdf","25","26","Impact of obstetric history on the risk of spontaneous preterm birth in singleton and multiple pregnancies: a systematic review","verified",""
"pre.zip/PMC9555073.pdf","26","27","Risk factors for previable premature rupture of membranes or advanced cervical dilation: a case control study","verified",""
"pre.zip/PMC9555073.pdf","27","28","Risk of preterm birth after prior term cesarean","verified",""
"pre.zip/PMC9563110.pdf","9","10","Epidemiology of heart failure","not_found","real"
"pre.zip/PMC9563110.pdf","10","11","Heart failure with preserved ejection fraction diagnosis Page 14 of 15 Villalba‑Orero et al","not_found","uncertain"
"pre.zip/PMC9563110.pdf","13","14","Heart failure with preserved ejection fraction: mecha‑ nisms, clinical features, and therapies","not_found","real"
"pre.zip/PMC9563110.pdf","32","33","CMR for assessment of diastolic function","not_found","real"
"pre.zip/PMC9563110.pdf","66","67","J Appl Physiol. 1986;61:318–24","not_found","real"
"pre.zip/PMC9563110.pdf","68","69","Ther Adv Cardiovasc Dis. 2019;13:1–10","not_found","real"
"pre.zip/PMC9563110.pdf","73","74","Limited exercise capacity in patient with chronic heart failure","not_found","real"
"pre.zip/PMC9563110.pdf","74","75","Clinical update on pulmonary hyper‑ tension","not_found","real"
"pre.zip/PMC9563110.pdf","76","77","Eur Heart J. 2016;37:1252–4","not_found","real"
"pre.zip/PMC9563110.pdf","86","87","Subcommittee of Professional and Public Education of the American Heart Association","not_found","real"
"pre.zip/PMC9563110.pdf","1","2","Heart failure with preserved ejection fraction","mismatch","real"
"pre.zip/PMC9563110.pdf","0","1","The global health and economic burden of hospitalizations for heart failure","verified",""
"pre.zip/PMC9563110.pdf","2","3","Phenotype-specific treatment of heart failure with preserved ejec‑ tion fraction","verified",""
"pre.zip/PMC9563110.pdf","3","4","Heartbeat: Microvascular dysfunction in heart failure with preserved ejection fraction","verified",""
"pre.zip/PMC9563110.pdf","4","5","Heart failure with preserved ejection fraction in perspective","verified",""
"pre.zip/PMC9563110.pdf","5","6","Heart failure with preserved ejection fraction: from mechanisms to therapies","verified",""
"pre.zip/PMC9563110.pdf","7","8","Cellular and molecular pathobiology of heart failure with preserved ejection fraction","verified",""
"pre.zip/PMC9563110.pdf","8","9","The future of heart failure diagnosis, therapy, and management","verified",""
"pre.zip/PMC9563110.pdf","11","12","Heart failure with preserved ejection fraction in humans and mice: embracing clinical complexity in mouse models","verified",""
"pre.zip/PMC9563110.pdf","12","13","Murine models of heart failure with preserved ejection fraction: a “fishing expedition”","verified",""
"pre.zip/PMC9563110.pdf","14","15","Lung ultrasound as a transla‑ tional approach for non-invasive assessment of heart failure with reduced or preserved ejection fraction in mice","verified",""
"pre.zip/PMC9563110.pdf","15","16","How to diagnose heart failure with preserved ejection fraction: The HFA-PEFF diagnostic algorithm: a consensus recommendation from the Heart Failure Association (HFA) of the European Society of Cardiology (ESC)","verified",""
"pre.zip/PMC9563110.pdf","16","17","How to diagnose diastolic heart failure: a consensus statement on the diagnosis of heart failure with normal left ventricular ejection fraction by the Heart Failure and Echocardiography Associations of the European Society of Cardiology","verified",""
"pre.zip/PMC9563110.pdf","17","18","2016 ESC Guidelines for the diagnosis and treatment of acute and chronic heart failure","verified",""
"pre.zip/PMC9563110.pdf","19","20","The HFA-PEFF and H2FPEF scores largely disagree in classifying patients with suspected heart failure with preserved ejection fraction","verified",""
"pre.zip/PMC9563110.pdf","20","21","Echocardiography in the diagnos‑ tic evaluation and phenotyping of heart failure with preserved ejection fraction","verified",""
"pre.zip/PMC9563110.pdf","21","22","A novel echocardiographic method closely agrees with cardiac magnetic resonance in the assessment of left ventricular function in infarcted mice","verified",""
"pre.zip/PMC9563110.pdf","22","23","Age and gender related reference values for transthoracic Doppler-echocardiography in the anesthetized CD1 mouse","verified",""
"pre.zip/PMC9563110.pdf","23","24","Anes‑ thetic regimen for cardiac function evaluation by echocardiography in mice: Comparison between ketamine, etomidate and isoflurane versus conscious state","verified",""
"pre.zip/PMC9563110.pdf","24","25","The role of 1.5 Tesla MRI and anesthetic regimen concerning cardiac analysis in mice with cardiomyopathy","verified",""
"pre.zip/PMC9563110.pdf","25","26","Influence of genetic background on ex vivo and in vivo cardiac function in several commonly used inbred mouse strains","verified",""
"pre.zip/PMC9563110.pdf","26","27","High-resolution echocardiography in the assessment of cardiac physiology and disease in preclinical models","verified",""
"pre.zip/PMC9563110.pdf","27","28","New approaches in small animal echocardiography: imaging the sounds of silence","verified",""
"pre.zip/PMC9563110.pdf","28","29","Echocardiographic assessment of global left ventricular function in mice","verified",""
"pre.zip/PMC9563110.pdf","29","30","Towards standardization of echocardiography for the evaluation of left ventricular function in adult rodents: a position paper of the ESC Working Group on Myocardial Function","verified",""
"pre.zip/PMC9563110.pdf","30","31","Recommendations for cardiac chamber quantification by echocardiogra‑ phy in adults: an update from the American Society of Echocardiography and the European Association of Cardiovascular Imaging","verified",""
"pre.zip/PMC9563110.pdf","31","32","Guidelines for measuring cardiac physiology in mice","verified",""
"pre.zip/PMC9563110.pdf","34","35","Echocardiographic evaluation of diastolic function can be used to guide clinical care","verified",""
"pre.zip/PMC9563110.pdf","35","36","Echocardiographic evaluation of diastolic function in mouse models of heart disease","verified",""
"pre.zip/PMC9563110.pdf","36","37","High-frequency echocardiography — transformative clinical and research applications in humans, mice, and zebrafish —","verified",""
"pre.zip/PMC9563110.pdf","37","38","Murine models of diastolic dysfunction and heart failure with preserved ejection fraction","verified",""
"pre.zip/PMC9563110.pdf","38","39","Diastolic dysfunction and heart failure with preserved ejection fraction: understanding mechanisms by using noninvasive methods","verified",""
"pre.zip/PMC9563110.pdf","39","40","Murine echocardiogra‑ phy of left atrium, aorta, and pulmonary artery","verified",""
"pre.zip/PMC9563110.pdf","40","41","Left atrial volume and pulmonary artery diameter are noninvasive measures of age-related diastolic dysfunction in mice","verified",""
"pre.zip/PMC9563110.pdf","41","42","Murine left atrium and left atrial appendage structure and func‑ tion: echocardiographic and morphologic evaluation","verified",""
"pre.zip/PMC9563110.pdf","42","43","Impaired systolic function by strain imaging in heart failure with preserved ejection fraction","verified",""
"pre.zip/PMC9563110.pdf","43","44","Myocardial mechanics in patients with normal LVEF and diastolic dysfunction","verified",""
"pre.zip/PMC9563110.pdf","44","45","Assessment of strain and strain rate by two-dimensional speckle tracking in mice: comparison with tissue Doppler echocardiog‑ raphy and conductance catheter measurements","verified",""
"pre.zip/PMC9563110.pdf","45","46","The effects of liraglutide and dapagliflozin on cardiac function and structure in a multi-hit mouse model of heart failure with preserved ejection fraction","verified",""
"pre.zip/PMC9563110.pdf","46","47","Myocardial energetics in heart failure with preserved ejection frac‑ tion","verified",""
"pre.zip/PMC9563110.pdf","47","48","Diastolic stress echocardiography: from basic principles to clinical applications","verified",""
"pre.zip/PMC9563110.pdf","48","49","Exercise stress echocar‑ diography in the diagnostic evaluation of heart failure with preserved ejection fraction","verified",""
"pre.zip/PMC9563110.pdf","49","50","Reduced myocardial reserve in young X-linked muscular dystrophy mice diagnosed by two-dimensional strain analysis combined with stress echocardiography","verified",""
"pre.zip/PMC9563110.pdf","50","51","Revealing subtle changes in cardiac function using transthoracic dobutamine stress echocardiogra‑ phy in mice","verified",""
"pre.zip/PMC9563110.pdf","51","52","Electrocardiographic characteristics in patients with heart failure and normal ejection fraction: a systematic review and meta-analysis","verified",""
"pre.zip/PMC9563110.pdf","52","53","Electrocardiographic features of left ventricular diastolic dysfunction and heart failure with preserved ejection fraction: a system‑ atic review","verified",""
"pre.zip/PMC9563110.pdf","53","54","Mouse electrocardiography: an interval of thirty years","verified",""
"pre.zip/PMC9563110.pdf","54","55","Mouse ECG findings in aging, with conduction system affecting drugs and in cardiac pathologies: Development and validation of ECG analysis algorithm in mice","verified",""
"pre.zip/PMC9563110.pdf","55","56","Physiology and analysis of the electrocar‑ diographic T wave in mice","verified",""
"pre.zip/PMC9563110.pdf","56","57","Mechanisms of sinoatrial node dysfunction in heart failure with pre‑ served ejection fraction","verified",""
"pre.zip/PMC9563110.pdf","57","58","Mechanisms of chronotropic incompetence in heart failure with pre‑ served ejection fraction","verified",""
"pre.zip/PMC9563110.pdf","58","59","ACVIM consensus guidelines for the diagnosis and treatment of myxoma‑ tous mitral valve disease in dogs","verified",""
"pre.zip/PMC9563110.pdf","59","60","Systolic dysfunction in infarcted mice does not necessarily lead to heart failure: need to refine preclinical models","verified",""
"pre.zip/PMC9563110.pdf","60","61","Resting ventricular-vascular function and exercise capacity in heart failure with preserved ejection fraction: a RELAX trial ancillary study","verified",""
"pre.zip/PMC9563110.pdf","61","62","Usefulness of running wheel for detection of congestive heart failure in dilated cardiomyopathy mouse model","verified",""
"pre.zip/PMC9563110.pdf","62","63","Animal exercise studies in cardiovascular research: current knowledge and optimal design—a posi‑ tion paper of the Committee on Cardiac Rehabilitation, Chinese Medical Doctors’ Association","verified",""
"pre.zip/PMC9563110.pdf","63","64","Characterization of age-dependent decline in spontaneous running performance in the heart failure tgαq*44 mice","verified",""
"pre.zip/PMC9563110.pdf","64","65","Hypertrophy and heart failure in mice overexpressing the cardiac sodium-calcium exchanger","verified",""
"pre.zip/PMC9563110.pdf","65","66","Voluntary wheel running: pat‑ terns and physiological effects in mice","verified",""
"pre.zip/PMC9563110.pdf","67","68","Intensity-controlled tread‑ mill running in mice: cardiac and skeletal muscle hypertrophy","verified",""
"pre.zip/PMC9563110.pdf","69","70","Limitations of the New York Heart Association functional classification system and self-reported walking distances in chronic heart failure","verified",""
"pre.zip/PMC9563110.pdf","70","71","Using exercise to measure and modify cardiac function","verified",""
"pre.zip/PMC9563110.pdf","71","72","Validation of a ramp running protocol for determination of the true VO2max in mice","verified",""
"pre.zip/PMC9563110.pdf","72","73","Measuring exercise capacity and physical function in adult and older mice","verified",""
"pre.zip/PMC9563110.pdf","75","76","Ultrasound of extravascular lung water: a new standard for pulmonary congestion","verified",""
"pre.zip/PMC9563110.pdf","77","78","From bedside to bench: lung ultrasound for the assessment of pulmonary edema in animal models","verified",""
"pre.zip/PMC9563110.pdf","78","79","Detection and prognostic value of pulmonary congestion by lung ultrasound in ambu‑ latory heart failure patients","verified",""
"pre.zip/PMC9563110.pdf","79","80","Lung ultrasound: a new tool for the cardiologist","verified",""
"pre.zip/PMC9563110.pdf","80","81","Ultrasound pleural effusion sign as a useful marker for identi‑ fying heart failure worsening in established heart failure patients during follow-up","verified",""
"pre.zip/PMC9563110.pdf","81","82","Pleural effusion in adults—etiology, diagnosis, and treat‑ ment","verified",""
"pre.zip/PMC9563110.pdf","82","83","Lung ultrasound integrated with clinical assessment for the diagnosis of acute decompensated heart failure in the emergency department: a rand‑ omized controlled trial","verified",""
"pre.zip/PMC9563110.pdf","83","84","Lung ultrasound for critically ill patients","verified",""
"pre.zip/PMC9563110.pdf","85","86","Natriuretic peptides in chronic heart failure","verified",""
"pre.zip/PMC9563110.pdf","87","88","Assessment of right ventricular structure and function in mouse model of pulmo‑ nary artery constriction by transthoracic echocardiography","verified",""
"pre.zip/PMC9563110.pdf","88","89","Guidelines and considerations for metabolic tolerance tests in mice","verified",""
"pre.zip/PMC9563110.pdf","89","90","Evaluating the glucose tolerance test in mice","verified",""
"pre.zip/PMC9563110.pdf","90","91","Mouse models and type 2 diabetes: translational opportunities","verified",""
"pre.zip/PMC9563110.pdf","91","92","Research priorities for heart failure with preserved ejection fraction: national heart, lung, and blood institute working group summary","verified",""
"pre.zip/PMC9563110.pdf","92","93","Metabolic inflammation in heart failure with preserved ejection fraction","verified",""
"pre.zip/PMC9590385.pdf","1","2","Status validatie SARS-CoV-2 antigeen sneltesten, 10 Mar 2021 [Dutch]","not_found","real"
"pre.zip/PMC9590385.pdf","2","3","Diagnostic accuracy of rapid antigen tests in asymptomatic and pre‑ symptomatic close contacts of individuals with confirmed SARS-CoV-2 infection: cross sectional study","verified",""
"pre.zip/PMC9590385.pdf","3","4","Accuracy of novel antigen rapid diagnostics for SARS-CoV-2: A living systematic review and meta-analysis","verified",""
"pre.zip/PMC9590385.pdf","4","5","Comparative sensitivity evaluation for 122 CE-marked rapid diagnostic tests for SARS-CoV-2 antigen, Germany","verified",""
"pre.zip/PMC9590385.pdf","5","6","Detection of SARS-CoV-2 infection in the general popu‑ lation by three prevailing rapid antigen tests: cross-sectional diagnostic accuracy study","verified",""
"pre.zip/PMC9590385.pdf","7","8","Self-testing for the detection of SARS-CoV-2 infec‑ tion with rapid antigen tests for people with suspected COVID-19 in the community","verified",""
"pre.zip/PMC9590385.pdf","8","9","Diagnostic accuracy and feasibility of patient self-testing with a SARS-CoV-2 antigen-detecting rapid test","verified",""
"pre.zip/PMC9590385.pdf","9","10","Head-to-head performance comparison of self-collected nasal versus professional-collected naso‑ pharyngeal swab for a WHO-listed SARS-CoV-2 antigen-detecting rapid diagnostic test","verified",""
"pre.zip/PMC9590385.pdf","10","11","Head-to-head comparison of SARS-CoV-2 antigen-detecting rapid test with self-collected nasal swab versus professional-collected nasopharyngeal swab","verified",""
"pre.zip/PMC9590385.pdf","11","12","Performance of seven SARS-CoV-2 self-tests based on saliva, anterior nasal and nasopharyngeal swabs corrected for infectiousness in real-life conditions: a cross-sectional test accuracy study","verified",""
"pre.zip/PMC9590385.pdf","12","13","Clinical evaluation of the SD Biosensor SARS-CoV-2 saliva antigen rapid test with symptomatic and asymptomatic, non-hospitalized patients","verified",""
"pre.zip/PMC9590385.pdf","13","14","STARD 2015: an updated list of essential items for reporting diagnostic accuracy studies","verified",""
"pre.zip/PMC9590385.pdf","18","19","Prevalence and clinical presentation of health care workers with symptoms of coronavirus disease 2019 in 2 Dutch hospitals during an early phase of the pandemic","verified",""
"pre.zip/PMC9590385.pdf","21","22","Diagnostic performance of different sampling approaches for SARS-CoV-2 RT-PCR testing: a systematic review and meta-analysis","verified",""
"pre.zip/PMC9590385.pdf","22","23","Diagnostic performance of self-collected saliva versus nasopharyngeal swab for the molecular detection of SARS-CoV-2 in the clinical setting","verified",""
"pre.zip/PMC9590385.pdf","24","25","Serological markers of SARS-CoV-2 infection; anti-nucleocapsid antibody positivity may not be the ideal marker of natural infection in vaccinated individuals","verified",""
"pre.zip/PMC9590385.pdf","25","26","Performance of three polymerase chain reaction-based assays for detec‑ tion of SARS-CoV-2 in different upper respiratory tract specimens","verified",""
"pre.zip/PMC9590385.pdf","27","28","Clinical evaluation of Roche SD Biosensor Rapid antigen test for SARS-CoV-2 in municipal health service testing site, the Netherlands","verified",""
"pre.zip/PMC9590385.pdf","28","29","Duration and key determinants of infectious virus shedding in hospital‑ ized patients with coronavirus disease-2019 (COVID-19)","verified",""
"pre.zip/PMC9598018.pdf","11","12","J Am Heart Assoc. 2021;10:e016437","not_found","real"
"pre.zip/PMC9598018.pdf","26","27","Variations in cause and manage‑ ment of atrial fibrillation in a prospective registry of 15,400 emergency department patients in 46 countries: the RE-LY Atrial Fibrillation Registry","not_found","real"
"pre.zip/PMC9598018.pdf","1","2","Atrial fibrillation as a risk factor for cognitive decline and dementia","verified",""
"pre.zip/PMC9598018.pdf","2","3","Cognitive dysfunction in atrial fibrillation","verified",""
"pre.zip/PMC9598018.pdf","3","4","Atrial fibrillation and cognitive function: JACC Review Topic of the Week","verified",""
"pre.zip/PMC9598018.pdf","4","5","Thromboprophylaxis in atrial fibrillation and association with cognitive decline: systematic review","verified",""
"pre.zip/PMC9598018.pdf","5","6","Risk of dementia in stroke-free patients diag‑ nosed with atrial fibrillation: data from a population-based cohort","verified",""
"pre.zip/PMC9598018.pdf","6","7","Less dementia with oral anticoagulation in atrial fibrillation","verified",""
"pre.zip/PMC9598018.pdf","7","8","Dementia prevention, intervention, and care: 2020 report of the Lancet Commission","verified",""
"pre.zip/PMC9598018.pdf","8","9","Comparison of the efficacy and safety of new oral anticoagulants with warfarin in patients with atrial fibrilla‑ tion: a meta-analysis of randomised trials","verified",""
"pre.zip/PMC9598018.pdf","9","10","Dabigatran versus warfarin in patients with atrial fibrillation","verified",""
"pre.zip/PMC9598018.pdf","10","11","Comparing Warfarin and 4 direct oral antico‑ agulants for the risk of dementia in patients with atrial fibrillation","verified",""
"pre.zip/PMC9598018.pdf","12","13","Less dementia and stroke in low-risk patients with atrial fibrillation taking oral anticoagulation","verified",""
"pre.zip/PMC9598018.pdf","13","14","The 2018 European Heart Rhythm Association Practical Guide on the use of non-vitamin K antagonist oral anti‑ coagulants in patients with atrial fibrillation","verified",""
"pre.zip/PMC9598018.pdf","14","15","National Institute of Neurological Disorders and Stroke-Canadian Stroke Network vascular cognitive impair‑ ment harmonization standards","verified",""
"pre.zip/PMC9598018.pdf","15","16","No evidence of association between soccer heading and cognitive performance in professional soccer players: cross-sectional results","verified",""
"pre.zip/PMC9598018.pdf","16","17","A method to deter‑ mine the optimal intensity of oral anticoagulant therapy","verified",""
"pre.zip/PMC9598018.pdf","17","18","Increased risk of cognitive and functional decline in patients with atrial fibrillation: results of the ONTARGET and TRANSCEND studies","verified",""
"pre.zip/PMC9598018.pdf","18","19","A 2 year multidomain intervention of diet, exercise, cognitive training, and vascular risk monitoring versus control to prevent cognitive decline in at-risk elderly people (FINGER): a randomised controlled trial","verified",""
"pre.zip/PMC9598018.pdf","19","20","MICE: multivariate imputation by chained equations in R","verified",""
"pre.zip/PMC9598018.pdf","20","21","Should multiple imputation be the method of choice for handling missing data in randomized trials? Stat Methods Med Res. 2018;27:2610–26","verified",""
"pre.zip/PMC9598018.pdf","21","22","A versatile method for confirmatory evaluation of the effects of a covariate in multiple models, Journal of the Royal Statisti‑ cal Society","verified",""
"pre.zip/PMC9598018.pdf","22","23","The analysis of multiple endpoints in clinical trials","verified",""
"pre.zip/PMC9598018.pdf","23","24","Dabigatran etexilate: a new oral thrombin inhibi‑ tor","verified",""
"pre.zip/PMC9598018.pdf","24","25","Anticoagulation control and prediction of adverse events in patients with atrial fibrillation: a systematic review","verified",""
"pre.zip/PMC9598018.pdf","25","26","Anticoagulation therapy in patients with non-valvular atrial fibrillation in a private setting in Brazil: a real-world study","verified",""
"pre.zip/PMC9598018.pdf","27","28","Misuse of antithrombotic therapy in atrial fibrillation patients: frequent, pervasive and persistent","verified",""
"pre.zip/PMC9598018.pdf","28","29","Stability of High-Quality Warfarin Anticoagulation in a Community-Based Atrial Fibrillation Cohort: The Anticoagulation and Risk Factors in Atrial Fibrillation (ATRIA) Study","verified",""
"pre.zip/PMC9598018.pdf","29","30","Time outside of therapeutic range in atrial fibrillation patients is associated with long-term risk of dementia","verified",""
"pre.zip/PMC9598018.pdf","30","31","Percent time with a suprathera‑ peutic INR in atrial fibrillation patients also using an antiplatelet agent is associated with long-term risk of dementia","verified",""
"pre.zip/PMC9598018.pdf","31","32","European Heart Rhythm Association (EHRA)/Heart Rhythm Society (HRS)/Asia Pacific Heart Rhythm Society (APHRS)/Latin American Heart Rhythm Society (LAHRS) expert consensus on arrhythmias and cognitive function: what is the best practice? Europace. 2018;20:1399–421","verified",""
"pre.zip/PMC9598018.pdf","32","33","Trial of solanezumab for mild demen‑ tia due to Alzheimer’s disease","verified",""
"pre.zip/PMC9598018.pdf","33","34","Donanemab in early Alzheimer’s disease","verified",""
"pre.zip/PMC9615197.pdf","0","1","Adv Func Mater. 2018;28:1800025","not_found","real"
"pre.zip/PMC9615197.pdf","1","2","Adv Funct Mater. 2020;30:2003757","not_found","real"
"pre.zip/PMC9615197.pdf","31","32","Intraepi-thelial type 1 innate lymphoid cells are a unique subset of IL-12-and IL-15-responsive IFN-γ-producing cells","not_found","real"
"pre.zip/PMC9615197.pdf","2","3","Carbon nano-onion-mediated dual targeting of P-selectin and P-glycoprotein to overcome cancer drug resistance","verified",""
"pre.zip/PMC9615197.pdf","3","4","Syringeable immunotherapeutic nanogel reshapes tumor microenvironment and prevents tumor metastasis and recurrence","verified",""
"pre.zip/PMC9615197.pdf","4","5","Tumors and their microenvironment dual-targeting chemotherapy with local immune adjuvant therapy for effective antitumor immunity against breast cancer","verified",""
"pre.zip/PMC9615197.pdf","5","6","IL-6 regulates autophagy and chemotherapy resistance by promoting BECN1 phosphorylation","verified",""
"pre.zip/PMC9615197.pdf","6","7","Hypermethylated gene ANKDD1A is a candidate tumor suppressor that interacts with FIH1 and decreases HIF1α stability to inhibit cell autophagy in the glioblastoma multiforme hypoxia microenvironment","verified",""
"pre.zip/PMC9615197.pdf","7","8","Disruption of autophagy by increased 5-HT alters gut microbiota and enhances susceptibility to experimental colitis and Crohn’s disease","verified",""
"pre.zip/PMC9615197.pdf","8","9","Autophagy protects tumors from T cell–mediated cytotoxicity via inhibition of TNFα-induced apoptosis","verified",""
"pre.zip/PMC9615197.pdf","9","10","Autophagy inhibition by targeting PIKfyve potentiates response to immune checkpoint blockade in prostate cancer","verified",""
"pre.zip/PMC9615197.pdf","10","11","Autophagy in tumour immunity and therapy","verified",""
"pre.zip/PMC9615197.pdf","11","12","Autophagy regulates the cancer stem cell phenotype of head and neck squamous cell carcinoma through the noncanonical FOXO3/SOX2 axis","verified",""
"pre.zip/PMC9615197.pdf","12","13","Autophagy deficiency promotes triple-negative breast cancer resistance to T cell-mediated cytotoxicity by blocking tenascin-C degradation","verified",""
"pre.zip/PMC9615197.pdf","13","14","Autophagy promotes growth of tumors with high mutational burden by inhibiting a T-cell immune response","verified",""
"pre.zip/PMC9615197.pdf","14","15","Autophagy is essential for effector CD8+ T cell survival and memory formation","verified",""
"pre.zip/PMC9615197.pdf","15","16","Targeting autophagy in cancer: recent advances and future directions","verified",""
"pre.zip/PMC9615197.pdf","16","17","Oxidation inhibits autophagy protein deconjugation from phagosomes to sustain MHC class II restricted antigen presentation","verified",""
"pre.zip/PMC9615197.pdf","17","18","Harnessing copper-palladium alloy tetrapod nanoparticle-induced pro-survival autophagy for optimized photothermal therapy of drug-resistant cancer","verified",""
"pre.zip/PMC9615197.pdf","18","19","Chloroquine sensitizes breast cancer cells to chemotherapy independent of autophagy","verified",""
"pre.zip/PMC9615197.pdf","19","20","Acidic extracellular pH neutralizes the autophagy-inhibiting activity of chloroquine","verified",""
"pre.zip/PMC9615197.pdf","21","22","Co-encapsulation of collagenase type I and silibinin in chondroitin sulfate coated multilayered nano-particles for targeted treatment of liver fibrosis","verified",""
"pre.zip/PMC9615197.pdf","22","23","Use of human peripheral blood mononuclear cells to define immunological properties of nucleic acid nanoparti-cles","verified",""
"pre.zip/PMC9615197.pdf","23","24","Sirt6 alleviated liver fibrosis by deacetylating conserved lysine 54 on Smad2 in hepatic stellate cells","verified",""
"pre.zip/PMC9615197.pdf","24","25","Golgi apparatus-targeted chondroitin-modified nanomicelles suppress hepatic stellate cell activation for the management of liver fibrosis","verified",""
"pre.zip/PMC9615197.pdf","25","26","Asynchronous blockade of PD-L1 and CD155 by polymeric nanoparticles inhibits triple-negative breast cancer progression and metastasis","verified",""
"pre.zip/PMC9615197.pdf","26","27","Autophagy-mediated chemosensitization in cancer cells by fullerene C60 nanocrystal","verified",""
"pre.zip/PMC9615197.pdf","27","28","Srag regulates autophagy via integrating into a preexisting autophagy pathway in testis","verified",""
"pre.zip/PMC9615197.pdf","28","29","Chondroitin sulfate-based nanoparticles for enhanced chemo-photodynamic therapy overcoming multidrug resistance and lung metastasis of breast cancer","verified",""
"pre.zip/PMC9615197.pdf","29","30","The KEYNOTE-811 trial of dual PD-1 and HER2 blockade in HER2-positive gastric cancer","verified",""
"pre.zip/PMC9615197.pdf","30","31","TNF-α induction by LPS is regulated posttranscriptionally via a Tpl2/ ERK-dependent pathway","verified",""
"pre.zip/PMC9615197.pdf","32","33","Selective expression of the interleukin 7 receptor identifies effector CD8 T cells that give rise to long-lived memory cells","verified",""
"pre.zip/PMC9615197.pdf","33","34","Nanoengineering palladium plasmonic nanosheets inside polymer nanospheres for photothermal therapy and targeted drug delivery","verified",""
"pre.zip/PMC9615197.pdf","34","35","Combination of epigenetic regulation with gene therapy-mediated immune checkpoint blockade induces anti-tumour effects and immune response in vivo","verified",""
"pre.zip/PMC9615197.pdf","35","36","Mitochondrial inhibitors circumvent adaptive resistance to venetoclax and cytarabine combination therapy in acute myeloid leukemia","verified",""
"pre.zip/PMC9615197.pdf","36","37","Protein-based nanomedi-cine for therapeutic benefits of cancer","verified",""
"pre.zip/PMC9615197.pdf","37","38","Bioinspired exosome-like therapeutics and delivery nano-platforms","verified",""
"pre.zip/PMC9615197.pdf","38","39","Biomaterial-based antimicrobial therapies for the treatment of bacterial infections","verified",""
"pre.zip/PMC9615197.pdf","39","40","Resilin-mimetics as a smart biomaterial platform for biomedical applications","verified",""
"pre.zip/PMC9615197.pdf","40","41","Biomaterial-assisted targeted modulation of immune cells in cancer treatment","verified",""
"pre.zip/PMC9615197.pdf","41","42","Biomaterial-based scaffold for in situ chemo-immunotherapy to treat poorly immunogenic tumors","verified",""
"pre.zip/PMC9615197.pdf","42","43","Cancer vaccines: Material breach","verified",""
"pre.zip/PMC9615197.pdf","43","44","Designing spatial and temporal control of vaccine responses","verified",""
"pre.zip/PMC9615197.pdf","44","45","PEI–PEG– chitosan-copolymer-coated iron oxide nanoparticles for safe gene delivery: synthesis, complexation, and transfection","verified",""
"pre.zip/PMC9615197.pdf","45","46","Melanoma immunotherapy: historical precedents, recent successes and future prospects","verified",""
"pre.zip/PMC9615197.pdf","46","47","Tumor microenvi-ronment changes leading to resistance of immune checkpoint inhibitors in metastatic melanoma and strategies to overcome resistance","verified",""
"pre.zip/PMC9615197.pdf","47","48","Targeting PD-1/PD-L1 interactions for cancer immunotherapy","verified",""
"pre.zip/PMC9615197.pdf","48","49","Atezolizumab in combination with carboplatin and etoposide for heavily treated small cell lung cancer","verified",""
"pre.zip/PMC9615197.pdf","49","50","The dual role of tumor necrosis factor-alpha (TNF-alpha) in breast cancer: molecular insights and therapeutic approaches","verified",""
"pre.zip/PMC9615197.pdf","50","51","IL-6, IL-8 and TNF-α levels correlate with disease stage in breast cancer patients","verified",""
"pre.zip/PMC9615197.pdf","51","52","IFN-gamma-mediated inhibition of lung cancer correlates with PD-L1 expression and is regulated by PI3K-AKT signaling","verified",""
"pre.zip/PMC9615197.pdf","52","53","Platelet-armored nano-platform to harmonize janus-faced IFN-gamma against tumor recurrence and metastasis","verified",""
"pre.zip/PMC9615197.pdf","53","54","Nanoparticle-mediated immunogenic cell death enables and potentiates cancer immunotherapy","verified",""
"pre.zip/PMC9615197.pdf","54","55","Detection of immunogenic cell death and its relevance for cancer therapy","verified",""
"pre.zip/PMC9623961.pdf","11","12","Risk of endo‑ metrial cancer in relation to use of oestrogen combined with cyclic progestagen therapy in postmenopausal women","not_found","real"
"pre.zip/PMC9623961.pdf","13","14","Lancet Oncol. 2015;16(9):1061–70","not_found","real"
"pre.zip/PMC9623961.pdf","26","27","Mendelian randomization: can genetic epidemiology contribute to understanding environmental determinants of disease?*. Int J Epidemiol","not_found","real"
"pre.zip/PMC9623961.pdf","60","61","Reproductive factors and risk of endometrial cancer","not_found","real"
"pre.zip/PMC9623961.pdf","0","1","Global cancer statistics 2018: GLOBOCAN estimates of incidence and mor‑ tality worldwide for 36 cancers in 185 countries","verified",""
"pre.zip/PMC9623961.pdf","1","2","International patterns and trends in endometrial cancer incidence","verified",""
"pre.zip/PMC9623961.pdf","2","3","Environmental (nongenetic) factors in gynecological cancers: update and future perspectives","verified",""
"pre.zip/PMC9623961.pdf","3","4","Lifetime number of ovulatory cycles and risks of ovarian and endometrial cancer among postmenopausal women","verified",""
"pre.zip/PMC9623961.pdf","4","5","Lifetime number of years of menstruation as a risk index for postmenopausal endometrial cancer in the Norwegian Women and Cancer Study","verified",""
"pre.zip/PMC9623961.pdf","5","6","Cross-talk between estrogen receptor and growth factor pathways as a molecular target for overcoming endocrine resistance","verified",""
"pre.zip/PMC9623961.pdf","6","7","Role of exogenous and endogenous hormones in endometrial cancer: review of the evi‑ dence and research perspectives","verified",""
"pre.zip/PMC9623961.pdf","7","8","Hormone replacement therapy and endometrial cancer risk: a meta-analysis","verified",""
"pre.zip/PMC9623961.pdf","8","9","Serum estradiol and 20 site-specific cancers in women: Mendelian randomiza‑ tion study","verified",""
"pre.zip/PMC9623961.pdf","9","10","Estrogen’s role in endometrial cancer","verified",""
"pre.zip/PMC9623961.pdf","10","11","The dose-effect relationship between ‘unopposed’ oestrogens and endometrial mitotic rate: its central role in explaining and predicting endometrial cancer risk","verified",""
"pre.zip/PMC9623961.pdf","14","15","Complete pathological response following levonorgestrel intrauterine device in clinically stage 1 endometrial adenocarcinoma: Results of a randomized clinical trial","verified",""
"pre.zip/PMC9623961.pdf","15","16","Risk factors for endometrial cancer: an umbrella review of the literature","verified",""
"pre.zip/PMC9623961.pdf","16","17","Reproductive factors and risk of cancer of the uterine corpus: a prospective study","verified",""
"pre.zip/PMC9623961.pdf","17","18","Reproductive factors and cancers of the breast and genital organs–are the different cancer sites similarly affected? Cancer Detect Prev. 1991;15(5):369–77","verified",""
"pre.zip/PMC9623961.pdf","18","19","Reproductive factors and postmenopausal hormone use in relation to endometrial cancer risk in the Nurses’ Health Study cohort","verified",""
"pre.zip/PMC9623961.pdf","19","20","Pregnancy outcomes and risk of endometrial cancer: a pooled analysis of individual participant data in the Epidemiology of Endometrial Cancer Consortium","verified",""
"pre.zip/PMC9623961.pdf","20","21","Age at last birth in relation to risk of endometrial cancer: pooled analysis in the Epidemiology of Endometrial Cancer Consortium","verified",""
"pre.zip/PMC9623961.pdf","21","22","A case-control study of endometrial cancer in relation to reproductive, somatometric, and life-style variables","verified",""
"pre.zip/PMC9623961.pdf","22","23","Metabolic syndrome and risk of endometrial cancer in the united states: a study in the SEER-medicare linked database","verified",""
"pre.zip/PMC9623961.pdf","23","24","Obesity and age at diagnosis of endometrial cancer","verified",""
"pre.zip/PMC9623961.pdf","24","25","Overweight as an avoid‑ able cause of cancer in Europe","verified",""
"pre.zip/PMC9623961.pdf","25","26","Body mass index, hormone replacement therapy, and endometrial cancer risk: a meta-analysis","verified",""
"pre.zip/PMC9623961.pdf","27","28","Mendelian randomization: genetic anchors for causal inference in epidemiological studies","verified",""
"pre.zip/PMC9623961.pdf","28","29","A review of instrumental vari‑ able estimators for Mendelian randomization","verified",""
"pre.zip/PMC9623961.pdf","29","30","Mendelian randomization: new applications in the coming age of hypothesis-free causality","verified",""
"pre.zip/PMC9623961.pdf","30","31","Identification of nine new susceptibility loci for endometrial cancer","verified",""
"pre.zip/PMC9623961.pdf","31","32","Genetic risk score Mendelian randomization shows that obesity meas‑ ured as body mass index, but not waist:hip ratio, is causal for endometrial cancer","verified",""
"pre.zip/PMC9623961.pdf","32","33","Identifying molecular mediators of the relationship between body mass index and endometrial cancer risk: a Mendelian randomization analysis","verified",""
"pre.zip/PMC9623961.pdf","33","34","The UK Biobank resource with deep phenotyping and genomic data","verified",""
"pre.zip/PMC9623961.pdf","34","35","UK Biobank: an open access resource for identifying the causes of a wide range of complex diseases of middle and old age","verified",""
"pre.zip/PMC9623961.pdf","35","36","Multivariable Mendelian randomization: the use of pleiotropic genetic variants to estimate causal effects","verified",""
"pre.zip/PMC9623961.pdf","36","37","Mendelian randomization with invalid instruments: effect estimation and bias detection through Egger regression","verified",""
"pre.zip/PMC9623961.pdf","37","38","A global reference for human genetic variation","verified",""
"pre.zip/PMC9623961.pdf","38","39","A resource-efficient tool for mixed model association analysis of large-scale data","verified",""
"pre.zip/PMC9623961.pdf","39","40","GCTA: a tool for genome-wide complex trait analysis","verified",""
"pre.zip/PMC9623961.pdf","40","41","Second-generation PLINK: rising to the challenge of larger and richer datasets","verified",""
"pre.zip/PMC9623961.pdf","41","42","An atlas of genetic correlations across human diseases and traits","verified",""
"pre.zip/PMC9623961.pdf","42","43","LD Score regression distinguishes confounding from polygenicity in genome-wide association studies","verified",""
"pre.zip/PMC9623961.pdf","43","44","Strengthening the reporting of observational studies in epidemiology using mendelian randomisation (STROBE-MR): explanation and elaboration","verified",""
"pre.zip/PMC9623961.pdf","44","45","Strengthening the reporting of observational studies in epidemiology using Mendelian randomization: the STROBE-MR state‑ ment","verified",""
"pre.zip/PMC9623961.pdf","45","46","PhenoScanner: a database of human genotype-phenotype associations","verified",""
"pre.zip/PMC9623961.pdf","46","47","PhenoScanner V2: an expanded tool for searching human genotype-phenotype associations","verified",""
"pre.zip/PMC9623961.pdf","47","48","Meta-analysis of genome-wide association studies for body fat distribution in 694 649 individuals of European ancestry","verified",""
"pre.zip/PMC9623961.pdf","49","50","Parent-of-origin-specific allelic associations among 106 genomic loci for age at menarche","verified",""
"pre.zip/PMC9623961.pdf","51","52","Large-scale genomic analyses link reproductive aging to hypotha‑ lamic signaling, breast cancer susceptibility and BRCA1-mediated DNA repair","verified",""
"pre.zip/PMC9623961.pdf","53","54","Estimating direct and indirect genetic effects on offspring phenotypes using genome-wide summary results data","verified",""
"pre.zip/PMC9623961.pdf","55","56","LDlink: a web-based application for exploring population-specific haplotype structure and linking correlated alleles of possible functional variants","verified",""
"pre.zip/PMC9623961.pdf","56","57","Consistent estima‑ tion in Mendelian randomization with some invalid instruments using a weighted median estimator","verified",""
"pre.zip/PMC9623961.pdf","58","59","The MR-Base platform supports systematic causal inference across the human phenome","verified",""
"pre.zip/PMC9623961.pdf","59","60","Genomic analyses identify hundreds of variants associated with age at menarche and support a role for puberty timing in cancer risk","verified",""
"pre.zip/PMC9623961.pdf","61","62","Pregnancy duration and endometrial cancer risk: nationwide cohort study","verified",""
"pre.zip/PMC9623961.pdf","62","63","A brief guide to the menstrual cycle and oral contracep‑ tive use for researchers in behavioral endocrinology","verified",""
"pre.zip/PMC9666984.pdf","2","3","BMC Medicine (2022) 20:442","not_found","uncertain"
"pre.zip/PMC9666984.pdf","14","15","Accessed 27 May 2022","not_found","real"
"pre.zip/PMC9666984.pdf","11","12","Non-pharmaceutical interventions, vaccination, and the SARS-CoV-2 delta variant in England: a mathematical modelling study","verified",""
"pre.zip/PMC9673313.pdf","13","14","Efficacy and safety of artemether-lumefantrine and dihydroarte-misinin-piperaquine in the treatment of uncomplicated Plasmodium falciparum malaria in Kenyan children aged less than five years: results of an open-label, randomized, single-centre study","not_found","real"
"pre.zip/PMC9673313.pdf","1","2","The malaria testing and treatment landscape in Kenya: results from a nationally representative survey among the public and private sector in 2016","verified",""
"pre.zip/PMC9673313.pdf","3","4","World malaria report 2019","verified",""
"pre.zip/PMC9673313.pdf","4","5","Therapeutic failure after regimen with artemether-lumefantrine combination therapy: A report of three cases in Benin city, Nigeria","verified",""
"pre.zip/PMC9673313.pdf","5","6","Mechanisms of resistance to the partner drugs of artemisinin in the malaria parasite","verified",""
"pre.zip/PMC9673313.pdf","6","7","Plasmodium falciparum plasmepsin 2 duplications, West Africa","verified",""
"pre.zip/PMC9673313.pdf","7","8","The past, present and future of antimalarial medicines","verified",""
"pre.zip/PMC9673313.pdf","8","9","Continued low efficacy of artemether-lumefantrine in Angola in 2019","verified",""
"pre.zip/PMC9673313.pdf","9","10","Drugs in Development for Malaria","verified",""
"pre.zip/PMC9673313.pdf","10","11","Evidence of artemis-inin-resistant malaria in Africa","verified",""
"pre.zip/PMC9673313.pdf","11","12","Association of Plasmodium falciparum kelch13 R561H genotypes with delayed parasite clearance in Rwanda: an open-label, single-arm, multicentre, therapeutic efficacy study","verified",""
"pre.zip/PMC9673313.pdf","12","13","Efficacy and safety of artemether-lumefantrine and dihydroartemisinin-piperaquine for the treatment of uncomplicated Plasmodium falciparum malaria and prevalence of molecular markers associated with artemisinin and partner drug resistance in Uganda","verified",""
"pre.zip/PMC9673313.pdf","16","17","Plasmodium falciparum dihydroartemisinin-piperaquine failures in Cambodia are associated with mutant K13 parasites presenting high survival rates in novel piperaquine in vitro assays: Retrospective and prospective investigations","verified",""
"pre.zip/PMC9673313.pdf","17","18","The spread of artemisinin-resistant Plasmodium falciparum in the Greater Mekong subregion: a molecular epidemiology observational study","verified",""
"pre.zip/PMC9673313.pdf","18","19","Genetic markers associated with dihydroartemisinin–piperaquine failurein Plasmodium falciparum malaria in Cambodia: a genotype–phenotypeas-sociation study","verified",""
"pre.zip/PMC9673313.pdf","19","20","Triple Artemisinin-Based Combination Therapies for Malaria – A New Paradigm? Trends Parasitol. 2021;1(37):15–24","verified",""
"pre.zip/PMC9673313.pdf","20","21","Spread and evolution of Plasmodium falciparum drug resistance","verified",""
"pre.zip/PMC9673313.pdf","21","22","A comprehensive analysis of drug resistance molecular markers and Plasmodium falciparum genetic diversity in two malaria endemic sites in Mali","verified",""
"pre.zip/PMC9673313.pdf","22","23","Development of copy number assays for detection and surveillance of piperaquine resistance associated plasmepsin 2/3 copy number variation in Plasmodium falciparum","verified",""
"pre.zip/PMC9673313.pdf","23","24","Plasmodium interspecies interactions during a period of increasing prevalence of Plasmodium ovale in symptomatic individuals seeking treatment: an observational study","verified",""
"pre.zip/PMC9673313.pdf","24","25","Antimalarial drug sensitivity profile of western Kenya Plasmodium falciparum field isolates determined by a SYBR green I in vitro assay and molecular analysis","verified",""
"pre.zip/PMC9673313.pdf","25","26","Implementation of a reference standard and proficiency testing programme by the World Wide Antimalarial Resistance Network (WWARN)","verified",""
"pre.zip/PMC9673313.pdf","26","27","Piperaquine resistant Cambodian Plasmodium falciparum clinical isolates: In vitro genotypic and phenotypic characterization","verified",""
"pre.zip/PMC9673313.pdf","28","29","The Role of Pfmdr1 and Pfcrt in Changing Chloroquine, Amodiaquine, Meflo-quine and Lumefantrine Susceptibility in Western-Kenya P. falciparum Samples during","verified",""
"pre.zip/PMC9673313.pdf","30","31","Assessment of the Worldwide antimalarial resistance network standardized procedure for in vitro malaria drug sensitivity testing using SYBR green assay for field samples with various initial parasitemia levels","verified",""
"pre.zip/PMC9673313.pdf","31","32","Analysis of Major Genome Loci Underlying Artemisinin Resistance and pfmdr1 Copy Number in pre-and post-ACTs in Western Kenya","verified",""
"pre.zip/PMC9673313.pdf","32","33","Increased pfmdr1 gene copy number and the decline in pfcrt and pfmdr1 resistance alleles in Ghanaian Plasmodium falciparum isolates after the change of anti-malarial drug treatment policy","verified",""
"pre.zip/PMC9673313.pdf","33","34","Assessment of molecular markers of anti-malarial drug resistance among children participating in a therapeutic efficacy study in western Kenya","verified",""
"pre.zip/PMC9673313.pdf","34","35","Effect of mass dihydroartemisinin–piperaquine administration in southern Mozambique on the carriage of molecular markers of antimalarial resistance","verified",""
"pre.zip/PMC9673313.pdf","35","36","Targeting Gametocytes of the Malaria Parasite Plasmodium falciparum in a Functional Genomics Era: Next Steps","verified",""
"pre.zip/PMC9673313.pdf","36","37","Tools for surveillance of anti-malarial drug resistance: An assessment of the current landscape","verified",""
"pre.zip/PMC9673313.pdf","37","38","Molecular profile of malaria drug resistance markers of Plasmodium falciparum in Suriname","verified",""
"pre.zip/PMC9673313.pdf","38","39","Susceptibility of Plasmodium falciparum isolates to antimalarial drugs in a highly seasonal malaria endemic village in Mali","verified",""
"pre.zip/PMC9673313.pdf","40","41","Changing antimalarial drug sensitivities in Uganda","verified",""
"pre.zip/PMC9673313.pdf","41","42","Efficacy of artemisinin-based combination therapies and prevalence of molecular markers associated with artemisinin, piperaquine and sulfadoxine–pyrimethamine resistance in Sierra Leone","verified",""
"pre.zip/PMC9673313.pdf","42","43","Absence of a High Level of Duplication of the Plasmepsin II Gene in Africa","verified",""
"pre.zip/PMC9673313.pdf","43","44","Drug susceptibility of Plasmodium falciparum in eastern Uganda: a longitudinal phenotypic and genotypic study","verified",""
"pre.zip/PMC9673313.pdf","45","46","Temporal trends in prevalence of Plasmodium falciparum drug resistance alleles over two decades of changing antimalarial policy in coastal Kenya","verified",""
"pre.zip/PMC9673313.pdf","46","47","Geographic differences in antimalarial drug efficacy in Uganda are explained by differences in endemicity and not by known molecular markers of drug resistance","verified",""
"pre.zip/PMC9673313.pdf","47","48","Influence of the pfmdr1 gene on in vitro sensitivities of piperaquine in Thai isolates of plasmodium falciparum","verified",""
"pre.zip/PMC9673313.pdf","48","49","Efficacy of artemether–lumefantrine for the treatment of uncomplicated falciparum malaria in northwest Cambodia","verified",""
"pre.zip/PMC9673313.pdf","49","50","Declining responsiveness of childhood Plasmodium falciparum infections to artemisinin-based combination treatments ten years following deployment as firstline antimalarials in Nigeria","verified",""
"pre.zip/PMC9673313.pdf","50","51","Randomized trials of artemisinin-piperaquine, dihydroartemisinin-piperaquine phosphate and artemether-lumefantrine for the treatment of multi-drug resistant falcipa-rum malaria in Cambodia-Thailand border area","verified",""
"pre.zip/PMC9673313.pdf","51","52","Recovery and stable persistence of chloroquine sensitivity in Plasmodium falciparum parasites after its discontinued use in Northern Uganda","verified",""
"pre.zip/PMC9673313.pdf","52","53","Return of chloro-quine sensitivity to Africa? Surveillance of African Plasmodium falciparum chloroquine resistance through malaria imported to China","verified",""
"pre.zip/PMC9673313.pdf","53","54","Temporal changes in Plasmodium falciparum anti-malarial drug sensitivity in vitro and resistance-associated genetic mutations in isolates from Papua New Guinea","verified",""
"pre.zip/PMC9673313.pdf","54","55","African isolates show a high proportion of multiple copies of the Plasmodium falciparum plasmepsin-2 gene, a piperaquine resistance marker","verified",""
"pre.zip/PMC9673313.pdf","55","56","Efficacy of Dihydroartemisinin-piperaquine Versus Artemether-lumefantrine for the Treatment of Uncomplicated Plasmodium falciparum Malaria Among Children in Africa: a Systematic Review and Meta-analysis of Randomized Control Trials","verified",""
"pre.zip/PMC9673313.pdf","56","57","Effectiveness of quinine versus artemether-lumefantrine for treating uncomplicated falciparum malaria in Ugandan children: randomised trial","verified",""
"pre.zip/PMC9673313.pdf","57","58","Temporal trends in prevalence of Plasmodium falciparum molecular markers selected for by artemether–lumefantrine treatment in pre-ACT and post-ACT parasites in western Kenya","verified",""
"pre.zip/PMC9721029.pdf","2","3","Trump Declares Opioid Crisis a ‘Health Emergency’ Requests no Funds The New York Times; 2017","not_found","real"
"pre.zip/PMC9721029.pdf","9","10","N Engl J Med. 2020;382(6):554–61","not_found","real"
"pre.zip/PMC9721029.pdf","10","11","Placebo analgesia","not_found","real"
"pre.zip/PMC9721029.pdf","12","13","The communication goals and needs of cancer patients: a review","not_found","real"
"pre.zip/PMC9721029.pdf","17","18","Assessment of pain","not_found","real"
"pre.zip/PMC9721029.pdf","25","26","The use of a computer website prior to scheduled surgery (a pilot study): impact on patient information, acquisition, anxiety level, and overall satisfaction with anesthesia care","not_found","real"
"pre.zip/PMC9721029.pdf","43","44","Understanding the mechanisms in health and disease","not_found","real"
"pre.zip/PMC9721029.pdf","45","46","The placebo response in medicine: minimize, maximize or personalize? Nat Rev Drug Discov. 2013;12(3):191–204","not_found","real"
"pre.zip/PMC9721029.pdf","57","58","Hospitalization for total hip replacement among inpatients aged 45 and over: United States, 2000-1010: US Department of Health and Human Services, Centers for Disease Control and …; 2015","not_found","real"
"pre.zip/PMC9721029.pdf","61","62","Das perioperative Schmerz-und Befindlichkeitsinventar: Ein Fragebogen zur Erfassung der perioperativen Lebensqualität","not_found","real"
"pre.zip/PMC9721029.pdf","68","69","Mobile Devices and Health","not_found","real"
"pre.zip/PMC9721029.pdf","0","1","Rates of opioid misuse, abuse, and addiction in chronic pain: a systematic review and data synthesis","verified",""
"pre.zip/PMC9721029.pdf","1","2","Overprescribing is major contributor to opioid crisis","verified",""
"pre.zip/PMC9721029.pdf","3","4","Optimal postoperative pain management: redefining the role for opioids","verified",""
"pre.zip/PMC9721029.pdf","4","5","Mobilehealth: A review of current state in 2015","verified",""
"pre.zip/PMC9721029.pdf","5","6","Mobile technology and the digitization of healthcare","verified",""
"pre.zip/PMC9721029.pdf","6","7","New Persistent Opioid Use After Minor and Major Surgical Procedures in US Adults","verified",""
"pre.zip/PMC9721029.pdf","7","8","NEJM Knowledge+ Pain Management and Opioids - A New Adaptive Learning Module","verified",""
"pre.zip/PMC9721029.pdf","8","9","Prevention of Opioid Overdose","verified",""
"pre.zip/PMC9721029.pdf","11","12","Overt versus covert treatment for pain, anxiety, and Parkinson’s disease","verified",""
"pre.zip/PMC9721029.pdf","13","14","Therapist effects in the therapeutic alliance-outcome relationship: a restricted-maximum likelihood meta-analysis","verified",""
"pre.zip/PMC9721029.pdf","14","15","Patient-centered communication in cancer care: promoting healing and reducing suffering: National Cancer Institute","verified",""
"pre.zip/PMC9721029.pdf","15","16","The role of pain and function in determining patient satisfaction after total knee replacement","verified",""
"pre.zip/PMC9721029.pdf","16","17","ICD-10 : international statistical classification of diseases and related health problems : tenth revision","verified",""
"pre.zip/PMC9721029.pdf","18","19","Development of the Stanford Expectations of Treatment Scale (SETS): a tool for measuring patient outcome expectancy in clinical trials","verified",""
"pre.zip/PMC9721029.pdf","19","20","Statistical power analyses using G*Power 3.1: tests for correlation and regression analyses","verified",""
"pre.zip/PMC9721029.pdf","20","21","How the nursing profession should adapt for a digital future","verified",""
"pre.zip/PMC9721029.pdf","21","22","Telemonitoring for chronic heart failure: the views of patients and healthcare professionals - a qualitative study","verified",""
"pre.zip/PMC9721029.pdf","23","24","Online bariatric surgery information session as effective as in-person information session","verified",""
"pre.zip/PMC9721029.pdf","24","25","Ambulatory ortho-paedic surgery patients’ symptoms with two different patient education methods","verified",""
"pre.zip/PMC9721029.pdf","26","27","Cranial-Vault and its CRAVE tools: a clinical computer assistance system for deep brain stimulation (DBS) therapy","verified",""
"pre.zip/PMC9721029.pdf","27","28","Progress in virtual reality simulators for surgical training and certification","verified",""
"pre.zip/PMC9721029.pdf","28","29","Early Clinically Relevant Improvement in Quality of Life and Clinical Outcomes 1 Year Postsurgery in Patients with Knee and Hip Joint Arthroplasties","verified",""
"pre.zip/PMC9721029.pdf","29","30","Long-term mortality of patients with osteoarthritis after joint replacement: Prognostic value of pre-and postoperative pain and function","verified",""
"pre.zip/PMC9721029.pdf","30","31","Placebo Effects in Medicine","verified",""
"pre.zip/PMC9721029.pdf","31","32","Response variability to analgesics: a role for non-specific activation of endogenous opioids","verified",""
"pre.zip/PMC9721029.pdf","32","33","The effect of treatment expectation on drug efficacy: imaging the analgesic benefit of the opioid remifentanil","verified",""
"pre.zip/PMC9721029.pdf","33","34","Altered placebo and drug labeling changes the outcome of episodic migraine attacks","verified",""
"pre.zip/PMC9721029.pdf","34","35","Influence of the method of drug administration on analgesic response","verified",""
"pre.zip/PMC9721029.pdf","35","36","Duloxetine use in chronic painful conditions--individual patient data responder analysis","verified",""
"pre.zip/PMC9721029.pdf","36","37","Meta-analysis of the placebo response in antidepressant trials","verified",""
"pre.zip/PMC9721029.pdf","37","38","The Placebo Effect in Pain Therapies","verified",""
"pre.zip/PMC9721029.pdf","38","39","Neural mechanisms mediating the effects of expectation in visceral placebo analgesia: an fMRI study in healthy placebo responders and nonresponders","verified",""
"pre.zip/PMC9721029.pdf","39","40","Placebos without deception: a randomized controlled trial in irritable bowel syndrome","verified",""
"pre.zip/PMC9721029.pdf","40","41","Educating Patients by Providing Timely Information Using Smartphone and Tablet Apps: Systematic Review","verified",""
"pre.zip/PMC9721029.pdf","41","42","Placebo analgesia: clinical applications","verified",""
"pre.zip/PMC9721029.pdf","42","43","Reevaluating the placebo effect in medical practice","verified",""
"pre.zip/PMC9721029.pdf","44","45","Harnessing the placebo effect: the need for translational research","verified",""
"pre.zip/PMC9721029.pdf","46","47","The legitimacy of placebo treatments in clinical practice: evidence and ethics","verified",""
"pre.zip/PMC9721029.pdf","47","48","Neuro-Bio-Behavioral Mechanisms of Placebo and Nocebo Responses: Implications for Clinical Trials and Clinical Practice","verified",""
"pre.zip/PMC9721029.pdf","48","49","Changing Mindsets to Enhance Treatment Effectiveness","verified",""
"pre.zip/PMC9721029.pdf","49","50","A comprehensive review of the placebo effect: recent advances and current thought","verified",""
"pre.zip/PMC9721029.pdf","50","51","Mechanisms of the placebo response and their impact on clinical trials and clinical practice","verified",""
"pre.zip/PMC9721029.pdf","51","52","Nocebo effects, patient-clinician communication, and therapeutic outcomes","verified",""
"pre.zip/PMC9721029.pdf","52","53","How do placebo effects and patient-clinician relationships influence behaviors and clinical outcomes? Pain Rep. 2019;4(3):e758","verified",""
"pre.zip/PMC9721029.pdf","53","54","The contribution of patients’ presurgery perceptions of surgeon attributes to the experience of trust and pain during third molar surgery","verified",""
"pre.zip/PMC9721029.pdf","54","55","Patient-Clinician Communication About Pain: A Conceptual Model and Narrative Review","verified",""
"pre.zip/PMC9721029.pdf","55","56","The Role of Science in Addressing the Opioid Crisis","verified",""
"pre.zip/PMC9721029.pdf","56","57","Direct costs of opioid abuse in an insured population in the United States","verified",""
"pre.zip/PMC9721029.pdf","59","60","Expectancy confirmation processes arising in the social interaction sequence","verified",""
"pre.zip/PMC9721029.pdf","60","61","Grading the severity of chronic pain","verified",""
"pre.zip/PMC9721029.pdf","62","63","The applicability of the West Haven-Yale multidimensional pain inventory in German-speaking countries","verified",""
"pre.zip/PMC9721029.pdf","63","64","A 4-item measure of depression and anxiety: validation and standardization of the Patient Health Questionnaire-4 (PHQ-4) in the general population","verified",""
"pre.zip/PMC9721029.pdf","64","65","The algofunctional indices for hip and knee osteoarthritis","verified",""
"pre.zip/PMC9721029.pdf","66","67","What proportion of patients report long-term pain after total hip or knee replacement for osteoarthritis? A systematic review of prospective studies in unselected patients","verified",""
"pre.zip/PMC9721029.pdf","67","68","The effects of physician empathy on patient satisfaction and compliance","verified",""
"pre.zip/PMC9721029.pdf","69","70","Statistik für Human-und Sozialwissenschaftler: Limiti-erte Sonderausgabe","verified",""
"pre.zip/PMC9733004.pdf","9","10","Tislelizumab plus chemo‑ therapy as firstline treatment for advanced esophageal squamous cell carcinoma and gastric/gastroesophageal junction adenocarcinoma","not_found","real"
"pre.zip/PMC9733004.pdf","27","28","Expression of vascular endothelial growth factor and vascular endothelial growth factor receptors 1 and 2 in invasive breast carcinoma: prognostic significance and relationship with markers for aggressiveness","not_found","real"
"pre.zip/PMC9733004.pdf","29","30","Prog‑ nostic value of vascular endothelial growth factor expression in gastric carcinoma","not_found","real"
"pre.zip/PMC9733004.pdf","31","32","Expression of vascular endothelial growth factor (VEGF) and its two receptors (VEGF-R1-Flt1 and VEGF-R2-Flk1/KDR) in non-small cell lung carcinomas (NSCLCs): correlation with angiogenesis and survival","not_found","real"
"pre.zip/PMC9733004.pdf","36","37","Firstline pembrolizumab plus chemotherapy versus chemotherapy in patients with advanced esophageal cancer: Chinese subgroup analysis of KEYNOTE-590","not_found","real"
"pre.zip/PMC9733004.pdf","0","1","Global Cancer Statistics 2020: GLOBOCAN estimates of incidence and mortality worldwide for 36 cancers in 185 countries","verified",""
"pre.zip/PMC9733004.pdf","1","2","Immunohistochemical prognostic markers of esophageal squamous cell carcinoma: a systematic review","verified",""
"pre.zip/PMC9733004.pdf","2","3","Genomic and molecular characterization of esophageal squamous cell carcinoma","verified",""
"pre.zip/PMC9733004.pdf","3","4","Time trends in the incidence of oesophageal cancer in Asia: variations across populations and histological types","verified",""
"pre.zip/PMC9733004.pdf","4","5","Global burden of oesophageal and gastric cancer by histology and subsite in 2018","verified",""
"pre.zip/PMC9733004.pdf","5","6","Concurrent chemora‑ diotherapy combined with enteral nutrition support: a radical treatment strategy for esophageal squamous cell carcinoma patients with malig‑ nant fistulae","verified",""
"pre.zip/PMC9733004.pdf","6","7","Recombinant human endostatin plus paclitaxel/nedaplatin for recurrent or metastatic advanced esophageal squamous cell carcinoma: a prospective, single-arm, open-label, phase II study","verified",""
"pre.zip/PMC9733004.pdf","7","8","Anlotinib for previously treated advanced or metastatic esophageal squamous cell carcinoma: A double-blind randomized phase 2 trial","verified",""
"pre.zip/PMC9733004.pdf","8","9","Esophageal cancer: the latest on chemoprevention and state of the art therapies","verified",""
"pre.zip/PMC9733004.pdf","10","11","Nivolumab combination therapy in advanced esophageal squamous-cell carcinoma","verified",""
"pre.zip/PMC9733004.pdf","11","12","Effect of Camrelizumab vs placebo added to chemotherapy on survival and progression-free survival in patients with advanced or metastatic esophageal squa‑ mous cell carcinoma: the ESCORT-1st randomized clinical trial","verified",""
"pre.zip/PMC9733004.pdf","12","13","Immunotherapy for squamous esophageal cancer: a review","verified",""
"pre.zip/PMC9733004.pdf","13","14","Immune checkpoint inhibition in oesophago-gastric carcinoma","verified",""
"pre.zip/PMC9733004.pdf","14","15","Tumor immunotherapies by immune checkpoint inhibitors (ICIs); the pros and cons","verified",""
"pre.zip/PMC9733004.pdf","15","16","Advances and challenges in the treatment of esophageal cancer","verified",""
"pre.zip/PMC9733004.pdf","16","17","Rh-endostatin plus irinotecan/cisplatin as secondline therapy for advanced esophageal squamous cell carcinoma: an open-label, phase II study","verified",""
"pre.zip/PMC9733004.pdf","17","18","Angiogenesis-related factors are molecular targets for diagnosis and treatment of patients with esophageal carcinoma","verified",""
"pre.zip/PMC9733004.pdf","18","19","Advances in the pharmacotherapeutic management of esophageal squamous cell carcinoma","verified",""
"pre.zip/PMC9733004.pdf","19","20","Anlotinib: first global approval","verified",""
"pre.zip/PMC9733004.pdf","20","21","Anlotinib: a novel multi-targeting tyrosine kinase inhibitor in clinical development","verified",""
"pre.zip/PMC9733004.pdf","21","22","Anlotinib as a molecular targeted therapy for tumors","verified",""
"pre.zip/PMC9733004.pdf","22","23","Advances in targeted therapy for esophageal cancer","verified",""
"pre.zip/PMC9733004.pdf","23","24","Effect and safety of anlotinib combined with S-1 for recurrent or metastatic esophageal cancer patients who refused or were intolerant to intravenous chemotherapy","verified",""
"pre.zip/PMC9733004.pdf","24","25","Anti-angiogenesis therapies: their potential in cancer management","verified",""
"pre.zip/PMC9733004.pdf","25","26","New response evaluation criteria in solid tumours: revised RECIST guideline (version 1.1)","verified",""
"pre.zip/PMC9733004.pdf","26","27","Using the com‑ mon terminology criteria for adverse events (CTCAE - Version 5.0) to evaluate the severity of adverse events of anticancer therapies","verified",""
"pre.zip/PMC9733004.pdf","28","29","Tumor angiogenesis as a predictor of recurrence in gastric carcinoma","verified",""
"pre.zip/PMC9733004.pdf","30","31","Expression of tumor-derived vascular endothelial growth factor and its receptors is associated with outcome in early squamous cell carcinoma of the lung","verified",""
"pre.zip/PMC9733004.pdf","32","33","Changing profiles of cancer bur‑ den worldwide and in China: a secondary analysis of the global cancer statistics 2020","verified",""
"pre.zip/PMC9733004.pdf","33","34","A retrospective clinical study of comparing paclitaxel plus S-1 versus paclitaxel plus cis‑ platin as the firstline treatment for patients with advanced esophageal squamous cell carcinoma","verified",""
"pre.zip/PMC9733004.pdf","34","35","Phase II clinical trial using camrelizumab combined with apatinib and chemotherapy as the firstline treatment of advanced esophageal squamous cell carcinoma","verified",""
"pre.zip/PMC9733004.pdf","35","36","A phase II study of biweekly paclitaxel and cisplatin chemotherapy for recurrent or meta‑ static esophageal squamous cell carcinoma: ERCC1 expression predicts response to chemotherapy","verified",""
"pre.zip/PMC9733004.pdf","37","38","Nivolumab (NIVO) plus ipilimumab (IPI) or NIVO plus chemotherapy (chemo) versus chemo as firstline (1L) treatment for advanced esophageal squamous cell carcinoma (ESCC): First results of the CheckMate 648 study","verified",""
"pre.zip/PMC9733004.pdf","38","39","ESCORT-1st: a randomized, double-blind, placebo-controlled, phase 3 trial of camrelizumab plus chemotherapy versus chemotherapy in patients with untreated advanced or metastatic esophageal squamous cell carcinoma (ESCC)","verified",""
"pre.zip/PMC9733004.pdf","39","40","Sintilimab versus placebo in combination with chemotherapy as first line treatment for locally advanced or metastatic oesophageal squamous cell carcinoma (ORI‑ ENT-15): multicentre, randomised, double blind, phase 3 trial","verified",""
"pre.zip/PMC9733004.pdf","40","41","Editorial: Novel small-molecule agents in overcoming multidrug resistance in cancers","verified",""
"pre.zip/PMC9733004.pdf","41","42","Efficacy and safety of anlotinib combined with liposomal doxorubicin followed by anlotinib maintenance in metastatic soft tissue sarcomas","verified",""
"pre.zip/PMC9733004.pdf","42","43","Toripalimab plus chemotherapy in treatment-naïve, advanced esophageal squamous cell carcinoma (JUPITER-06): A multi-center phase 3 trial","verified",""
"pre.zip/PMC9733004.pdf","43","44","P-0160 role of measurement of C-Kit protein serum levels in monitoring patients with gastrointestinal stromal tumors (Gist): preliminary results","verified",""
"pre.zip/PMC9733004.pdf","44","45","Anlotinib plus S-1 for patients with EGFR mutation-negative advanced squamous cell lung cancer with PS scores of 2-3 after progression of secondline or laterline treatment","verified",""
"pre.zip/PMC9733004.pdf","45","46","Efficacy and activity of PD-1 blockade in patients with advanced esopha‑ geal squamous cell carcinoma: a systematic review and meta-analysis with focus on the value of PD-L1 combined positive score","verified",""
"pre.zip/PMC9733153.pdf","9","10","Exploration of new molecular mechanisms for anti‑ depressant actions of electroconvulsive seizure","not_found","real"
"pre.zip/PMC9733153.pdf","23","24","Electro‑ convulsive therapy stimulus parameters: rethinking dosage","not_found","real"
"pre.zip/PMC9733153.pdf","35","36","Delis Kaplan executive function system","not_found","real"
"pre.zip/PMC9733153.pdf","37","38","Test of premorbid functioning","not_found","real"
"pre.zip/PMC9733153.pdf","0","1","Efficacy and safety of electroconvulsive therapy in depressive disorder: a systematic review and meta-analysis","verified",""
"pre.zip/PMC9733153.pdf","1","2","Cost-effectiveness of electroconvulsive therapy vs pharmacotherapy/psychotherapy for treatment-resistant depression in the United States","verified",""
"pre.zip/PMC9733153.pdf","2","3","Acute efficacy of ECT in the treatment of major depression in the old-old","verified",""
"pre.zip/PMC9733153.pdf","3","4","The influence of age on the response of major depression to electroconvulsive therapy: a C.O.R.E. Report","verified",""
"pre.zip/PMC9733153.pdf","4","5","Memory functions six to nine months after electro‑ convulsive therapy","verified",""
"pre.zip/PMC9733153.pdf","5","6","Magnetic resonance spectroscopy in depressed subjects treated with electro‑ convulsive therapy-a systematic review of literature","verified",""
"pre.zip/PMC9733153.pdf","6","7","Subcortical brain alterations in major depressive disorder: findings from the ENIGMA Major Depressive Disorder working group","verified",""
"pre.zip/PMC9733153.pdf","7","8","Stress, depression, and neuroplasticity: a conver‑ gence of mechanisms","verified",""
"pre.zip/PMC9733153.pdf","8","9","Disrupted intrin‑ sic functional brain topology in patients with major depressive disorder","verified",""
"pre.zip/PMC9733153.pdf","10","11","Electrocon‑ vulsive therapy-induced brain plasticity determines therapeutic outcome in mood disorders","verified",""
"pre.zip/PMC9733153.pdf","12","13","Grey matter volume increase following electroconvulsive therapy in patients with late life depression: a longitudinal MRI study","verified",""
"pre.zip/PMC9733153.pdf","13","14","Hippocampal volume changes fol‑ lowing electroconvulsive therapy: a systematic review and meta-analysis","verified",""
"pre.zip/PMC9733153.pdf","14","15","Effect of electroconvulsive therapy on hippocampal and amyg‑ dala volumes: systematic review and meta-analysis","verified",""
"pre.zip/PMC9733153.pdf","15","16","Brain changes induced by electroconvulsive therapy are broadly distrib‑ uted","verified",""
"pre.zip/PMC9733153.pdf","16","17","Volume of the human hippocampus and clinical response following electroconvulsive therapy","verified",""
"pre.zip/PMC9733153.pdf","17","18","Subtypes of memory dysfunction associated with ECT: characteristics and neurobiological bases","verified",""
"pre.zip/PMC9733153.pdf","18","19","Objective cognitive performance associ‑ ated with electroconvulsive therapy for depression: a systematic review and meta-analysis","verified",""
"pre.zip/PMC9733153.pdf","19","20","Bitemopral versus high-dose unilateral twice-weekly electroconvulsive therapy for depression (EFFECT-Dep): a pragmatic, randomized, non-inferiority trial","verified",""
"pre.zip/PMC9733153.pdf","20","21","A systematic review and meta-analysis of brief versus ultrabrief right unilateral electro‑ convulsive therapy for depression","verified",""
"pre.zip/PMC9733153.pdf","21","22","Decreased cognitive functioning after electroconvulsive therapy is related to increased hippocampal volume: exploring the role of brain plasticity","verified",""
"pre.zip/PMC9733153.pdf","22","23","Hippocampal volume and memory impairment after electroconvulsive therapy in patients with depression","verified",""
"pre.zip/PMC9733153.pdf","24","25","Effect of anatomical variability on electric field characteristics of electroconvulsive therapy and magnetic seizure therapy: a parametric modeling study","verified",""
"pre.zip/PMC9733153.pdf","25","26","Regional electric field induced by electroconvulsive therapy in a realistic finite element head model: influence of white matter anisotropic conductivity","verified",""
"pre.zip/PMC9733153.pdf","26","27","Electric field strength induced by electroconvulsive therapy is associated with clinical outcome","verified",""
"pre.zip/PMC9733153.pdf","27","28","Electric field causes volumetric changes in the human brain","verified",""
"pre.zip/PMC9733153.pdf","29","30","Controlling stimulation strength and focality in electroconvulsive therapy via current amplitude and electrode size and spacing: comparison with magnetic seizure therapy","verified",""
"pre.zip/PMC9733153.pdf","30","31","Structural changes induced by electroconvulsive therapy are associ‑ ated with clinical outcome","verified",""
"pre.zip/PMC9733153.pdf","31","32","Electro‑ convulsive therapy treatment responsive multimodal brain networks","verified",""
"pre.zip/PMC9733153.pdf","32","33","Multifactorial determinants of the neurocognitive effects of electrocon‑ vulsive therapy","verified",""
"pre.zip/PMC9733153.pdf","33","34","Towards a consensus regarding global signal regression for resting state functional connectivity MRI","verified",""
"pre.zip/PMC9733153.pdf","34","35","The impact of global signal regression on resting state correlations: are anti-corre‑ lated networks introduced? Neuroimage. 2009;44(3):893–905","verified",""
"pre.zip/PMC9733153.pdf","36","37","Electroconvulsive therapy pulse amplitude and clinical outcomes","verified",""
"pre.zip/PMC9733153.pdf","38","39","Electroconvulsive therapy pulse amplitude and clinical outcomes","verified",""
"pre.zip/PMC9733153.pdf","39","40","Field modeling for transcranial magnetic stimulation: a useful tool to understand the physiological effects of TMS? Annu Int Conf IEEE Eng Med Biol Soc. 2015;2015:222–5","verified",""
"pre.zip/PMC9733153.pdf","40","41","SMRI biomarkers predict electroconvulsive treatment outcomes: accuracy with independent data sets","verified",""
"pre.zip/PMC9733153.pdf","41","42","Micro‑ RNA132 associated multimodal neuroimaging patterns in unmedicated major depressive disorder","verified",""
"pre.zip/PMC9733153.pdf","42","43","Multimodal fusion with reference: searching for joint neuromarkers of working memory deficits in schizophrenia","verified",""
"pre.zip/PMC9733153.pdf","43","44","Reward processing in novelty seekers: a transdiagnostic psychiatric imaging biomarker","verified",""
"pre.zip/PMC9733153.pdf","44","45","Derivation and utility of schizophrenia polygenic risk associated multi‑ modal MRI frontotemporal network","verified",""
"pre.zip/PMC9733153.pdf","45","46","The relevance of trans‑ diagnostic shared networks to the severity of symptoms and cognitive deficits in schizophrenia: a multimodal brain imaging fusion study","verified",""
"pre.zip/PMC9733153.pdf","46","47","Electrocon‑ vulsive therapy reduces frontal cortical connectivity in severe depressive disorder","verified",""
"pre.zip/PMC9733153.pdf","47","48","A multimetric systematic review of fMRI findings in patients with MDD receiving ECT","verified",""
"pre.zip/PMC9733153.pdf","48","49","The neurobiological effects of electroconvulsive therapy studied through magnetic resonance: what have we learned, and where do we go? Biol Psychiatry. 2022;91(6):540–9","verified",""
"pre.zip/PMC9733153.pdf","49","50","Longitudinal neurocognitive effects of combined electroconvul‑ sive therapy (ECT) and pharmacotherapy in major depressive disorder in older adults: phase 2 of the PRIDE study","verified",""
"pre.zip/PMC9733153.pdf","50","51","Reversible loss of hippocampal long term potentia‑ tion following electronconvulsive seizures","verified",""
"pre.zip/PMC9733153.pdf","51","52","Frequencies contributing to functional connectivity in the cerebral cortex in ""resting-state"" data","verified",""
"pre.zip/PMC9733153.pdf","52","53","Hippocampal-subregion functional alterations associated with antidepressant effects and cognitive impairments of electroconvulsive therapy","verified",""
"pre.zip/PMC9733153.pdf","53","54","Effects of pulse width and electrode placement on the efficacy and cog‑ nitive effects of electroconvulsive therapy","verified",""
"pre.zip/PMC9733153.pdf","54","55","A feasibil‑ ity study of a new method for electrically producing seizures in man: focal electrically administered seizure therapy [FEAST]","verified",""
"pre.zip/PMC9733153.pdf","55","56","Magnetic seizure therapy (MST) for major depressive disorder","verified",""
"pre.zip/PMC9733153.pdf","56","57","Hippocampal neurogenesis regulates forgetting during adult‑ hood and infancy","verified",""
"pre.zip/PMC9733153.pdf","57","58","Convulsant and anticonvulsant properties of electroconvul‑ sive therapy: towards a focal form of brain stimulation","verified",""
"pre.zip/PMC9733153.pdf","58","59","Spatially constrained ICA enables robust detection of schizophrenia from very short resting-state fMRI data","verified",""
"pre.zip/PMC9733153.pdf","59","60","Ictal theta power as an electroconvulsive therapy safety biomarker: a pilot study","verified",""
"pre.zip/PMC9753387.pdf","12","13","20:485 cells caused by the branched-chain alpha-keto acids accumulating in maple syrup urine disease","not_found","real"
"pre.zip/PMC9753387.pdf","13","14","Metab Brain Dis. 2005;20:155–67","not_found","real"
"pre.zip/PMC9753387.pdf","37","38","Trimethyl-amine N-oxide: heart of the microbiota-CVD nexus? Nutr Res Rev. 2021;34:125–46","not_found","real"
"pre.zip/PMC9753387.pdf","0","1","The global burden of cardiovascular disease","mismatch","real"
"pre.zip/PMC9753387.pdf","1","2","Global burden of cardiovascular diseases and risk factors, 1990–2019: Update From the GBD 2019 Study","verified",""
"pre.zip/PMC9753387.pdf","2","3","A branched-chain amino acid-related metabolic signature that differentiates obese and lean humans and contributes to insulin resistance","verified",""
"pre.zip/PMC9753387.pdf","3","4","Branched-chain amino acids in disease","verified",""
"pre.zip/PMC9753387.pdf","4","5","Plasma branched chain/aromatic amino acids, enriched Mediterranean diet and risk of type 2 diabetes: case-cohort study within the PREDIMED Trial","verified",""
"pre.zip/PMC9753387.pdf","5","6","Branch chain amino acids: biomarkers of health and disease","verified",""
"pre.zip/PMC9753387.pdf","6","7","In-vivo production of branched-chain amino acids, branched-chain keto acids, and β-hydroxy β-methylbutyric acid","verified",""
"pre.zip/PMC9753387.pdf","7","8","The relationship between branched-chain amino acid related metabolomic signature and insulin resistance: a systematic review","verified",""
"pre.zip/PMC9753387.pdf","8","9","Plasma branched-chain amino acids and risk of incident type 2 diabetes: results from the PREVEND prospective cohort study","verified",""
"pre.zip/PMC9753387.pdf","9","10","Dietary intakes and circulating concentrations of branched-chain amino acids in relation to incident type 2 diabetes risk among high-risk women with a history of gestational diabetes mellitus","verified",""
"pre.zip/PMC9753387.pdf","10","11","Branched-chain and aromatic amino acids are predictors of insulin resistance in young adults","verified",""
"pre.zip/PMC9753387.pdf","11","12","Amino acid-induced impairment of insulin sensitivity in healthy and obese rats is reversible","verified",""
"pre.zip/PMC9753387.pdf","14","15","Protein phosphatase 2Cm is a critical regulator of branched-chain amino acid catabolism in mice and cultured cells","verified",""
"pre.zip/PMC9753387.pdf","15","16","A novel regulatory defect in the branched-chain α-keto acid dehydrogenase complex due to a mutation in the PPM1K gene causes a mild variant phenotype of maple syrup urine disease","verified",""
"pre.zip/PMC9753387.pdf","16","17","Alpha-ketoisocaproic acid and leucine provoke mitochondrial bioener-getic dysfunction in rat brain","verified",""
"pre.zip/PMC9753387.pdf","17","18","A novel mitochondrial matrix serine/threonine protein phosphatase regulates the mitochondria permeability transition pore and is essential for cellular survival and development","verified",""
"pre.zip/PMC9753387.pdf","18","19","Branched chain amino acids induce apoptosis in neural cells without mitochondrial membrane depolarization or cytochrome c release: implications for neurological impairment associated with maple syrup urine disease","verified",""
"pre.zip/PMC9753387.pdf","19","20","Primary human fibroblasts from a maple syrup urine disease patient undergo apoptosis following exposure to physiological concentrations of branched chain amino acids","verified",""
"pre.zip/PMC9753387.pdf","20","21","Leucine supplementation in rats induced a delay in muscle IR/PI3K signaling pathway associated with overall impaired glucose tolerance","verified",""
"pre.zip/PMC9753387.pdf","21","22","Effects of leucine supplementation and resistance exercise on dexamethasone-induced muscle atrophy and insulin resistance in rats","verified",""
"pre.zip/PMC9753387.pdf","22","23","Dose and latency effects of leucine supplementation in modulating glucose homeostasis: opposite effects in healthy and gluco-corticoid-induced insulin-resistance states","verified",""
"pre.zip/PMC9753387.pdf","23","24","Downregulation of AMPK accompanies leucine-and glucose-induced increases in protein synthesis and insulin resistance in rat skeletal muscle","verified",""
"pre.zip/PMC9753387.pdf","24","25","A branched-chain amino acid metabolite drives vascular fatty acid transport and causes insulin resistance","verified",""
"pre.zip/PMC9753387.pdf","25","26","Defects in muscle branched-chain amino acid oxidation contribute to impaired lipid metabolism","verified",""
"pre.zip/PMC9753387.pdf","26","27","Ketoisocaproic acid, a metabolite of leucine, suppresses insulin-stimulated glucose transport in skeletal muscle cells in a BCAT2-dependent manner","verified",""
"pre.zip/PMC9753387.pdf","27","28","Branched chain amino acids cause liver injury in obese/diabetic mice by promoting adipocyte lipolysis and inhibiting hepatic autophagy","verified",""
"pre.zip/PMC9753387.pdf","28","29","The BCKDH kinase and phosphatase integrate BCAA and lipid metabolism via regulation of ATP-citrate lyase","verified",""
"pre.zip/PMC9753387.pdf","29","30","Plasma branched-chain amino acids and incident cardiovascular disease in the PREDIMED Trial","verified",""
"pre.zip/PMC9753387.pdf","30","31","Concentration of branched-chain amino acids is a strong risk marker for incident hypertension","verified",""
"pre.zip/PMC9753387.pdf","31","32","Increased branched-chain amino acid levels are associated with long-term adverse cardiovascular events in patients with STEMI and acute heart failure","verified",""
"pre.zip/PMC9753387.pdf","32","33","Association of branched-chain amino acids with carotid intima-media thickness and coronary artery disease risk factors","verified",""
"pre.zip/PMC9753387.pdf","33","34","Adipose tissue branched chain amino acid (BCAA) metabolism modulates circulating BCAA levels","verified",""
"pre.zip/PMC9753387.pdf","34","35","PPARγ is a major regulator of branched-chain amino acid blood levels and catabolism in white and brown adipose tissues","verified",""
"pre.zip/PMC9753387.pdf","35","36","Atherosclerosis linked to aberrant amino acid metabolism and immunosuppressive amino acid catabolizing enzymes","verified",""
"pre.zip/PMC9753387.pdf","36","37","Homogenous 96-Plex PEA immunoassay exhibiting high sensitivity, specificity, and excellent scalability","verified",""
"pre.zip/PMC9753387.pdf","38","39","TMAO as a biomarker of cardiovascular events: a systematic review and meta-analysis","verified",""
"pre.zip/PMC9753387.pdf","39","40","Circulating trimethylamine N-oxide is associated with increased risk of cardiovascular mortality in type-2 diabetes: results from a Dutch Diabetes Cohort (ZODIAC-59)","verified",""
"pre.zip/PMC9753387.pdf","40","41","Interplay between lipids and branched-chain amino acids in development of insulin resistance","verified",""
"pre.zip/PMC9753387.pdf","41","42","The emerging role of branched-chain amino acids in insulin resistance and metabolism","verified",""
"pre.zip/PMC9753387.pdf","42","43","Branched chain amino acids: beyond nutrition metabolism","verified",""
"pre.zip/PMC9753387.pdf","43","44","Branched-chain amino acids improve glucose metabolism in rats with liver cirrhosis","verified",""
"pre.zip/PMC9753387.pdf","44","45","Genetic predisposition to an impaired metabolism of the branched-chain amino acids and risk of type 2 diabetes: a Mendelian randomisation analysis","verified",""
"pre.zip/PMC9753387.pdf","45","46","Genetic support for a causal role of insulin resistance on circulating branched-chain amino acids and inflammation","verified",""
"pre.zip/PMC9753387.pdf","46","47","Genetic evidence of a causal effect of insulin resistance on branched-chain amino acid levels","verified",""
"pre.zip/PMC9753387.pdf","47","48","Cohort profile: LifeLines DEEP, a prospective, general population cohort study in the northern Netherlands: study design and baseline characteristics","verified",""
"pre.zip/PMC9753387.pdf","48","49","Gut microbial associations to plasma metabolites linked to cardiovascular phenotypes and risk","verified",""
"pre.zip/PMC9753387.pdf","49","50","Population-based metagenomics analysis reveals markers for gut microbiome composition and diversity","verified",""
"pre.zip/PMC9753387.pdf","50","51","Mannheim intima-media thickness consensus","verified",""
"pre.zip/PMC9753387.pdf","51","52","Quantitative serum nuclear magnetic resonance metabolomics in large-scale epidemiology: a primer on -Omic technologies","verified",""
"pre.zip/PMC9753387.pdf","53","54","The MRC IEU OpenGWAS data infrastructure","verified",""
"pre.zip/PMC9753387.pdf","54","55","A framework for the investigation of pleiotropy in two-sample summary data Mendelian randomization","verified",""
"pre.zip/PMC9753387.pdf","55","56","Detection of widespread horizontal pleiotropy in causal relationships inferred from Mendelian randomization between complex traits and diseases","verified",""
"pre.zip/PMC9753387.pdf","56","57","Mendelian randomization with invalid instruments: effect estimation and bias detection through Egger regression","verified",""
"pre.zip/PMC9753387.pdf","57","58","Meta-analysis of genome-wide association studies for height and body mass index in ∼700000 individuals of European ancestry","verified",""
"pre.zip/PMC9753387.pdf","58","59","Testing and correcting for weak and pleiotropic instruments in two-sample multivariable Mendelian randomization","verified",""
"pre.zip/PMC9753387.pdf","59","60","Strengthening the Reporting of Observational Studies in Epidemiology using Mendelian Randomisation (STROBE-MR): explanation and elaboration","verified",""
"pre.zip/PMC9753387.pdf","60","61","Branched-chain amino acid levels are related with surrogates of disturbed lipid metabolism among older men","verified",""
"pre.zip/PMC9753387.pdf","61","62","Of older mice and men: branched-chain amino acids and body composition","verified",""
"pre.zip/PMC9753387.pdf","62","63","The effects of BCAAs on insulin resistance in athletes","verified",""
"pre.zip/PMC9753387.pdf","63","64","Quantitative analysis of the whole-body metabolic fate of branched-chain amino acids","verified",""
"pre.zip/PMC9753387.pdf","64","65","The adverse metabolic effects of branched-chain amino acids are mediated by isoleucine and valine","verified",""
"pre.zip/PMC9753387.pdf","65","66","Acetohydroxyacid synthase and its role in the biosynthetic pathway for branched-chain amino acids","verified",""
"pre.zip/PMC9753387.pdf","66","67","Sestrin2 is a leucine sensor for the mTORC1 pathway","verified",""